trajectory_id,y_true,DCHAG_full,DCHAG_technical_only,DCHAG_no_human,DCHAG_no_process,DCHAG_no_temporal,ObservationalOutcome,SEAGInspiredRisk,QualitativeRiskMatrix
0,0,0.36666666666666664,0.30333333333333334,0.34,0.35333333333333333,0.3466666666666667,0.3720370202040481,0.25551686091549997,0.3310673011556764
1,0,0.37333333333333335,0.31,0.4066666666666667,0.30666666666666664,0.32666666666666666,0.4243565389292878,0.4215287050426131,0.4035173424523693
2,1,0.43,0.39,0.41,0.4066666666666667,0.27666666666666667,0.3950901575887622,0.3975802723389642,0.3310673011556764
3,0,0.4166666666666667,0.42333333333333334,0.43666666666666665,0.38,0.3466666666666667,0.4285754152527388,0.43081539797375573,0.4035173424523693
4,0,0.29333333333333333,0.3233333333333333,0.3233333333333333,0.2966666666666667,0.22333333333333333,0.3047137737156915,0.3733552127952184,0.3394244906532241
5,0,0.36666666666666664,0.34,0.37333333333333335,0.37666666666666665,0.2733333333333333,0.3755982921840798,0.3705228067759307,0.4035173424523693
6,0,0.2733333333333333,0.2733333333333333,0.27666666666666667,0.30666666666666664,0.20333333333333334,0.25987464819728784,0.313760161255715,0.3394244906532241
7,1,0.3433333333333333,0.3566666666666667,0.41333333333333333,0.41333333333333333,0.25666666666666665,0.33786968179965365,0.38038381326763737,0.3394244906532241
8,1,0.22666666666666666,0.39,0.29,0.38333333333333336,0.23333333333333334,0.28125014172469526,0.3260895831278764,0.3394244906532241
9,0,0.45,0.4,0.42,0.34,0.4166666666666667,0.43916779069170375,0.39752525813523615,0.4035173424523693
10,0,0.43666666666666665,0.33,0.39666666666666667,0.37666666666666665,0.4266666666666667,0.3744068722713713,0.35065500275185424,0.3310673011556764
11,1,0.35,0.36,0.37333333333333335,0.37666666666666665,0.27,0.36534127371501024,0.39239388517331075,0.4035173424523693
12,0,0.30666666666666664,0.29,0.30333333333333334,0.3466666666666667,0.26,0.3192275807873223,0.33107311111668386,0.3310673011556764
13,0,0.45666666666666667,0.3433333333333333,0.42,0.35333333333333333,0.46,0.39396046640048543,0.3154207660147644,0.3310673011556764
14,0,0.37,0.35333333333333333,0.4666666666666667,0.29333333333333333,0.3333333333333333,0.3492756043031094,0.32822842222575654,0.3310673011556764
15,0,0.35333333333333333,0.38666666666666666,0.4666666666666667,0.37666666666666665,0.32,0.37097446581365845,0.3733552127952184,0.3394244906532241
16,0,0.24333333333333335,0.27,0.31333333333333335,0.3233333333333333,0.27,0.2688092843612421,0.31221913354699,0.3310673011556764
17,1,0.4066666666666667,0.33,0.39,0.30333333333333334,0.3566666666666667,0.38823844968510296,0.38215957511677867,0.3310673011556764
18,0,0.4533333333333333,0.43333333333333335,0.44666666666666666,0.3566666666666667,0.42333333333333334,0.4495950607289722,0.4329263593291345,0.4035173424523693
19,0,0.44,0.37,0.38666666666666666,0.36333333333333334,0.35,0.42679271414279474,0.37040572502775887,0.3310673011556764
20,1,0.37333333333333335,0.33,0.44666666666666666,0.33,0.31666666666666665,0.3598590410067013,0.30774826040495856,0.3310673011556764
21,1,0.32,0.29,0.32,0.31,0.29333333333333333,0.2804369588824031,0.28233923674119366,0.3310673011556764
22,0,0.21,0.33666666666666667,0.2866666666666667,0.33666666666666667,0.25333333333333335,0.26519807525667133,0.3259634399184741,0.3394244906532241
23,0,0.24333333333333335,0.3333333333333333,0.21,0.34,0.23333333333333334,0.2636039769197545,0.2998262914610743,0.3394244906532241
24,0,0.4,0.38,0.37,0.35333333333333333,0.32666666666666666,0.36714740890475495,0.3264604046491026,0.3310673011556764
25,1,0.4166666666666667,0.36333333333333334,0.38666666666666666,0.3933333333333333,0.3933333333333333,0.39708689442965395,0.38215957511677867,0.3310673011556764
26,0,0.34,0.29,0.37333333333333335,0.35,0.2866666666666667,0.3701873483750968,0.32175574802724133,0.3310673011556764
27,0,0.42,0.34,0.38333333333333336,0.36666666666666664,0.32666666666666666,0.4445370257816513,0.4326621956260156,0.42297650130548303
28,0,0.29333333333333333,0.2633333333333333,0.2733333333333333,0.31,0.2,0.24834627130484457,0.30458562500010444,0.3310673011556764
29,0,0.22,0.24666666666666667,0.19666666666666666,0.26666666666666666,0.31333333333333335,0.2475677866126753,0.2580361829424307,0.3394244906532241
30,0,0.4266666666666667,0.32,0.43333333333333335,0.32666666666666666,0.2633333333333333,0.39739415660245275,0.41325865271686985,0.4035173424523693
31,0,0.44666666666666666,0.3933333333333333,0.42333333333333334,0.37,0.36,0.44740213370477344,0.40795487153808785,0.4035173424523693
32,1,0.38,0.32666666666666666,0.2966666666666667,0.32,0.26,0.31700125158853676,0.3975802723389642,0.3310673011556764
33,0,0.4266666666666667,0.3566666666666667,0.4266666666666667,0.37333333333333335,0.39,0.43311563777157225,0.3892509658843634,0.3310673011556764
34,1,0.41,0.4033333333333333,0.36,0.36666666666666664,0.33666666666666667,0.4384685376335461,0.3705228067759307,0.4035173424523693
35,1,0.35,0.37333333333333335,0.33666666666666667,0.3566666666666667,0.30666666666666664,0.3958715758879021,0.36865199100695084,0.3394244906532241
36,0,0.36666666666666664,0.34,0.33666666666666667,0.3566666666666667,0.2966666666666667,0.3722867533355427,0.42349184084719965,0.4035173424523693
37,0,0.5066666666666667,0.38666666666666666,0.4633333333333333,0.36666666666666664,0.37333333333333335,0.4350103843105156,0.40671030684926085,0.42297650130548303
38,1,0.36666666666666664,0.35,0.43666666666666665,0.3433333333333333,0.33666666666666667,0.38885905851198127,0.36987860014221624,0.3394244906532241
39,0,0.4266666666666667,0.37333333333333335,0.42333333333333334,0.37333333333333335,0.38,0.4196566874297404,0.382413688267415,0.4035173424523693
40,0,0.30333333333333334,0.30333333333333334,0.32,0.2866666666666667,0.30666666666666664,0.30542150782441235,0.33290928607765935,0.3310673011556764
41,1,0.42333333333333334,0.2733333333333333,0.30666666666666664,0.29333333333333333,0.31333333333333335,0.36770037291156055,0.3523725632346527,0.3310673011556764
42,1,0.31333333333333335,0.38,0.44666666666666666,0.4033333333333333,0.37333333333333335,0.323674624554078,0.3418776830643402,0.3394244906532241
43,0,0.25666666666666665,0.3233333333333333,0.33666666666666667,0.3233333333333333,0.2,0.2800486280030531,0.3342463286840447,0.3310673011556764
44,1,0.3433333333333333,0.4033333333333333,0.36333333333333334,0.3433333333333333,0.33,0.3700815366489829,0.32283072635983906,0.3394244906532241
45,0,0.23666666666666666,0.31333333333333335,0.2833333333333333,0.3566666666666667,0.24,0.24479703599829095,0.33891369040266583,0.3310673011556764
46,1,0.44,0.39,0.37666666666666665,0.37666666666666665,0.42,0.41153017166838785,0.3937872697144377,0.4035173424523693
47,0,0.31333333333333335,0.31333333333333335,0.37666666666666665,0.3466666666666667,0.2866666666666667,0.29022598815527406,0.32633418745536436,0.3310673011556764
48,0,0.3333333333333333,0.36666666666666664,0.38333333333333336,0.37,0.3233333333333333,0.41831978683997867,0.4009544022664576,0.4035173424523693
49,0,0.34,0.32666666666666666,0.2633333333333333,0.27,0.3333333333333333,0.33558208093513453,0.313760161255715,0.3394244906532241
50,1,0.35333333333333333,0.33,0.35333333333333333,0.31,0.41,0.35881178346328824,0.2940820225304387,0.3310673011556764
51,0,0.21333333333333335,0.27,0.19666666666666666,0.2833333333333333,0.20666666666666667,0.2441334691357612,0.25666724823501474,0.3394244906532241
52,0,0.4033333333333333,0.39,0.4,0.39,0.38333333333333336,0.4226742095300153,0.40671030684926085,0.42297650130548303
53,0,0.34,0.38666666666666666,0.38333333333333336,0.32,0.2966666666666667,0.3809710831864099,0.4215287050426131,0.4035173424523693
54,0,0.43333333333333335,0.4166666666666667,0.4033333333333333,0.35333333333333333,0.39666666666666667,0.44064286819232146,0.3837940186378902,0.4035173424523693
55,0,0.39,0.37666666666666665,0.35,0.37333333333333335,0.38,0.39890299381821354,0.37856861922664076,0.3394244906532241
56,0,0.36333333333333334,0.3233333333333333,0.24333333333333335,0.27666666666666667,0.20333333333333334,0.2987008943412285,0.34403965043163537,0.3310673011556764
57,0,0.4033333333333333,0.4,0.30666666666666664,0.32666666666666666,0.2966666666666667,0.3498532165438999,0.3087934834876851,0.3394244906532241
58,0,0.32666666666666666,0.37333333333333335,0.32,0.4,0.2833333333333333,0.38073219276661785,0.38563496661982566,0.3394244906532241
59,0,0.3566666666666667,0.3466666666666667,0.38333333333333336,0.27,0.31,0.3590615107289375,0.4326621956260156,0.42297650130548303
60,1,0.4866666666666667,0.3433333333333333,0.3933333333333333,0.37666666666666665,0.39,0.42284460367998655,0.4093662843744214,0.4035173424523693
61,0,0.39,0.37333333333333335,0.4266666666666667,0.39,0.38666666666666666,0.45566441618709674,0.3937872697144377,0.4035173424523693
62,1,0.47,0.41333333333333333,0.4,0.4,0.38666666666666666,0.4262471239068566,0.3523155099745147,0.3310673011556764
63,0,0.3433333333333333,0.41,0.4033333333333333,0.4033333333333333,0.28,0.3567376136695837,0.35035476490836764,0.3310673011556764
64,1,0.42,0.44333333333333336,0.36666666666666664,0.37666666666666665,0.39,0.39649768377802236,0.37040572502775887,0.3310673011556764
65,1,0.4766666666666667,0.35,0.37,0.4033333333333333,0.4633333333333333,0.4151675135626099,0.2927161084457261,0.3310673011556764
66,0,0.33,0.31,0.36,0.36333333333333334,0.2833333333333333,0.3422553058678712,0.4393942411475793,0.4035173424523693
67,1,0.45666666666666667,0.37666666666666665,0.44666666666666666,0.3433333333333333,0.37,0.4166269518031977,0.4626987528451678,0.4035173424523693
68,0,0.39666666666666667,0.38666666666666666,0.38333333333333336,0.33,0.35,0.35170510441384384,0.3264604046491026,0.3310673011556764
69,0,0.38,0.31666666666666665,0.3433333333333333,0.37333333333333335,0.30666666666666664,0.37586787558249485,0.33616357243687683,0.3310673011556764
70,0,0.29333333333333333,0.31666666666666665,0.3466666666666667,0.2833333333333333,0.36333333333333334,0.2799374042588161,0.26774064957635074,0.3394244906532241
71,0,0.30666666666666664,0.31333333333333335,0.2866666666666667,0.31,0.35,0.3088517079262169,0.2954566458815771,0.3394244906532241
72,1,0.30333333333333334,0.31333333333333335,0.30666666666666664,0.38666666666666666,0.24666666666666667,0.2946116927936871,0.33069962262284625,0.3394244906532241
73,0,0.33666666666666667,0.36,0.31,0.33,0.3,0.3869108702984765,0.31198020951353983,0.3394244906532241
74,0,0.3,0.37,0.38333333333333336,0.37333333333333335,0.3566666666666667,0.3707831752244608,0.3774122415601326,0.3310673011556764
75,0,0.30666666666666664,0.24666666666666667,0.26666666666666666,0.2733333333333333,0.26,0.2887618517112881,0.3438725019949607,0.3394244906532241
76,1,0.23333333333333334,0.34,0.2966666666666667,0.3333333333333333,0.24666666666666667,0.284301269195569,0.25962372699425096,0.3310673011556764
77,1,0.34,0.33666666666666667,0.3333333333333333,0.2966666666666667,0.27,0.30153236411181905,0.3217011895484603,0.3310673011556764
78,0,0.38,0.31,0.37666666666666665,0.38333333333333336,0.30666666666666664,0.4037812458001299,0.38563496661982566,0.3394244906532241
79,0,0.30666666666666664,0.29,0.34,0.31666666666666665,0.32,0.34897719317932874,0.3486038975211502,0.3394244906532241
80,0,0.4166666666666667,0.37666666666666665,0.43333333333333335,0.38333333333333336,0.4066666666666667,0.4477529257727953,0.36221915179628694,0.4035173424523693
81,0,0.2833333333333333,0.2733333333333333,0.29333333333333333,0.24,0.26,0.25390543639985824,0.31827821737581735,0.3394244906532241
82,0,0.2833333333333333,0.30666666666666664,0.3,0.37333333333333335,0.3233333333333333,0.334152329906953,0.30121125434039253,0.3394244906532241
83,0,0.46,0.37,0.37333333333333335,0.3433333333333333,0.33,0.4097449943633403,0.4289841842496065,0.4035173424523693
84,0,0.43666666666666665,0.39,0.4066666666666667,0.3433333333333333,0.4,0.4276725676598254,0.36052046677190525,0.3310673011556764
85,1,0.44333333333333336,0.38333333333333336,0.4266666666666667,0.4266666666666667,0.37333333333333335,0.40662730068097297,0.3906403652171492,0.3310673011556764
86,0,0.31,0.31333333333333335,0.33666666666666667,0.28,0.25666666666666665,0.3436438425977661,0.32924295629604594,0.3394244906532241
87,0,0.27,0.2966666666666667,0.2833333333333333,0.29333333333333333,0.22,0.26681719161984213,0.30024528104997067,0.3394244906532241
88,0,0.32,0.4033333333333333,0.34,0.33,0.2,0.32922757661674534,0.30774826040495856,0.3310673011556764
89,0,0.46,0.32666666666666666,0.3933333333333333,0.35,0.44,0.49203830899229806,0.45933204397306565,0.4035173424523693
90,1,0.26666666666666666,0.35,0.27666666666666667,0.32666666666666666,0.25666666666666665,0.2791822346119717,0.33437408714782485,0.3310673011556764
91,0,0.24,0.35,0.31333333333333335,0.31,0.21333333333333335,0.3096956374733261,0.3817613458744341,0.3394244906532241
92,1,0.31,0.36,0.31666666666666665,0.36,0.24666666666666667,0.29014463167548804,0.3195846493090645,0.3394244906532241
93,0,0.32666666666666666,0.35333333333333333,0.36666666666666664,0.33666666666666667,0.27666666666666667,0.3522876491266188,0.35035476490836764,0.3310673011556764
94,0,0.29333333333333333,0.37,0.32,0.39,0.27,0.2981346517149494,0.3418776830643402,0.3394244906532241
95,1,0.42,0.4066666666666667,0.38333333333333336,0.4066666666666667,0.35333333333333333,0.4260454626041109,0.3617136193415141,0.3394244906532241
96,1,0.43333333333333335,0.38666666666666666,0.49,0.3333333333333333,0.37333333333333335,0.41888090786831633,0.40302264946923094,0.4035173424523693
97,1,0.38333333333333336,0.4266666666666667,0.35333333333333333,0.3933333333333333,0.31666666666666665,0.4018504316090456,0.36865199100695084,0.3394244906532241
98,0,0.3233333333333333,0.30333333333333334,0.3233333333333333,0.32666666666666666,0.22333333333333333,0.2755322595874835,0.30738899347517423,0.3394244906532241
99,0,0.36,0.3333333333333333,0.38,0.4,0.27666666666666667,0.3493807045224934,0.35732900667996814,0.3310673011556764
100,1,0.37,0.27,0.37666666666666665,0.32666666666666666,0.28,0.3678942338761551,0.4093662843744214,0.4035173424523693
101,1,0.44,0.37,0.42,0.44,0.37333333333333335,0.4693278497113387,0.4922217806538348,0.42297650130548303
102,1,0.38,0.38333333333333336,0.36,0.31333333333333335,0.37,0.3926508945022969,0.3519306652995465,0.3394244906532241
103,0,0.4533333333333333,0.36666666666666664,0.44,0.3566666666666667,0.38333333333333336,0.4508023647738947,0.40135965489709524,0.42297650130548303
104,1,0.3566666666666667,0.38333333333333336,0.32,0.37333333333333335,0.25666666666666665,0.34360554280866196,0.36865199100695084,0.3394244906532241
105,0,0.33,0.3466666666666667,0.35,0.36333333333333334,0.25333333333333335,0.3299030938662277,0.32662490003706246,0.3310673011556764
106,0,0.36333333333333334,0.3233333333333333,0.27666666666666667,0.31,0.2633333333333333,0.3438447307926993,0.32778427345938876,0.3310673011556764
107,0,0.3333333333333333,0.30333333333333334,0.33666666666666667,0.3233333333333333,0.3233333333333333,0.329894861347764,0.33719032241041735,0.3394244906532241
108,0,0.3433333333333333,0.3466666666666667,0.39666666666666667,0.36,0.31333333333333335,0.40054610903472204,0.39269028539715845,0.42297650130548303
109,0,0.3433333333333333,0.35333333333333333,0.29,0.36,0.27,0.3882598906904644,0.3185651470469255,0.3394244906532241
110,0,0.31333333333333335,0.27,0.34,0.30666666666666664,0.25,0.2935356516294749,0.2927161084457261,0.3310673011556764
111,0,0.36666666666666664,0.36666666666666664,0.4,0.36333333333333334,0.31,0.395850923069886,0.33716385909097657,0.3394244906532241
112,1,0.32,0.3566666666666667,0.38666666666666666,0.3566666666666667,0.29,0.33840631008898525,0.3733552127952184,0.3394244906532241
113,0,0.3566666666666667,0.3,0.25666666666666665,0.2733333333333333,0.26666666666666666,0.3094928092192102,0.31718565141193666,0.3310673011556764
114,0,0.30666666666666664,0.4033333333333333,0.2866666666666667,0.37333333333333335,0.3233333333333333,0.33232622939295375,0.3047072351790661,0.3310673011556764
115,0,0.3233333333333333,0.2966666666666667,0.29,0.38333333333333336,0.32,0.3766697497490845,0.30133210104131813,0.3394244906532241
116,0,0.30666666666666664,0.37666666666666665,0.44333333333333336,0.37666666666666665,0.29333333333333333,0.37237013222402493,0.3420068599864645,0.3394244906532241
117,1,0.31666666666666665,0.36666666666666664,0.37333333333333335,0.32,0.23333333333333334,0.37118320400689325,0.3278565699958886,0.3394244906532241
118,0,0.38666666666666666,0.38333333333333336,0.36666666666666664,0.41,0.37,0.37519524463904597,0.33904232434425674,0.3310673011556764
119,0,0.29,0.29333333333333333,0.25666666666666665,0.3566666666666667,0.19333333333333333,0.257092911285464,0.3522145501890265,0.3310673011556764
120,1,0.30333333333333334,0.32666666666666666,0.31666666666666665,0.3,0.25666666666666665,0.3192546949485728,0.3471781825625442,0.3394244906532241
121,1,0.2733333333333333,0.3233333333333333,0.3233333333333333,0.3433333333333333,0.2633333333333333,0.31884104439768507,0.38215957511677867,0.3310673011556764
122,0,0.2866666666666667,0.32,0.28,0.34,0.2866666666666667,0.28572581537848024,0.3338754896748258,0.3394244906532241
123,0,0.32,0.29,0.29333333333333333,0.27666666666666667,0.19,0.2740483184854512,0.30774826040495856,0.3310673011556764
124,0,0.35333333333333333,0.36666666666666664,0.36,0.38,0.3,0.3461368649614579,0.36197059279426513,0.3310673011556764
125,1,0.48333333333333334,0.41,0.4666666666666667,0.3466666666666667,0.44333333333333336,0.45877595770076346,0.4432786264360734,0.4035173424523693
126,1,0.43666666666666665,0.41,0.44,0.37333333333333335,0.37,0.3923225972212813,0.3906403652171492,0.3310673011556764
127,0,0.4766666666666667,0.36,0.42333333333333334,0.37333333333333335,0.3933333333333333,0.4539573677447209,0.38215957511677867,0.3310673011556764
128,1,0.25666666666666665,0.36,0.2966666666666667,0.32,0.21666666666666667,0.29793006319461063,0.3420068599864645,0.3394244906532241
129,0,0.19666666666666666,0.27,0.21666666666666667,0.28,0.19,0.22672818308017165,0.24845685260164585,0.3394244906532241
130,0,0.33,0.37333333333333335,0.36666666666666664,0.38666666666666666,0.29333333333333333,0.3307984907144145,0.3118569985823074,0.3394244906532241
131,0,0.44666666666666666,0.37666666666666665,0.47,0.37,0.36,0.4121607479952218,0.39089654975292293,0.4035173424523693
132,1,0.19333333333333333,0.27,0.2,0.26666666666666666,0.20666666666666667,0.2255189266377493,0.26355109135301374,0.3394244906532241
133,1,0.30666666666666664,0.39,0.33666666666666667,0.38,0.24666666666666667,0.3055398373583682,0.2910049140643585,0.3310673011556764
134,0,0.34,0.3466666666666667,0.36333333333333334,0.34,0.3466666666666667,0.305735662443636,0.30738899347517423,0.3394244906532241
135,0,0.3,0.38666666666666666,0.38333333333333336,0.39,0.26666666666666666,0.3171861554254159,0.3602339451824002,0.3394244906532241
136,1,0.49,0.41,0.42333333333333334,0.4166666666666667,0.38333333333333336,0.46337145489366083,0.49337092912259506,0.4035173424523693
137,1,0.24333333333333335,0.2866666666666667,0.23,0.33,0.18666666666666668,0.22153991501385528,0.24569098503951214,0.3394244906532241
138,0,0.22666666666666666,0.35333333333333333,0.31333333333333335,0.2866666666666667,0.25666666666666665,0.2553780258102942,0.31995158555790804,0.3310673011556764
139,1,0.2966666666666667,0.31333333333333335,0.33,0.30333333333333334,0.27666666666666667,0.3532129953265766,0.3391158513149393,0.3394244906532241
140,0,0.2866666666666667,0.29,0.27,0.35333333333333333,0.18,0.2650067962483831,0.31827821737581735,0.3394244906532241
141,1,0.39666666666666667,0.41,0.41,0.42333333333333334,0.31,0.4049170716226801,0.3635695010158217,0.4035173424523693
142,0,0.37333333333333335,0.29333333333333333,0.43333333333333335,0.33666666666666667,0.30666666666666664,0.35117408705628816,0.3635695010158217,0.4035173424523693
143,1,0.33666666666666667,0.39666666666666667,0.4166666666666667,0.32,0.32,0.4208587124004174,0.40103146481735763,0.4035173424523693
144,0,0.36,0.4066666666666667,0.36333333333333334,0.34,0.35333333333333333,0.2948523608912668,0.2867111862217159,0.3310673011556764
145,0,0.3333333333333333,0.29,0.30666666666666664,0.31,0.2833333333333333,0.33014878377050144,0.41117405622164244,0.4035173424523693
146,0,0.2966666666666667,0.2966666666666667,0.26,0.29,0.25333333333333335,0.30446212211978874,0.35859130728257266,0.3394244906532241
147,0,0.2966666666666667,0.32,0.30333333333333334,0.3433333333333333,0.22666666666666666,0.33746296464919945,0.3344471140042278,0.3394244906532241
148,0,0.4066666666666667,0.41333333333333333,0.32,0.38333333333333336,0.2866666666666667,0.3277454149588614,0.3264604046491026,0.3310673011556764
149,1,0.35333333333333333,0.4066666666666667,0.4666666666666667,0.4,0.2733333333333333,0.3408933692002312,0.34915702526566894,0.3310673011556764
150,0,0.47,0.3933333333333333,0.43333333333333335,0.32,0.35333333333333333,0.4373939627706662,0.42229148967774865,0.42297650130548303
151,1,0.30666666666666664,0.31333333333333335,0.2866666666666667,0.26,0.22666666666666666,0.2526788247313005,0.30738899347517423,0.3394244906532241
152,0,0.4666666666666667,0.39,0.42,0.39,0.34,0.406242061522936,0.3774122415601326,0.3310673011556764
153,1,0.33,0.3,0.29333333333333333,0.32,0.22666666666666666,0.3107527925721977,0.32319524988829623,0.3310673011556764
154,1,0.37,0.37,0.45,0.31,0.36,0.3788176342774617,0.36197059279426513,0.3310673011556764
155,0,0.43,0.3566666666666667,0.39666666666666667,0.4066666666666667,0.4066666666666667,0.3918656481672513,0.3805191272712418,0.4035173424523693
156,0,0.2866666666666667,0.37666666666666665,0.3,0.35,0.25333333333333335,0.3115702999485823,0.3305725708586891,0.3394244906532241
157,0,0.36666666666666664,0.31333333333333335,0.4,0.39,0.37666666666666665,0.38722536897825044,0.3733552127952184,0.3394244906532241
158,0,0.47333333333333333,0.38333333333333336,0.42333333333333334,0.3566666666666667,0.4866666666666667,0.4498149877092993,0.3837940186378902,0.4035173424523693
159,1,0.47,0.38,0.4266666666666667,0.43,0.33,0.39017931870126377,0.3805191272712418,0.4035173424523693
160,0,0.4033333333333333,0.37333333333333335,0.37333333333333335,0.3466666666666667,0.30333333333333334,0.38049861899644266,0.3308266990859808,0.3394244906532241
161,1,0.25666666666666665,0.30333333333333334,0.31333333333333335,0.25333333333333335,0.28,0.27430427020257137,0.285365667782447,0.3310673011556764
162,1,0.39,0.3433333333333333,0.32,0.33666666666666667,0.33666666666666667,0.36704287214513776,0.42349184084719965,0.4035173424523693
163,1,0.26666666666666666,0.38666666666666666,0.35,0.38,0.22666666666666666,0.2779414373650362,0.3702718577937717,0.3310673011556764
164,0,0.3,0.38,0.30666666666666664,0.4066666666666667,0.2833333333333333,0.3716095833331164,0.34890417402500834,0.3394244906532241
165,0,0.4533333333333333,0.36666666666666664,0.4266666666666667,0.38666666666666666,0.2633333333333333,0.3722132489606007,0.429256808649575,0.42297650130548303
166,0,0.37,0.37666666666666665,0.4,0.38,0.32666666666666666,0.37333051874665985,0.34069372550384747,0.3394244906532241
167,0,0.3466666666666667,0.31666666666666665,0.3466666666666667,0.34,0.27666666666666667,0.31751972074177326,0.34046509887140136,0.3394244906532241
168,0,0.3433333333333333,0.30333333333333334,0.25,0.33666666666666667,0.30333333333333334,0.3655219710769819,0.3154207660147644,0.3310673011556764
169,0,0.3433333333333333,0.37,0.39666666666666667,0.4033333333333333,0.27666666666666667,0.3813351159544017,0.3977878056738941,0.3310673011556764
170,0,0.34,0.34,0.3333333333333333,0.32666666666666666,0.32,0.33491229654185,0.3617136193415141,0.3394244906532241
171,0,0.36,0.38666666666666666,0.44333333333333336,0.4166666666666667,0.31,0.40449672928262637,0.44129397781219243,0.4035173424523693
172,0,0.31333333333333335,0.29,0.25333333333333335,0.33,0.18333333333333332,0.28952540509817687,0.39950890328526756,0.42297650130548303
173,0,0.31666666666666665,0.36666666666666664,0.3,0.38,0.20666666666666667,0.32286317379606694,0.3184405391668422,0.3394244906532241
174,0,0.4666666666666667,0.39666666666666667,0.44,0.37333333333333335,0.39666666666666667,0.4660149815170243,0.41325865271686985,0.4035173424523693
175,0,0.35,0.4,0.31,0.36,0.22333333333333333,0.34039700925307786,0.38884999783882135,0.3394244906532241
176,0,0.35333333333333333,0.31666666666666665,0.33666666666666667,0.36,0.30333333333333334,0.3156457119309297,0.30774826040495856,0.3310673011556764
177,1,0.35,0.33666666666666667,0.28,0.3333333333333333,0.29333333333333333,0.3339692340812644,0.37040572502775887,0.3310673011556764
178,0,0.38,0.32,0.3566666666666667,0.3233333333333333,0.22666666666666666,0.3783888907017986,0.36052046677190525,0.3310673011556764
179,1,0.24333333333333335,0.30333333333333334,0.24,0.31,0.26666666666666666,0.26032344102834687,0.24887928212644725,0.3310673011556764
180,0,0.25,0.3,0.2733333333333333,0.2633333333333333,0.19666666666666666,0.24247947830586697,0.22915678408439244,0.19047619047619047
181,1,0.42333333333333334,0.41333333333333333,0.4033333333333333,0.37333333333333335,0.36,0.3993621746953688,0.4099837898737458,0.42297650130548303
182,0,0.37666666666666665,0.31,0.37333333333333335,0.26666666666666666,0.3333333333333333,0.3568005090328465,0.3772364975873999,0.3310673011556764
183,0,0.2866666666666667,0.36333333333333334,0.2733333333333333,0.3333333333333333,0.21666666666666667,0.22198776533591214,0.27646398144164597,0.3310673011556764
184,1,0.31666666666666665,0.30333333333333334,0.23666666666666666,0.34,0.20666666666666667,0.2746158190895942,0.30738899347517423,0.3394244906532241
185,1,0.26666666666666666,0.31333333333333335,0.35333333333333333,0.29333333333333333,0.26,0.3556752147808358,0.4027637727546787,0.42297650130548303
186,0,0.41333333333333333,0.41,0.42333333333333334,0.3566666666666667,0.33666666666666667,0.4168389235937187,0.3705228067759307,0.4035173424523693
187,0,0.32666666666666666,0.35,0.37,0.36,0.2866666666666667,0.38107184174407216,0.37104955585614446,0.42297650130548303
188,1,0.3933333333333333,0.35,0.35,0.31,0.3466666666666667,0.4540107693291468,0.3837940186378902,0.4035173424523693
189,0,0.2966666666666667,0.38666666666666666,0.29,0.3933333333333333,0.27,0.3473480855171574,0.36550408309484245,0.3394244906532241
190,1,0.46,0.41,0.4066666666666667,0.3433333333333333,0.39666666666666667,0.4070927368746077,0.39559989459710865,0.3394244906532241
191,0,0.38333333333333336,0.38333333333333336,0.38333333333333336,0.41,0.33666666666666667,0.37439093153842706,0.36672630219208996,0.3394244906532241
192,1,0.45,0.4033333333333333,0.4166666666666667,0.37666666666666665,0.3333333333333333,0.4501359414077211,0.4131808613726105,0.4035173424523693
193,0,0.44,0.38666666666666666,0.44,0.3433333333333333,0.4033333333333333,0.47990740539881954,0.4362257768526978,0.4035173424523693
194,0,0.43,0.37,0.36333333333333334,0.41,0.3566666666666667,0.3345949760327544,0.29671017338099376,0.3394244906532241
195,0,0.24,0.26666666666666666,0.21333333333333335,0.2833333333333333,0.19666666666666666,0.26588636310100244,0.2956117035483726,0.3394244906532241
196,1,0.3,0.36666666666666664,0.3433333333333333,0.36,0.27666666666666667,0.34490206333999823,0.3557555185623393,0.3310673011556764
197,0,0.29,0.38333333333333336,0.27666666666666667,0.42333333333333334,0.31333333333333335,0.3098047431855421,0.3079076374687987,0.3310673011556764
198,1,0.46,0.39666666666666667,0.44666666666666666,0.4033333333333333,0.38333333333333336,0.42538721029509263,0.4626987528451678,0.4035173424523693
199,0,0.30666666666666664,0.37666666666666665,0.25333333333333335,0.30333333333333334,0.24666666666666667,0.26618824302814637,0.31970949487852796,0.3394244906532241
200,0,0.33,0.25666666666666665,0.31666666666666665,0.31666666666666665,0.24666666666666667,0.31725272029212626,0.37040572502775887,0.3310673011556764
201,1,0.32666666666666666,0.37666666666666665,0.3433333333333333,0.39,0.3466666666666667,0.33117738101406036,0.3075482671416405,0.3394244906532241
202,1,0.42333333333333334,0.35333333333333333,0.4066666666666667,0.41,0.38333333333333336,0.4535381300095449,0.3837940186378902,0.4035173424523693
203,0,0.32666666666666666,0.39666666666666667,0.38,0.3433333333333333,0.33666666666666667,0.3899505163398194,0.39559989459710865,0.3394244906532241
204,0,0.4033333333333333,0.3433333333333333,0.4166666666666667,0.36666666666666664,0.43333333333333335,0.45566441618709674,0.3937872697144377,0.4035173424523693
205,0,0.24333333333333335,0.33,0.22333333333333333,0.32,0.23,0.26429529376393096,0.3195846493090645,0.3394244906532241
206,0,0.30333333333333334,0.27,0.31666666666666665,0.27,0.22666666666666666,0.32887251954630875,0.30465512376441123,0.3394244906532241
207,0,0.48,0.37333333333333335,0.32,0.38,0.4533333333333333,0.409203151858646,0.33069962262284625,0.3394244906532241
208,0,0.32,0.38666666666666666,0.39666666666666667,0.39666666666666667,0.31,0.38298060372956116,0.3733552127952184,0.3394244906532241
209,0,0.4266666666666667,0.4033333333333333,0.39,0.35,0.30333333333333334,0.4036422247650054,0.45254111462107244,0.42297650130548303
210,1,0.43,0.3466666666666667,0.3433333333333333,0.31666666666666665,0.31666666666666665,0.3424971147227213,0.37040572502775887,0.3310673011556764
211,1,0.3566666666666667,0.4033333333333333,0.35,0.34,0.28,0.3852046020113375,0.3471781825625442,0.3394244906532241
212,1,0.24666666666666667,0.33,0.23,0.33666666666666667,0.22333333333333333,0.23456194886957374,0.29671017338099376,0.3394244906532241
213,0,0.3566666666666667,0.39,0.33,0.35,0.30666666666666664,0.4281801073545286,0.4326621956260156,0.42297650130548303
214,0,0.2966666666666667,0.37,0.32,0.41333333333333333,0.31333333333333335,0.33854096295631747,0.33904232434425674,0.3310673011556764
215,0,0.24333333333333335,0.26666666666666666,0.25666666666666665,0.26,0.23333333333333334,0.2577581708381628,0.2968299813199781,0.3394244906532241
216,1,0.35333333333333333,0.35,0.3433333333333333,0.39666666666666667,0.28,0.34503493485956943,0.4009544022664576,0.4035173424523693
217,0,0.31,0.3466666666666667,0.2966666666666667,0.36333333333333334,0.2633333333333333,0.3152726834314797,0.30156644469592475,0.3310673011556764
218,0,0.27666666666666667,0.32,0.33666666666666667,0.31666666666666665,0.24333333333333335,0.27847901171609696,0.36197059279426513,0.3310673011556764
219,0,0.33,0.38666666666666666,0.3,0.42,0.25,0.3185133883533317,0.32778427345938876,0.3310673011556764
220,0,0.4033333333333333,0.35333333333333333,0.4266666666666667,0.33,0.34,0.3690389475203866,0.3733552127952184,0.3394244906532241
221,1,0.27,0.2733333333333333,0.3,0.3333333333333333,0.22333333333333333,0.2396674004570943,0.3010904352182543,0.3394244906532241
222,1,0.37666666666666665,0.32666666666666666,0.3933333333333333,0.3566666666666667,0.42,0.42327780111873636,0.36013164300299555,0.3394244906532241
223,0,0.38333333333333336,0.26666666666666666,0.28,0.29333333333333333,0.29333333333333333,0.3392371981369133,0.302956819772252,0.3394244906532241
224,0,0.36666666666666664,0.29333333333333333,0.36333333333333334,0.31333333333333335,0.38333333333333336,0.3904474763317904,0.34371627763621093,0.3394244906532241
225,0,0.39666666666666667,0.3933333333333333,0.4066666666666667,0.37,0.32,0.40802916696438496,0.36740870154409366,0.42297650130548303
226,0,0.34,0.3333333333333333,0.36333333333333334,0.37333333333333335,0.39,0.3676015660767889,0.30738899347517423,0.3394244906532241
227,0,0.3,0.36666666666666664,0.3233333333333333,0.33,0.27,0.3510143166774214,0.3264986500746163,0.3310673011556764
228,1,0.41333333333333333,0.4166666666666667,0.3566666666666667,0.4266666666666667,0.4,0.3836318066251757,0.35010151287130586,0.3394244906532241
229,0,0.37333333333333335,0.36666666666666664,0.38333333333333336,0.36333333333333334,0.41333333333333333,0.39658732750577574,0.3805191272712418,0.4035173424523693
230,0,0.26666666666666666,0.32666666666666666,0.33666666666666667,0.31333333333333335,0.19333333333333333,0.30233611844890423,0.3733552127952184,0.3394244906532241
231,0,0.36333333333333334,0.37333333333333335,0.37,0.29,0.24666666666666667,0.3539137120054146,0.4427344798542368,0.4035173424523693
232,1,0.48333333333333334,0.35,0.41,0.36666666666666664,0.39,0.4263379724488441,0.3617136193415141,0.3394244906532241
233,0,0.28,0.2966666666666667,0.25666666666666665,0.3233333333333333,0.23,0.24759266865524315,0.2998262914610743,0.3394244906532241
234,1,0.35333333333333333,0.33666666666666667,0.3433333333333333,0.36333333333333334,0.28,0.30417861127581475,0.32924295629604594,0.3394244906532241
235,0,0.41333333333333333,0.37,0.3933333333333333,0.31333333333333335,0.28,0.4109504052932084,0.3837940186378902,0.4035173424523693
236,0,0.38666666666666666,0.4033333333333333,0.43333333333333335,0.3566666666666667,0.38666666666666666,0.3472703130050797,0.36197059279426513,0.3310673011556764
237,0,0.31,0.29333333333333333,0.30666666666666664,0.3,0.19666666666666666,0.30666344866493955,0.3471781825625442,0.3394244906532241
238,0,0.2866666666666667,0.32666666666666666,0.31666666666666665,0.31333333333333335,0.25,0.2687484189842874,0.2680715122977092,0.3310673011556764
239,0,0.37333333333333335,0.4266666666666667,0.33666666666666667,0.37666666666666665,0.29333333333333333,0.3119786433142607,0.2867111862217159,0.3310673011556764
240,0,0.24,0.30333333333333334,0.31333333333333335,0.31,0.21,0.22383589636683898,0.2867111862217159,0.3310673011556764
241,1,0.3566666666666667,0.41333333333333333,0.35333333333333333,0.4166666666666667,0.30666666666666664,0.3602433891207659,0.4009544022664576,0.4035173424523693
242,0,0.41,0.35333333333333333,0.43333333333333335,0.38333333333333336,0.2866666666666667,0.42557272097120163,0.4427344798542368,0.4035173424523693
243,0,0.4066666666666667,0.4,0.4,0.4,0.33666666666666667,0.4526595836298667,0.4626987528451678,0.4035173424523693
244,1,0.30333333333333334,0.2833333333333333,0.27666666666666667,0.2633333333333333,0.2866666666666667,0.3098815119404031,0.3438725019949607,0.3394244906532241
245,1,0.4033333333333333,0.38,0.45,0.36666666666666664,0.39,0.40228496007483916,0.382413688267415,0.4035173424523693
246,0,0.4066666666666667,0.44333333333333336,0.43,0.38,0.41333333333333333,0.42613321283093625,0.3733552127952184,0.3394244906532241
247,1,0.3466666666666667,0.3466666666666667,0.2633333333333333,0.36333333333333334,0.2833333333333333,0.28420027224746236,0.3654113484350004,0.3310673011556764
248,0,0.37333333333333335,0.37,0.32666666666666666,0.38333333333333336,0.30333333333333334,0.33668856059435026,0.3010904352182543,0.3394244906532241
249,0,0.38333333333333336,0.34,0.32666666666666666,0.33,0.27,0.36111794525100355,0.36013164300299555,0.3394244906532241
250,1,0.32666666666666666,0.33666666666666667,0.33666666666666667,0.41333333333333333,0.3333333333333333,0.369072456076363,0.3456122141217671,0.3310673011556764
251,1,0.37,0.35,0.37333333333333335,0.37666666666666665,0.38666666666666666,0.4291943171977348,0.33616357243687683,0.3310673011556764
252,0,0.27666666666666667,0.3566666666666667,0.32666666666666666,0.37666666666666665,0.25333333333333335,0.328289175517591,0.31995158555790804,0.3310673011556764
253,1,0.37666666666666665,0.4166666666666667,0.32,0.37333333333333335,0.33666666666666667,0.3656764060024491,0.33620238719182644,0.3310673011556764
254,1,0.38666666666666666,0.43,0.35,0.45666666666666667,0.29,0.34670958340902486,0.3977878056738941,0.3310673011556764
255,0,0.3,0.33666666666666667,0.35,0.35333333333333333,0.25666666666666665,0.2593171056856302,0.28930046104637885,0.3394244906532241
256,0,0.31333333333333335,0.29333333333333333,0.29333333333333333,0.2866666666666667,0.28,0.3243644925216144,0.2824555723982364,0.3310673011556764
257,0,0.39,0.4066666666666667,0.35,0.4,0.3466666666666667,0.3985983056653389,0.40616484713441936,0.3394244906532241
258,1,0.36333333333333334,0.33666666666666667,0.31666666666666665,0.36333333333333334,0.36,0.3581078438268148,0.3937872697144377,0.4035173424523693
259,0,0.39,0.38333333333333336,0.36666666666666664,0.3566666666666667,0.41,0.3684867646334927,0.30903106320044943,0.3310673011556764
260,0,0.38666666666666666,0.32666666666666666,0.43666666666666665,0.38333333333333336,0.3,0.40610239809855,0.39129827695701697,0.42297650130548303
261,1,0.47,0.3933333333333333,0.49,0.3433333333333333,0.37,0.4239017792050869,0.4400232968952435,0.42297650130548303
262,0,0.53,0.34,0.4,0.3933333333333333,0.45666666666666667,0.4501856222996596,0.39258476867216446,0.3310673011556764
263,0,0.36,0.4633333333333333,0.33666666666666667,0.3433333333333333,0.29333333333333333,0.39137000913851244,0.4027637727546787,0.42297650130548303
264,1,0.5266666666666666,0.37333333333333335,0.48333333333333334,0.38,0.35,0.4373939627706662,0.42229148967774865,0.42297650130548303
265,1,0.33,0.38333333333333336,0.37666666666666665,0.38333333333333336,0.28,0.33564273123353017,0.4201051850868214,0.4035173424523693
266,0,0.33,0.36,0.3566666666666667,0.4066666666666667,0.39666666666666667,0.40259432818805596,0.323267021009647,0.3394244906532241
267,0,0.37333333333333335,0.3466666666666667,0.31666666666666665,0.35,0.29,0.3758151565300751,0.3684779119869224,0.3394244906532241
268,0,0.42,0.41,0.4033333333333333,0.43666666666666665,0.37333333333333335,0.45455894940981323,0.4131808613726105,0.4035173424523693
269,0,0.2966666666666667,0.35333333333333333,0.2866666666666667,0.3333333333333333,0.26,0.2715631577119745,0.33069962262284625,0.3394244906532241
270,0,0.44666666666666666,0.36333333333333334,0.38333333333333336,0.35,0.41333333333333333,0.370971245956034,0.32495411567602234,0.3310673011556764
271,1,0.23333333333333334,0.2966666666666667,0.23666666666666666,0.32,0.18666666666666668,0.2117781025372258,0.30446404210312067,0.3310673011556764
272,1,0.44333333333333336,0.4066666666666667,0.42,0.35333333333333333,0.36666666666666664,0.4371696828934648,0.4427344798542368,0.4035173424523693
273,1,0.38666666666666666,0.3233333333333333,0.35333333333333333,0.28,0.21666666666666667,0.37584209120625056,0.39642467025251743,0.42297650130548303
274,0,0.29,0.35333333333333333,0.38,0.35,0.31,0.3328196671604559,0.3586713777984199,0.3310673011556764
275,1,0.35333333333333333,0.27,0.2866666666666667,0.27666666666666667,0.34,0.324371448390057,0.28233923674119366,0.3310673011556764
276,1,0.35,0.37666666666666665,0.36,0.4166666666666667,0.35,0.40983441783501523,0.3889262443749976,0.4035173424523693
277,1,0.34,0.33666666666666667,0.4066666666666667,0.38,0.23333333333333334,0.39806617430952534,0.39129827695701697,0.42297650130548303
278,0,0.37666666666666665,0.37333333333333335,0.36333333333333334,0.37,0.25,0.3700088804093187,0.3603662601007547,0.3394244906532241
279,0,0.3,0.31666666666666665,0.31333333333333335,0.29333333333333333,0.32666666666666666,0.3314942074225459,0.3507297117632844,0.3394244906532241
280,1,0.3,0.33666666666666667,0.32,0.30333333333333334,0.23333333333333334,0.2480794408217272,0.3408735684220276,0.3310673011556764
281,0,0.30333333333333334,0.31333333333333335,0.31666666666666665,0.28,0.28,0.3273705731664603,0.33253475590327275,0.3394244906532241
282,0,0.44,0.36666666666666664,0.43333333333333335,0.37666666666666665,0.4166666666666667,0.417943261448742,0.3889262443749976,0.4035173424523693
283,0,0.38666666666666666,0.36333333333333334,0.49,0.38,0.3566666666666667,0.45739191148312336,0.48259476003272156,0.42297650130548303
284,0,0.3466666666666667,0.38666666666666666,0.3433333333333333,0.3466666666666667,0.28,0.35595496323389025,0.35719718418113644,0.3310673011556764
285,0,0.31333333333333335,0.36666666666666664,0.36333333333333334,0.35,0.30666666666666664,0.3565095518618132,0.35048543907363827,0.3310673011556764
286,1,0.46,0.38333333333333336,0.39666666666666667,0.41333333333333333,0.3,0.4441412852335826,0.4432786264360734,0.4035173424523693
287,0,0.37666666666666665,0.31666666666666665,0.3433333333333333,0.37333333333333335,0.39,0.3272987184387246,0.23942559332714403,0.3310673011556764
288,0,0.25,0.35,0.25,0.2966666666666667,0.22666666666666666,0.3059249496897058,0.36175303130988995,0.3394244906532241
289,0,0.24,0.29333333333333333,0.34,0.31333333333333335,0.22,0.2591707213636654,0.30133210104131813,0.3394244906532241
290,0,0.31666666666666665,0.36,0.32666666666666666,0.3466666666666667,0.2633333333333333,0.3145680998471503,0.3603662601007547,0.3394244906532241
291,1,0.3433333333333333,0.37333333333333335,0.3466666666666667,0.38,0.2966666666666667,0.34822734144455725,0.36052046677190525,0.3310673011556764
292,1,0.3433333333333333,0.37333333333333335,0.4266666666666667,0.31,0.32666666666666666,0.3295989344021083,0.3338754896748258,0.3394244906532241
293,0,0.30333333333333334,0.31333333333333335,0.2833333333333333,0.32,0.26,0.3026615485343832,0.37217679934378467,0.3310673011556764
294,1,0.32,0.44,0.31666666666666665,0.35333333333333333,0.2833333333333333,0.31266909433187906,0.30903106320044943,0.3310673011556764
295,0,0.26,0.32666666666666666,0.34,0.3,0.24666666666666667,0.3010132048591352,0.2777886596124148,0.3394244906532241
296,0,0.36,0.33666666666666667,0.2833333333333333,0.36,0.21333333333333335,0.3518062411293338,0.31827821737581735,0.3394244906532241
297,1,0.3433333333333333,0.35,0.37333333333333335,0.3333333333333333,0.29,0.32143165469462975,0.39786466383082675,0.42297650130548303
298,1,0.4166666666666667,0.38333333333333336,0.4766666666666667,0.42,0.32,0.42912351807239507,0.44016074310273234,0.42297650130548303
299,0,0.26666666666666666,0.35333333333333333,0.25,0.3233333333333333,0.2,0.24328364653681417,0.27514800220219665,0.3310673011556764
300,0,0.5,0.33666666666666667,0.43333333333333335,0.39666666666666667,0.42333333333333334,0.4393234145634174,0.33904232434425674,0.3310673011556764
301,0,0.26,0.34,0.31,0.2733333333333333,0.2633333333333333,0.30843652070046973,0.3305725708586891,0.3394244906532241
302,1,0.30333333333333334,0.3466666666666667,0.3466666666666667,0.32,0.24333333333333335,0.28928963951469727,0.3418776830643402,0.3394244906532241
303,0,0.33666666666666667,0.35333333333333333,0.32,0.4,0.30666666666666664,0.33810784574004626,0.33904232434425674,0.3310673011556764
304,0,0.4033333333333333,0.38,0.3466666666666667,0.38333333333333336,0.28,0.3885028397858596,0.34574206081624126,0.3310673011556764
305,1,0.38333333333333336,0.37666666666666665,0.30666666666666664,0.37666666666666665,0.27,0.38007417606952903,0.33731863600563705,0.3394244906532241
306,0,0.36,0.3433333333333333,0.37,0.36666666666666664,0.2733333333333333,0.41170420797042834,0.33731863600563705,0.3394244906532241
307,0,0.48333333333333334,0.32,0.41333333333333333,0.31,0.36666666666666664,0.44036348437243905,0.39055750407502243,0.4035173424523693
308,0,0.3466666666666667,0.37333333333333335,0.34,0.3466666666666667,0.26666666666666666,0.30749857817638343,0.29053864063323465,0.3394244906532241
309,0,0.39,0.44333333333333336,0.36,0.38,0.37,0.41646590806717465,0.4184392082517913,0.4035173424523693
310,0,0.4,0.3333333333333333,0.38333333333333336,0.34,0.37333333333333335,0.39421788828834964,0.3486038975211502,0.3394244906532241
311,0,0.4666666666666667,0.38666666666666666,0.39,0.3333333333333333,0.42,0.35919203627548896,0.32319524988829623,0.3310673011556764
312,0,0.3433333333333333,0.26,0.41333333333333333,0.30333333333333334,0.2866666666666667,0.35117408705628816,0.3635695010158217,0.4035173424523693
313,0,0.3933333333333333,0.39666666666666667,0.39,0.33666666666666667,0.3566666666666667,0.35783875770908286,0.36987860014221624,0.3394244906532241
314,0,0.34,0.30333333333333334,0.4066666666666667,0.30333333333333334,0.24666666666666667,0.33032551019469863,0.3486038975211502,0.3394244906532241
315,1,0.4166666666666667,0.29,0.3466666666666667,0.31666666666666665,0.32666666666666666,0.3873862144520355,0.3471781825625442,0.3394244906532241
316,1,0.38666666666666666,0.35333333333333333,0.3433333333333333,0.35,0.31333333333333335,0.34575945367899547,0.35048543907363827,0.3310673011556764
317,1,0.42,0.38,0.44333333333333336,0.38666666666666666,0.38333333333333336,0.417943261448742,0.3889262443749976,0.4035173424523693
318,0,0.4066666666666667,0.3466666666666667,0.36666666666666664,0.4,0.32666666666666666,0.41285123299857773,0.34746028922876415,0.3310673011556764
319,0,0.27666666666666667,0.35,0.25666666666666665,0.3466666666666667,0.23333333333333334,0.2803918293921682,0.29671017338099376,0.3394244906532241
320,0,0.36333333333333334,0.37,0.36666666666666664,0.42,0.3,0.34595123469103867,0.3184405391668422,0.3394244906532241
321,0,0.2866666666666667,0.26,0.31666666666666665,0.27666666666666667,0.27,0.2858291771735562,0.3218810405101434,0.3310673011556764
322,1,0.33666666666666667,0.30333333333333334,0.32666666666666666,0.35333333333333333,0.32,0.3513728761739667,0.3499709047204447,0.3394244906532241
323,0,0.29,0.3566666666666667,0.3566666666666667,0.4,0.21,0.29670248537639987,0.3373575163518714,0.3394244906532241
324,0,0.44333333333333336,0.4033333333333333,0.43333333333333335,0.37333333333333335,0.32666666666666666,0.47903473002599495,0.4393942411475793,0.4035173424523693
325,0,0.31,0.32,0.3333333333333333,0.3433333333333333,0.22,0.2970821670843871,0.4427344798542368,0.4035173424523693
326,1,0.30333333333333334,0.33,0.26666666666666666,0.35,0.22333333333333333,0.2808429917034791,0.3817613458744341,0.3394244906532241
327,1,0.4266666666666667,0.3933333333333333,0.42333333333333334,0.38,0.30666666666666664,0.41812129391278285,0.42040803431175944,0.42297650130548303
328,0,0.27666666666666667,0.38333333333333336,0.38,0.4,0.36,0.30020944220464846,0.2908864846496591,0.3310673011556764
329,0,0.44666666666666666,0.38333333333333336,0.42,0.42,0.41333333333333333,0.4116389271898108,0.3615810893710185,0.3394244906532241
330,0,0.39,0.32,0.3466666666666667,0.31666666666666665,0.42,0.4226105890335817,0.3567700295414111,0.3394244906532241
331,1,0.29,0.29333333333333333,0.28,0.29333333333333333,0.25,0.33612301456552357,0.33437408714782485,0.3310673011556764
332,1,0.33,0.39,0.37666666666666665,0.41333333333333333,0.27,0.354879564900734,0.3685183865977505,0.3394244906532241
333,1,0.4666666666666667,0.38333333333333336,0.43,0.36,0.38666666666666666,0.4461058243604606,0.4009544022664576,0.4035173424523693
334,0,0.27,0.3333333333333333,0.32,0.31666666666666665,0.24,0.3304993691204602,0.33719032241041735,0.3394244906532241
335,1,0.3333333333333333,0.38,0.3233333333333333,0.38,0.25666666666666665,0.38631921776985445,0.34890417402500834,0.3394244906532241
336,1,0.3,0.4,0.3333333333333333,0.43666666666666665,0.24,0.2992492231930029,0.3295349925776091,0.3394244906532241
337,0,0.27666666666666667,0.2966666666666667,0.33,0.30666666666666664,0.3233333333333333,0.2613599591204446,0.28233923674119366,0.3310673011556764
338,0,0.35333333333333333,0.3933333333333333,0.39,0.3933333333333333,0.33666666666666667,0.34393373744129374,0.34864339429036234,0.3394244906532241
339,0,0.3933333333333333,0.3466666666666667,0.42333333333333334,0.42,0.38666666666666666,0.3997030652691114,0.38215957511677867,0.3310673011556764
340,0,0.3433333333333333,0.3333333333333333,0.37666666666666665,0.39666666666666667,0.37333333333333335,0.3906688510654903,0.33069962262284625,0.3394244906532241
341,0,0.33,0.31,0.39,0.3433333333333333,0.28,0.3253361649718103,0.2954566458815771,0.3394244906532241
342,0,0.48,0.39666666666666667,0.4033333333333333,0.3566666666666667,0.4166666666666667,0.4186559851747489,0.3702718577937717,0.3310673011556764
343,0,0.2866666666666667,0.32,0.3566666666666667,0.33666666666666667,0.25666666666666665,0.3052074853634032,0.3486038975211502,0.3394244906532241
344,0,0.27,0.27666666666666667,0.27666666666666667,0.31,0.21,0.2627105803052861,0.30319187863977953,0.3310673011556764
345,1,0.36333333333333334,0.41,0.36333333333333334,0.3333333333333333,0.31333333333333335,0.366782314073031,0.32495411567602234,0.3310673011556764
346,0,0.36666666666666664,0.35,0.45666666666666667,0.4533333333333333,0.31333333333333335,0.40449672928262637,0.44129397781219243,0.4035173424523693
347,1,0.42,0.31,0.31,0.3566666666666667,0.2966666666666667,0.3770101144448858,0.3570952630417656,0.3310673011556764
348,0,0.32666666666666666,0.38,0.35333333333333333,0.35333333333333333,0.32,0.33119033648093166,0.32791077850808287,0.3310673011556764
349,1,0.36666666666666664,0.41,0.38666666666666666,0.39,0.31333333333333335,0.3606437827248269,0.3683167841908827,0.3394244906532241
350,0,0.3566666666666667,0.37666666666666665,0.37,0.36,0.2733333333333333,0.35175708578499343,0.4027637727546787,0.42297650130548303
351,1,0.36,0.3333333333333333,0.3433333333333333,0.25,0.27,0.3138164367532073,0.3471781825625442,0.3394244906532241
352,1,0.39,0.3433333333333333,0.42,0.3333333333333333,0.37333333333333335,0.4354063413894839,0.3635695010158217,0.4035173424523693
353,0,0.3,0.2966666666666667,0.29,0.3233333333333333,0.21666666666666667,0.2647114957981819,0.30458562500010444,0.3310673011556764
354,0,0.39666666666666667,0.42333333333333334,0.33,0.41,0.2866666666666667,0.3742038529087634,0.3586713777984199,0.3310673011556764
355,0,0.38333333333333336,0.3933333333333333,0.47,0.33,0.29,0.40044328228182435,0.4519948291629785,0.42297650130548303
356,0,0.3233333333333333,0.3433333333333333,0.33,0.42,0.30666666666666664,0.30626292023759316,0.30778531541428344,0.3310673011556764
357,0,0.28,0.34,0.31666666666666665,0.37,0.21666666666666667,0.26763704060315135,0.2822229301536044,0.3310673011556764
358,0,0.3433333333333333,0.41333333333333333,0.38333333333333336,0.36,0.31333333333333335,0.39368327906829365,0.3817613458744341,0.3394244906532241
359,0,0.29,0.2966666666666667,0.31,0.3433333333333333,0.25,0.29057490995215607,0.32175574802724133,0.3310673011556764
360,0,0.30666666666666664,0.33,0.3,0.37333333333333335,0.20666666666666667,0.2581471851845651,0.32633418745536436,0.3310673011556764
361,1,0.30333333333333334,0.3233333333333333,0.38666666666666666,0.30666666666666664,0.29333333333333333,0.27975562624336336,0.3886441181942809,0.3394244906532241
362,0,0.37333333333333335,0.37333333333333335,0.39666666666666667,0.3466666666666667,0.32,0.3501987402579055,0.33437408714782485,0.3310673011556764
363,0,0.36666666666666664,0.37,0.43333333333333335,0.3466666666666667,0.3433333333333333,0.3911536195733885,0.38067682528147256,0.42297650130548303
364,1,0.4633333333333333,0.35333333333333333,0.4,0.30333333333333334,0.42,0.4236666826687303,0.3702718577937717,0.3310673011556764
365,1,0.2733333333333333,0.2966666666666667,0.28,0.30333333333333334,0.21666666666666667,0.2844305204827388,0.33619294210604983,0.3310673011556764
366,0,0.29333333333333333,0.38,0.4033333333333333,0.35,0.27666666666666667,0.31753176365424157,0.3184405391668422,0.3394244906532241
367,0,0.48,0.3333333333333333,0.44,0.38,0.36333333333333334,0.3997736377550222,0.4009544022664576,0.4035173424523693
368,0,0.36,0.36333333333333334,0.41,0.36333333333333334,0.42333333333333334,0.422359331350827,0.4006084608860889,0.3394244906532241
369,1,0.3466666666666667,0.35333333333333333,0.37,0.31,0.3433333333333333,0.3842700672749904,0.3617136193415141,0.3394244906532241
370,0,0.43,0.35,0.38666666666666666,0.31333333333333335,0.33,0.3787165139169228,0.3587468511528954,0.4035173424523693
371,0,0.38,0.36,0.38666666666666666,0.4,0.37,0.409025714959684,0.3438725019949607,0.3394244906532241
372,1,0.36,0.38333333333333336,0.38,0.3566666666666667,0.3466666666666667,0.36442413450892003,0.2652723132876289,0.3310673011556764
373,0,0.24666666666666667,0.32666666666666666,0.31333333333333335,0.32666666666666666,0.18,0.23930511393763887,0.3456122141217671,0.3310673011556764
374,1,0.41333333333333333,0.36,0.42333333333333334,0.36,0.38,0.4423282373263262,0.3906403652171492,0.3310673011556764
375,0,0.3433333333333333,0.34,0.24333333333333335,0.31666666666666665,0.20666666666666667,0.2698417836195068,0.34574206081624126,0.3310673011556764
376,0,0.30666666666666664,0.28,0.2866666666666667,0.30666666666666664,0.2733333333333333,0.30895342382292296,0.33387104714306676,0.3394244906532241
377,1,0.36333333333333334,0.4166666666666667,0.36333333333333334,0.3466666666666667,0.30666666666666664,0.3128152184099116,0.34877377283787636,0.3394244906532241
378,1,0.2966666666666667,0.39666666666666667,0.29333333333333333,0.29,0.22,0.33082822583014965,0.3523725632346527,0.3310673011556764
379,1,0.42,0.39,0.42333333333333334,0.3466666666666667,0.43333333333333335,0.415892522289595,0.3617136193415141,0.3394244906532241
380,0,0.39,0.43,0.3933333333333333,0.4033333333333333,0.29333333333333333,0.40187945522008045,0.39089654975292293,0.4035173424523693
381,1,0.3233333333333333,0.37,0.36666666666666664,0.3466666666666667,0.30666666666666664,0.42953747483465843,0.42349184084719965,0.4035173424523693
382,0,0.43666666666666665,0.37666666666666665,0.4,0.35,0.27,0.41298543286940925,0.3960627067671271,0.4035173424523693
383,0,0.33,0.26,0.33666666666666667,0.33666666666666667,0.27666666666666667,0.3543049561795197,0.3721231289301576,0.3394244906532241
384,1,0.3933333333333333,0.33,0.38333333333333336,0.31666666666666665,0.35333333333333333,0.4204320517766421,0.30738899347517423,0.3394244906532241
385,1,0.38,0.38666666666666666,0.27666666666666667,0.4033333333333333,0.21666666666666667,0.3745221189822721,0.34877377283787636,0.3394244906532241
386,1,0.4166666666666667,0.37333333333333335,0.4166666666666667,0.36333333333333334,0.36333333333333334,0.41308541324406656,0.35010151287130586,0.3394244906532241
387,0,0.28,0.31666666666666665,0.2966666666666667,0.29,0.26,0.26063518342871966,0.35010151287130586,0.3394244906532241
388,1,0.45666666666666667,0.36333333333333334,0.39666666666666667,0.32,0.4666666666666667,0.4504366093843523,0.33731863600563705,0.3394244906532241
389,0,0.4266666666666667,0.36333333333333334,0.33666666666666667,0.3466666666666667,0.36666666666666664,0.4670613582284676,0.4329263593291345,0.4035173424523693
390,0,0.29,0.29333333333333333,0.31333333333333335,0.28,0.22333333333333333,0.3028779541617211,0.33719032241041735,0.3394244906532241
391,1,0.41,0.38333333333333336,0.38666666666666666,0.45,0.32666666666666666,0.3859226822915563,0.3892509658843634,0.3310673011556764
392,0,0.43,0.37666666666666665,0.42333333333333334,0.39,0.36333333333333334,0.4892546155892098,0.49337092912259506,0.4035173424523693
393,0,0.28,0.3233333333333333,0.3333333333333333,0.39,0.2833333333333333,0.30916093461748834,0.33069962262284625,0.3394244906532241
394,0,0.36,0.35333333333333333,0.32,0.36333333333333334,0.36666666666666664,0.4151625498792431,0.3386643972161324,0.3394244906532241
395,0,0.33,0.37333333333333335,0.32666666666666666,0.37,0.28,0.34243250180563356,0.34710382562722014,0.3310673011556764
396,1,0.2966666666666667,0.38333333333333336,0.29,0.3466666666666667,0.28,0.37513611455921264,0.3538377482274577,0.3394244906532241
397,1,0.29333333333333333,0.31,0.24666666666666667,0.29333333333333333,0.24666666666666667,0.2851274048956721,0.3260895831278764,0.3394244906532241
398,1,0.2833333333333333,0.35,0.27,0.38666666666666666,0.20333333333333334,0.3082515324026612,0.32765779342197165,0.3310673011556764
399,1,0.43333333333333335,0.2966666666666667,0.37333333333333335,0.2966666666666667,0.38,0.36724936147321136,0.3684779119869224,0.3394244906532241
400,1,0.4,0.38,0.42333333333333334,0.39666666666666667,0.38,0.3594238064761602,0.35719718418113644,0.3310673011556764
401,0,0.42333333333333334,0.42333333333333334,0.3566666666666667,0.4033333333333333,0.39,0.42057341545977084,0.38884999783882135,0.3394244906532241
402,0,0.35,0.36666666666666664,0.38333333333333336,0.39666666666666667,0.3333333333333333,0.3838579919905604,0.3733552127952184,0.3394244906532241
403,0,0.37,0.32,0.38666666666666666,0.3566666666666667,0.32666666666666666,0.34362381175330287,0.2971822024364462,0.3310673011556764
404,0,0.42,0.31333333333333335,0.3566666666666667,0.3566666666666667,0.4,0.40757664820549416,0.3324792656525713,0.3394244906532241
405,0,0.3233333333333333,0.33666666666666667,0.3333333333333333,0.33666666666666667,0.2833333333333333,0.33002875127846815,0.3471781825625442,0.3394244906532241
406,0,0.41,0.38333333333333336,0.42,0.38666666666666666,0.31,0.3859984517849929,0.41703215898262547,0.42297650130548303
407,0,0.31333333333333335,0.30666666666666664,0.31666666666666665,0.29333333333333333,0.24666666666666667,0.2940018890436164,0.32319524988829623,0.3310673011556764
408,0,0.44,0.39,0.39666666666666667,0.41333333333333333,0.38666666666666666,0.47793256993791405,0.4828634630595615,0.4035173424523693
409,1,0.30333333333333334,0.37333333333333335,0.38333333333333336,0.37333333333333335,0.37,0.35894470835820724,0.3420068599864645,0.3394244906532241
410,0,0.36333333333333334,0.3433333333333333,0.3233333333333333,0.37333333333333335,0.29,0.3957417833949891,0.3772364975873999,0.3310673011556764
411,0,0.4,0.36,0.44333333333333336,0.31666666666666665,0.3333333333333333,0.40904950413992813,0.37217679934378467,0.3310673011556764
412,0,0.24,0.29333333333333333,0.27,0.32,0.25666666666666665,0.2736604198942968,0.29671017338099376,0.3394244906532241
413,1,0.3,0.38,0.38,0.38,0.2633333333333333,0.3489908508209613,0.36865199100695084,0.3394244906532241
414,1,0.48,0.35333333333333333,0.38,0.31333333333333335,0.44666666666666666,0.4103797810193479,0.38884999783882135,0.3394244906532241
415,0,0.31666666666666665,0.3566666666666667,0.37666666666666665,0.4266666666666667,0.25333333333333335,0.3394574052986052,0.34890417402500834,0.3394244906532241
416,0,0.25333333333333335,0.31666666666666665,0.29,0.3466666666666667,0.22666666666666666,0.24769241124621935,0.29970578960227695,0.3394244906532241
417,0,0.2833333333333333,0.31,0.23333333333333334,0.29,0.24666666666666667,0.2973966124581137,0.3150566186238159,0.3394244906532241
418,1,0.34,0.36333333333333334,0.3333333333333333,0.36,0.2866666666666667,0.31830353881146584,0.2898013551832876,0.3310673011556764
419,0,0.38666666666666666,0.35333333333333333,0.39,0.32666666666666666,0.3566666666666667,0.3953844404941302,0.31995158555790804,0.3310673011556764
420,0,0.31666666666666665,0.3433333333333333,0.37,0.28,0.29,0.2978663991149367,0.32633418745536436,0.3310673011556764
421,1,0.44666666666666666,0.3433333333333333,0.45,0.41333333333333333,0.36666666666666664,0.46277016040627317,0.4098956473907301,0.4035173424523693
422,1,0.36333333333333334,0.3333333333333333,0.36,0.33,0.26,0.31072639331878965,0.33731863600563705,0.3394244906532241
423,1,0.45,0.37,0.44666666666666666,0.38333333333333336,0.32,0.39074960424011157,0.40459014019554773,0.3310673011556764
424,0,0.31333333333333335,0.39666666666666667,0.29333333333333333,0.37,0.3,0.3701394177227313,0.3817613458744341,0.3394244906532241
425,1,0.35,0.36,0.31666666666666665,0.3233333333333333,0.30333333333333334,0.3806653623464778,0.3654113484350004,0.3310673011556764
426,0,0.43,0.37,0.37666666666666665,0.37666666666666665,0.38,0.3804085313758496,0.35010151287130586,0.3394244906532241
427,0,0.3,0.29333333333333333,0.31,0.3433333333333333,0.24666666666666667,0.3015971029587066,0.34574206081624126,0.3310673011556764
428,1,0.37333333333333335,0.38333333333333336,0.4066666666666667,0.3466666666666667,0.32,0.4284281139681148,0.3837940186378902,0.4035173424523693
429,0,0.43333333333333335,0.29,0.35,0.32666666666666666,0.35333333333333333,0.40123401067613423,0.4062574363217939,0.4035173424523693
430,1,0.24333333333333335,0.29,0.2833333333333333,0.22666666666666666,0.21666666666666667,0.25081697507086326,0.30283560391695014,0.3394244906532241
431,1,0.37,0.37,0.38,0.37666666666666665,0.38333333333333336,0.3440528747908673,0.28333753898110503,0.3394244906532241
432,0,0.3,0.38,0.3566666666666667,0.4066666666666667,0.30333333333333334,0.3600269127796469,0.3805191272712418,0.4035173424523693
433,0,0.35333333333333333,0.3433333333333333,0.33666666666666667,0.41333333333333333,0.28,0.380882438230763,0.40795487153808785,0.4035173424523693
434,1,0.3433333333333333,0.34,0.36666666666666664,0.30666666666666664,0.26,0.26534580160629134,0.3702718577937717,0.3310673011556764
435,0,0.3933333333333333,0.37,0.3566666666666667,0.38333333333333336,0.37,0.40828833369116624,0.39055750407502243,0.4035173424523693
436,0,0.33666666666666667,0.38333333333333336,0.38666666666666666,0.3933333333333333,0.2866666666666667,0.32579395268864064,0.3278565699958886,0.3394244906532241
437,0,0.30333333333333334,0.33,0.30666666666666664,0.3566666666666667,0.24,0.2646732989585829,0.3418776830643402,0.3394244906532241
438,0,0.33,0.39,0.31,0.39666666666666667,0.23333333333333334,0.2926474637867049,0.32940816803793843,0.3394244906532241
439,0,0.37333333333333335,0.3466666666666667,0.3,0.3433333333333333,0.2833333333333333,0.3129060103492751,0.2940820225304387,0.3310673011556764
440,0,0.37333333333333335,0.3566666666666667,0.36333333333333334,0.36333333333333334,0.3,0.38897942877155955,0.40795487153808785,0.4035173424523693
441,0,0.26666666666666666,0.32,0.30333333333333334,0.37666666666666665,0.29,0.25697297939723657,0.28941850828480103,0.3394244906532241
442,0,0.28,0.3933333333333333,0.36333333333333334,0.35333333333333333,0.27,0.29433391275424475,0.2553420888989737,0.3394244906532241
443,0,0.3333333333333333,0.26666666666666666,0.32666666666666666,0.34,0.20666666666666667,0.2745019280689762,0.3733552127952184,0.3394244906532241
444,1,0.29333333333333333,0.34,0.2966666666666667,0.2833333333333333,0.33,0.3221158875484979,0.33290928607765935,0.3310673011556764
445,0,0.47333333333333333,0.39,0.4166666666666667,0.38666666666666666,0.4166666666666667,0.46337145489366083,0.49337092912259506,0.4035173424523693
446,0,0.43333333333333335,0.3433333333333333,0.37,0.33,0.36666666666666664,0.3662226566307881,0.3471781825625442,0.3394244906532241
447,0,0.39666666666666667,0.38,0.42333333333333334,0.34,0.29333333333333333,0.4314936014790031,0.4626987528451678,0.4035173424523693
448,0,0.3933333333333333,0.39,0.39,0.35,0.2866666666666667,0.3922245275445205,0.3615810893710185,0.3394244906532241
449,0,0.25,0.25666666666666665,0.17,0.28,0.23,0.2764490515255475,0.2850217720500723,0.3394244906532241
450,0,0.35333333333333333,0.4,0.36,0.38333333333333336,0.3233333333333333,0.39333594916177217,0.38038381326763737,0.3394244906532241
451,0,0.5033333333333333,0.33666666666666667,0.44,0.35333333333333333,0.44666666666666666,0.43928490047625335,0.3471781825625442,0.3394244906532241
452,0,0.3333333333333333,0.3433333333333333,0.24,0.30666666666666664,0.18,0.24836279976495976,0.33437408714782485,0.3310673011556764
453,0,0.4,0.3466666666666667,0.35,0.38666666666666666,0.39,0.3975534774815088,0.3702718577937717,0.3310673011556764
454,1,0.3233333333333333,0.25333333333333335,0.29,0.2966666666666667,0.2733333333333333,0.2888279226464791,0.284904799112511,0.3394244906532241
455,0,0.29333333333333333,0.31333333333333335,0.2633333333333333,0.2866666666666667,0.23,0.2893663132376477,0.29283497514695556,0.3310673011556764
456,0,0.3333333333333333,0.3933333333333333,0.32,0.38333333333333336,0.25666666666666665,0.3268416816181701,0.30458562500010444,0.3310673011556764
457,0,0.23666666666666666,0.3933333333333333,0.23,0.31666666666666665,0.19666666666666666,0.252111984832999,0.27911240537439663,0.3394244906532241
458,0,0.2833333333333333,0.3433333333333333,0.36333333333333334,0.32666666666666666,0.27,0.2604782778591979,0.32955595267629556,0.3310673011556764
459,0,0.35333333333333333,0.38666666666666666,0.32,0.3433333333333333,0.34,0.41831978683997867,0.4009544022664576,0.4035173424523693
460,0,0.42333333333333334,0.4,0.3933333333333333,0.38333333333333336,0.3433333333333333,0.37790772430572334,0.3817613458744341,0.3394244906532241
461,1,0.33,0.31666666666666665,0.3333333333333333,0.2833333333333333,0.24,0.34972742964030673,0.3843692713697957,0.42297650130548303
462,1,0.44333333333333336,0.39666666666666667,0.49,0.44,0.4066666666666667,0.4438601043127958,0.41325865271686985,0.4035173424523693
463,1,0.3466666666666667,0.41,0.47333333333333333,0.33,0.31333333333333335,0.3344452391119268,0.3107279195133625,0.3394244906532241
464,0,0.4033333333333333,0.30666666666666664,0.43,0.34,0.41,0.3828500205307313,0.30774826040495856,0.3310673011556764
465,0,0.39,0.38,0.37333333333333335,0.43666666666666665,0.4033333333333333,0.3801171879540548,0.36904470831735703,0.3310673011556764
466,1,0.31666666666666665,0.2866666666666667,0.36,0.31333333333333335,0.33666666666666667,0.37800356047287764,0.3617136193415141,0.3394244906532241
467,1,0.37666666666666665,0.31666666666666665,0.36333333333333334,0.29333333333333333,0.30666666666666664,0.37230047943781364,0.38545776428240686,0.3394244906532241
468,0,0.36333333333333334,0.29,0.38,0.2833333333333333,0.26666666666666666,0.38585209639318474,0.3344471140042278,0.3394244906532241
469,1,0.37,0.31666666666666665,0.2866666666666667,0.32,0.24333333333333335,0.35039103481825945,0.4393942411475793,0.4035173424523693
470,0,0.37,0.4,0.33,0.3466666666666667,0.29,0.3747356793865355,0.3154207660147644,0.3310673011556764
471,1,0.4033333333333333,0.4066666666666667,0.45,0.34,0.37,0.4743666878360873,0.4522613870627635,0.4035173424523693
472,0,0.4166666666666667,0.4166666666666667,0.3933333333333333,0.37666666666666665,0.2866666666666667,0.33817653544493825,0.3817613458744341,0.3394244906532241
473,1,0.3933333333333333,0.31,0.38,0.2866666666666667,0.3433333333333333,0.37157587139017256,0.4006084608860889,0.3394244906532241
474,0,0.27666666666666667,0.4066666666666667,0.2966666666666667,0.34,0.23,0.3528040575341938,0.3456122141217671,0.3310673011556764
475,0,0.32,0.3466666666666667,0.32,0.36,0.33,0.3507552282858877,0.3150566186238159,0.3394244906532241
476,0,0.30666666666666664,0.36333333333333334,0.32666666666666666,0.36,0.2866666666666667,0.2953949967521886,0.2595133940812208,0.3310673011556764
477,1,0.35,0.4,0.44666666666666666,0.34,0.33666666666666667,0.4186692942892239,0.39269028539715845,0.42297650130548303
478,1,0.33666666666666667,0.27,0.34,0.37666666666666665,0.29333333333333333,0.2822286766886953,0.3523725632346527,0.3310673011556764
479,0,0.30666666666666664,0.33666666666666667,0.31666666666666665,0.31666666666666665,0.23666666666666666,0.3461418217544903,0.3817613458744341,0.3394244906532241
480,0,0.37666666666666665,0.2733333333333333,0.36333333333333334,0.2833333333333333,0.35,0.3395157355079882,0.29283497514695556,0.3310673011556764
481,1,0.38,0.31333333333333335,0.4066666666666667,0.32,0.33666666666666667,0.40494780370707406,0.4215287050426131,0.4035173424523693
482,0,0.29,0.32666666666666666,0.29,0.35,0.2833333333333333,0.2730507015813366,0.26774064957635074,0.3394244906532241
483,1,0.44,0.37333333333333335,0.32,0.3333333333333333,0.3566666666666667,0.4138668481386704,0.37865051713279263,0.3310673011556764
484,0,0.3333333333333333,0.34,0.33,0.31333333333333335,0.28,0.341930359744611,0.38368938211013787,0.3394244906532241
485,0,0.27,0.3466666666666667,0.30666666666666664,0.36333333333333334,0.26,0.3048737691145514,0.4093662843744214,0.4035173424523693
486,0,0.3566666666666667,0.3566666666666667,0.32666666666666666,0.39,0.31333333333333335,0.40527879513823123,0.3937872697144377,0.4035173424523693
487,1,0.33,0.31666666666666665,0.31333333333333335,0.27666666666666667,0.2733333333333333,0.3264750305488536,0.3452307887492144,0.3394244906532241
488,1,0.31,0.3233333333333333,0.33,0.31666666666666665,0.23333333333333334,0.3128059241345267,0.30751122799297015,0.3394244906532241
489,1,0.36333333333333334,0.4033333333333333,0.33,0.45666666666666667,0.26666666666666666,0.37622682991630146,0.36052046677190525,0.3310673011556764
490,1,0.4266666666666667,0.39666666666666667,0.45666666666666667,0.38666666666666666,0.3433333333333333,0.42329547573172177,0.3937872697144377,0.4035173424523693
491,0,0.32,0.33666666666666667,0.4033333333333333,0.36,0.36,0.38829084146495263,0.36013164300299555,0.3394244906532241
492,1,0.37666666666666665,0.31666666666666665,0.36,0.33666666666666667,0.29,0.3164209110959098,0.3154207660147644,0.3310673011556764
493,1,0.45666666666666667,0.37333333333333335,0.4166666666666667,0.38666666666666666,0.37666666666666665,0.46688454842142174,0.4427344798542368,0.4035173424523693
494,0,0.3433333333333333,0.33,0.4066666666666667,0.30333333333333334,0.2866666666666667,0.3252033559942131,0.37902057071482437,0.3310673011556764
495,0,0.3433333333333333,0.39666666666666667,0.3433333333333333,0.32,0.2733333333333333,0.3809413149979421,0.35035476490836764,0.3310673011556764
496,0,0.39666666666666667,0.31333333333333335,0.3433333333333333,0.26666666666666666,0.38,0.3433747663173153,0.30458562500010444,0.3310673011556764
497,0,0.42,0.43666666666666665,0.4166666666666667,0.36666666666666664,0.31,0.3645831405563949,0.34915702526566894,0.3310673011556764
498,0,0.32,0.31,0.31,0.2866666666666667,0.25666666666666665,0.2786265503467208,0.3200765070401379,0.3310673011556764
499,0,0.35,0.30666666666666664,0.36666666666666664,0.37,0.39,0.35860097916652095,0.31970949487852796,0.3394244906532241
500,0,0.4766666666666667,0.42333333333333334,0.44,0.4,0.37333333333333335,0.4631561002021772,0.5027349179503228,0.42297650130548303
501,0,0.36,0.33666666666666667,0.31666666666666665,0.35333333333333333,0.3,0.3563515521644283,0.3571572497269824,0.3310673011556764
502,0,0.28,0.28,0.3433333333333333,0.38,0.20666666666666667,0.30147922531005344,0.33719032241041735,0.3394244906532241
503,1,0.41333333333333333,0.37,0.42333333333333334,0.38666666666666666,0.3433333333333333,0.44924373527076084,0.3893874519259112,0.42297650130548303
504,0,0.36,0.42,0.37333333333333335,0.3466666666666667,0.3,0.3515831573484989,0.3872573067387803,0.3394244906532241
505,1,0.2633333333333333,0.3233333333333333,0.2733333333333333,0.31666666666666665,0.15666666666666668,0.23676358381410534,0.3260895831278764,0.3394244906532241
506,0,0.22,0.31333333333333335,0.23333333333333334,0.2633333333333333,0.26666666666666666,0.297488572746371,0.3231191089390508,0.3394244906532241
507,0,0.34,0.31666666666666665,0.35333333333333333,0.37666666666666665,0.27666666666666667,0.3384393343057158,0.3684779119869224,0.3394244906532241
508,0,0.3233333333333333,0.30333333333333334,0.32666666666666666,0.25666666666666665,0.22333333333333333,0.2791593078881167,0.3264604046491026,0.3310673011556764
509,0,0.42333333333333334,0.39,0.41,0.35,0.2733333333333333,0.43312093613202696,0.40103146481735763,0.4035173424523693
510,1,0.25,0.36,0.3466666666666667,0.3433333333333333,0.35,0.31936345388600185,0.2940820225304387,0.3310673011556764
511,1,0.34,0.37666666666666665,0.37,0.41333333333333333,0.25333333333333335,0.35696352094179645,0.4131808613726105,0.4035173424523693
512,1,0.33,0.41333333333333333,0.26666666666666666,0.36333333333333334,0.28,0.3285700031585253,0.276578829216924,0.3310673011556764
513,0,0.38,0.35,0.35333333333333333,0.36,0.2833333333333333,0.34520838664508335,0.3702718577937717,0.3310673011556764
514,1,0.38666666666666666,0.26,0.37,0.37333333333333335,0.25666666666666665,0.38917376867162806,0.313760161255715,0.3394244906532241
515,1,0.37333333333333335,0.37333333333333335,0.35333333333333333,0.4033333333333333,0.37333333333333335,0.3734198847315453,0.35035476490836764,0.3310673011556764
516,0,0.22,0.3,0.25,0.29333333333333333,0.21333333333333335,0.22309453348605293,0.25383706872575057,0.3394244906532241
517,0,0.32666666666666666,0.37,0.42,0.4033333333333333,0.2866666666666667,0.3559656685315413,0.37198976178490034,0.3394244906532241
518,0,0.2733333333333333,0.34,0.3333333333333333,0.31333333333333335,0.17333333333333334,0.25116647237820033,0.3567700295414111,0.3394244906532241
519,0,0.34,0.32666666666666666,0.3433333333333333,0.3333333333333333,0.3233333333333333,0.35734292178960486,0.32606356243234913,0.3394244906532241
520,0,0.37666666666666665,0.36,0.35333333333333333,0.37333333333333335,0.32,0.4100610249712431,0.3733552127952184,0.3394244906532241
521,1,0.4866666666666667,0.37666666666666665,0.43666666666666665,0.37,0.39,0.43644679243113943,0.38215957511677867,0.3310673011556764
522,0,0.36666666666666664,0.29,0.38,0.33,0.3,0.3263311117281142,0.3264604046491026,0.3310673011556764
523,0,0.35333333333333333,0.27,0.3466666666666667,0.26666666666666666,0.37,0.3178477908867731,0.32175574802724133,0.3310673011556764
524,0,0.27666666666666667,0.32,0.32,0.2733333333333333,0.24333333333333335,0.3234147114672852,0.2971822024364462,0.3310673011556764
525,0,0.27666666666666667,0.32,0.35333333333333333,0.3,0.2733333333333333,0.3230888317954194,0.30738899347517423,0.3394244906532241
526,0,0.27,0.33,0.33666666666666667,0.3233333333333333,0.26,0.28560512321165715,0.2793363777426565,0.3310673011556764
527,0,0.36333333333333334,0.30333333333333334,0.33,0.33666666666666667,0.32,0.34073358999632375,0.3200765070401379,0.3310673011556764
528,1,0.3433333333333333,0.37333333333333335,0.3466666666666667,0.36666666666666664,0.28,0.35882692348367184,0.3324792656525713,0.3394244906532241
529,0,0.37,0.39666666666666667,0.43333333333333335,0.36666666666666664,0.31,0.36277739741562526,0.3523155099745147,0.3310673011556764
530,1,0.4,0.43666666666666665,0.44333333333333336,0.4033333333333333,0.3233333333333333,0.3753505449131196,0.3906403652171492,0.3310673011556764
531,1,0.2866666666666667,0.25666666666666665,0.25,0.3566666666666667,0.2733333333333333,0.29463556770161253,0.3684779119869224,0.3394244906532241
532,0,0.2966666666666667,0.43333333333333335,0.2966666666666667,0.3933333333333333,0.24666666666666667,0.2803349520894054,0.2862490149375509,0.3394244906532241
533,0,0.29333333333333333,0.3233333333333333,0.31333333333333335,0.3566666666666667,0.34,0.350311527332525,0.33069962262284625,0.3394244906532241
534,0,0.30333333333333334,0.31666666666666665,0.3466666666666667,0.3333333333333333,0.22333333333333333,0.25858151420203995,0.32633418745536436,0.3310673011556764
535,0,0.39666666666666667,0.36,0.33666666666666667,0.3933333333333333,0.31,0.3887399530808834,0.37040572502775887,0.3310673011556764
536,1,0.3566666666666667,0.36333333333333334,0.43666666666666665,0.39666666666666667,0.33,0.38889550668046396,0.3989666069568577,0.3394244906532241
537,0,0.39666666666666667,0.38,0.3233333333333333,0.3566666666666667,0.42,0.4038352927616026,0.38563496661982566,0.3394244906532241
538,0,0.24666666666666667,0.28,0.2966666666666667,0.2966666666666667,0.29333333333333333,0.3159561541626432,0.3452307887492144,0.3394244906532241
539,0,0.33666666666666667,0.2733333333333333,0.32,0.29333333333333333,0.31,0.3679487638917574,0.39752525813523615,0.4035173424523693
540,1,0.33666666666666667,0.37666666666666665,0.37,0.36333333333333334,0.29,0.3248620473842955,0.34046509887140136,0.3394244906532241
541,0,0.3466666666666667,0.3933333333333333,0.33,0.3466666666666667,0.3466666666666667,0.4062370053790802,0.39770441793324157,0.4035173424523693
542,0,0.2733333333333333,0.3933333333333333,0.36333333333333334,0.37666666666666665,0.24333333333333335,0.26566123955472115,0.2970623123916108,0.3310673011556764
543,0,0.37,0.3433333333333333,0.35333333333333333,0.3233333333333333,0.3566666666666667,0.3449515189184173,0.3772364975873999,0.3310673011556764
544,0,0.44,0.37666666666666665,0.43666666666666665,0.3333333333333333,0.36333333333333334,0.3703887531165634,0.3557156560928963,0.3310673011556764
545,1,0.29333333333333333,0.32,0.24666666666666667,0.29333333333333333,0.31,0.32546987025193025,0.32138772052415193,0.3394244906532241
546,0,0.33666666666666667,0.3933333333333333,0.28,0.29333333333333333,0.28,0.34725561920124415,0.3804904546861384,0.3394244906532241
547,0,0.48,0.33666666666666667,0.44333333333333336,0.37666666666666665,0.41333333333333333,0.44627007939105634,0.4326621956260156,0.42297650130548303
548,0,0.4166666666666667,0.34,0.36666666666666664,0.41,0.38333333333333336,0.3654956096903713,0.28930046104637885,0.3394244906532241
549,0,0.41,0.39,0.32,0.36333333333333334,0.32,0.38698714660894956,0.3622752338816749,0.3310673011556764
550,1,0.26666666666666666,0.42,0.32,0.38,0.24333333333333335,0.30639129790305697,0.34877377283787636,0.3394244906532241
551,0,0.33,0.37666666666666665,0.4533333333333333,0.45,0.3,0.36382863929487186,0.3653268552016069,0.3394244906532241
552,1,0.33666666666666667,0.3233333333333333,0.3333333333333333,0.34,0.3333333333333333,0.353466912653619,0.2968299813199781,0.3394244906532241
553,0,0.39666666666666667,0.32666666666666666,0.38666666666666666,0.41,0.29333333333333333,0.4017826045264893,0.4131808613726105,0.4035173424523693
554,1,0.38,0.38666666666666666,0.3433333333333333,0.33,0.31,0.3833419884834381,0.3654113484350004,0.3310673011556764
555,1,0.45,0.39,0.4033333333333333,0.3466666666666667,0.3333333333333333,0.40410134473975184,0.39129827695701697,0.42297650130548303
556,0,0.37666666666666665,0.3466666666666667,0.43,0.36666666666666664,0.36,0.4089450018007973,0.37040572502775887,0.3310673011556764
557,1,0.36333333333333334,0.3566666666666667,0.4,0.2866666666666667,0.3433333333333333,0.35975614528473515,0.2998262914610743,0.3394244906532241
558,0,0.36333333333333334,0.33,0.42,0.3566666666666667,0.34,0.39164155285151303,0.3992068344476386,0.3394244906532241
559,1,0.2866666666666667,0.30333333333333334,0.31333333333333335,0.29,0.3,0.3059342189549361,0.32175574802724133,0.3310673011556764
560,0,0.37333333333333335,0.4,0.41,0.38333333333333336,0.30333333333333334,0.3947323260536093,0.34419226945227965,0.3310673011556764
561,0,0.29,0.31333333333333335,0.31333333333333335,0.2866666666666667,0.17333333333333334,0.242262792897568,0.3456122141217671,0.3310673011556764
562,1,0.2866666666666667,0.3433333333333333,0.3,0.38333333333333336,0.2733333333333333,0.3160028612797182,0.2824555723982364,0.3310673011556764
563,1,0.32666666666666666,0.3233333333333333,0.31,0.3233333333333333,0.21333333333333335,0.28774023416594463,0.3937872697144377,0.4035173424523693
564,1,0.3933333333333333,0.38,0.39666666666666667,0.3433333333333333,0.28,0.4122932561784381,0.3837940186378902,0.4035173424523693
565,1,0.37,0.3566666666666667,0.37,0.38666666666666666,0.36333333333333334,0.4035081064900616,0.36052046677190525,0.3310673011556764
566,0,0.4,0.36,0.37666666666666665,0.36333333333333334,0.32666666666666666,0.40472488346236446,0.34710382562722014,0.3310673011556764
567,1,0.4166666666666667,0.42,0.43333333333333335,0.41,0.41333333333333333,0.44841730328521207,0.3805191272712418,0.4035173424523693
568,0,0.25666666666666665,0.38333333333333336,0.38,0.38,0.23666666666666666,0.27730821967468255,0.31995158555790804,0.3310673011556764
569,0,0.24,0.29333333333333333,0.27,0.32666666666666666,0.24,0.20837446835817205,0.2692532560654076,0.3310673011556764
570,1,0.27666666666666667,0.22666666666666666,0.26666666666666666,0.2866666666666667,0.30333333333333334,0.2919324270169026,0.2811221541735833,0.3310673011556764
571,0,0.47,0.3433333333333333,0.42,0.33,0.4,0.4462089675427379,0.4326621956260156,0.42297650130548303
572,1,0.4,0.3433333333333333,0.35333333333333333,0.37666666666666665,0.3233333333333333,0.3383180075641079,0.3602339451824002,0.3394244906532241
573,0,0.3433333333333333,0.3566666666666667,0.33666666666666667,0.36666666666666664,0.31,0.3832742242530959,0.3975802723389642,0.3310673011556764
574,0,0.35,0.33,0.35333333333333333,0.24666666666666667,0.35333333333333333,0.34067163246729204,0.3246433735592876,0.3394244906532241
575,1,0.4,0.41333333333333333,0.36333333333333334,0.38333333333333336,0.39,0.36971445965785077,0.35732900667996814,0.3310673011556764
576,0,0.49,0.35333333333333333,0.3933333333333333,0.3933333333333333,0.4,0.4892546155892098,0.49337092912259506,0.4035173424523693
577,0,0.4,0.3933333333333333,0.32666666666666666,0.3333333333333333,0.35,0.4036356243264079,0.32778427345938876,0.3310673011556764
578,1,0.3433333333333333,0.2966666666666667,0.3566666666666667,0.36333333333333334,0.29,0.29932292096482566,0.3218810405101434,0.3310673011556764
579,1,0.36,0.41,0.33666666666666667,0.33666666666666667,0.38,0.394369177476666,0.40963538523859455,0.3310673011556764
580,0,0.4766666666666667,0.37333333333333335,0.3566666666666667,0.3233333333333333,0.37333333333333335,0.37095442302387677,0.3377347298677331,0.3310673011556764
581,0,0.2866666666666667,0.28,0.30666666666666664,0.31666666666666665,0.25333333333333335,0.3032264506662216,0.31718565141193666,0.3310673011556764
582,0,0.43333333333333335,0.4033333333333333,0.33,0.38333333333333336,0.36666666666666664,0.3779417742345715,0.3567700295414111,0.3394244906532241
583,0,0.30333333333333334,0.3466666666666667,0.37333333333333335,0.3233333333333333,0.34,0.34585412110834235,0.37554494471856864,0.4035173424523693
584,0,0.35333333333333333,0.31666666666666665,0.32666666666666666,0.37333333333333335,0.30666666666666664,0.3779979147406642,0.35010151287130586,0.3394244906532241
585,0,0.29333333333333333,0.2633333333333333,0.27666666666666667,0.31,0.26666666666666666,0.282432775883683,0.30751122799297015,0.3394244906532241
586,0,0.44666666666666666,0.4066666666666667,0.44,0.35,0.3333333333333333,0.43575444391362306,0.3855899026338075,0.4035173424523693
587,0,0.33,0.35333333333333333,0.38666666666666666,0.31333333333333335,0.2633333333333333,0.3288492238792293,0.29838845023663313,0.3394244906532241
588,0,0.4,0.35,0.37666666666666665,0.38,0.32,0.3571088925377505,0.3937872697144377,0.4035173424523693
589,0,0.4166666666666667,0.36666666666666664,0.31,0.38666666666666666,0.41,0.40240470027736375,0.3373575163518714,0.3394244906532241
590,0,0.4533333333333333,0.39666666666666667,0.41333333333333333,0.3566666666666667,0.38333333333333336,0.49186521854965637,0.4732488888152461,0.4035173424523693
591,0,0.24666666666666667,0.3333333333333333,0.20666666666666667,0.3,0.19,0.20699977358456229,0.29065698647701815,0.3394244906532241
592,0,0.4033333333333333,0.3566666666666667,0.4,0.31,0.41333333333333333,0.38486339910807194,0.3537463232759562,0.3310673011556764
593,1,0.37,0.4,0.4166666666666667,0.3466666666666667,0.27666666666666667,0.4063125947937179,0.38884999783882135,0.3394244906532241
594,0,0.33,0.3,0.27666666666666667,0.26666666666666666,0.25666666666666665,0.2915582102261642,0.3378624229412111,0.3310673011556764
595,0,0.3233333333333333,0.38333333333333336,0.31666666666666665,0.3566666666666667,0.33,0.3392792505723062,0.3184405391668422,0.3394244906532241
596,1,0.38333333333333336,0.37666666666666665,0.43,0.4266666666666667,0.33666666666666667,0.30645391361851276,0.26936622356696505,0.3310673011556764
597,1,0.35333333333333333,0.3333333333333333,0.34,0.26666666666666666,0.41,0.40285212842561535,0.3937872697144377,0.4035173424523693
598,0,0.36333333333333334,0.33,0.33666666666666667,0.35,0.29,0.3585118392216776,0.30903106320044943,0.3310673011556764
599,1,0.41,0.36,0.42,0.43666666666666665,0.43333333333333335,0.4072003491318548,0.39239388517331075,0.4035173424523693
600,0,0.2733333333333333,0.34,0.32,0.26666666666666666,0.23666666666666666,0.27123214927434,0.29065698647701815,0.3394244906532241
601,0,0.3233333333333333,0.36333333333333334,0.4033333333333333,0.33666666666666667,0.31666666666666665,0.3488178136992721,0.3104448329055812,0.3394244906532241
602,1,0.32,0.36,0.30333333333333334,0.36,0.3433333333333333,0.347096600566333,0.3420068599864645,0.3394244906532241
603,1,0.31666666666666665,0.3433333333333333,0.34,0.30333333333333334,0.30666666666666664,0.28471776708075647,0.25940309162848946,0.3310673011556764
604,1,0.31333333333333335,0.36333333333333334,0.35333333333333333,0.38666666666666666,0.29,0.3108097107358625,0.3079076374687987,0.3310673011556764
605,0,0.5133333333333333,0.45,0.4033333333333333,0.4066666666666667,0.4533333333333333,0.4843515609408666,0.4205343320358512,0.4035173424523693
606,0,0.45,0.33666666666666667,0.3566666666666667,0.37,0.39666666666666667,0.4449445253310819,0.4151592571460347,0.42297650130548303
607,0,0.30666666666666664,0.42,0.35333333333333333,0.3933333333333333,0.29,0.30414391467274327,0.26205825031550284,0.3394244906532241
608,1,0.3466666666666667,0.30333333333333334,0.3,0.3233333333333333,0.38666666666666666,0.33510011264112666,0.3246433735592876,0.3394244906532241
609,0,0.3,0.30333333333333334,0.30666666666666664,0.3,0.22333333333333333,0.32328311314108354,0.3684779119869224,0.3394244906532241
610,1,0.45,0.41,0.3933333333333333,0.2833333333333333,0.45666666666666667,0.4531342784150841,0.35010151287130586,0.3394244906532241
611,0,0.31,0.3466666666666667,0.3466666666666667,0.34,0.32,0.40195613508291816,0.33731863600563705,0.3394244906532241
612,0,0.4033333333333333,0.30333333333333334,0.4033333333333333,0.36666666666666664,0.2966666666666667,0.3831740629597573,0.42349184084719965,0.4035173424523693
613,1,0.3233333333333333,0.36,0.36333333333333334,0.33666666666666667,0.29,0.3777098271451102,0.3567700295414111,0.3394244906532241
614,0,0.49,0.38,0.4633333333333333,0.4033333333333333,0.35333333333333333,0.4488060800160907,0.39269028539715845,0.42297650130548303
615,1,0.44333333333333336,0.37333333333333335,0.39666666666666667,0.39,0.31,0.41442112106370294,0.40302264946923094,0.4035173424523693
616,1,0.3,0.3433333333333333,0.28,0.35,0.3,0.3610664475706387,0.3150566186238159,0.3394244906532241
617,0,0.44333333333333336,0.36666666666666664,0.43,0.3566666666666667,0.37,0.40689403967438026,0.38067682528147256,0.42297650130548303
618,0,0.5,0.3566666666666667,0.4633333333333333,0.35333333333333333,0.36,0.43676844199930853,0.39450114681723414,0.42297650130548303
619,1,0.41333333333333333,0.31666666666666665,0.38666666666666666,0.35,0.31,0.38573535762941685,0.39950890328526756,0.42297650130548303
620,0,0.27,0.3333333333333333,0.30666666666666664,0.30666666666666664,0.28,0.29083202608148945,0.278123212585111,0.3310673011556764
621,0,0.30333333333333334,0.31333333333333335,0.33666666666666667,0.38,0.21333333333333335,0.30482217246227256,0.3486038975211502,0.3394244906532241
622,0,0.36333333333333334,0.35,0.36333333333333334,0.37333333333333335,0.27,0.30142345320592256,0.33904232434425674,0.3310673011556764
623,1,0.30666666666666664,0.38333333333333336,0.27666666666666667,0.36,0.27666666666666667,0.3346387252200832,0.32612780614579057,0.3394244906532241
624,1,0.3566666666666667,0.38333333333333336,0.37333333333333335,0.36666666666666664,0.25333333333333335,0.37365467745437225,0.3805191272712418,0.4035173424523693
625,1,0.38333333333333336,0.35333333333333333,0.3933333333333333,0.3433333333333333,0.3566666666666667,0.418066563240749,0.3456122141217671,0.3310673011556764
626,0,0.37333333333333335,0.3466666666666667,0.3566666666666667,0.38333333333333336,0.31333333333333335,0.3601164516214122,0.31221913354699,0.3310673011556764
627,0,0.38333333333333336,0.43,0.44333333333333336,0.36333333333333334,0.4066666666666667,0.40634474332285236,0.40135965489709524,0.42297650130548303
628,0,0.3933333333333333,0.3233333333333333,0.38,0.31,0.29333333333333333,0.364718551945151,0.34574206081624126,0.3310673011556764
629,1,0.36,0.38333333333333336,0.3566666666666667,0.4033333333333333,0.34,0.36450338247501174,0.27911240537439663,0.3394244906532241
630,1,0.3466666666666667,0.37333333333333335,0.33,0.38333333333333336,0.30333333333333334,0.3649617294081603,0.34915702526566894,0.3310673011556764
631,0,0.4066666666666667,0.3933333333333333,0.4066666666666667,0.37333333333333335,0.2866666666666667,0.37166796672133673,0.37198976178490034,0.3394244906532241
632,0,0.35333333333333333,0.37,0.3566666666666667,0.4166666666666667,0.31666666666666665,0.3693527400106626,0.39770441793324157,0.4035173424523693
633,0,0.3566666666666667,0.33666666666666667,0.33,0.3566666666666667,0.32,0.29913280145174753,0.26366174632731176,0.3310673011556764
634,0,0.34,0.2966666666666667,0.2833333333333333,0.26666666666666666,0.28,0.3207527402125834,0.3218810405101434,0.3310673011556764
635,1,0.36,0.29333333333333333,0.2833333333333333,0.3,0.24,0.301559720922284,0.31554473931499516,0.3310673011556764
636,0,0.36666666666666664,0.33,0.3433333333333333,0.29,0.28,0.3208591499060056,0.39436791478859073,0.3310673011556764
637,1,0.43,0.39666666666666667,0.4766666666666667,0.38333333333333336,0.36666666666666664,0.397698486969757,0.39129827695701697,0.42297650130548303
638,1,0.38333333333333336,0.44333333333333336,0.41,0.3466666666666667,0.24666666666666667,0.39626147042104776,0.3602339451824002,0.3394244906532241
639,0,0.29,0.35,0.3333333333333333,0.38,0.24333333333333335,0.3092663423951893,0.2623846071275623,0.3310673011556764
640,0,0.41333333333333333,0.35333333333333333,0.45666666666666667,0.4,0.31333333333333335,0.4235795800637998,0.3654113484350004,0.3310673011556764
641,0,0.41,0.3233333333333333,0.38333333333333336,0.38,0.36,0.3854675678222655,0.33107311111668386,0.3310673011556764
642,0,0.2966666666666667,0.30666666666666664,0.32,0.30666666666666664,0.22,0.2859057087021745,0.3325084746641768,0.3394244906532241
643,0,0.35333333333333333,0.4033333333333333,0.38666666666666666,0.3566666666666667,0.28,0.390558857858053,0.3489257249515665,0.3310673011556764
644,0,0.34,0.3566666666666667,0.3333333333333333,0.38,0.2966666666666667,0.3618630539788686,0.37040572502775887,0.3310673011556764
645,0,0.29,0.32666666666666666,0.27,0.30333333333333334,0.33666666666666667,0.3040552535496583,0.32633418745536436,0.3310673011556764
646,0,0.31666666666666665,0.31666666666666665,0.2633333333333333,0.2966666666666667,0.2733333333333333,0.33607391300022593,0.39055750407502243,0.4035173424523693
647,0,0.35,0.4,0.2633333333333333,0.3333333333333333,0.29,0.3657037959400439,0.33917098206002705,0.3310673011556764
648,1,0.2833333333333333,0.34,0.2966666666666667,0.27666666666666667,0.22,0.3104209394343106,0.3817613458744341,0.3394244906532241
649,1,0.35,0.36333333333333334,0.4033333333333333,0.37666666666666665,0.43,0.398971167911049,0.39436791478859073,0.3310673011556764
650,1,0.44,0.3433333333333333,0.37666666666666665,0.37333333333333335,0.4066666666666667,0.40924166408041024,0.33719032241041735,0.3394244906532241
651,1,0.38666666666666666,0.37333333333333335,0.3333333333333333,0.38,0.2833333333333333,0.3785461888170402,0.3893874519259112,0.42297650130548303
652,0,0.4533333333333333,0.35333333333333333,0.47333333333333333,0.3466666666666667,0.42333333333333334,0.44380493354889056,0.4289841842496065,0.4035173424523693
653,0,0.4166666666666667,0.35,0.35333333333333333,0.36,0.42,0.3774512559104108,0.34574206081624126,0.3310673011556764
654,0,0.25666666666666665,0.39,0.3466666666666667,0.44333333333333336,0.21666666666666667,0.28323102934404754,0.34069372550384747,0.3394244906532241
655,0,0.31333333333333335,0.28,0.34,0.32,0.31333333333333335,0.3350676397829068,0.3391158513149393,0.3394244906532241
656,1,0.35333333333333333,0.2866666666666667,0.36,0.27666666666666667,0.37,0.36219420834521904,0.3246433735592876,0.3394244906532241
657,1,0.37,0.43666666666666665,0.36,0.37333333333333335,0.31333333333333335,0.34262558642627505,0.33069962262284625,0.3394244906532241
658,0,0.22,0.2833333333333333,0.20666666666666667,0.34,0.23666666666666666,0.22649200765885885,0.25551686091549997,0.3310673011556764
659,1,0.3933333333333333,0.3433333333333333,0.4,0.3933333333333333,0.36666666666666664,0.3860980210063834,0.3586713777984199,0.3310673011556764
660,1,0.42333333333333334,0.4033333333333333,0.39666666666666667,0.3566666666666667,0.39,0.38413873889784794,0.36346712605473463,0.3394244906532241
661,0,0.38333333333333336,0.4166666666666667,0.48333333333333334,0.41333333333333333,0.35333333333333333,0.4143772065033802,0.4626987528451678,0.4035173424523693
662,0,0.32666666666666666,0.36333333333333334,0.36666666666666664,0.38,0.2866666666666667,0.36762409375073746,0.3684779119869224,0.3394244906532241
663,0,0.3933333333333333,0.32,0.3333333333333333,0.38666666666666666,0.32,0.3955743020349883,0.38215957511677867,0.3310673011556764
664,1,0.4533333333333333,0.36,0.4633333333333333,0.38666666666666666,0.35333333333333333,0.43018422969992204,0.39055750407502243,0.4035173424523693
665,1,0.37,0.38666666666666666,0.3433333333333333,0.39,0.31333333333333335,0.3584690704179043,0.36904470831735703,0.3310673011556764
666,1,0.31,0.31,0.32,0.36333333333333334,0.3,0.3911714437116712,0.30465512376441123,0.3394244906532241
667,1,0.41,0.37,0.3433333333333333,0.37,0.35333333333333333,0.4206891557673192,0.3937872697144377,0.4035173424523693
668,0,0.3,0.2866666666666667,0.25333333333333335,0.2733333333333333,0.24,0.29976607951184153,0.2780533276735186,0.3394244906532241
669,0,0.42333333333333334,0.35,0.4066666666666667,0.38333333333333336,0.35333333333333333,0.4438228199903946,0.35048543907363827,0.3310673011556764
670,0,0.36666666666666664,0.36333333333333334,0.4,0.3566666666666667,0.38,0.3612480551622419,0.33094598681295717,0.3310673011556764
671,1,0.52,0.38333333333333336,0.44,0.36,0.43,0.5017896251125061,0.4828634630595615,0.4035173424523693
672,0,0.33666666666666667,0.37,0.35333333333333333,0.38666666666666666,0.3,0.3790261855165551,0.3536667459210063,0.3394244906532241
673,0,0.24666666666666667,0.34,0.3233333333333333,0.3433333333333333,0.28,0.28969015291282624,0.28333753898110503,0.3394244906532241
674,0,0.30666666666666664,0.35333333333333333,0.29333333333333333,0.3933333333333333,0.28,0.33946346215393347,0.36987860014221624,0.3394244906532241
675,0,0.36333333333333334,0.3933333333333333,0.39,0.39,0.2966666666666667,0.34904320914835646,0.34591128211847844,0.3310673011556764
676,0,0.39,0.3233333333333333,0.4033333333333333,0.30666666666666664,0.25,0.37416732298453914,0.3733552127952184,0.3394244906532241
677,0,0.37333333333333335,0.37,0.39,0.36666666666666664,0.41,0.4238240326056341,0.3718860617182593,0.4035173424523693
678,0,0.29,0.31,0.33666666666666667,0.32,0.21333333333333335,0.3076511488199715,0.3937872697144377,0.4035173424523693
679,0,0.2966666666666667,0.35,0.28,0.36666666666666664,0.28,0.29568847666767434,0.3386643972161324,0.3394244906532241
680,0,0.4066666666666667,0.33666666666666667,0.36333333333333334,0.31666666666666665,0.2966666666666667,0.3290689185140429,0.3906403652171492,0.3310673011556764
681,0,0.43666666666666665,0.3566666666666667,0.43,0.38,0.36666666666666664,0.42354842671085086,0.30465512376441123,0.3394244906532241
682,0,0.4633333333333333,0.38,0.4266666666666667,0.38666666666666666,0.42,0.4628037033159769,0.3635695010158217,0.4035173424523693
683,1,0.37333333333333335,0.38,0.4166666666666667,0.41333333333333333,0.41333333333333333,0.4090345743297719,0.31970949487852796,0.3394244906532241
684,1,0.31,0.35,0.2833333333333333,0.36333333333333334,0.25333333333333335,0.31456714330612323,0.33437408714782485,0.3310673011556764
685,0,0.33666666666666667,0.29,0.33,0.38,0.32,0.3463114033479295,0.27646398144164597,0.3310673011556764
686,1,0.31,0.34,0.37666666666666665,0.38666666666666666,0.24333333333333335,0.33750661540871296,0.38038381326763737,0.3394244906532241
687,1,0.36666666666666664,0.3433333333333333,0.42,0.33666666666666667,0.3933333333333333,0.3719023537868798,0.33616357243687683,0.3310673011556764
688,0,0.41333333333333333,0.32,0.4066666666666667,0.2833333333333333,0.26666666666666666,0.3339622822203071,0.39956497795367457,0.3310673011556764
689,1,0.32,0.39666666666666667,0.3233333333333333,0.33666666666666667,0.2966666666666667,0.36869270704921625,0.3456122141217671,0.3310673011556764
690,1,0.36,0.39,0.43333333333333335,0.3933333333333333,0.38,0.37324443183347705,0.3418776830643402,0.3394244906532241
691,0,0.4266666666666667,0.36,0.49666666666666665,0.37333333333333335,0.38,0.44255603167689467,0.3722801927298484,0.42297650130548303
692,0,0.3433333333333333,0.36333333333333334,0.2866666666666667,0.38333333333333336,0.27666666666666667,0.31665608666923284,0.30121125434039253,0.3394244906532241
693,1,0.3566666666666667,0.3466666666666667,0.37333333333333335,0.3466666666666667,0.34,0.39226920892486794,0.30156644469592475,0.3310673011556764
694,0,0.29,0.33,0.33666666666666667,0.31666666666666665,0.2733333333333333,0.3463312908435216,0.39752525813523615,0.4035173424523693
695,0,0.41,0.27,0.38333333333333336,0.31,0.3566666666666667,0.37257016803840226,0.3772364975873999,0.3310673011556764
696,1,0.37666666666666665,0.36666666666666664,0.36666666666666664,0.36,0.30666666666666664,0.41545816406673747,0.40824165504606363,0.4035173424523693
697,1,0.42333333333333334,0.39666666666666667,0.44666666666666666,0.34,0.3566666666666667,0.4142559645572246,0.3937872697144377,0.4035173424523693
698,0,0.3933333333333333,0.34,0.4166666666666667,0.38,0.39666666666666667,0.43541768264175335,0.3264604046491026,0.3310673011556764
699,1,0.31,0.39666666666666667,0.32666666666666666,0.37,0.25666666666666665,0.3175203305653373,0.32283072635983906,0.3394244906532241
700,0,0.3233333333333333,0.41333333333333333,0.33666666666666667,0.4266666666666667,0.28,0.31325242420274696,0.2937360840710527,0.3394244906532241
701,1,0.44333333333333336,0.3566666666666667,0.45666666666666667,0.4166666666666667,0.38666666666666666,0.4545527096575979,0.41206657487889564,0.42297650130548303
702,1,0.36666666666666664,0.3233333333333333,0.4,0.35333333333333333,0.35333333333333333,0.39865828629764705,0.3091011254443553,0.3394244906532241
703,0,0.3566666666666667,0.36,0.38666666666666666,0.37666666666666665,0.3,0.34749570894111814,0.33731863600563705,0.3394244906532241
704,1,0.4033333333333333,0.3933333333333333,0.43,0.3933333333333333,0.3233333333333333,0.38324828969579283,0.4215287050426131,0.4035173424523693
705,0,0.46,0.36666666666666664,0.4533333333333333,0.34,0.3566666666666667,0.4150137772082249,0.39950890328526756,0.42297650130548303
706,1,0.4766666666666667,0.3933333333333333,0.4066666666666667,0.42333333333333334,0.41,0.4106119938206392,0.4289841842496065,0.4035173424523693
707,1,0.41,0.36,0.39666666666666667,0.38,0.38,0.4091784295829665,0.3654113484350004,0.3310673011556764
708,0,0.2966666666666667,0.28,0.2866666666666667,0.2633333333333333,0.31666666666666665,0.27835031399163546,0.26516043960080826,0.3310673011556764
709,1,0.33,0.38333333333333336,0.33666666666666667,0.4533333333333333,0.3333333333333333,0.390087103120166,0.36891104474648423,0.3310673011556764
710,0,0.48,0.39666666666666667,0.44333333333333336,0.39,0.3933333333333333,0.410352375014625,0.42040803431175944,0.42297650130548303
711,0,0.37666666666666665,0.38,0.4066666666666667,0.35,0.34,0.33108436764181,0.33891369040266583,0.3310673011556764
712,0,0.32,0.38333333333333336,0.32666666666666666,0.37333333333333335,0.2866666666666667,0.32544618204883946,0.3420068599864645,0.3394244906532241
713,0,0.49333333333333335,0.37,0.43,0.4,0.49333333333333335,0.4841818000151005,0.40302264946923094,0.4035173424523693
714,0,0.35333333333333333,0.36666666666666664,0.3233333333333333,0.4066666666666667,0.3333333333333333,0.3981287601062112,0.4326621956260156,0.42297650130548303
715,0,0.31,0.33,0.31333333333333335,0.42,0.2966666666666667,0.3281453914798487,0.32283072635983906,0.3394244906532241
716,1,0.36,0.41,0.4166666666666667,0.3433333333333333,0.37333333333333335,0.3878951883594698,0.37856861922664076,0.3394244906532241
717,1,0.23666666666666666,0.3,0.33666666666666667,0.29,0.25333333333333335,0.2841077625863742,0.302956819772252,0.3394244906532241
718,0,0.37666666666666665,0.32,0.41,0.39,0.2966666666666667,0.3557268619421367,0.3906403652171492,0.3310673011556764
719,0,0.33666666666666667,0.37666666666666665,0.36333333333333334,0.38333333333333336,0.33,0.39386435550577487,0.39055750407502243,0.4035173424523693
720,1,0.44666666666666666,0.38333333333333336,0.43333333333333335,0.38333333333333336,0.37333333333333335,0.46055716465247604,0.4205343320358512,0.4035173424523693
721,0,0.37,0.27666666666666667,0.32666666666666666,0.35333333333333333,0.30666666666666664,0.3770256091734742,0.3718860617182593,0.4035173424523693
722,0,0.49333333333333335,0.33666666666666667,0.4166666666666667,0.41,0.35333333333333333,0.45062074218616466,0.4465948061208703,0.4035173424523693
723,0,0.42,0.37333333333333335,0.39666666666666667,0.3433333333333333,0.38666666666666666,0.4003932608454419,0.38038381326763737,0.3394244906532241
724,0,0.4066666666666667,0.36,0.41,0.36666666666666664,0.31333333333333335,0.43580419575959634,0.39450114681723414,0.42297650130548303
725,0,0.3233333333333333,0.38333333333333336,0.4033333333333333,0.37666666666666665,0.33,0.3415485727457799,0.2867111862217159,0.3310673011556764
726,1,0.2833333333333333,0.38666666666666666,0.3433333333333333,0.39,0.2633333333333333,0.3118834078939921,0.34877377283787636,0.3394244906532241
727,0,0.3933333333333333,0.3933333333333333,0.38666666666666666,0.3433333333333333,0.2833333333333333,0.361119213578635,0.3977878056738941,0.3310673011556764
728,0,0.25333333333333335,0.36333333333333334,0.23666666666666666,0.27,0.23333333333333334,0.2922269488171525,0.30468300409186366,0.3394244906532241
729,1,0.38333333333333336,0.2866666666666667,0.4,0.2733333333333333,0.2833333333333333,0.36877701352668113,0.3995049972307499,0.42297650130548303
730,1,0.3566666666666667,0.29,0.30666666666666664,0.30333333333333334,0.25333333333333335,0.3136931934972003,0.3471781825625442,0.3394244906532241
731,0,0.34,0.35333333333333333,0.36333333333333334,0.38666666666666666,0.2733333333333333,0.3652671468759791,0.35878686414427746,0.3394244906532241
732,0,0.30666666666666664,0.3433333333333333,0.26,0.31333333333333335,0.22,0.2619330571271223,0.2940820225304387,0.3310673011556764
733,0,0.4533333333333333,0.36666666666666664,0.39666666666666667,0.39,0.35333333333333333,0.4325545398933387,0.3617136193415141,0.3394244906532241
734,0,0.43333333333333335,0.37,0.35333333333333333,0.3466666666666667,0.3433333333333333,0.47220785370995233,0.46277851485484395,0.4035173424523693
735,1,0.24,0.29,0.29333333333333333,0.26666666666666666,0.19666666666666666,0.23396117344146902,0.30319187863977953,0.3310673011556764
736,0,0.39666666666666667,0.4,0.4033333333333333,0.3233333333333333,0.35,0.39586262910095504,0.32924295629604594,0.3394244906532241
737,0,0.33666666666666667,0.39666666666666667,0.4066666666666667,0.33666666666666667,0.30333333333333334,0.3172461035170331,0.34877377283787636,0.3394244906532241
738,1,0.38333333333333336,0.41333333333333333,0.4633333333333333,0.37333333333333335,0.27666666666666667,0.3921538624733112,0.3722801927298484,0.42297650130548303
739,0,0.39666666666666667,0.26666666666666666,0.37,0.34,0.28,0.2868768435575452,0.3975802723389642,0.3310673011556764
740,0,0.34,0.38333333333333336,0.4266666666666667,0.3333333333333333,0.39,0.34958263925539057,0.313582749537822,0.3394244906532241
741,1,0.36,0.31,0.29333333333333333,0.30333333333333334,0.29333333333333333,0.3036482492007043,0.3047072351790661,0.3310673011556764
742,1,0.36,0.37666666666666665,0.4266666666666667,0.3233333333333333,0.37,0.35164799370360866,0.32175574802724133,0.3310673011556764
743,0,0.3466666666666667,0.32,0.3333333333333333,0.3433333333333333,0.29333333333333333,0.38243460294909554,0.3617136193415141,0.3394244906532241
744,0,0.38,0.30333333333333334,0.41333333333333333,0.36,0.33,0.358515678546772,0.3486038975211502,0.3394244906532241
745,0,0.45,0.38666666666666666,0.39,0.35333333333333333,0.3333333333333333,0.4649951104527896,0.4329263593291345,0.4035173424523693
746,0,0.37333333333333335,0.31666666666666665,0.39,0.31666666666666665,0.29,0.35695999009387586,0.3837940186378902,0.4035173424523693
747,1,0.43666666666666665,0.42333333333333334,0.4266666666666667,0.30333333333333334,0.39666666666666667,0.40616537665227187,0.4009544022664576,0.4035173424523693
748,0,0.4,0.30333333333333334,0.3466666666666667,0.36333333333333334,0.3566666666666667,0.3973857051593677,0.40103146481735763,0.4035173424523693
749,1,0.4666666666666667,0.32666666666666666,0.44333333333333336,0.4,0.39666666666666667,0.4664288888593059,0.4362257768526978,0.4035173424523693
750,1,0.27666666666666667,0.31333333333333335,0.2733333333333333,0.2833333333333333,0.20666666666666667,0.25433282575316224,0.33719032241041735,0.3394244906532241
751,1,0.3466666666666667,0.25333333333333335,0.2866666666666667,0.3,0.2833333333333333,0.2798924435543117,0.29065698647701815,0.3394244906532241
752,1,0.3433333333333333,0.3433333333333333,0.3433333333333333,0.37666666666666665,0.31,0.31622755902725863,0.3155823051187502,0.3310673011556764
753,0,0.38333333333333336,0.38666666666666666,0.44666666666666666,0.3433333333333333,0.38,0.4453444359377689,0.3733552127952184,0.3394244906532241
754,0,0.37333333333333335,0.36,0.3233333333333333,0.31333333333333335,0.25666666666666665,0.29905398773704966,0.36197059279426513,0.3310673011556764
755,1,0.4066666666666667,0.39,0.43333333333333335,0.4033333333333333,0.36666666666666664,0.3961541042040239,0.40459014019554773,0.3310673011556764
756,0,0.47,0.37333333333333335,0.38666666666666666,0.38666666666666666,0.4633333333333333,0.44651210261745466,0.3519306652995465,0.3394244906532241
757,0,0.39666666666666667,0.3333333333333333,0.46,0.38,0.3333333333333333,0.4305899042087631,0.39956497795367457,0.3310673011556764
758,0,0.46,0.3566666666666667,0.35333333333333333,0.37666666666666665,0.3466666666666667,0.42504191226680893,0.3886441181942809,0.3394244906532241
759,0,0.36333333333333334,0.36,0.35,0.37,0.35333333333333333,0.401804937042952,0.45933204397306565,0.4035173424523693
760,0,0.2633333333333333,0.28,0.26,0.2966666666666667,0.21333333333333335,0.2672572537793906,0.30331317505787253,0.3310673011556764
761,0,0.45666666666666667,0.33666666666666667,0.4066666666666667,0.35333333333333333,0.36,0.4569179138256683,0.3893874519259112,0.42297650130548303
762,0,0.24,0.31333333333333335,0.18666666666666668,0.32,0.23333333333333334,0.23481851270952095,0.25238039465350726,0.3394244906532241
763,0,0.35,0.3466666666666667,0.3466666666666667,0.30666666666666664,0.2833333333333333,0.3153058363238922,0.3571572497269824,0.3310673011556764
764,1,0.35,0.31,0.3566666666666667,0.3233333333333333,0.2733333333333333,0.3100433312601822,0.41130911000690684,0.4035173424523693
765,0,0.2833333333333333,0.36666666666666664,0.37333333333333335,0.36,0.29,0.30118915697327614,0.34069372550384747,0.3394244906532241
766,0,0.36666666666666664,0.29,0.29,0.3466666666666667,0.31,0.3331494444662359,0.30458562500010444,0.3310673011556764
767,1,0.3333333333333333,0.38,0.3,0.36,0.2,0.31461934876071085,0.34217448270626716,0.3394244906532241
768,0,0.41,0.3933333333333333,0.45,0.45,0.28,0.37341593980444143,0.36221915179628694,0.4035173424523693
769,0,0.33,0.34,0.44333333333333336,0.32666666666666666,0.31333333333333335,0.34544352528031913,0.26612052446903234,0.3394244906532241
770,1,0.4033333333333333,0.4166666666666667,0.45,0.36666666666666664,0.36333333333333334,0.35721007788871234,0.3892509658843634,0.3310673011556764
771,0,0.20666666666666667,0.36666666666666664,0.2733333333333333,0.2966666666666667,0.16666666666666666,0.18808252988423999,0.26892147068888717,0.3394244906532241
772,1,0.37666666666666665,0.32,0.29,0.4033333333333333,0.27666666666666667,0.3633412145221697,0.39770441793324157,0.4035173424523693
773,0,0.37333333333333335,0.38333333333333336,0.38,0.38,0.32,0.3877493349191267,0.3718860617182593,0.4035173424523693
774,0,0.3466666666666667,0.30666666666666664,0.33,0.2866666666666667,0.2966666666666667,0.35356639895234165,0.3906403652171492,0.3310673011556764
775,0,0.41,0.43666666666666665,0.4166666666666667,0.4066666666666667,0.39,0.4531348742503788,0.3617136193415141,0.3394244906532241
776,1,0.4,0.3933333333333333,0.4266666666666667,0.36333333333333334,0.31333333333333335,0.3932174367032416,0.4215287050426131,0.4035173424523693
777,0,0.4633333333333333,0.36666666666666664,0.4066666666666667,0.37,0.36666666666666664,0.4056573754414769,0.30751122799297015,0.3394244906532241
778,1,0.38666666666666666,0.31,0.30333333333333334,0.2866666666666667,0.36,0.33680804112096013,0.3702718577937717,0.3310673011556764
779,0,0.32666666666666666,0.32,0.38,0.34,0.22666666666666666,0.2816848499158483,0.3203858301061507,0.3310673011556764
780,1,0.32666666666666666,0.2866666666666667,0.3233333333333333,0.3566666666666667,0.29,0.33362987574885167,0.3733552127952184,0.3394244906532241
781,0,0.25,0.3433333333333333,0.25666666666666665,0.31,0.22666666666666666,0.22406607218622948,0.30738899347517423,0.3394244906532241
782,0,0.37333333333333335,0.35333333333333333,0.34,0.33,0.32,0.40926773013490164,0.39752525813523615,0.4035173424523693
783,1,0.47333333333333333,0.32,0.38333333333333336,0.32666666666666666,0.36666666666666664,0.41116272752707733,0.4062574363217939,0.4035173424523693
784,0,0.36,0.3233333333333333,0.42333333333333334,0.38666666666666666,0.32666666666666666,0.40756790034404256,0.3702718577937717,0.3310673011556764
785,0,0.20666666666666667,0.31333333333333335,0.23666666666666666,0.3,0.27666666666666667,0.2023402694855694,0.19997089668431067,0.25
786,1,0.4,0.3933333333333333,0.4166666666666667,0.4033333333333333,0.36,0.36842736253051017,0.3377347298677331,0.3310673011556764
787,0,0.29,0.27,0.25666666666666665,0.2833333333333333,0.24,0.2644602862048458,0.28233923674119366,0.3310673011556764
788,0,0.44333333333333336,0.41,0.43333333333333335,0.3333333333333333,0.38,0.46284721066164225,0.4329263593291345,0.4035173424523693
789,1,0.31666666666666665,0.3333333333333333,0.31333333333333335,0.37,0.2966666666666667,0.33734246709343285,0.30446404210312067,0.3310673011556764
790,0,0.2633333333333333,0.32666666666666666,0.2966666666666667,0.33666666666666667,0.2733333333333333,0.2479122176601324,0.2927161084457261,0.3310673011556764
791,0,0.37666666666666665,0.36,0.38,0.3333333333333333,0.35,0.3899176541241925,0.3937872697144377,0.4035173424523693
792,1,0.36333333333333334,0.31666666666666665,0.3,0.35333333333333333,0.29,0.33090254501595573,0.34371627763621093,0.3394244906532241
793,0,0.29,0.35333333333333333,0.3466666666666667,0.37333333333333335,0.24333333333333335,0.3030122854801692,0.2761306608898298,0.3394244906532241
794,0,0.35,0.35333333333333333,0.3233333333333333,0.35,0.31,0.354298421174218,0.3499709047204447,0.3394244906532241
795,0,0.24333333333333335,0.30666666666666664,0.2633333333333333,0.30666666666666664,0.24666666666666667,0.26376307268503185,0.30738899347517423,0.3394244906532241
796,1,0.41,0.4166666666666667,0.35,0.43,0.3433333333333333,0.42860182115919493,0.33731863600563705,0.3394244906532241
797,1,0.41,0.3466666666666667,0.28,0.32666666666666666,0.31666666666666665,0.3928184261127911,0.3260895831278764,0.3394244906532241
798,0,0.2866666666666667,0.38,0.2833333333333333,0.3566666666666667,0.18333333333333332,0.25156925626276383,0.2971822024364462,0.3310673011556764
799,0,0.3433333333333333,0.38666666666666666,0.33,0.37666666666666665,0.2866666666666667,0.28338210884988785,0.29065698647701815,0.3394244906532241
800,0,0.30666666666666664,0.3333333333333333,0.29,0.35,0.2966666666666667,0.2817087613772313,0.3452307887492144,0.3394244906532241
801,1,0.4,0.41,0.38333333333333336,0.36,0.30666666666666664,0.4422210269889345,0.4626987528451678,0.4035173424523693
802,1,0.5233333333333333,0.33666666666666667,0.46,0.37333333333333335,0.43666666666666665,0.46921228746178933,0.4519948291629785,0.42297650130548303
803,0,0.31666666666666665,0.37,0.31,0.3433333333333333,0.3466666666666667,0.3562246206772297,0.34046509887140136,0.3394244906532241
804,1,0.3466666666666667,0.4033333333333333,0.3233333333333333,0.33,0.24,0.31944244922450293,0.2867111862217159,0.3310673011556764
805,1,0.34,0.36333333333333334,0.41333333333333333,0.3466666666666667,0.28,0.34803650471425507,0.3702718577937717,0.3310673011556764
806,0,0.22,0.2633333333333333,0.27666666666666667,0.27666666666666667,0.2,0.2352744998647681,0.2954566458815771,0.3394244906532241
807,0,0.4066666666666667,0.36333333333333334,0.42,0.3566666666666667,0.35,0.36880596879444444,0.3420068599864645,0.3394244906532241
808,0,0.39666666666666667,0.35333333333333333,0.31333333333333335,0.36666666666666664,0.25,0.3562362291766955,0.34890417402500834,0.3394244906532241
809,0,0.3333333333333333,0.35333333333333333,0.3566666666666667,0.3333333333333333,0.2866666666666667,0.35794317717798785,0.3154207660147644,0.3310673011556764
810,0,0.22666666666666666,0.31333333333333335,0.30666666666666664,0.26666666666666666,0.27666666666666667,0.2855173933191605,0.30283560391695014,0.3394244906532241
811,1,0.22666666666666666,0.38,0.32666666666666666,0.3566666666666667,0.25333333333333335,0.3317567257372902,0.3683167841908827,0.3394244906532241
812,0,0.38,0.4033333333333333,0.4266666666666667,0.38,0.32,0.3978959827797648,0.40963538523859455,0.3310673011556764
813,0,0.39666666666666667,0.38666666666666666,0.42333333333333334,0.4033333333333333,0.36666666666666664,0.42686757792956836,0.4098995856902094,0.4035173424523693
814,1,0.2833333333333333,0.33666666666666667,0.4033333333333333,0.37666666666666665,0.27,0.3570815333363909,0.3571572497269824,0.3310673011556764
815,0,0.43333333333333335,0.41333333333333333,0.36,0.37666666666666665,0.39,0.4237997197887998,0.3817613458744341,0.3394244906532241
816,1,0.26666666666666666,0.27,0.25333333333333335,0.24666666666666667,0.23666666666666666,0.2578499270913587,0.27055236138843736,0.3394244906532241
817,0,0.35,0.4533333333333333,0.4633333333333333,0.3566666666666667,0.31,0.33322685483331854,0.34069372550384747,0.3394244906532241
818,0,0.24666666666666667,0.2833333333333333,0.2633333333333333,0.37666666666666665,0.20333333333333334,0.2382056927722914,0.2803241798994805,0.3394244906532241
819,1,0.3333333333333333,0.37666666666666665,0.38666666666666666,0.3466666666666667,0.29,0.37887920526982233,0.37546800660318774,0.3310673011556764
820,1,0.48333333333333334,0.33666666666666667,0.46,0.39666666666666667,0.37,0.4232519962913218,0.3705228067759307,0.4035173424523693
821,0,0.29333333333333333,0.35,0.3433333333333333,0.31333333333333335,0.2733333333333333,0.28999152005664236,0.3118569985823074,0.3394244906532241
822,0,0.4066666666666667,0.41333333333333333,0.47,0.3566666666666667,0.3433333333333333,0.41190637538945124,0.4131808613726105,0.4035173424523693
823,1,0.22333333333333333,0.28,0.25666666666666665,0.31666666666666665,0.22666666666666666,0.2437838025967028,0.3342463286840447,0.3310673011556764
824,1,0.4266666666666667,0.39666666666666667,0.30666666666666664,0.35333333333333333,0.31666666666666665,0.419463667613782,0.4256684435221888,0.4035173424523693
825,0,0.31333333333333335,0.31333333333333335,0.24,0.3433333333333333,0.25666666666666665,0.2688549853603582,0.3150566186238159,0.3394244906532241
826,0,0.3566666666666667,0.3,0.2733333333333333,0.24,0.41333333333333333,0.33377561912914466,0.3264604046491026,0.3310673011556764
827,0,0.3333333333333333,0.31333333333333335,0.36,0.24333333333333335,0.23666666666666666,0.3643363763136887,0.3593064523653227,0.3310673011556764
828,0,0.2833333333333333,0.38666666666666666,0.3433333333333333,0.37666666666666665,0.21,0.29221594395390266,0.33891369040266583,0.3310673011556764
829,0,0.4066666666666667,0.38666666666666666,0.37333333333333335,0.31666666666666665,0.36333333333333334,0.42786135064742886,0.35010151287130586,0.3394244906532241
830,1,0.43333333333333335,0.4033333333333333,0.35333333333333333,0.3933333333333333,0.38,0.4053527780446143,0.38038381326763737,0.3394244906532241
831,0,0.39,0.36666666666666664,0.4033333333333333,0.4033333333333333,0.27666666666666667,0.3795460132711398,0.3805191272712418,0.4035173424523693
832,0,0.31,0.32666666666666666,0.37333333333333335,0.35,0.30333333333333334,0.33490533442869524,0.3817613458744341,0.3394244906532241
833,0,0.26,0.31,0.31,0.29333333333333333,0.2633333333333333,0.2855373962403999,0.3118569985823074,0.3394244906532241
834,0,0.31333333333333335,0.33,0.31666666666666665,0.30333333333333334,0.27,0.3548288105088239,0.3684779119869224,0.3394244906532241
835,0,0.4166666666666667,0.3566666666666667,0.42,0.35,0.36,0.467642990047141,0.40459014019554773,0.3310673011556764
836,0,0.33666666666666667,0.29,0.2833333333333333,0.26666666666666666,0.27,0.32451534855724534,0.2998262914610743,0.3394244906532241
837,0,0.44666666666666666,0.41333333333333333,0.46,0.35,0.41,0.47084392634621713,0.46277851485484395,0.4035173424523693
838,1,0.2833333333333333,0.32666666666666666,0.29333333333333333,0.29,0.24666666666666667,0.2551446467250113,0.33069962262284625,0.3394244906532241
839,0,0.36,0.36,0.33,0.37666666666666665,0.36,0.39107613856821744,0.3489257249515665,0.3310673011556764
840,0,0.4066666666666667,0.34,0.41333333333333333,0.29,0.33,0.3472023053093822,0.3438160943580988,0.3394244906532241
841,1,0.26,0.2733333333333333,0.33,0.3466666666666667,0.18666666666666668,0.2167403278093105,0.2595133940812208,0.3310673011556764
842,0,0.3333333333333333,0.37,0.35333333333333333,0.37666666666666665,0.29333333333333333,0.35258262984108163,0.33904232434425674,0.3310673011556764
843,0,0.46,0.3333333333333333,0.4,0.35,0.37333333333333335,0.4483519392156457,0.3718860617182593,0.4035173424523693
844,0,0.2733333333333333,0.3433333333333333,0.26,0.3333333333333333,0.23666666666666666,0.23858259290186828,0.23415197714071148,0.3310673011556764
845,0,0.28,0.34,0.29,0.3,0.23666666666666666,0.2573536785227402,0.3325084746641768,0.3394244906532241
846,0,0.36666666666666664,0.30666666666666664,0.31,0.25666666666666665,0.30666666666666664,0.34175103762748676,0.3260895831278764,0.3394244906532241
847,0,0.33666666666666667,0.36666666666666664,0.44666666666666666,0.39666666666666667,0.32,0.34456427378747373,0.39618223783205125,0.3310673011556764
848,0,0.26666666666666666,0.30333333333333334,0.3,0.26666666666666666,0.23333333333333334,0.3002897669431332,0.28396904858864286,0.3310673011556764
849,0,0.25666666666666665,0.29,0.20666666666666667,0.26666666666666666,0.2,0.2380960841742912,0.24183779767042277,0.3394244906532241
850,1,0.44,0.39666666666666667,0.38666666666666666,0.32666666666666666,0.33666666666666667,0.46267803438816374,0.4400232968952435,0.42297650130548303
851,1,0.39,0.4033333333333333,0.49666666666666665,0.4033333333333333,0.33,0.3939780809935352,0.3837940186378902,0.4035173424523693
852,0,0.37,0.38666666666666666,0.37666666666666665,0.36,0.32,0.3747370839398285,0.39752525813523615,0.4035173424523693
853,0,0.3466666666666667,0.42333333333333334,0.2966666666666667,0.34,0.2966666666666667,0.37933295252862176,0.40671030684926085,0.42297650130548303
854,0,0.4166666666666667,0.37666666666666665,0.38333333333333336,0.33666666666666667,0.31666666666666665,0.3985238833661292,0.3486038975211502,0.3394244906532241
855,1,0.34,0.36,0.31666666666666665,0.39,0.34,0.3357945798336135,0.35680994473108174,0.3394244906532241
856,0,0.3333333333333333,0.3233333333333333,0.33,0.29333333333333333,0.2966666666666667,0.2977038672387062,0.33731863600563705,0.3394244906532241
857,0,0.42,0.42333333333333334,0.44333333333333336,0.31666666666666665,0.38333333333333336,0.3982582004332716,0.4009544022664576,0.4035173424523693
858,0,0.3466666666666667,0.3566666666666667,0.3566666666666667,0.3433333333333333,0.32,0.35109453961147663,0.3047072351790661,0.3310673011556764
859,0,0.4533333333333333,0.35333333333333333,0.46,0.3433333333333333,0.3233333333333333,0.4178408645733471,0.38215957511677867,0.3310673011556764
860,1,0.42333333333333334,0.41333333333333333,0.38666666666666666,0.35,0.39,0.41473400483805134,0.34877377283787636,0.3394244906532241
861,0,0.3566666666666667,0.36666666666666664,0.36333333333333334,0.35,0.36,0.34602512131405677,0.30774826040495856,0.3310673011556764
862,0,0.25333333333333335,0.29,0.29333333333333333,0.30333333333333334,0.24666666666666667,0.23987157425970448,0.2652723132876289,0.3310673011556764
863,1,0.3933333333333333,0.41,0.41,0.4,0.2833333333333333,0.3901860575991972,0.3906403652171492,0.3310673011556764
864,0,0.3566666666666667,0.30333333333333334,0.2833333333333333,0.27666666666666667,0.31333333333333335,0.32183680641434315,0.4093662843744214,0.4035173424523693
865,0,0.31,0.32,0.36,0.30333333333333334,0.17666666666666667,0.3057015439449496,0.32955595267629556,0.3310673011556764
866,1,0.44333333333333336,0.35333333333333333,0.41,0.36,0.45,0.3868446966259365,0.35010151287130586,0.3394244906532241
867,0,0.35,0.3,0.31,0.28,0.2733333333333333,0.3676072947809975,0.3586713777984199,0.3310673011556764
868,0,0.29,0.31666666666666665,0.2966666666666667,0.27666666666666667,0.2633333333333333,0.2732135215121705,0.3108017898872867,0.3310673011556764
869,0,0.3433333333333333,0.27666666666666667,0.29,0.3,0.30333333333333334,0.27930967171911664,0.270998811678265,0.3310673011556764
870,0,0.36,0.3566666666666667,0.31,0.3566666666666667,0.25333333333333335,0.38394705701777454,0.39055750407502243,0.4035173424523693
871,1,0.31333333333333335,0.38,0.3933333333333333,0.38333333333333336,0.3466666666666667,0.3818069492925337,0.3861707848736059,0.42297650130548303
872,1,0.3333333333333333,0.4033333333333333,0.4,0.36333333333333334,0.2866666666666667,0.39307250926864856,0.38215957511677867,0.3310673011556764
873,1,0.31,0.29,0.23666666666666666,0.31666666666666665,0.2633333333333333,0.30020431868703995,0.35065500275185424,0.3310673011556764
874,1,0.36333333333333334,0.3466666666666667,0.41,0.41,0.3566666666666667,0.38662061026102773,0.3892509658843634,0.3310673011556764
875,1,0.36666666666666664,0.39,0.42,0.38,0.3433333333333333,0.4232377852431592,0.3617136193415141,0.3394244906532241
876,0,0.25,0.37666666666666665,0.2966666666666667,0.36333333333333334,0.27,0.29061484312038965,0.30903106320044943,0.3310673011556764
877,0,0.32666666666666666,0.34,0.31666666666666665,0.38333333333333336,0.29333333333333333,0.31409938944004767,0.31945982959788966,0.3394244906532241
878,1,0.44333333333333336,0.3933333333333333,0.4,0.37666666666666665,0.38,0.4324939839357275,0.4009544022664576,0.4035173424523693
879,0,0.3,0.37,0.35,0.36333333333333334,0.2833333333333333,0.34259988992530777,0.3617136193415141,0.3394244906532241
880,0,0.36666666666666664,0.28,0.37666666666666665,0.29333333333333333,0.2966666666666667,0.35668920125426923,0.42557068252977037,0.42297650130548303
881,0,0.25333333333333335,0.4,0.26,0.34,0.20666666666666667,0.24862180634454084,0.30121125434039253,0.3394244906532241
882,0,0.37,0.30666666666666664,0.36666666666666664,0.22,0.28,0.37668103432660993,0.3623510371139274,0.4035173424523693
883,1,0.3433333333333333,0.37666666666666665,0.32,0.31333333333333335,0.2866666666666667,0.3266860582615047,0.35853933635974994,0.3310673011556764
884,1,0.46,0.37333333333333335,0.4666666666666667,0.4,0.44,0.4693278497113387,0.4922217806538348,0.42297650130548303
885,0,0.48333333333333334,0.3433333333333333,0.4166666666666667,0.36,0.44666666666666666,0.48776900399036033,0.44129397781219243,0.4035173424523693
886,0,0.4666666666666667,0.37333333333333335,0.41333333333333333,0.37,0.45666666666666667,0.4803353811658559,0.40302264946923094,0.4035173424523693
887,0,0.3466666666666667,0.36666666666666664,0.3566666666666667,0.38666666666666666,0.32666666666666666,0.41055020763424377,0.37040572502775887,0.3310673011556764
888,0,0.31333333333333335,0.38333333333333336,0.36333333333333334,0.36333333333333334,0.27666666666666667,0.30308366478583876,0.3615810893710185,0.3394244906532241
889,1,0.44333333333333336,0.37666666666666665,0.43333333333333335,0.37666666666666665,0.3233333333333333,0.4919270289189879,0.4732488888152461,0.4035173424523693
890,0,0.38333333333333336,0.35333333333333333,0.41,0.43,0.2966666666666667,0.36651743209742843,0.3805191272712418,0.4035173424523693
891,0,0.3,0.3333333333333333,0.31666666666666665,0.2866666666666667,0.26,0.29638407079004,0.33616357243687683,0.3310673011556764
892,0,0.3433333333333333,0.36333333333333334,0.3333333333333333,0.35,0.22333333333333333,0.3122124752761289,0.38215957511677867,0.3310673011556764
893,0,0.30333333333333334,0.3433333333333333,0.2633333333333333,0.25666666666666665,0.23,0.29500070685330804,0.2954566458815771,0.3394244906532241
894,1,0.33666666666666667,0.31,0.36666666666666664,0.3566666666666667,0.3433333333333333,0.3812937050336167,0.3587468511528954,0.4035173424523693
895,1,0.28,0.35,0.26666666666666666,0.3333333333333333,0.29,0.25531804899342675,0.28659379786706923,0.3310673011556764
896,1,0.3233333333333333,0.3466666666666667,0.39666666666666667,0.37333333333333335,0.29,0.3556290481499569,0.32778427345938876,0.3310673011556764
897,0,0.3466666666666667,0.44333333333333336,0.4166666666666667,0.4,0.2966666666666667,0.39027392229514535,0.4309521814767259,0.4035173424523693
898,0,0.38666666666666666,0.37,0.4266666666666667,0.35,0.3333333333333333,0.38067607990228686,0.37198976178490034,0.3394244906532241
899,1,0.36333333333333334,0.3333333333333333,0.35333333333333333,0.39666666666666667,0.31666666666666665,0.356807392079669,0.33719032241041735,0.3394244906532241
900,0,0.37,0.33,0.30666666666666664,0.30333333333333334,0.31666666666666665,0.3710572296221045,0.3047072351790661,0.3310673011556764
901,0,0.4066666666666667,0.3566666666666667,0.44,0.4166666666666667,0.37666666666666665,0.41442677255264176,0.36197059279426513,0.3310673011556764
902,0,0.35,0.38,0.4266666666666667,0.34,0.30333333333333334,0.3912896283707155,0.3456122141217671,0.3310673011556764
903,0,0.39666666666666667,0.3566666666666667,0.35,0.35333333333333333,0.36333333333333334,0.3475844020147686,0.31092477228701343,0.3310673011556764
904,1,0.38333333333333336,0.3333333333333333,0.38666666666666666,0.36666666666666664,0.37,0.3615498818653677,0.3499709047204447,0.3394244906532241
905,0,0.27666666666666667,0.31333333333333335,0.35333333333333333,0.31666666666666665,0.28,0.3037428230322174,0.36346712605473463,0.3394244906532241
906,1,0.38,0.39,0.4166666666666667,0.36666666666666664,0.3466666666666667,0.36974514024438987,0.3892509658843634,0.3310673011556764
907,0,0.5066666666666667,0.35,0.4033333333333333,0.41333333333333333,0.38333333333333336,0.47793256993791405,0.4828634630595615,0.4035173424523693
908,0,0.3566666666666667,0.4,0.3933333333333333,0.3566666666666667,0.25,0.3629268693737271,0.31995158555790804,0.3310673011556764
909,1,0.37666666666666665,0.42,0.35,0.35333333333333333,0.2733333333333333,0.3551163370142258,0.3047072351790661,0.3310673011556764
910,0,0.30666666666666664,0.39,0.32666666666666666,0.3466666666666667,0.33,0.35162633628716505,0.3075482671416405,0.3394244906532241
911,0,0.3333333333333333,0.38333333333333336,0.39,0.3566666666666667,0.3333333333333333,0.3610888522605338,0.3733552127952184,0.3394244906532241
912,1,0.38666666666666666,0.39,0.47,0.3466666666666667,0.36333333333333334,0.45706600499084127,0.42557068252977037,0.42297650130548303
913,0,0.25333333333333335,0.2966666666666667,0.30666666666666664,0.26666666666666666,0.23666666666666666,0.27500144554312467,0.3486038975211502,0.3394244906532241
914,0,0.45,0.34,0.37666666666666665,0.4033333333333333,0.37666666666666665,0.44774507426108634,0.4065298283883858,0.42297650130548303
915,0,0.29333333333333333,0.31333333333333335,0.27666666666666667,0.31666666666666665,0.22666666666666666,0.23951164192119506,0.28930046104637885,0.3394244906532241
916,1,0.36,0.38666666666666666,0.42,0.35333333333333333,0.38,0.437866649928888,0.3571572497269824,0.3310673011556764
917,0,0.30666666666666664,0.28,0.36,0.33,0.23666666666666666,0.2838485470508264,0.36197059279426513,0.3310673011556764
918,0,0.3566666666666667,0.37,0.37666666666666665,0.4533333333333333,0.29333333333333333,0.3721915052848721,0.34890417402500834,0.3394244906532241
919,0,0.4266666666666667,0.35,0.4266666666666667,0.4066666666666667,0.42333333333333334,0.3535900834924717,0.3456122141217671,0.3310673011556764
920,1,0.4766666666666667,0.36333333333333334,0.41333333333333333,0.3333333333333333,0.31333333333333335,0.44112619402900666,0.4323850508931281,0.4035173424523693
921,0,0.36,0.37333333333333335,0.4066666666666667,0.3333333333333333,0.31,0.3805595082100312,0.3733552127952184,0.3394244906532241
922,0,0.35,0.31,0.29333333333333333,0.3333333333333333,0.24333333333333335,0.3314773370244578,0.34574206081624126,0.3310673011556764
923,0,0.28,0.3566666666666667,0.3,0.38666666666666666,0.22666666666666666,0.3250508880277356,0.3014455445624998,0.3310673011556764
924,0,0.3333333333333333,0.36666666666666664,0.32666666666666666,0.39,0.32,0.3351074549889728,0.2863663187573954,0.3394244906532241
925,0,0.36,0.37666666666666665,0.39,0.33,0.25666666666666665,0.37744290476109565,0.39618223783205125,0.3310673011556764
926,0,0.43333333333333335,0.36666666666666664,0.4166666666666667,0.3333333333333333,0.37333333333333335,0.4151045658241171,0.35048543907363827,0.3310673011556764
927,0,0.29333333333333333,0.32666666666666666,0.2866666666666667,0.32,0.22666666666666666,0.24626758898500414,0.30446404210312067,0.3310673011556764
928,1,0.3333333333333333,0.3433333333333333,0.33666666666666667,0.37,0.30333333333333334,0.3290823771572603,0.28930046104637885,0.3394244906532241
929,1,0.38,0.3933333333333333,0.35,0.38,0.37333333333333335,0.421439142781752,0.4065298283883858,0.42297650130548303
930,0,0.36333333333333334,0.3466666666666667,0.38333333333333336,0.29,0.31333333333333335,0.37416732298453914,0.3733552127952184,0.3394244906532241
931,0,0.47333333333333333,0.38333333333333336,0.4066666666666667,0.38333333333333336,0.35,0.4643426215085064,0.39269028539715845,0.42297650130548303
932,1,0.41333333333333333,0.37,0.43333333333333335,0.38,0.36666666666666664,0.42057366574109756,0.4164403053230826,0.4035173424523693
933,0,0.3233333333333333,0.3433333333333333,0.3933333333333333,0.3466666666666667,0.31333333333333335,0.35300309311198885,0.3091011254443553,0.3394244906532241
934,0,0.3433333333333333,0.37,0.37666666666666665,0.35,0.31666666666666665,0.4356855622968313,0.41325865271686985,0.4035173424523693
935,0,0.3233333333333333,0.33,0.36333333333333334,0.36,0.2866666666666667,0.30192236151495067,0.32283072635983906,0.3394244906532241
936,0,0.25666666666666665,0.30666666666666664,0.21333333333333335,0.31666666666666665,0.16333333333333333,0.28469135533632905,0.33253475590327275,0.3394244906532241
937,0,0.39,0.38,0.36666666666666664,0.3,0.38,0.4083118361837175,0.3937872697144377,0.4035173424523693
938,0,0.33,0.30333333333333334,0.36666666666666664,0.31333333333333335,0.23666666666666666,0.2804622477284421,0.33107311111668386,0.3310673011556764
939,0,0.32,0.41,0.31333333333333335,0.37,0.3433333333333333,0.3784905022835706,0.3308266990859808,0.3394244906532241
940,1,0.39,0.43,0.44333333333333336,0.41333333333333333,0.35,0.35847921253785503,0.4006084608860889,0.3394244906532241
941,1,0.35,0.39,0.29333333333333333,0.4033333333333333,0.27666666666666667,0.3119006393723212,0.3075482671416405,0.3394244906532241
942,0,0.31,0.27666666666666667,0.3233333333333333,0.35,0.2833333333333333,0.3191754962882909,0.30465512376441123,0.3394244906532241
943,1,0.3466666666666667,0.35333333333333333,0.30666666666666664,0.38,0.3,0.39723014239169113,0.3308266990859808,0.3394244906532241
944,0,0.41333333333333333,0.38,0.37333333333333335,0.4,0.33666666666666667,0.3431620531558946,0.2971822024364462,0.3310673011556764
945,0,0.37333333333333335,0.3466666666666667,0.38333333333333336,0.38666666666666666,0.35,0.3403953626471963,0.2595133940812208,0.3310673011556764
946,0,0.27666666666666667,0.32666666666666666,0.39,0.3233333333333333,0.26666666666666666,0.31991819504480423,0.3438160943580988,0.3394244906532241
947,1,0.42,0.36333333333333334,0.37666666666666665,0.32666666666666666,0.31,0.37751505144268765,0.39269028539715845,0.42297650130548303
948,1,0.48333333333333334,0.41333333333333333,0.44666666666666666,0.41333333333333333,0.38,0.45760687058460947,0.4732488888152461,0.4035173424523693
949,0,0.36,0.3466666666666667,0.3933333333333333,0.4266666666666667,0.29,0.3650342449360919,0.36904470831735703,0.3310673011556764
950,1,0.39,0.39,0.32666666666666666,0.31333333333333335,0.27666666666666667,0.3814710583521732,0.37733044883546923,0.4035173424523693
951,0,0.36,0.3333333333333333,0.45,0.36,0.34,0.3681687437656871,0.38215957511677867,0.3310673011556764
952,0,0.3466666666666667,0.4166666666666667,0.38,0.4,0.29,0.36110371237463135,0.3581514525789926,0.3394244906532241
953,0,0.3566666666666667,0.3933333333333333,0.41,0.3333333333333333,0.3,0.3730354311062206,0.4006084608860889,0.3394244906532241
954,0,0.33666666666666667,0.3566666666666667,0.29,0.3433333333333333,0.31333333333333335,0.31959098106703815,0.28930046104637885,0.3394244906532241
955,0,0.49666666666666665,0.39,0.41,0.35333333333333333,0.47,0.4327726853814037,0.31827821737581735,0.3394244906532241
956,0,0.29,0.39666666666666667,0.31333333333333335,0.37,0.22333333333333333,0.33694399714122947,0.37865051713279263,0.3310673011556764
957,0,0.41333333333333333,0.35,0.41333333333333333,0.36,0.3,0.399883614291479,0.39089654975292293,0.4035173424523693
958,1,0.2966666666666667,0.3933333333333333,0.3333333333333333,0.37,0.24,0.3077437703994893,0.3420068599864645,0.3394244906532241
959,0,0.37,0.30666666666666664,0.30333333333333334,0.32,0.2866666666666667,0.3371238988596946,0.33290928607765935,0.3310673011556764
960,0,0.31333333333333335,0.36666666666666664,0.36333333333333334,0.36666666666666664,0.2733333333333333,0.3314421380041211,0.3305725708586891,0.3394244906532241
961,1,0.36,0.4066666666666667,0.43666666666666665,0.43333333333333335,0.3466666666666667,0.4051440301920585,0.3892509658843634,0.3310673011556764
962,0,0.32,0.36666666666666664,0.37333333333333335,0.44333333333333336,0.24,0.2764676728060731,0.32778427345938876,0.3310673011556764
963,1,0.36,0.36,0.32,0.3333333333333333,0.35333333333333333,0.3667380605423353,0.32319524988829623,0.3310673011556764
964,0,0.28,0.30666666666666664,0.24333333333333335,0.26666666666666666,0.19,0.32238247812501614,0.33731863600563705,0.3394244906532241
965,1,0.3433333333333333,0.37,0.37,0.38,0.30666666666666664,0.3390298432717333,0.38884999783882135,0.3394244906532241
966,1,0.33,0.37333333333333335,0.32666666666666666,0.38666666666666666,0.33,0.30766732506398486,0.3076705368603319,0.3394244906532241
967,1,0.3566666666666667,0.38333333333333336,0.3433333333333333,0.36,0.32,0.36946368125728885,0.32633418745536436,0.3310673011556764
968,0,0.35333333333333333,0.38333333333333336,0.41,0.38333333333333336,0.25333333333333335,0.3981402754404031,0.3635695010158217,0.4035173424523693
969,1,0.3566666666666667,0.38666666666666666,0.38333333333333336,0.36333333333333334,0.28,0.3399709408432065,0.34890417402500834,0.3394244906532241
970,1,0.35333333333333333,0.31666666666666665,0.30333333333333334,0.33666666666666667,0.29333333333333333,0.3283981418511417,0.3702718577937717,0.3310673011556764
971,0,0.38,0.37,0.3333333333333333,0.4066666666666667,0.35,0.3951078836157163,0.34877377283787636,0.3394244906532241
972,1,0.2866666666666667,0.36333333333333334,0.2966666666666667,0.37333333333333335,0.22333333333333333,0.2735448392913341,0.23012900777659628,0.3394244906532241
973,1,0.3333333333333333,0.31,0.35,0.32666666666666666,0.3433333333333333,0.33425284591432186,0.2954566458815771,0.3394244906532241
974,0,0.3,0.37333333333333335,0.30666666666666664,0.39666666666666667,0.2866666666666667,0.3154502811322014,0.3118569985823074,0.3394244906532241
975,0,0.4166666666666667,0.38666666666666666,0.3333333333333333,0.39666666666666667,0.3,0.40605861100918716,0.4009544022664576,0.4035173424523693
976,0,0.45,0.4066666666666667,0.4766666666666667,0.43333333333333335,0.36333333333333334,0.4462089675427379,0.4326621956260156,0.42297650130548303
977,0,0.45666666666666667,0.38333333333333336,0.4033333333333333,0.4033333333333333,0.3566666666666667,0.42041439091931554,0.4099837898737458,0.42297650130548303
978,0,0.31333333333333335,0.3466666666666667,0.32666666666666666,0.31666666666666665,0.22333333333333333,0.28509140056915216,0.33731863600563705,0.3394244906532241
979,0,0.3466666666666667,0.3333333333333333,0.3566666666666667,0.41333333333333333,0.31333333333333335,0.341285828690415,0.353365332666653,0.3394244906532241
980,0,0.26666666666666666,0.3333333333333333,0.31333333333333335,0.34,0.2833333333333333,0.33120221853091814,0.40459014019554773,0.3310673011556764
981,0,0.42333333333333334,0.38,0.33666666666666667,0.41,0.36666666666666664,0.36785807793176206,0.4009544022664576,0.4035173424523693
982,1,0.3933333333333333,0.37666666666666665,0.38,0.38666666666666666,0.4166666666666667,0.40784899323125134,0.37733044883546923,0.4035173424523693
983,0,0.30666666666666664,0.31666666666666665,0.26666666666666666,0.2866666666666667,0.26666666666666666,0.2595362413856477,0.28233923674119366,0.3310673011556764
984,0,0.32666666666666666,0.37,0.38333333333333336,0.37666666666666665,0.31666666666666665,0.33386694164117287,0.31827821737581735,0.3394244906532241
985,0,0.35,0.31666666666666665,0.36,0.35,0.29,0.3818047899391451,0.3772364975873999,0.3310673011556764
986,0,0.4033333333333333,0.36666666666666664,0.4066666666666667,0.3433333333333333,0.3333333333333333,0.3934835795684786,0.37217679934378467,0.3310673011556764
987,0,0.35333333333333333,0.4166666666666667,0.38,0.41,0.25333333333333335,0.3145680998471503,0.3603662601007547,0.3394244906532241
988,0,0.3333333333333333,0.37,0.30666666666666664,0.3333333333333333,0.27,0.3634022896141054,0.3308266990859808,0.3394244906532241
989,1,0.3333333333333333,0.43,0.4266666666666667,0.35333333333333333,0.27666666666666667,0.37102490471678334,0.42229148967774865,0.42297650130548303
990,0,0.41333333333333333,0.34,0.45,0.36333333333333334,0.43333333333333335,0.4616638561178351,0.3805191272712418,0.4035173424523693
991,0,0.44666666666666666,0.4033333333333333,0.3433333333333333,0.4,0.34,0.4296038383182319,0.38038381326763737,0.3394244906532241
992,1,0.32666666666666666,0.3333333333333333,0.26666666666666666,0.27,0.27,0.2669510105164832,0.3181536693288017,0.3394244906532241
993,1,0.38,0.37,0.3333333333333333,0.43666666666666665,0.4066666666666667,0.3450784201704369,0.30903106320044943,0.3310673011556764
994,0,0.4533333333333333,0.38333333333333336,0.42,0.36,0.37,0.4372109843047092,0.43081539797375573,0.4035173424523693
995,0,0.30666666666666664,0.30666666666666664,0.3333333333333333,0.2966666666666667,0.29333333333333333,0.28940289252743834,0.2970623123916108,0.3310673011556764
996,1,0.3233333333333333,0.3233333333333333,0.3566666666666667,0.36,0.25666666666666665,0.34209001799153,0.28941850828480103,0.3394244906532241
997,0,0.22,0.30666666666666664,0.32,0.3,0.22333333333333333,0.21790500612610963,0.27945195789277655,0.3310673011556764
998,0,0.43,0.42,0.41333333333333333,0.36,0.27666666666666667,0.44408586220639434,0.4432786264360734,0.4035173424523693
999,0,0.30666666666666664,0.4066666666666667,0.3333333333333333,0.3433333333333333,0.2733333333333333,0.34925878469397337,0.33107311111668386,0.3310673011556764
1000,0,0.5066666666666667,0.44666666666666666,0.4266666666666667,0.4266666666666667,0.45666666666666667,0.43754814030975553,0.41206657487889564,0.42297650130548303
1001,0,0.2966666666666667,0.37,0.30333333333333334,0.36333333333333334,0.22666666666666666,0.2550802754123839,0.2939628600538198,0.3310673011556764
1002,0,0.38666666666666666,0.39,0.35333333333333333,0.3433333333333333,0.43666666666666665,0.4546752399389578,0.4131513690722298,0.4035173424523693
1003,0,0.2833333333333333,0.32666666666666666,0.31666666666666665,0.31666666666666665,0.28,0.30582334882052487,0.3259634399184741,0.3394244906532241
1004,1,0.3566666666666667,0.37333333333333335,0.36666666666666664,0.3466666666666667,0.31,0.40523622538427395,0.37040572502775887,0.3310673011556764
1005,0,0.25333333333333335,0.35333333333333333,0.29333333333333333,0.2833333333333333,0.24,0.23554898071442554,0.28930046104637885,0.3394244906532241
1006,0,0.33,0.29333333333333333,0.31666666666666665,0.3,0.24,0.30483668406757664,0.34371627763621093,0.3394244906532241
1007,1,0.4066666666666667,0.41333333333333333,0.49666666666666665,0.37666666666666665,0.30666666666666664,0.42800829359555853,0.4323850508931281,0.4035173424523693
1008,1,0.38333333333333336,0.33666666666666667,0.4,0.3433333333333333,0.37666666666666665,0.33409694815742924,0.284904799112511,0.3394244906532241
1009,0,0.35,0.36,0.47,0.36666666666666664,0.3,0.4154574279904942,0.3635695010158217,0.4035173424523693
1010,1,0.4066666666666667,0.3566666666666667,0.41333333333333333,0.3566666666666667,0.35333333333333333,0.4152084070239042,0.3264604046491026,0.3310673011556764
1011,0,0.3333333333333333,0.35,0.38,0.33,0.39,0.4178167912777403,0.3654113484350004,0.3310673011556764
1012,0,0.36333333333333334,0.38333333333333336,0.38,0.3466666666666667,0.29333333333333333,0.4427990174982648,0.4732488888152461,0.4035173424523693
1013,1,0.32,0.37333333333333335,0.25,0.41333333333333333,0.25666666666666665,0.3483408961311722,0.3586713777984199,0.3310673011556764
1014,1,0.38333333333333336,0.36333333333333334,0.3433333333333333,0.39666666666666667,0.38333333333333336,0.41191924944777725,0.35251625370054435,0.3310673011556764
1015,0,0.35333333333333333,0.33666666666666667,0.41,0.38,0.29333333333333333,0.38255146415162494,0.37890372792417754,0.4035173424523693
1016,0,0.47,0.34,0.3433333333333333,0.34,0.4166666666666667,0.4352556735276891,0.42226181501730814,0.42297650130548303
1017,0,0.37,0.3466666666666667,0.3333333333333333,0.30666666666666664,0.31333333333333335,0.35837150545390617,0.39752525813523615,0.4035173424523693
1018,0,0.39,0.4066666666666667,0.36,0.30333333333333334,0.30666666666666664,0.3914769829731451,0.3805191272712418,0.4035173424523693
1019,1,0.33666666666666667,0.3333333333333333,0.39,0.37333333333333335,0.30666666666666664,0.35587498645388643,0.3733552127952184,0.3394244906532241
1020,0,0.4633333333333333,0.37,0.4166666666666667,0.33,0.3233333333333333,0.423555297538998,0.40135965489709524,0.42297650130548303
1021,0,0.23666666666666666,0.31333333333333335,0.29333333333333333,0.32,0.25,0.23308047070090507,0.2315991672525529,0.3394244906532241
1022,0,0.3233333333333333,0.3333333333333333,0.36333333333333334,0.33,0.2866666666666667,0.31220564932668043,0.32138772052415193,0.3394244906532241
1023,0,0.31,0.2733333333333333,0.31333333333333335,0.33,0.27,0.32573563887829476,0.39559989459710865,0.3394244906532241
1024,0,0.26,0.36666666666666664,0.32666666666666666,0.3566666666666667,0.22333333333333333,0.30876813476292286,0.33904232434425674,0.3310673011556764
1025,1,0.36333333333333334,0.32,0.38333333333333336,0.3233333333333333,0.26666666666666666,0.33505737555243614,0.3571572497269824,0.3310673011556764
1026,0,0.46,0.38,0.46,0.35,0.3933333333333333,0.43200398481758456,0.39239388517331075,0.4035173424523693
1027,0,0.30333333333333334,0.33666666666666667,0.3933333333333333,0.3333333333333333,0.27666666666666667,0.3429070267350232,0.31851973170632397,0.3310673011556764
1028,1,0.33666666666666667,0.37666666666666665,0.46,0.42333333333333334,0.3933333333333333,0.3872440875385986,0.35203191951975854,0.3394244906532241
1029,0,0.35,0.38666666666666666,0.3933333333333333,0.3933333333333333,0.21666666666666667,0.33379578426535966,0.38215957511677867,0.3310673011556764
1030,0,0.32666666666666666,0.33666666666666667,0.3,0.27,0.27666666666666667,0.34683651772434126,0.33731863600563705,0.3394244906532241
1031,1,0.37,0.42333333333333334,0.44333333333333336,0.3466666666666667,0.32,0.35706403353448984,0.36197059279426513,0.3310673011556764
1032,0,0.32,0.4033333333333333,0.34,0.38,0.2633333333333333,0.32335374941954087,0.33786314502810033,0.3310673011556764
1033,0,0.30666666666666664,0.35333333333333333,0.29333333333333333,0.35,0.23666666666666666,0.3167228548881029,0.33284932876574247,0.3310673011556764
1034,0,0.4166666666666667,0.39666666666666667,0.44333333333333336,0.37333333333333335,0.4066666666666667,0.42041439091931554,0.4099837898737458,0.42297650130548303
1035,0,0.4033333333333333,0.30666666666666664,0.37,0.37333333333333335,0.3466666666666667,0.38095678673311184,0.3772364975873999,0.3310673011556764
1036,0,0.31666666666666665,0.2966666666666667,0.33,0.31666666666666665,0.24,0.29042236835585794,0.32175574802724133,0.3310673011556764
1037,1,0.35333333333333333,0.2733333333333333,0.32666666666666666,0.2966666666666667,0.29333333333333333,0.31180466649572336,0.3246433735592876,0.3394244906532241
1038,1,0.24,0.35333333333333333,0.2633333333333333,0.27,0.19333333333333333,0.24699962901023653,0.26903435023667777,0.3394244906532241
1039,0,0.31333333333333335,0.38333333333333336,0.35,0.36,0.27666666666666667,0.33569419223347147,0.31198020951353983,0.3394244906532241
1040,1,0.31666666666666665,0.36333333333333334,0.31666666666666665,0.3466666666666667,0.38333333333333336,0.3138937317579956,0.25551686091549997,0.3310673011556764
1041,0,0.3,0.47,0.33666666666666667,0.3233333333333333,0.27666666666666667,0.3548687601878328,0.38884999783882135,0.3394244906532241
1042,0,0.35,0.39666666666666667,0.41,0.3333333333333333,0.31333333333333335,0.3136940691827745,0.32778427345938876,0.3310673011556764
1043,1,0.4066666666666667,0.35333333333333333,0.38666666666666666,0.35,0.3,0.41273849454699857,0.38067682528147256,0.42297650130548303
1044,0,0.32666666666666666,0.38333333333333336,0.2733333333333333,0.37333333333333335,0.26666666666666666,0.3627812262494486,0.3768811144167015,0.3394244906532241
1045,1,0.4166666666666667,0.3466666666666667,0.43,0.35333333333333333,0.37333333333333335,0.4442334446799212,0.4131808613726105,0.4035173424523693
1046,0,0.4,0.37666666666666665,0.37333333333333335,0.38333333333333336,0.27666666666666667,0.4230429224024229,0.40103146481735763,0.4035173424523693
1047,0,0.38,0.41333333333333333,0.36,0.35333333333333333,0.3433333333333333,0.3747109332577244,0.27514800220219665,0.3310673011556764
1048,0,0.33666666666666667,0.30666666666666664,0.35333333333333333,0.2966666666666667,0.31333333333333335,0.328436983763251,0.39559989459710865,0.3394244906532241
1049,0,0.45,0.35333333333333333,0.4266666666666667,0.4066666666666667,0.35333333333333333,0.4566096460783144,0.4009544022664576,0.4035173424523693
1050,0,0.3466666666666667,0.2833333333333333,0.37666666666666665,0.2966666666666667,0.2966666666666667,0.30947818027095514,0.3456122141217671,0.3310673011556764
1051,1,0.37333333333333335,0.3466666666666667,0.38666666666666666,0.35333333333333333,0.3566666666666667,0.39155124929513024,0.31827821737581735,0.3394244906532241
1052,0,0.39,0.33,0.3566666666666667,0.28,0.30333333333333334,0.3079141113310644,0.32924295629604594,0.3394244906532241
1053,1,0.46,0.30333333333333334,0.38,0.2866666666666667,0.2866666666666667,0.38405738282140967,0.3837940186378902,0.4035173424523693
1054,0,0.30333333333333334,0.3333333333333333,0.34,0.36666666666666664,0.30666666666666664,0.34760093216285054,0.33719032241041735,0.3394244906532241
1055,1,0.4066666666666667,0.3566666666666667,0.39666666666666667,0.4033333333333333,0.36666666666666664,0.4132794087485063,0.3937872697144377,0.4035173424523693
1056,0,0.31333333333333335,0.2733333333333333,0.3233333333333333,0.35,0.21333333333333335,0.23591400585859754,0.29671017338099376,0.3394244906532241
1057,0,0.36666666666666664,0.3233333333333333,0.3433333333333333,0.36,0.37,0.41593485995888135,0.3537463232759562,0.3310673011556764
1058,0,0.38333333333333336,0.3233333333333333,0.36,0.38333333333333336,0.2833333333333333,0.43220725481918715,0.3937872697144377,0.4035173424523693
1059,1,0.35333333333333333,0.30666666666666664,0.31,0.33,0.31333333333333335,0.35192498019048496,0.3617136193415141,0.3394244906532241
1060,0,0.30333333333333334,0.34,0.33,0.28,0.28,0.29469693253116314,0.3154207660147644,0.3310673011556764
1061,1,0.38666666666666666,0.37666666666666665,0.31333333333333335,0.35,0.26,0.3701724792705514,0.34591128211847844,0.3310673011556764
1062,1,0.25333333333333335,0.37,0.32,0.3566666666666667,0.26666666666666666,0.3158032727816492,0.3356364244803139,0.3394244906532241
1063,0,0.38333333333333336,0.38,0.4,0.39666666666666667,0.37333333333333335,0.43959014295379417,0.4009544022664576,0.4035173424523693
1064,0,0.35,0.38666666666666666,0.44666666666666666,0.3466666666666667,0.32,0.3816068002444595,0.3422573402605738,0.3310673011556764
1065,1,0.3333333333333333,0.37666666666666665,0.37333333333333335,0.3433333333333333,0.3333333333333333,0.3672687590414933,0.3154207660147644,0.3310673011556764
1066,1,0.38666666666666666,0.39666666666666667,0.35333333333333333,0.36666666666666664,0.32666666666666666,0.3497871037733141,0.36680715038320094,0.3310673011556764
1067,1,0.4666666666666667,0.36,0.4033333333333333,0.32666666666666666,0.42333333333333334,0.430437714209992,0.3452307887492144,0.3394244906532241
1068,0,0.4266666666666667,0.39666666666666667,0.41333333333333333,0.36,0.37,0.40826340695507507,0.39239388517331075,0.4035173424523693
1069,0,0.30666666666666664,0.42,0.43333333333333335,0.36,0.23333333333333334,0.3426343440072247,0.3733552127952184,0.3394244906532241
1070,1,0.3466666666666667,0.35,0.3233333333333333,0.31333333333333335,0.24333333333333335,0.3121978626305651,0.33437408714782485,0.3310673011556764
1071,1,0.37666666666666665,0.2833333333333333,0.3466666666666667,0.35,0.24333333333333335,0.35735168144079255,0.3684779119869224,0.3394244906532241
1072,1,0.3933333333333333,0.4,0.4266666666666667,0.38666666666666666,0.3333333333333333,0.4026166743052847,0.4093662843744214,0.4035173424523693
1073,0,0.37,0.37,0.33,0.37333333333333335,0.3333333333333333,0.35614814741855005,0.3817613458744341,0.3394244906532241
1074,0,0.23666666666666666,0.36,0.30333333333333334,0.38,0.24333333333333335,0.2912930922748941,0.31198020951353983,0.3394244906532241
1075,0,0.20666666666666667,0.3233333333333333,0.21,0.27666666666666667,0.2,0.22929208091188963,0.25918935362131273,0.3394244906532241
1076,1,0.2866666666666667,0.37,0.27666666666666667,0.2833333333333333,0.22333333333333333,0.34313860071409086,0.3617136193415141,0.3394244906532241
1077,0,0.30666666666666664,0.3233333333333333,0.3466666666666667,0.34,0.31333333333333335,0.30081491686665696,0.27911240537439663,0.3394244906532241
1078,0,0.41333333333333333,0.3233333333333333,0.4066666666666667,0.3333333333333333,0.36666666666666664,0.3823639252808972,0.32175574802724133,0.3310673011556764
1079,1,0.48,0.3566666666666667,0.39666666666666667,0.37,0.4033333333333333,0.4493032656727867,0.3998506213902228,0.42297650130548303
1080,1,0.32666666666666666,0.39666666666666667,0.33,0.3566666666666667,0.3233333333333333,0.34921633747724773,0.3154207660147644,0.3310673011556764
1081,1,0.4633333333333333,0.41333333333333333,0.37333333333333335,0.34,0.38333333333333336,0.4002715423956142,0.3906403652171492,0.3310673011556764
1082,0,0.2733333333333333,0.36666666666666664,0.25666666666666665,0.28,0.22666666666666666,0.2695476226725597,0.3139998263176014,0.3310673011556764
1083,0,0.41,0.4,0.37666666666666665,0.4066666666666667,0.24666666666666667,0.39337913170971356,0.35878686414427746,0.3394244906532241
1084,1,0.3333333333333333,0.38666666666666666,0.32666666666666666,0.3566666666666667,0.2866666666666667,0.3618870427136193,0.30915365923199495,0.3310673011556764
1085,1,0.4,0.38333333333333336,0.42333333333333334,0.36,0.41333333333333333,0.42963529001641304,0.3722801927298484,0.42297650130548303
1086,1,0.35,0.39666666666666667,0.36333333333333334,0.4166666666666667,0.31333333333333335,0.3790572732541167,0.38215957511677867,0.3310673011556764
1087,0,0.29333333333333333,0.3566666666666667,0.26666666666666666,0.27,0.18333333333333332,0.2593493990916419,0.27197221202201355,0.3394244906532241
1088,0,0.4033333333333333,0.36666666666666664,0.36333333333333334,0.38333333333333336,0.3933333333333333,0.38252518236146393,0.33719032241041735,0.3394244906532241
1089,0,0.3466666666666667,0.36333333333333334,0.39666666666666667,0.4,0.32,0.3729592401862447,0.3200765070401379,0.3310673011556764
1090,0,0.33666666666666667,0.3333333333333333,0.27,0.2866666666666667,0.25666666666666665,0.30090595312880736,0.34710382562722014,0.3310673011556764
1091,1,0.37,0.31,0.31666666666666665,0.30666666666666664,0.25,0.3484444651968115,0.3653306303901743,0.3394244906532241
1092,0,0.32,0.27,0.2833333333333333,0.2866666666666667,0.3,0.29210918141714404,0.2927161084457261,0.3310673011556764
1093,0,0.38666666666666666,0.37,0.37,0.41333333333333333,0.27666666666666667,0.34815394330323685,0.40795487153808785,0.4035173424523693
1094,0,0.33666666666666667,0.39,0.39,0.3933333333333333,0.3233333333333333,0.3091607346995299,0.35878686414427746,0.3394244906532241
1095,0,0.36333333333333334,0.32666666666666666,0.42333333333333334,0.30666666666666664,0.32666666666666666,0.35616483930797016,0.32283072635983906,0.3394244906532241
1096,0,0.2833333333333333,0.2966666666666667,0.36,0.30333333333333334,0.26,0.31135270725905384,0.32924295629604594,0.3394244906532241
1097,1,0.47,0.3333333333333333,0.36333333333333334,0.3,0.4166666666666667,0.39925858680941523,0.3452307887492144,0.3394244906532241
1098,0,0.32,0.39,0.29333333333333333,0.3466666666666667,0.29,0.3518498910466881,0.32283072635983906,0.3394244906532241
1099,1,0.4066666666666667,0.31666666666666665,0.31333333333333335,0.3333333333333333,0.32,0.4207427266458648,0.4164403053230826,0.4035173424523693
1100,0,0.29,0.32,0.25333333333333335,0.3233333333333333,0.24333333333333335,0.3025632247860714,0.3420068599864645,0.3394244906532241
1101,0,0.26,0.35,0.3333333333333333,0.35333333333333333,0.24666666666666667,0.2969795761202307,0.30738899347517423,0.3394244906532241
1102,1,0.39,0.33,0.44666666666666666,0.36,0.3233333333333333,0.3882757415273024,0.4164403053230826,0.4035173424523693
1103,0,0.3433333333333333,0.31666666666666665,0.39666666666666667,0.31666666666666665,0.36333333333333334,0.3278160328222826,0.30738899347517423,0.3394244906532241
1104,0,0.23333333333333334,0.35333333333333333,0.21,0.34,0.16666666666666666,0.23549390923812052,0.27316473372626826,0.3394244906532241
1105,1,0.3,0.32,0.30333333333333334,0.27666666666666667,0.25333333333333335,0.32195458479552264,0.34746028922876415,0.3310673011556764
1106,1,0.43333333333333335,0.41,0.4033333333333333,0.39,0.33666666666666667,0.375786286908725,0.39055750407502243,0.4035173424523693
1107,0,0.30666666666666664,0.36,0.29,0.2833333333333333,0.23666666666666666,0.2937296596926855,0.2692532560654076,0.3310673011556764
1108,1,0.29333333333333333,0.3466666666666667,0.29,0.32,0.2633333333333333,0.3302728091240392,0.30738899347517423,0.3394244906532241
1109,0,0.31666666666666665,0.29,0.26,0.32,0.24333333333333335,0.27411511846036724,0.35010151287130586,0.3394244906532241
1110,0,0.2866666666666667,0.28,0.3466666666666667,0.24666666666666667,0.34,0.3273808617216619,0.3438725019949607,0.3394244906532241
1111,0,0.33,0.34,0.2966666666666667,0.3,0.22,0.31885337122563406,0.3684779119869224,0.3394244906532241
1112,1,0.35333333333333333,0.37666666666666665,0.47333333333333333,0.38666666666666666,0.30666666666666664,0.39964213610281085,0.382413688267415,0.4035173424523693
1113,0,0.30333333333333334,0.33666666666666667,0.31333333333333335,0.33666666666666667,0.29,0.32744334944431897,0.2983197677226766,0.3310673011556764
1114,1,0.4033333333333333,0.32666666666666666,0.4,0.42,0.36,0.3790041873967053,0.37040572502775887,0.3310673011556764
1115,1,0.4633333333333333,0.37333333333333335,0.4033333333333333,0.36666666666666664,0.36666666666666664,0.43598670392043815,0.4131808613726105,0.4035173424523693
1116,0,0.39,0.38333333333333336,0.38,0.38666666666666666,0.27666666666666667,0.4101349414662664,0.4202721257911849,0.42297650130548303
1117,0,0.30333333333333334,0.29,0.30333333333333334,0.29333333333333333,0.24333333333333335,0.3564584689533472,0.3236361742178214,0.3310673011556764
1118,1,0.37666666666666665,0.42333333333333334,0.37666666666666665,0.38,0.30666666666666664,0.3654569261995422,0.3805191272712418,0.4035173424523693
1119,1,0.42333333333333334,0.36333333333333334,0.37666666666666665,0.3933333333333333,0.39666666666666667,0.3913067288045007,0.40795487153808785,0.4035173424523693
1120,1,0.4666666666666667,0.3433333333333333,0.35333333333333333,0.34,0.46,0.4300368317555503,0.39752525813523615,0.4035173424523693
1121,0,0.4033333333333333,0.4,0.4,0.37333333333333335,0.37666666666666665,0.39371867090211277,0.38038381326763737,0.3394244906532241
1122,1,0.2866666666666667,0.4066666666666667,0.2833333333333333,0.4266666666666667,0.19,0.27456107299054344,0.3617136193415141,0.3394244906532241
1123,0,0.49333333333333335,0.4033333333333333,0.44333333333333336,0.37666666666666665,0.35,0.4952372645217044,0.40302264946923094,0.4035173424523693
1124,0,0.30333333333333334,0.33666666666666667,0.35333333333333333,0.31,0.24666666666666667,0.27717451905279994,0.3338754896748258,0.3394244906532241
1125,1,0.42,0.32666666666666666,0.37666666666666665,0.4,0.4,0.4224525992349729,0.3977878056738941,0.3310673011556764
1126,0,0.42,0.36666666666666664,0.38666666666666666,0.39,0.37,0.4098347138707431,0.3774122415601326,0.3310673011556764
1127,0,0.31333333333333335,0.3,0.36333333333333334,0.30333333333333334,0.31666666666666665,0.3371790955582091,0.3937872697144377,0.4035173424523693
1128,1,0.33666666666666667,0.34,0.36,0.3433333333333333,0.31,0.34823546577172043,0.3076259735230415,0.3310673011556764
1129,1,0.37333333333333335,0.4033333333333333,0.43333333333333335,0.39,0.30333333333333334,0.39575083781916326,0.3892509658843634,0.3310673011556764
1130,0,0.23666666666666666,0.31666666666666665,0.28,0.31,0.20666666666666667,0.2506710664122272,0.30774826040495856,0.3310673011556764
1131,0,0.24666666666666667,0.3333333333333333,0.26,0.3233333333333333,0.19333333333333333,0.20345163324261062,0.26892147068888717,0.3394244906532241
1132,0,0.32666666666666666,0.28,0.37333333333333335,0.2966666666666667,0.23666666666666666,0.2845707707779022,0.2777886596124148,0.3394244906532241
1133,0,0.31333333333333335,0.29333333333333333,0.38,0.39,0.2866666666666667,0.3463561664672782,0.3420068599864645,0.3394244906532241
1134,1,0.46,0.35,0.43666666666666665,0.36333333333333334,0.43666666666666665,0.4314451249023537,0.40963538523859455,0.3310673011556764
1135,1,0.35,0.39,0.4,0.29,0.3466666666666667,0.4076963949937303,0.3587468511528954,0.4035173424523693
1136,0,0.34,0.29,0.3333333333333333,0.3,0.23666666666666666,0.29140618251801154,0.38368938211013787,0.3394244906532241
1137,0,0.43333333333333335,0.37,0.38333333333333336,0.39666666666666667,0.37666666666666665,0.40657028036555387,0.3586713777984199,0.3310673011556764
1138,1,0.26666666666666666,0.29,0.2866666666666667,0.36,0.17666666666666667,0.24738230542008094,0.2971822024364462,0.3310673011556764
1139,0,0.3433333333333333,0.30333333333333334,0.33,0.2866666666666667,0.2966666666666667,0.34752418922618356,0.3126477082984162,0.3310673011556764
1140,0,0.32666666666666666,0.37,0.31333333333333335,0.34,0.25666666666666665,0.33924156364033065,0.2937360840710527,0.3394244906532241
1141,0,0.2733333333333333,0.27,0.3,0.30666666666666664,0.21333333333333335,0.2638905835868428,0.2867111862217159,0.3310673011556764
1142,0,0.3433333333333333,0.37,0.35333333333333333,0.38666666666666666,0.3,0.3199141631307768,0.33719032241041735,0.3394244906532241
1143,0,0.23666666666666666,0.27666666666666667,0.2733333333333333,0.2966666666666667,0.22,0.23318186881622452,0.24834967344705167,0.3394244906532241
1144,0,0.25,0.27666666666666667,0.25333333333333335,0.29,0.24,0.286633885245592,0.3278855723764919,0.3394244906532241
1145,1,0.3333333333333333,0.3333333333333333,0.26666666666666666,0.3566666666666667,0.2966666666666667,0.35072703250194226,0.2927161084457261,0.3310673011556764
1146,1,0.48,0.3433333333333333,0.47,0.38666666666666666,0.41333333333333333,0.47793256993791405,0.4828634630595615,0.4035173424523693
1147,0,0.28,0.33,0.31,0.36333333333333334,0.25,0.23201752283760438,0.2927161084457261,0.3310673011556764
1148,0,0.35333333333333333,0.3333333333333333,0.3566666666666667,0.32,0.28,0.3322010940027353,0.30774826040495856,0.3310673011556764
1149,0,0.45,0.3233333333333333,0.46,0.39666666666666667,0.36,0.34376063442751403,0.33107311111668386,0.3310673011556764
1150,1,0.31,0.39666666666666667,0.32666666666666666,0.39,0.25666666666666665,0.3068478804167004,0.3195846493090645,0.3394244906532241
1151,0,0.43666666666666665,0.37333333333333335,0.41333333333333333,0.37,0.36666666666666664,0.4138094469672907,0.3420068599864645,0.3394244906532241
1152,0,0.36666666666666664,0.34,0.33666666666666667,0.33666666666666667,0.32666666666666666,0.31813530454574307,0.33616357243687683,0.3310673011556764
1153,0,0.4666666666666667,0.38,0.3566666666666667,0.3333333333333333,0.42333333333333334,0.42732264292893074,0.4164403053230826,0.4035173424523693
1154,0,0.36,0.39,0.39666666666666667,0.41333333333333333,0.2966666666666667,0.3658193366690931,0.3702718577937717,0.3310673011556764
1155,0,0.3566666666666667,0.38666666666666666,0.36,0.33,0.2866666666666667,0.34033312819428535,0.33731863600563705,0.3394244906532241
1156,1,0.46,0.3433333333333333,0.43333333333333335,0.39,0.39666666666666667,0.4372312809431042,0.4131808613726105,0.4035173424523693
1157,0,0.42,0.43,0.4,0.44333333333333336,0.3333333333333333,0.43129770312972765,0.4202721257911849,0.42297650130548303
1158,0,0.37333333333333335,0.31333333333333335,0.38,0.38666666666666666,0.4,0.41856822266828825,0.3386643972161324,0.3394244906532241
1159,1,0.45,0.37666666666666665,0.44666666666666666,0.3333333333333333,0.36333333333333334,0.36241382202615113,0.3615810893710185,0.3394244906532241
1160,0,0.2733333333333333,0.36333333333333334,0.37333333333333335,0.3933333333333333,0.25,0.34401877813396153,0.3603662601007547,0.3394244906532241
1161,1,0.33666666666666667,0.39666666666666667,0.37333333333333335,0.39,0.31666666666666665,0.39042971861038955,0.3702718577937717,0.3310673011556764
1162,0,0.34,0.41333333333333333,0.37666666666666665,0.4,0.30333333333333334,0.3781094749135952,0.4184392082517913,0.4035173424523693
1163,0,0.3233333333333333,0.3433333333333333,0.4066666666666667,0.2633333333333333,0.23333333333333334,0.31481671443229875,0.3937872697144377,0.4035173424523693
1164,0,0.28,0.30333333333333334,0.24,0.33,0.27,0.2925548027760781,0.34928675926649216,0.3310673011556764
1165,1,0.37333333333333335,0.3566666666666667,0.4766666666666667,0.36666666666666664,0.39666666666666667,0.39103178906506986,0.3998506213902228,0.42297650130548303
1166,1,0.4033333333333333,0.41333333333333333,0.42333333333333334,0.33666666666666667,0.4066666666666667,0.4208948513604685,0.39089654975292293,0.4035173424523693
1167,0,0.28,0.32,0.2966666666666667,0.30333333333333334,0.24,0.3365191357704368,0.33904232434425674,0.3310673011556764
1168,1,0.3933333333333333,0.3466666666666667,0.3933333333333333,0.3433333333333333,0.38,0.37915523593962197,0.2971822024364462,0.3310673011556764
1169,0,0.4866666666666667,0.36666666666666664,0.49666666666666665,0.39666666666666667,0.32,0.5002914366299281,0.4522613870627635,0.4035173424523693
1170,0,0.36666666666666664,0.31,0.33,0.4,0.25,0.37377014687711363,0.4099837898737458,0.42297650130548303
1171,1,0.35,0.4,0.44,0.3933333333333333,0.32666666666666666,0.37631428782079274,0.3975802723389642,0.3310673011556764
1172,0,0.33666666666666667,0.41333333333333333,0.35333333333333333,0.36333333333333334,0.32,0.3777694370019698,0.3617136193415141,0.3394244906532241
1173,0,0.30666666666666664,0.3233333333333333,0.3,0.32,0.20333333333333334,0.2562003728817167,0.3152968189847179,0.3310673011556764
1174,0,0.37,0.35333333333333333,0.3933333333333333,0.34,0.37666666666666665,0.39359751203001897,0.33731863600563705,0.3394244906532241
1175,0,0.43666666666666665,0.3466666666666667,0.27,0.38,0.3433333333333333,0.36251551367444423,0.3617136193415141,0.3394244906532241
1176,0,0.31,0.30333333333333334,0.31666666666666665,0.37,0.2733333333333333,0.3826786417440281,0.3136365678117726,0.3394244906532241
1177,0,0.2633333333333333,0.2966666666666667,0.2633333333333333,0.32,0.22666666666666666,0.27524420855277393,0.2737822317182768,0.3310673011556764
1178,0,0.3433333333333333,0.3,0.31666666666666665,0.30333333333333334,0.26,0.29436906147558334,0.37217679934378467,0.3310673011556764
1179,0,0.3433333333333333,0.35333333333333333,0.3466666666666667,0.3433333333333333,0.30666666666666664,0.37111378262976874,0.3570952630417656,0.3310673011556764
1180,0,0.4,0.32666666666666666,0.3566666666666667,0.4,0.3933333333333333,0.4275080623877486,0.35010151287130586,0.3394244906532241
1181,0,0.31333333333333335,0.29,0.37,0.32666666666666666,0.33666666666666667,0.3087694350527841,0.3260895831278764,0.3394244906532241
1182,1,0.36,0.37666666666666665,0.42,0.37333333333333335,0.29,0.43664455171534067,0.3603662601007547,0.3394244906532241
1183,0,0.41,0.32666666666666666,0.44333333333333336,0.31333333333333335,0.39666666666666667,0.42803345062591996,0.3874977826075948,0.4035173424523693
1184,1,0.28,0.35,0.30666666666666664,0.33666666666666667,0.17333333333333334,0.22477593309491492,0.27316473372626826,0.3394244906532241
1185,0,0.27666666666666667,0.31,0.36,0.29333333333333333,0.27,0.2931931675610079,0.31198020951353983,0.3394244906532241
1186,0,0.45666666666666667,0.37,0.42333333333333334,0.3466666666666667,0.43333333333333335,0.39598125707810355,0.32633418745536436,0.3310673011556764
1187,1,0.37666666666666665,0.36333333333333334,0.36333333333333334,0.36333333333333334,0.26666666666666666,0.3579110071242385,0.35048543907363827,0.3310673011556764
1188,0,0.4066666666666667,0.4166666666666667,0.4,0.32666666666666666,0.3933333333333333,0.4073756210404623,0.37405490480639964,0.3310673011556764
1189,0,0.29,0.2733333333333333,0.26,0.30666666666666664,0.24,0.24809792212843715,0.28789234233279026,0.3394244906532241
1190,0,0.3466666666666667,0.3466666666666667,0.37333333333333335,0.38,0.3466666666666667,0.35184515551633283,0.30774826040495856,0.3310673011556764
1191,0,0.48,0.36666666666666664,0.44333333333333336,0.39,0.3333333333333333,0.4557420866751693,0.4732488888152461,0.4035173424523693
1192,0,0.38,0.35,0.3433333333333333,0.3933333333333333,0.31,0.3942031836481609,0.34046509887140136,0.3394244906532241
1193,1,0.3566666666666667,0.3566666666666667,0.39,0.38,0.2633333333333333,0.325700604986238,0.34915702526566894,0.3310673011556764
1194,1,0.23333333333333334,0.2866666666666667,0.32666666666666666,0.2966666666666667,0.27666666666666667,0.2957250872004242,0.30738899347517423,0.3394244906532241
1195,0,0.3333333333333333,0.38,0.35333333333333333,0.33,0.2733333333333333,0.3790101106978087,0.3308266990859808,0.3394244906532241
1196,1,0.25,0.3233333333333333,0.30333333333333334,0.29,0.23666666666666666,0.277619185509451,0.2882383052884686,0.3310673011556764
1197,0,0.36,0.37333333333333335,0.30333333333333334,0.38333333333333336,0.31333333333333335,0.37794590157423563,0.36865199100695084,0.3394244906532241
1198,0,0.3333333333333333,0.33666666666666667,0.27,0.37333333333333335,0.34,0.33276538066067496,0.27230240115772403,0.3310673011556764
1199,0,0.41,0.31666666666666665,0.3433333333333333,0.31,0.34,0.32082076279093025,0.3154207660147644,0.3310673011556764
1200,0,0.36333333333333334,0.36666666666666664,0.35,0.4,0.33,0.349394883757825,0.38215957511677867,0.3310673011556764
1201,0,0.35,0.31,0.32,0.36,0.2633333333333333,0.2930410730585042,0.23012900777659628,0.3394244906532241
1202,0,0.44333333333333336,0.38,0.41333333333333333,0.3933333333333333,0.4,0.4142236749069953,0.3571572497269824,0.3310673011556764
1203,1,0.43666666666666665,0.35333333333333333,0.4166666666666667,0.33666666666666667,0.4166666666666667,0.40869687905184926,0.3684779119869224,0.3394244906532241
1204,0,0.45,0.30333333333333334,0.35333333333333333,0.2966666666666667,0.3333333333333333,0.37072507900476004,0.4202721257911849,0.42297650130548303
1205,1,0.38,0.37,0.3466666666666667,0.41333333333333333,0.37,0.38104326047774967,0.33904232434425674,0.3310673011556764
1206,1,0.38666666666666666,0.3933333333333333,0.37666666666666665,0.4033333333333333,0.33666666666666667,0.3825843074772488,0.36865199100695084,0.3394244906532241
1207,1,0.38,0.3566666666666667,0.30333333333333334,0.31666666666666665,0.3,0.33198918265198224,0.3259634399184741,0.3394244906532241
1208,0,0.33666666666666667,0.3433333333333333,0.3566666666666667,0.36,0.37,0.35372226974729887,0.3308266990859808,0.3394244906532241
1209,0,0.29333333333333333,0.28,0.29,0.3333333333333333,0.27,0.3217810107582169,0.3422528435033279,0.3310673011556764
1210,1,0.36,0.41,0.3566666666666667,0.3933333333333333,0.2966666666666667,0.33627661453838076,0.37546800660318774,0.3310673011556764
1211,1,0.44666666666666666,0.39,0.4166666666666667,0.3433333333333333,0.4,0.41791384403111814,0.3571572497269824,0.3310673011556764
1212,1,0.43666666666666665,0.3466666666666667,0.38666666666666666,0.3566666666666667,0.39,0.3845138256043137,0.3499709047204447,0.3394244906532241
1213,0,0.39666666666666667,0.41,0.44,0.3333333333333333,0.36333333333333334,0.4142561795536047,0.4309521814767259,0.4035173424523693
1214,0,0.33666666666666667,0.3466666666666667,0.37,0.36333333333333334,0.20666666666666667,0.2685126048386337,0.25269882624943796,0.3310673011556764
1215,0,0.24666666666666667,0.3,0.29,0.2733333333333333,0.25666666666666665,0.27929507857336516,0.3342463286840447,0.3310673011556764
1216,0,0.3233333333333333,0.4066666666666667,0.3466666666666667,0.4,0.32666666666666666,0.39380112540673085,0.3721231289301576,0.3394244906532241
1217,0,0.2866666666666667,0.36333333333333334,0.29,0.32666666666666666,0.21,0.24152365037709989,0.30903106320044943,0.3310673011556764
1218,1,0.4033333333333333,0.3933333333333333,0.48,0.33666666666666667,0.42333333333333334,0.4600000475651836,0.44160046979104794,0.42297650130548303
1219,1,0.36666666666666664,0.37,0.37666666666666665,0.34,0.2833333333333333,0.3139168059504956,0.31221913354699,0.3310673011556764
1220,0,0.37666666666666665,0.35333333333333333,0.39666666666666667,0.37,0.39666666666666667,0.41576278265263833,0.3278565699958886,0.3394244906532241
1221,1,0.2966666666666667,0.33666666666666667,0.3466666666666667,0.37,0.26666666666666666,0.318557337996108,0.28345412351294186,0.3394244906532241
1222,0,0.32,0.30333333333333334,0.25333333333333335,0.30333333333333334,0.30333333333333334,0.32092471912722087,0.33284932876574247,0.3310673011556764
1223,1,0.39,0.36666666666666664,0.4033333333333333,0.37666666666666665,0.30666666666666664,0.3694208275789147,0.3733552127952184,0.3394244906532241
1224,0,0.36666666666666664,0.37666666666666665,0.33,0.33,0.25333333333333335,0.3197683412064788,0.3200765070401379,0.3310673011556764
1225,1,0.44666666666666666,0.32666666666666666,0.38666666666666666,0.3566666666666667,0.38333333333333336,0.4430640116434165,0.4027637727546787,0.42297650130548303
1226,0,0.44333333333333336,0.3566666666666667,0.44666666666666666,0.3233333333333333,0.35333333333333333,0.3760000022806684,0.32633418745536436,0.3310673011556764
1227,1,0.35333333333333333,0.31,0.24333333333333335,0.27666666666666667,0.30666666666666664,0.3829382177626263,0.39752525813523615,0.4035173424523693
1228,0,0.3233333333333333,0.35,0.35,0.41333333333333333,0.2966666666666667,0.31483695141757906,0.3683167841908827,0.3394244906532241
1229,1,0.2966666666666667,0.30333333333333334,0.3433333333333333,0.31666666666666665,0.23333333333333334,0.3338468062589881,0.3837940186378902,0.4035173424523693
1230,1,0.33666666666666667,0.2866666666666667,0.35333333333333333,0.29,0.28,0.33683942125076166,0.32828355192611236,0.3310673011556764
1231,1,0.3566666666666667,0.32666666666666666,0.31333333333333335,0.3233333333333333,0.19333333333333333,0.2924505863691778,0.3856481799399101,0.3310673011556764
1232,0,0.25333333333333335,0.34,0.29333333333333333,0.34,0.20333333333333334,0.257517711671419,0.3308266990859808,0.3394244906532241
1233,1,0.4266666666666667,0.41,0.4033333333333333,0.3933333333333333,0.36333333333333334,0.4500583796129668,0.45933204397306565,0.4035173424523693
1234,0,0.37333333333333335,0.26666666666666666,0.3466666666666667,0.30333333333333334,0.31666666666666665,0.3375935439728721,0.3772364975873999,0.3310673011556764
1235,0,0.4033333333333333,0.36666666666666664,0.35,0.44,0.3466666666666667,0.3784420293651829,0.38038381326763737,0.3394244906532241
1236,0,0.37,0.38666666666666666,0.38333333333333336,0.42,0.36666666666666664,0.3732545698817712,0.36865199100695084,0.3394244906532241
1237,1,0.35333333333333333,0.34,0.3433333333333333,0.21666666666666667,0.3333333333333333,0.3391417135538964,0.33437408714782485,0.3310673011556764
1238,0,0.2966666666666667,0.38,0.31,0.34,0.21,0.3194953835659553,0.3075482671416405,0.3394244906532241
1239,0,0.35,0.35333333333333333,0.3433333333333333,0.33,0.32666666666666666,0.3200305607124546,0.3567700295414111,0.3394244906532241
1240,0,0.24666666666666667,0.30333333333333334,0.23333333333333334,0.2833333333333333,0.21,0.2134291113833897,0.2748116847465586,0.3394244906532241
1241,0,0.33666666666666667,0.37,0.39666666666666667,0.3566666666666667,0.31,0.37622682991630146,0.36052046677190525,0.3310673011556764
1242,0,0.31666666666666665,0.4,0.3566666666666667,0.41,0.32,0.3461417552113273,0.32458418059516014,0.3394244906532241
1243,0,0.41,0.39666666666666667,0.45,0.3433333333333333,0.33,0.3700462174062019,0.36221915179628694,0.4035173424523693
1244,0,0.44333333333333336,0.37666666666666665,0.39666666666666667,0.3433333333333333,0.36666666666666664,0.4031060687355321,0.3519306652995465,0.3394244906532241
1245,0,0.21666666666666667,0.2833333333333333,0.2966666666666667,0.31333333333333335,0.24666666666666667,0.27051936434163265,0.2652723132876289,0.3310673011556764
1246,0,0.29333333333333333,0.35333333333333333,0.3333333333333333,0.3566666666666667,0.27,0.3617971744169672,0.41117405622164244,0.4035173424523693
1247,0,0.30333333333333334,0.3,0.33666666666666667,0.32,0.3333333333333333,0.28646004540983017,0.3154207660147644,0.3310673011556764
1248,0,0.4066666666666667,0.33,0.3933333333333333,0.37333333333333335,0.38,0.4255618750608011,0.3817613458744341,0.3394244906532241
1249,0,0.2966666666666667,0.28,0.38666666666666666,0.2966666666666667,0.25333333333333335,0.3074890849743038,0.32924295629604594,0.3394244906532241
1250,0,0.26,0.35333333333333333,0.2866666666666667,0.27666666666666667,0.21333333333333335,0.24471207335228656,0.31970949487852796,0.3394244906532241
1251,0,0.36333333333333334,0.38666666666666666,0.3333333333333333,0.36333333333333334,0.33666666666666667,0.3854801758075979,0.31827821737581735,0.3394244906532241
1252,0,0.2866666666666667,0.35,0.36,0.33,0.25333333333333335,0.28357029504218517,0.31995158555790804,0.3310673011556764
1253,1,0.32,0.36333333333333334,0.33666666666666667,0.36333333333333334,0.31,0.30395012444067265,0.30458562500010444,0.3310673011556764
1254,0,0.22,0.29333333333333333,0.29,0.3433333333333333,0.22,0.23248620557932836,0.29671017338099376,0.3394244906532241
1255,0,0.25333333333333335,0.3433333333333333,0.2733333333333333,0.2733333333333333,0.21666666666666667,0.29761122616029123,0.3567700295414111,0.3394244906532241
1256,0,0.35333333333333333,0.31333333333333335,0.3433333333333333,0.35333333333333333,0.27666666666666667,0.3301706356580367,0.36013164300299555,0.3394244906532241
1257,0,0.4866666666666667,0.31333333333333335,0.4066666666666667,0.33666666666666667,0.44333333333333336,0.48476696940828706,0.41325865271686985,0.4035173424523693
1258,1,0.5066666666666667,0.37666666666666665,0.51,0.34,0.4866666666666667,0.4322730701235835,0.3603662601007547,0.3394244906532241
1259,1,0.39,0.39,0.41333333333333333,0.38666666666666666,0.31333333333333335,0.4134516619150786,0.4205343320358512,0.4035173424523693
1260,1,0.32666666666666666,0.33,0.27666666666666667,0.36,0.2866666666666667,0.3400691959092139,0.3150566186238159,0.3394244906532241
1261,1,0.36,0.3466666666666667,0.4266666666666667,0.4033333333333333,0.29,0.4181430539120825,0.3635695010158217,0.4035173424523693
1262,1,0.42,0.2966666666666667,0.31333333333333335,0.32,0.3933333333333333,0.40042403204947596,0.39752525813523615,0.4035173424523693
1263,1,0.37,0.3933333333333333,0.3333333333333333,0.39,0.25333333333333335,0.3655603841632174,0.38563496661982566,0.3394244906532241
1264,1,0.4,0.35,0.45,0.38333333333333336,0.37,0.42707540771369906,0.4202721257911849,0.42297650130548303
1265,1,0.45,0.32666666666666666,0.36,0.33,0.34,0.43843770429849854,0.42557068252977037,0.42297650130548303
1266,0,0.37666666666666665,0.3466666666666667,0.2733333333333333,0.3333333333333333,0.3233333333333333,0.3725862020243494,0.35556069775094334,0.3310673011556764
1267,0,0.35,0.38666666666666666,0.36666666666666664,0.38,0.2833333333333333,0.35606787943452983,0.39239388517331075,0.4035173424523693
1268,1,0.2833333333333333,0.3333333333333333,0.32,0.29333333333333333,0.29,0.30670919493411414,0.3471781825625442,0.3394244906532241
1269,1,0.36666666666666664,0.36333333333333334,0.37,0.3933333333333333,0.29,0.37033518419701883,0.42229148967774865,0.42297650130548303
1270,1,0.4166666666666667,0.39,0.4066666666666667,0.35333333333333333,0.36333333333333334,0.4334493840411016,0.3684779119869224,0.3394244906532241
1271,0,0.33,0.2866666666666667,0.25,0.2833333333333333,0.22333333333333333,0.28347958567903153,0.37040572502775887,0.3310673011556764
1272,0,0.25,0.28,0.24,0.2833333333333333,0.21,0.2671312140356361,0.2580361829424307,0.3394244906532241
1273,1,0.42333333333333334,0.38,0.38333333333333336,0.36,0.35333333333333333,0.42654632358643124,0.3617136193415141,0.3394244906532241
1274,0,0.38333333333333336,0.38333333333333336,0.4,0.3466666666666667,0.3333333333333333,0.4330084142067387,0.41117405622164244,0.4035173424523693
1275,0,0.36333333333333334,0.31333333333333335,0.35,0.29333333333333333,0.32666666666666666,0.29594896118746716,0.33904232434425674,0.3310673011556764
1276,0,0.31666666666666665,0.37333333333333335,0.4,0.4066666666666667,0.32,0.3748714217093972,0.33069962262284625,0.3394244906532241
1277,1,0.2733333333333333,0.3333333333333333,0.24333333333333335,0.35,0.21666666666666667,0.2979553700294575,0.31843983862682024,0.3394244906532241
1278,0,0.2966666666666667,0.33,0.3233333333333333,0.30666666666666664,0.28,0.31599395985719764,0.3684779119869224,0.3394244906532241
1279,0,0.29,0.36,0.2733333333333333,0.30333333333333334,0.23666666666666666,0.2559037999609121,0.3195846493090645,0.3394244906532241
1280,0,0.38333333333333336,0.2833333333333333,0.33666666666666667,0.32666666666666666,0.33,0.3450899696859814,0.3567700295414111,0.3394244906532241
1281,0,0.45666666666666667,0.35,0.38,0.3933333333333333,0.35,0.40521799229070415,0.4027637727546787,0.42297650130548303
1282,0,0.3433333333333333,0.3566666666666667,0.3933333333333333,0.41333333333333333,0.27,0.3773776691091023,0.3906403652171492,0.3310673011556764
1283,0,0.4066666666666667,0.37,0.36,0.3933333333333333,0.4,0.36424393174306396,0.3603662601007547,0.3394244906532241
1284,0,0.3,0.37666666666666665,0.37333333333333335,0.36333333333333334,0.25666666666666665,0.334588011083164,0.3886441181942809,0.3394244906532241
1285,1,0.34,0.38,0.38,0.34,0.35,0.38526881419163483,0.3868834559143053,0.3394244906532241
1286,1,0.4266666666666667,0.3566666666666667,0.5,0.4,0.38666666666666666,0.42503426381477094,0.3475606174179705,0.3310673011556764
1287,1,0.37666666666666665,0.31,0.3933333333333333,0.3333333333333333,0.29,0.3752527975079526,0.42349184084719965,0.4035173424523693
1288,0,0.39,0.38666666666666666,0.37666666666666665,0.37333333333333335,0.3933333333333333,0.37906444702964887,0.35048543907363827,0.3310673011556764
1289,0,0.25333333333333335,0.32,0.27666666666666667,0.31666666666666665,0.21333333333333335,0.23875575538673197,0.33069962262284625,0.3394244906532241
1290,0,0.36333333333333334,0.32666666666666666,0.33,0.30666666666666664,0.2866666666666667,0.379607909369914,0.37554494471856864,0.4035173424523693
1291,0,0.4266666666666667,0.38333333333333336,0.4533333333333333,0.38333333333333336,0.3,0.3708120652823992,0.3519306652995465,0.3394244906532241
1292,1,0.3566666666666667,0.3433333333333333,0.37333333333333335,0.37666666666666665,0.35,0.38538776092219723,0.37930080510902503,0.42297650130548303
1293,0,0.32666666666666666,0.32666666666666666,0.3333333333333333,0.3,0.23,0.32909251008866225,0.3673058694426491,0.3310673011556764
1294,0,0.23,0.2733333333333333,0.23666666666666666,0.31666666666666665,0.2,0.2616609412087113,0.33253475590327275,0.3394244906532241
1295,1,0.39666666666666667,0.3466666666666667,0.4033333333333333,0.38666666666666666,0.42,0.408900676770434,0.353365332666653,0.3394244906532241
1296,1,0.36,0.33666666666666667,0.3933333333333333,0.31333333333333335,0.4066666666666667,0.3757329818510393,0.3456122141217671,0.3310673011556764
1297,0,0.30666666666666664,0.27,0.27,0.30666666666666664,0.23333333333333334,0.2570362117045666,0.2780079699611998,0.3310673011556764
1298,0,0.39666666666666667,0.35,0.38666666666666666,0.36,0.38666666666666666,0.40209462728369144,0.38038381326763737,0.3394244906532241
1299,0,0.29,0.38333333333333336,0.33,0.36333333333333334,0.2866666666666667,0.34213763963014043,0.3615810893710185,0.3394244906532241
1300,1,0.37333333333333335,0.38,0.4033333333333333,0.3233333333333333,0.38,0.40351416390985295,0.3615810893710185,0.3394244906532241
1301,1,0.32666666666666666,0.33666666666666667,0.32666666666666666,0.33,0.25333333333333335,0.30767326578126203,0.33290928607765935,0.3310673011556764
1302,0,0.31,0.37666666666666665,0.30666666666666664,0.3466666666666667,0.29,0.2989092042558334,0.35719718418113644,0.3310673011556764
1303,0,0.4766666666666667,0.41,0.45,0.39666666666666667,0.4,0.44740878204129386,0.4732488888152461,0.4035173424523693
1304,1,0.3333333333333333,0.37,0.36333333333333334,0.37666666666666665,0.31,0.38641658135816787,0.39239388517331075,0.4035173424523693
1305,0,0.25666666666666665,0.32666666666666666,0.30666666666666664,0.3233333333333333,0.19,0.23924658570487653,0.3042326558115781,0.3394244906532241
1306,1,0.35,0.30666666666666664,0.32666666666666666,0.36666666666666664,0.34,0.3647463353234873,0.3567700295414111,0.3394244906532241
1307,0,0.32,0.35333333333333333,0.29,0.3333333333333333,0.25666666666666665,0.29607258136338427,0.3537463232759562,0.3310673011556764
1308,1,0.25666666666666665,0.31666666666666665,0.28,0.33,0.19333333333333333,0.29524527162660735,0.31970949487852796,0.3394244906532241
1309,0,0.25333333333333335,0.37,0.22,0.30333333333333334,0.19666666666666666,0.2869321287192122,0.30738899347517423,0.3394244906532241
1310,0,0.38,0.3466666666666667,0.36666666666666664,0.3233333333333333,0.32,0.41393886117506656,0.3615810893710185,0.3394244906532241
1311,0,0.5166666666666667,0.37,0.4266666666666667,0.38666666666666666,0.43,0.4354558114762483,0.38215957511677867,0.3310673011556764
1312,0,0.30666666666666664,0.33,0.31666666666666665,0.34,0.28,0.2746687759973483,0.31995158555790804,0.3310673011556764
1313,0,0.3333333333333333,0.42,0.3333333333333333,0.3433333333333333,0.32,0.3625362577288354,0.3817613458744341,0.3394244906532241
1314,0,0.39666666666666667,0.29,0.29,0.29333333333333333,0.30333333333333334,0.33347578426666324,0.33253475590327275,0.3394244906532241
1315,0,0.43666666666666665,0.39,0.41,0.37666666666666665,0.3333333333333333,0.42341723454425534,0.39055750407502243,0.4035173424523693
1316,0,0.4166666666666667,0.30666666666666664,0.42333333333333334,0.39666666666666667,0.35333333333333333,0.4246745098830281,0.3886441181942809,0.3394244906532241
1317,1,0.37333333333333335,0.42333333333333334,0.35,0.37,0.3333333333333333,0.38716903090794186,0.3805191272712418,0.4035173424523693
1318,0,0.47,0.32,0.35,0.36666666666666664,0.37666666666666665,0.4266952460251054,0.41117405622164244,0.4035173424523693
1319,0,0.3933333333333333,0.35333333333333333,0.41333333333333333,0.36666666666666664,0.39,0.405111602279939,0.3937872697144377,0.4035173424523693
1320,0,0.31333333333333335,0.41,0.31,0.3433333333333333,0.20333333333333334,0.3194258290170967,0.3586713777984199,0.3310673011556764
1321,1,0.2866666666666667,0.27666666666666667,0.33,0.36666666666666664,0.31333333333333335,0.33815753817875394,0.32319524988829623,0.3310673011556764
1322,0,0.31333333333333335,0.4,0.34,0.33,0.31333333333333335,0.34044333665624,0.3154207660147644,0.3310673011556764
1323,1,0.32666666666666666,0.29,0.26,0.3,0.2733333333333333,0.34454336068047514,0.3313652536265562,0.3310673011556764
1324,0,0.35333333333333333,0.3933333333333333,0.33666666666666667,0.37,0.25666666666666665,0.3221336131499076,0.3152968189847179,0.3310673011556764
1325,0,0.42,0.36666666666666664,0.34,0.37666666666666665,0.30333333333333334,0.4215592252658474,0.42349184084719965,0.4035173424523693
1326,0,0.39,0.33666666666666667,0.43666666666666665,0.3233333333333333,0.37,0.39057655648693146,0.32924295629604594,0.3394244906532241
1327,1,0.3566666666666667,0.38333333333333336,0.4266666666666667,0.4066666666666667,0.31333333333333335,0.37684078118883335,0.36865199100695084,0.3394244906532241
1328,1,0.3466666666666667,0.3233333333333333,0.4033333333333333,0.41,0.25666666666666665,0.3377996316910472,0.34864339429036234,0.3394244906532241
1329,0,0.35,0.38,0.4066666666666667,0.41333333333333333,0.2733333333333333,0.3626741061744572,0.31995158555790804,0.3310673011556764
1330,1,0.4633333333333333,0.36333333333333334,0.42,0.35,0.33666666666666667,0.39090881202008804,0.3722801927298484,0.42297650130548303
1331,0,0.41,0.38333333333333336,0.38333333333333336,0.4066666666666667,0.36333333333333334,0.3504205557885404,0.3079076374687987,0.3310673011556764
1332,0,0.35333333333333333,0.3233333333333333,0.3333333333333333,0.36,0.26666666666666666,0.3730710942728225,0.33731863600563705,0.3394244906532241
1333,0,0.38,0.38,0.36,0.36,0.24666666666666667,0.35088071184318825,0.3772364975873999,0.3310673011556764
1334,1,0.2866666666666667,0.3566666666666667,0.2866666666666667,0.32666666666666666,0.2866666666666667,0.3369886999344791,0.3617136193415141,0.3394244906532241
1335,1,0.44,0.3466666666666667,0.39666666666666667,0.33,0.45666666666666667,0.4124616784313987,0.38215957511677867,0.3310673011556764
1336,0,0.37333333333333335,0.3433333333333333,0.35,0.3566666666666667,0.27666666666666667,0.37619122773072583,0.3471781825625442,0.3394244906532241
1337,0,0.3566666666666667,0.31666666666666665,0.3333333333333333,0.32666666666666666,0.33,0.3706505431355524,0.30422842756601315,0.3394244906532241
1338,1,0.42333333333333334,0.4,0.43333333333333335,0.38666666666666666,0.36666666666666664,0.44502619198194704,0.4432786264360734,0.4035173424523693
1339,0,0.4266666666666667,0.35,0.4066666666666667,0.3566666666666667,0.33666666666666667,0.4676430206061693,0.40302264946923094,0.4035173424523693
1340,0,0.3233333333333333,0.36333333333333334,0.29333333333333333,0.37666666666666665,0.25666666666666665,0.3377070062257512,0.3586713777984199,0.3310673011556764
1341,0,0.26,0.33,0.25333333333333335,0.3233333333333333,0.20666666666666667,0.24806454750296475,0.26774064957635074,0.3394244906532241
1342,0,0.30666666666666664,0.39666666666666667,0.34,0.3333333333333333,0.2633333333333333,0.32345766048071484,0.3167209181534102,0.3310673011556764
1343,0,0.3333333333333333,0.33,0.24666666666666667,0.31,0.30666666666666664,0.3123692906538874,0.32319524988829623,0.3310673011556764
1344,0,0.29333333333333333,0.30666666666666664,0.37,0.4033333333333333,0.26,0.2680539536759448,0.30915365923199495,0.3310673011556764
1345,0,0.26,0.32,0.2833333333333333,0.33,0.2733333333333333,0.2689995332052423,0.3615810893710185,0.3394244906532241
1346,0,0.32666666666666666,0.33666666666666667,0.36,0.36333333333333334,0.32,0.3620610102250605,0.3264604046491026,0.3310673011556764
1347,1,0.35333333333333333,0.4,0.36,0.4033333333333333,0.31333333333333335,0.36246187928197837,0.37546800660318774,0.3310673011556764
1348,1,0.20333333333333334,0.3566666666666667,0.26,0.2833333333333333,0.19,0.23607716767247405,0.32270524012864293,0.3394244906532241
1349,0,0.43666666666666665,0.4066666666666667,0.41,0.39666666666666667,0.3933333333333333,0.4138094469672907,0.3420068599864645,0.3394244906532241
1350,0,0.32666666666666666,0.36,0.35333333333333333,0.31666666666666665,0.29,0.349180695354903,0.353365332666653,0.3394244906532241
1351,0,0.3466666666666667,0.33666666666666667,0.33666666666666667,0.36666666666666664,0.24,0.34307492458522015,0.37681246339517793,0.3394244906532241
1352,1,0.27666666666666667,0.33,0.30666666666666664,0.31666666666666665,0.25,0.28696779825500773,0.3154207660147644,0.3310673011556764
1353,0,0.36333333333333334,0.35,0.3566666666666667,0.39666666666666667,0.3,0.41130018314227096,0.3817613458744341,0.3394244906532241
1354,1,0.4066666666666667,0.2966666666666667,0.33666666666666667,0.30666666666666664,0.31333333333333335,0.3790808985447573,0.4732488888152461,0.4035173424523693
1355,1,0.41333333333333333,0.3566666666666667,0.4,0.39666666666666667,0.38333333333333336,0.39374830426596996,0.3586713777984199,0.3310673011556764
1356,0,0.31,0.3333333333333333,0.34,0.35333333333333333,0.30333333333333334,0.3674789549150857,0.36672630219208996,0.3394244906532241
1357,1,0.4033333333333333,0.36666666666666664,0.44333333333333336,0.4266666666666667,0.36,0.45129051252284696,0.382413688267415,0.4035173424523693
1358,1,0.32666666666666666,0.36,0.4533333333333333,0.38,0.28,0.33637173451684593,0.3042326558115781,0.3394244906532241
1359,0,0.4066666666666667,0.39,0.4533333333333333,0.36666666666666664,0.36333333333333334,0.37248182185528106,0.353365332666653,0.3394244906532241
1360,0,0.28,0.37,0.25333333333333335,0.4033333333333333,0.3,0.3376559690958531,0.3087934834876851,0.3394244906532241
1361,0,0.28,0.38333333333333336,0.35,0.36666666666666664,0.30666666666666664,0.4008717811752991,0.3733552127952184,0.3394244906532241
1362,0,0.36333333333333334,0.25333333333333335,0.29,0.2866666666666667,0.4033333333333333,0.31588296389004294,0.3452307887492144,0.3394244906532241
1363,0,0.42333333333333334,0.3566666666666667,0.42333333333333334,0.42333333333333334,0.3566666666666667,0.3911817630060427,0.4009544022664576,0.4035173424523693
1364,0,0.32666666666666666,0.38333333333333336,0.32,0.41333333333333333,0.23333333333333334,0.32285767176780683,0.35732900667996814,0.3310673011556764
1365,0,0.39,0.34,0.38333333333333336,0.36,0.2833333333333333,0.3849197425798579,0.3420068599864645,0.3394244906532241
1366,0,0.36,0.36666666666666664,0.35333333333333333,0.36333333333333334,0.32,0.4236394204322935,0.42349184084719965,0.4035173424523693
1367,1,0.42,0.36,0.42,0.37333333333333335,0.37666666666666665,0.4283714077146879,0.37040572502775887,0.3310673011556764
1368,0,0.28,0.31333333333333335,0.28,0.29333333333333333,0.19666666666666666,0.24596050839371972,0.2970623123916108,0.3310673011556764
1369,0,0.30666666666666664,0.35,0.25666666666666665,0.37,0.2866666666666667,0.3225227395190577,0.2910049140643585,0.3310673011556764
1370,0,0.3433333333333333,0.38666666666666666,0.31333333333333335,0.39,0.26666666666666666,0.3598650766271304,0.36865199100695084,0.3394244906532241
1371,0,0.42333333333333334,0.36333333333333334,0.38666666666666666,0.35333333333333333,0.4066666666666667,0.439014427077389,0.4215287050426131,0.4035173424523693
1372,1,0.4033333333333333,0.32,0.32666666666666666,0.3566666666666667,0.32666666666666666,0.40536281357949955,0.33578722399495436,0.3394244906532241
1373,0,0.30333333333333334,0.28,0.3433333333333333,0.3233333333333333,0.27,0.25327232491965235,0.3342463286840447,0.3310673011556764
1374,1,0.2,0.33,0.25,0.28,0.2,0.22623709054737615,0.26762811409462667,0.3394244906532241
1375,0,0.43333333333333335,0.38333333333333336,0.3933333333333333,0.41,0.42,0.431893234096041,0.3772364975873999,0.3310673011556764
1376,0,0.4066666666666667,0.38,0.45666666666666667,0.3933333333333333,0.32666666666666666,0.42040797786074746,0.4522613870627635,0.4035173424523693
1377,0,0.4033333333333333,0.36666666666666664,0.3333333333333333,0.31666666666666665,0.3466666666666667,0.35715529424413506,0.3154207660147644,0.3310673011556764
1378,0,0.27666666666666667,0.32666666666666666,0.28,0.3233333333333333,0.21,0.2508076360656264,0.26194724884358,0.3394244906532241
1379,1,0.46,0.39666666666666667,0.4666666666666667,0.38666666666666666,0.2866666666666667,0.4825328657211633,0.4432786264360734,0.4035173424523693
1380,1,0.2833333333333333,0.38333333333333336,0.25666666666666665,0.35333333333333333,0.32,0.31996460693779755,0.35010151287130586,0.3394244906532241
1381,1,0.2866666666666667,0.3233333333333333,0.37333333333333335,0.3333333333333333,0.2633333333333333,0.289782968793096,0.3733552127952184,0.3394244906532241
1382,0,0.27,0.36333333333333334,0.2866666666666667,0.37,0.3466666666666667,0.2802811257297545,0.27646398144164597,0.3310673011556764
1383,0,0.41333333333333333,0.37666666666666665,0.36333333333333334,0.38,0.3566666666666667,0.3845870014431733,0.40135965489709524,0.42297650130548303
1384,0,0.32666666666666666,0.3566666666666667,0.30666666666666664,0.30666666666666664,0.2833333333333333,0.3152929728895013,0.35048543907363827,0.3310673011556764
1385,1,0.38333333333333336,0.35,0.4033333333333333,0.3933333333333333,0.33666666666666667,0.3352381162188192,0.38215957511677867,0.3310673011556764
1386,0,0.31666666666666665,0.38333333333333336,0.25333333333333335,0.33,0.28,0.36692316470950925,0.34217448270626716,0.3394244906532241
1387,0,0.2966666666666667,0.3233333333333333,0.2866666666666667,0.39,0.2633333333333333,0.33324360630820393,0.2998262914610743,0.3394244906532241
1388,1,0.38333333333333336,0.3233333333333333,0.34,0.3433333333333333,0.3566666666666667,0.34402008172343707,0.3537463232759562,0.3310673011556764
1389,0,0.29,0.32,0.31333333333333335,0.31,0.2,0.3273034373624552,0.4093662843744214,0.4035173424523693
1390,0,0.23333333333333334,0.32,0.3233333333333333,0.27666666666666667,0.22333333333333333,0.2521576224272035,0.35010151287130586,0.3394244906532241
1391,0,0.28,0.32,0.31333333333333335,0.31666666666666665,0.22,0.2673794160145594,0.33904232434425674,0.3310673011556764
1392,0,0.23333333333333334,0.29333333333333333,0.3466666666666667,0.36333333333333334,0.20333333333333334,0.24824738306215308,0.34574206081624126,0.3310673011556764
1393,1,0.4533333333333333,0.39,0.39,0.4066666666666667,0.37,0.44044645388679127,0.3805191272712418,0.4035173424523693
1394,1,0.4066666666666667,0.31333333333333335,0.3566666666666667,0.2866666666666667,0.30666666666666664,0.35095081858577587,0.32175574802724133,0.3310673011556764
1395,0,0.38,0.3466666666666667,0.39,0.35333333333333333,0.32,0.3628403874225766,0.353365332666653,0.3394244906532241
1396,1,0.23,0.36,0.2866666666666667,0.38333333333333336,0.21,0.27948788006951164,0.27646398144164597,0.3310673011556764
1397,1,0.4533333333333333,0.34,0.38,0.38666666666666666,0.39,0.48534192051834196,0.44016074310273234,0.42297650130548303
1398,1,0.31333333333333335,0.32666666666666666,0.3233333333333333,0.36,0.25666666666666665,0.308687127557215,0.3420068599864645,0.3394244906532241
1399,0,0.22,0.30666666666666664,0.3,0.32,0.22333333333333333,0.23843047671787895,0.32778427345938876,0.3310673011556764
1400,1,0.34,0.37,0.34,0.37,0.25666666666666665,0.35996798598808755,0.3774122415601326,0.3310673011556764
1401,0,0.4066666666666667,0.3466666666666667,0.4,0.39,0.3333333333333333,0.41453313525948104,0.40103146481735763,0.4035173424523693
1402,1,0.4,0.3466666666666667,0.2733333333333333,0.32,0.3333333333333333,0.36897573922702853,0.3637418497716601,0.3394244906532241
1403,1,0.31666666666666665,0.31666666666666665,0.29,0.31333333333333335,0.18333333333333332,0.2415669211227189,0.33069962262284625,0.3394244906532241
1404,0,0.36666666666666664,0.4066666666666667,0.42333333333333334,0.35,0.37666666666666665,0.4562039123600331,0.49337092912259506,0.4035173424523693
1405,1,0.2833333333333333,0.4066666666666667,0.34,0.36666666666666664,0.26666666666666666,0.3424875666644889,0.3733552127952184,0.3394244906532241
1406,1,0.3,0.38666666666666666,0.37333333333333335,0.36333333333333334,0.31666666666666665,0.34058449225438614,0.32924295629604594,0.3394244906532241
1407,0,0.31666666666666665,0.3566666666666667,0.36333333333333334,0.38666666666666666,0.30333333333333334,0.32275133386417865,0.3817613458744341,0.3394244906532241
1408,0,0.39666666666666667,0.42333333333333334,0.39,0.38333333333333336,0.38666666666666666,0.40870112158783084,0.3805191272712418,0.4035173424523693
1409,1,0.38333333333333336,0.33666666666666667,0.43,0.3466666666666667,0.3933333333333333,0.42969263115597695,0.3438725019949607,0.3394244906532241
1410,0,0.29333333333333333,0.36666666666666664,0.34,0.41333333333333333,0.29333333333333333,0.3060995608932161,0.30738899347517423,0.3394244906532241
1411,0,0.3466666666666667,0.37666666666666665,0.47333333333333333,0.44,0.36333333333333334,0.38722536897825044,0.3733552127952184,0.3394244906532241
1412,0,0.3466666666666667,0.3433333333333333,0.39,0.37,0.2966666666666667,0.3684563726870025,0.3567700295414111,0.3394244906532241
1413,1,0.35333333333333333,0.33666666666666667,0.31,0.38666666666666666,0.25,0.3714129877701902,0.41117405622164244,0.4035173424523693
1414,0,0.29333333333333333,0.33,0.26,0.29,0.29,0.2713418745728426,0.3586713777984199,0.3310673011556764
1415,0,0.23,0.33,0.25666666666666665,0.3466666666666667,0.23666666666666666,0.23717399221744462,0.29671017338099376,0.3394244906532241
1416,0,0.4066666666666667,0.38333333333333336,0.4,0.36333333333333334,0.42333333333333334,0.37938913666198926,0.34710382562722014,0.3310673011556764
1417,1,0.32666666666666666,0.33,0.37,0.37,0.2833333333333333,0.32141888611550934,0.3499709047204447,0.3394244906532241
1418,0,0.36666666666666664,0.37333333333333335,0.39,0.39,0.31,0.4152830668949581,0.3772364975873999,0.3310673011556764
1419,0,0.3233333333333333,0.44666666666666666,0.3566666666666667,0.31,0.33666666666666667,0.3178133157462072,0.3010904352182543,0.3394244906532241
1420,0,0.3566666666666667,0.28,0.3566666666666667,0.26,0.36666666666666664,0.35958173423950873,0.3438725019949607,0.3394244906532241
1421,1,0.30333333333333334,0.3566666666666667,0.33,0.36333333333333334,0.2866666666666667,0.3571573862206198,0.3640306576891648,0.3310673011556764
1422,0,0.30333333333333334,0.33,0.33,0.3333333333333333,0.29333333333333333,0.33495532026267555,0.3456122141217671,0.3310673011556764
1423,1,0.4866666666666667,0.3333333333333333,0.4,0.4066666666666667,0.37,0.4206152895731276,0.35048543907363827,0.3310673011556764
1424,0,0.45666666666666667,0.3333333333333333,0.43333333333333335,0.38666666666666666,0.4033333333333333,0.3755120179975724,0.3892509658843634,0.3310673011556764
1425,1,0.41333333333333333,0.41,0.39666666666666667,0.36,0.2966666666666667,0.39165444176172337,0.3709163461764997,0.42297650130548303
1426,1,0.3566666666666667,0.3233333333333333,0.31333333333333335,0.36666666666666664,0.3,0.299024501626392,0.2850217720500723,0.3394244906532241
1427,0,0.38,0.35333333333333333,0.46,0.4066666666666667,0.37333333333333335,0.3918925920005069,0.4505485572089829,0.42297650130548303
1428,1,0.37,0.36666666666666664,0.39666666666666667,0.32,0.38666666666666666,0.3772341697335182,0.3571572497269824,0.3310673011556764
1429,0,0.26666666666666666,0.31,0.3333333333333333,0.2966666666666667,0.28,0.29391412832570574,0.3486038975211502,0.3394244906532241
1430,0,0.4,0.32666666666666666,0.35333333333333333,0.3433333333333333,0.42,0.3997260034397976,0.3684779119869224,0.3394244906532241
1431,0,0.27,0.34,0.2833333333333333,0.31333333333333335,0.22,0.2695323285991697,0.29065698647701815,0.3394244906532241
1432,1,0.3333333333333333,0.36666666666666664,0.4266666666666667,0.38333333333333336,0.31666666666666665,0.3997057539001323,0.4009544022664576,0.4035173424523693
1433,1,0.3233333333333333,0.39666666666666667,0.31666666666666665,0.39,0.31,0.37522389802962264,0.35010151287130586,0.3394244906532241
1434,0,0.39666666666666667,0.3933333333333333,0.4166666666666667,0.39666666666666667,0.32,0.3988557662202698,0.40963538523859455,0.3310673011556764
1435,0,0.31333333333333335,0.36333333333333334,0.4166666666666667,0.3566666666666667,0.27666666666666667,0.3317572670110932,0.3308266990859808,0.3394244906532241
1436,0,0.31666666666666665,0.44666666666666666,0.24666666666666667,0.44,0.2633333333333333,0.2998054311733857,0.2999833437408813,0.3394244906532241
1437,1,0.25333333333333335,0.31666666666666665,0.29,0.33,0.26,0.27566001836936055,0.2867111862217159,0.3310673011556764
1438,0,0.36,0.39,0.37,0.34,0.26666666666666666,0.2758692998164996,0.2763491631385644,0.3310673011556764
1439,0,0.27,0.3433333333333333,0.2733333333333333,0.29,0.22,0.2292472702089621,0.2965903934027517,0.3394244906532241
1440,0,0.36,0.27,0.30666666666666664,0.35,0.35333333333333333,0.399243660310083,0.31970949487852796,0.3394244906532241
1441,1,0.30666666666666664,0.4,0.34,0.36333333333333334,0.28,0.3024514111866217,0.33094598681295717,0.3310673011556764
1442,0,0.36666666666666664,0.4033333333333333,0.33666666666666667,0.30666666666666664,0.3333333333333333,0.3477575235643249,0.31827821737581735,0.3394244906532241
1443,1,0.45,0.39666666666666667,0.39666666666666667,0.4,0.3933333333333333,0.46331091277798203,0.3837940186378902,0.4035173424523693
1444,0,0.39,0.33666666666666667,0.36,0.3566666666666667,0.33,0.37144600898124874,0.4326621956260156,0.42297650130548303
1445,0,0.37666666666666665,0.3233333333333333,0.37333333333333335,0.35,0.31333333333333335,0.37498073948028027,0.3989666069568577,0.3394244906532241
1446,1,0.25333333333333335,0.29333333333333333,0.30333333333333334,0.32,0.27,0.27716486155283987,0.29403095980750454,0.3394244906532241
1447,0,0.36666666666666664,0.37333333333333335,0.38333333333333336,0.3566666666666667,0.36333333333333334,0.3854539822602923,0.36865199100695084,0.3394244906532241
1448,0,0.24,0.39,0.27666666666666667,0.35333333333333333,0.22666666666666666,0.26223240948492255,0.2766136308614727,0.3310673011556764
1449,0,0.4666666666666667,0.3333333333333333,0.43,0.38666666666666666,0.3933333333333333,0.4443657960405789,0.4164403053230826,0.4035173424523693
1450,1,0.2733333333333333,0.2733333333333333,0.27,0.31,0.22666666666666666,0.3087165522278775,0.2736146797610696,0.3394244906532241
1451,0,0.3466666666666667,0.31333333333333335,0.2733333333333333,0.3,0.32666666666666666,0.2597431056336326,0.22052849766774146,0.3310673011556764
1452,0,0.38,0.35,0.34,0.4066666666666667,0.25333333333333335,0.3605481855418685,0.36865199100695084,0.3394244906532241
1453,0,0.35,0.3433333333333333,0.2866666666666667,0.3466666666666667,0.23,0.36460968678518035,0.3499709047204447,0.3394244906532241
1454,0,0.37,0.3333333333333333,0.36,0.36333333333333334,0.3,0.3995810057554889,0.4184527799988302,0.42297650130548303
1455,0,0.30666666666666664,0.3466666666666667,0.33666666666666667,0.38333333333333336,0.31666666666666665,0.3705445797069642,0.3295349925776091,0.3394244906532241
1456,1,0.3233333333333333,0.38666666666666666,0.3433333333333333,0.36333333333333334,0.35333333333333333,0.3520460525832108,0.35694170367656813,0.3394244906532241
1457,1,0.35333333333333333,0.3233333333333333,0.2633333333333333,0.32,0.29,0.3329699432592958,0.31228530194472925,0.3394244906532241
1458,0,0.39666666666666667,0.37333333333333335,0.42,0.37333333333333335,0.3933333333333333,0.40540657444032907,0.38215957511677867,0.3310673011556764
1459,0,0.42333333333333334,0.4066666666666667,0.35,0.33666666666666667,0.3466666666666667,0.43694039340463564,0.38215957511677867,0.3310673011556764
1460,0,0.38333333333333336,0.38,0.3566666666666667,0.41,0.2866666666666667,0.39288471919845963,0.4093662843744214,0.4035173424523693
1461,1,0.37666666666666665,0.27666666666666667,0.32666666666666666,0.31333333333333335,0.31666666666666665,0.3058022868994115,0.3438725019949607,0.3394244906532241
1462,0,0.41333333333333333,0.32,0.4166666666666667,0.33666666666666667,0.36,0.46954710552621337,0.4164403053230826,0.4035173424523693
1463,0,0.39,0.43333333333333335,0.43,0.36333333333333334,0.31666666666666665,0.35310822946006715,0.38215957511677867,0.3310673011556764
1464,1,0.34,0.4,0.33666666666666667,0.35333333333333333,0.24666666666666667,0.34513583771008627,0.4009544022664576,0.4035173424523693
1465,0,0.38,0.3233333333333333,0.35,0.3,0.27,0.291391233208407,0.32924295629604594,0.3394244906532241
1466,0,0.4166666666666667,0.39666666666666667,0.44333333333333336,0.38,0.39,0.4031381503329877,0.4027637727546787,0.42297650130548303
1467,1,0.25666666666666665,0.38,0.3433333333333333,0.33666666666666667,0.24666666666666667,0.30926866974170647,0.3567428566395935,0.3394244906532241
1468,0,0.3,0.42333333333333334,0.3333333333333333,0.36,0.25666666666666665,0.3142955009960953,0.3198266898970717,0.3310673011556764
1469,0,0.31,0.37333333333333335,0.42,0.3566666666666667,0.2833333333333333,0.34232809093428307,0.3937872697144377,0.4035173424523693
1470,0,0.31666666666666665,0.3566666666666667,0.30333333333333334,0.35333333333333333,0.2733333333333333,0.32595580898826976,0.36987860014221624,0.3394244906532241
1471,0,0.22,0.2866666666666667,0.24666666666666667,0.2866666666666667,0.19333333333333333,0.23501984359086953,0.30738899347517423,0.3394244906532241
1472,1,0.31333333333333335,0.25666666666666665,0.27,0.30666666666666664,0.30333333333333334,0.2864603435295493,0.25551686091549997,0.3310673011556764
1473,0,0.30333333333333334,0.32,0.31333333333333335,0.38333333333333336,0.2866666666666667,0.3252900433883358,0.32791077850808287,0.3310673011556764
1474,0,0.36333333333333334,0.37,0.35,0.3433333333333333,0.30666666666666664,0.38920583359614835,0.33904232434425674,0.3310673011556764
1475,1,0.2966666666666667,0.39666666666666667,0.36666666666666664,0.33,0.3,0.37369594856885124,0.3937872697144377,0.4035173424523693
1476,0,0.35333333333333333,0.38,0.36333333333333334,0.4066666666666667,0.2633333333333333,0.3765199295190705,0.3805191272712418,0.4035173424523693
1477,0,0.31666666666666665,0.30333333333333334,0.39,0.32666666666666666,0.32666666666666666,0.2885980725893341,0.31995158555790804,0.3310673011556764
1478,0,0.2633333333333333,0.32666666666666666,0.25,0.32666666666666666,0.23,0.25990735745644505,0.26936622356696505,0.3310673011556764
1479,1,0.4533333333333333,0.36666666666666664,0.37333333333333335,0.36666666666666664,0.3566666666666667,0.4220375357342993,0.4098995856902094,0.4035173424523693
1480,0,0.2733333333333333,0.3333333333333333,0.31,0.32,0.26666666666666666,0.32104964087467674,0.33901669416188446,0.3394244906532241
1481,0,0.39,0.31333333333333335,0.4166666666666667,0.38,0.38666666666666666,0.4128315682195679,0.4093662843744214,0.4035173424523693
1482,0,0.43,0.30666666666666664,0.36333333333333334,0.30666666666666664,0.30333333333333334,0.39138487183259635,0.3456122141217671,0.3310673011556764
1483,1,0.24666666666666667,0.3433333333333333,0.30666666666666664,0.32666666666666666,0.21666666666666667,0.23529422598428906,0.2867111862217159,0.3310673011556764
1484,1,0.38666666666666666,0.3466666666666667,0.3466666666666667,0.3566666666666667,0.26,0.4357964844908901,0.4465948061208703,0.4035173424523693
1485,1,0.3433333333333333,0.29,0.3333333333333333,0.33,0.28,0.32930536825609763,0.3154207660147644,0.3310673011556764
1486,1,0.34,0.37666666666666665,0.36,0.38666666666666666,0.2833333333333333,0.3851442615594475,0.37040572502775887,0.3310673011556764
1487,1,0.36666666666666664,0.3433333333333333,0.35333333333333333,0.38,0.26666666666666666,0.2983036040986765,0.26936622356696505,0.3310673011556764
1488,1,0.37333333333333335,0.3233333333333333,0.39666666666666667,0.3566666666666667,0.28,0.3993103463151246,0.3615810893710185,0.3394244906532241
1489,0,0.20333333333333334,0.2833333333333333,0.24333333333333335,0.2733333333333333,0.21,0.21963523629994003,0.24877198106445664,0.3310673011556764
1490,0,0.43,0.36666666666666664,0.4266666666666667,0.39,0.38666666666666666,0.425908942539606,0.36865199100695084,0.3394244906532241
1491,0,0.34,0.38333333333333336,0.4533333333333333,0.35,0.3333333333333333,0.4075230832593236,0.3722801927298484,0.42297650130548303
1492,1,0.3433333333333333,0.35,0.2966666666666667,0.38333333333333336,0.3466666666666667,0.3398585809824294,0.28659379786706923,0.3310673011556764
1493,0,0.37666666666666665,0.37,0.47,0.35,0.31333333333333335,0.3742294291112884,0.33719032241041735,0.3394244906532241
1494,0,0.22333333333333333,0.33666666666666667,0.28,0.3566666666666667,0.20333333333333334,0.21937171374909514,0.27327872859872565,0.3394244906532241
1495,1,0.33666666666666667,0.34,0.32666666666666666,0.36333333333333334,0.2733333333333333,0.3493604528617596,0.35680994473108174,0.3394244906532241
1496,1,0.42333333333333334,0.36666666666666664,0.37333333333333335,0.3466666666666667,0.39,0.43353522923978777,0.30738899347517423,0.3394244906532241
1497,1,0.29,0.37333333333333335,0.4066666666666667,0.36333333333333334,0.23666666666666666,0.2956052248187023,0.3602339451824002,0.3394244906532241
1498,1,0.3566666666666667,0.38,0.43666666666666665,0.37333333333333335,0.3333333333333333,0.3700462174062019,0.36221915179628694,0.4035173424523693
1499,1,0.3433333333333333,0.3466666666666667,0.37666666666666665,0.38666666666666666,0.29333333333333333,0.3237849063288313,0.2971822024364462,0.3310673011556764
1500,0,0.38333333333333336,0.35,0.43,0.38666666666666666,0.36333333333333334,0.4224020262195196,0.4626987528451678,0.4035173424523693
1501,1,0.38,0.37,0.4033333333333333,0.3933333333333333,0.35,0.3775106176124589,0.3906403652171492,0.3310673011556764
1502,1,0.29333333333333333,0.36666666666666664,0.38333333333333336,0.33666666666666667,0.29333333333333333,0.33542318121667325,0.32306968956448034,0.3310673011556764
1503,1,0.35333333333333333,0.3566666666666667,0.39,0.2966666666666667,0.2966666666666667,0.3681144184926663,0.4027637727546787,0.42297650130548303
1504,0,0.2866666666666667,0.31666666666666665,0.27666666666666667,0.28,0.28,0.27754463484990527,0.313760161255715,0.3394244906532241
1505,1,0.28,0.37,0.2833333333333333,0.33666666666666667,0.24,0.2797376600647304,0.32940816803793843,0.3394244906532241
1506,1,0.27,0.35,0.31,0.38333333333333336,0.24,0.2725257441203782,0.26612052446903234,0.3394244906532241
1507,0,0.20333333333333334,0.30333333333333334,0.24333333333333335,0.36666666666666664,0.2,0.23419765881694987,0.3152968189847179,0.3310673011556764
1508,0,0.30666666666666664,0.30666666666666664,0.30333333333333334,0.33,0.29333333333333333,0.3011646730495751,0.3150566186238159,0.3394244906532241
1509,1,0.38666666666666666,0.38,0.37,0.43666666666666665,0.28,0.410442002313937,0.3805191272712418,0.4035173424523693
1510,1,0.39,0.32,0.2966666666666667,0.36333333333333334,0.30666666666666664,0.33421576172994205,0.3567700295414111,0.3394244906532241
1511,1,0.27666666666666667,0.32666666666666666,0.31333333333333335,0.3233333333333333,0.22333333333333333,0.2799842915707505,0.31554473931499516,0.3310673011556764
1512,0,0.30333333333333334,0.32,0.2866666666666667,0.2966666666666667,0.24333333333333335,0.2996096165727379,0.36036551609482653,0.3394244906532241
1513,0,0.37333333333333335,0.37,0.3333333333333333,0.38333333333333336,0.24333333333333335,0.3783860275283615,0.38215957511677867,0.3310673011556764
1514,0,0.24,0.31666666666666665,0.27,0.2833333333333333,0.19666666666666666,0.21735220176516332,0.26903435023667777,0.3394244906532241
1515,0,0.42,0.39666666666666667,0.44666666666666666,0.35333333333333333,0.36333333333333334,0.3939196309837967,0.3475606174179705,0.3310673011556764
1516,0,0.4033333333333333,0.25666666666666665,0.4166666666666667,0.31666666666666665,0.3,0.3406717314953927,0.3684779119869224,0.3394244906532241
1517,0,0.35333333333333333,0.35333333333333333,0.3233333333333333,0.32,0.4066666666666667,0.4117379385987685,0.3536667459210063,0.3394244906532241
1518,1,0.2966666666666667,0.36666666666666664,0.30333333333333334,0.38,0.24,0.3157734075813567,0.31970949487852796,0.3394244906532241
1519,0,0.30333333333333334,0.2833333333333333,0.36,0.32,0.29,0.27936078025247135,0.3154207660147644,0.3310673011556764
1520,0,0.31666666666666665,0.31,0.33,0.34,0.26,0.29873371669723103,0.30738899347517423,0.3394244906532241
1521,1,0.3233333333333333,0.37333333333333335,0.37333333333333335,0.37333333333333335,0.25666666666666665,0.3437325073579359,0.3805191272712418,0.4035173424523693
1522,1,0.36,0.4,0.35333333333333333,0.36333333333333334,0.32,0.3556713548446216,0.3338754896748258,0.3394244906532241
1523,0,0.31666666666666665,0.32,0.3233333333333333,0.3333333333333333,0.25333333333333335,0.28978006340882884,0.25551686091549997,0.3310673011556764
1524,1,0.33,0.37,0.3,0.37,0.28,0.31597535902112484,0.34877377283787636,0.3394244906532241
1525,0,0.3466666666666667,0.37,0.38666666666666666,0.38333333333333336,0.32666666666666666,0.3926627526195903,0.3817613458744341,0.3394244906532241
1526,1,0.37333333333333335,0.2633333333333333,0.38333333333333336,0.2833333333333333,0.24333333333333335,0.3452469158039187,0.40459014019554773,0.3310673011556764
1527,0,0.2966666666666667,0.3233333333333333,0.31666666666666665,0.3566666666666667,0.24333333333333335,0.30153130800746347,0.33719032241041735,0.3394244906532241
1528,0,0.38333333333333336,0.29,0.36333333333333334,0.29333333333333333,0.25,0.3411843542626699,0.4202721257911849,0.42297650130548303
1529,0,0.32666666666666666,0.25,0.28,0.2833333333333333,0.2733333333333333,0.2556849942280823,0.2678532150717188,0.3394244906532241
1530,0,0.39,0.39666666666666667,0.43333333333333335,0.35333333333333333,0.31666666666666665,0.36930185546244754,0.3617136193415141,0.3394244906532241
1531,1,0.27666666666666667,0.3333333333333333,0.25,0.36,0.21666666666666667,0.25972653260266676,0.2867111862217159,0.3310673011556764
1532,0,0.30333333333333334,0.37666666666666665,0.31666666666666665,0.36333333333333334,0.2833333333333333,0.3113251211534265,0.35732900667996814,0.3310673011556764
1533,0,0.36333333333333334,0.3566666666666667,0.37333333333333335,0.37333333333333335,0.31666666666666665,0.3874660100571133,0.33616357243687683,0.3310673011556764
1534,0,0.36666666666666664,0.38,0.3566666666666667,0.4066666666666667,0.31333333333333335,0.3416277552013564,0.28226936061484614,0.3394244906532241
1535,0,0.31,0.36666666666666664,0.33,0.3433333333333333,0.29,0.3568125483243897,0.323267021009647,0.3394244906532241
1536,1,0.4,0.31333333333333335,0.44666666666666666,0.36666666666666664,0.36333333333333334,0.38655045941493194,0.3722801927298484,0.42297650130548303
1537,0,0.36666666666666664,0.36,0.3333333333333333,0.39666666666666667,0.30333333333333334,0.3583124197951615,0.3308266990859808,0.3394244906532241
1538,0,0.4533333333333333,0.29333333333333333,0.3233333333333333,0.26666666666666666,0.31,0.3803322954836845,0.3557156560928963,0.3310673011556764
1539,0,0.2966666666666667,0.35333333333333333,0.35,0.36333333333333334,0.28,0.3561417844584357,0.3456122141217671,0.3310673011556764
1540,1,0.43,0.39,0.41,0.3566666666666667,0.3333333333333333,0.4571449648643528,0.41325865271686985,0.4035173424523693
1541,0,0.42333333333333334,0.3566666666666667,0.32,0.30666666666666664,0.27666666666666667,0.35631675640839466,0.3438725019949607,0.3394244906532241
1542,1,0.34,0.32666666666666666,0.2966666666666667,0.29333333333333333,0.32666666666666666,0.34394936718295954,0.3622752338816749,0.3310673011556764
1543,0,0.41333333333333333,0.35333333333333333,0.43,0.35,0.33666666666666667,0.43119396110703445,0.4626987528451678,0.4035173424523693
1544,0,0.36,0.36666666666666664,0.3433333333333333,0.3566666666666667,0.3,0.3528518581064377,0.3617136193415141,0.3394244906532241
1545,0,0.37,0.36666666666666664,0.3433333333333333,0.38,0.3466666666666667,0.40133721807359835,0.4184392082517913,0.4035173424523693
1546,0,0.26666666666666666,0.37666666666666665,0.34,0.37333333333333335,0.2633333333333333,0.3058957167639692,0.33722919549316954,0.3394244906532241
1547,0,0.37666666666666665,0.35,0.33666666666666667,0.3566666666666667,0.35,0.3940698936732258,0.3456122141217671,0.3310673011556764
1548,0,0.30666666666666664,0.29333333333333333,0.27,0.3233333333333333,0.26,0.2994529040415435,0.2971822024364462,0.3310673011556764
1549,1,0.30666666666666664,0.37333333333333335,0.38666666666666666,0.35333333333333333,0.31333333333333335,0.3100984776898448,0.3264604046491026,0.3310673011556764
1550,1,0.2833333333333333,0.38,0.33,0.37666666666666665,0.22666666666666666,0.2898418744066764,0.32283072635983906,0.3394244906532241
1551,0,0.39,0.3333333333333333,0.31,0.3933333333333333,0.29333333333333333,0.4080005319922231,0.39770441793324157,0.4035173424523693
1552,1,0.36666666666666664,0.36,0.3566666666666667,0.35,0.30666666666666664,0.3975868324011078,0.3617136193415141,0.3394244906532241
1553,1,0.27666666666666667,0.37,0.32666666666666666,0.35333333333333333,0.24666666666666667,0.3070476283755809,0.35048543907363827,0.3310673011556764
1554,0,0.3466666666666667,0.37,0.33,0.3566666666666667,0.30666666666666664,0.40816360480140423,0.3344471140042278,0.3394244906532241
1555,1,0.36333333333333334,0.37,0.43,0.39666666666666667,0.35333333333333333,0.4017405442010485,0.353365332666653,0.3394244906532241
1556,0,0.36333333333333334,0.37333333333333335,0.32666666666666666,0.36,0.29333333333333333,0.36368445792907855,0.34419226945227965,0.3310673011556764
1557,0,0.44333333333333336,0.38333333333333336,0.38666666666666666,0.39,0.38333333333333336,0.41654412895710113,0.37930080510902503,0.42297650130548303
1558,1,0.4,0.3933333333333333,0.38,0.43333333333333335,0.33,0.36374420326617835,0.353365332666653,0.3394244906532241
1559,1,0.3333333333333333,0.37666666666666665,0.3466666666666667,0.38333333333333336,0.26,0.3155669470621171,0.28945427910029264,0.3394244906532241
1560,0,0.43666666666666665,0.36666666666666664,0.4,0.36333333333333334,0.38333333333333336,0.46284721066164225,0.4329263593291345,0.4035173424523693
1561,0,0.2866666666666667,0.29,0.2733333333333333,0.3,0.32,0.28616950359224613,0.24845685260164585,0.3394244906532241
1562,1,0.4266666666666667,0.36,0.42,0.35,0.37666666666666665,0.42780081209599946,0.35010151287130586,0.3394244906532241
1563,0,0.39,0.38333333333333336,0.42,0.38,0.35333333333333333,0.33840631008898525,0.3733552127952184,0.3394244906532241
1564,1,0.43333333333333335,0.38,0.36,0.32666666666666666,0.4033333333333333,0.43113088187642556,0.3571572497269824,0.3310673011556764
1565,0,0.41,0.38666666666666666,0.38,0.4066666666666667,0.4033333333333333,0.42418979284812003,0.43081539797375573,0.4035173424523693
1566,1,0.4033333333333333,0.38666666666666666,0.3433333333333333,0.3566666666666667,0.30666666666666664,0.42079843593492255,0.40103146481735763,0.4035173424523693
1567,0,0.33,0.35,0.39,0.33666666666666667,0.2866666666666667,0.3422910108289431,0.33107311111668386,0.3310673011556764
1568,0,0.31666666666666665,0.37333333333333335,0.32666666666666666,0.3433333333333333,0.2966666666666667,0.3087278831443648,0.3325084746641768,0.3394244906532241
1569,1,0.36,0.32666666666666666,0.36,0.3466666666666667,0.3466666666666667,0.3948616182802344,0.3622752338816749,0.3310673011556764
1570,1,0.39,0.31666666666666665,0.36333333333333334,0.33,0.39666666666666667,0.3756421518512394,0.3171571488641636,0.3310673011556764
1571,0,0.35,0.4033333333333333,0.42333333333333334,0.35,0.3466666666666667,0.3605302300589737,0.3992068344476386,0.3394244906532241
1572,1,0.23,0.3433333333333333,0.22,0.35333333333333333,0.19,0.22117584482077512,0.28333753898110503,0.3394244906532241
1573,0,0.21,0.3466666666666667,0.31,0.31666666666666665,0.18666666666666668,0.2377722275474496,0.26612052446903234,0.3394244906532241
1574,0,0.26666666666666666,0.31333333333333335,0.3,0.3333333333333333,0.25,0.29375498429379654,0.28930046104637885,0.3394244906532241
1575,1,0.44,0.3433333333333333,0.33666666666666667,0.30333333333333334,0.36666666666666664,0.37799559066862765,0.3586713777984199,0.3310673011556764
1576,1,0.3566666666666667,0.39,0.2966666666666667,0.3333333333333333,0.3466666666666667,0.3387245879376418,0.3260895831278764,0.3394244906532241
1577,1,0.51,0.3466666666666667,0.43666666666666665,0.37,0.4066666666666667,0.4768415329379985,0.3837940186378902,0.4035173424523693
1578,1,0.41,0.3433333333333333,0.43333333333333335,0.3566666666666667,0.27666666666666667,0.3831366540617539,0.39752525813523615,0.4035173424523693
1579,0,0.42,0.38333333333333336,0.44333333333333336,0.43,0.2833333333333333,0.4194642286008141,0.3937872697144377,0.4035173424523693
1580,1,0.25666666666666665,0.31666666666666665,0.26,0.2833333333333333,0.18333333333333332,0.25560006880140884,0.3195846493090645,0.3394244906532241
1581,1,0.34,0.38,0.4666666666666667,0.35333333333333333,0.35,0.33522926556698457,0.35035476490836764,0.3310673011556764
1582,1,0.26,0.35333333333333333,0.35333333333333333,0.3,0.23333333333333334,0.3103021210038204,0.35010151287130586,0.3394244906532241
1583,0,0.25,0.27666666666666667,0.2733333333333333,0.2966666666666667,0.23666666666666666,0.2691824982795642,0.30283560391695014,0.3394244906532241
1584,0,0.3333333333333333,0.37333333333333335,0.34,0.39,0.25333333333333335,0.3647381005827037,0.37198976178490034,0.3394244906532241
1585,1,0.33,0.29,0.31666666666666665,0.29333333333333333,0.3233333333333333,0.2931221884607054,0.3391158513149393,0.3394244906532241
1586,0,0.35333333333333333,0.33,0.4166666666666667,0.36333333333333334,0.3233333333333333,0.35898560941148633,0.34915702526566894,0.3310673011556764
1587,0,0.38333333333333336,0.36666666666666664,0.4533333333333333,0.36666666666666664,0.32666666666666666,0.35524107058149235,0.382413688267415,0.4035173424523693
1588,1,0.36,0.37666666666666665,0.36666666666666664,0.42,0.3433333333333333,0.3658877275606191,0.34760005905981994,0.3310673011556764
1589,0,0.31,0.3566666666666667,0.35,0.41,0.25,0.3161182673854481,0.35732900667996814,0.3310673011556764
1590,0,0.31,0.33666666666666667,0.3233333333333333,0.31,0.24333333333333335,0.2727934638643002,0.36197059279426513,0.3310673011556764
1591,0,0.3333333333333333,0.36666666666666664,0.35,0.37,0.31666666666666665,0.33415528465714983,0.33069962262284625,0.3394244906532241
1592,0,0.29333333333333333,0.30333333333333334,0.2833333333333333,0.32,0.23666666666666666,0.293912298806836,0.3519306652995465,0.3394244906532241
1593,0,0.33666666666666667,0.2866666666666667,0.36333333333333334,0.2966666666666667,0.27666666666666667,0.34066072030814887,0.39786466383082675,0.42297650130548303
1594,1,0.27666666666666667,0.37333333333333335,0.32,0.41333333333333333,0.22666666666666666,0.30682007849294707,0.3768811144167015,0.3394244906532241
1595,0,0.29333333333333333,0.3233333333333333,0.41,0.32666666666666666,0.31333333333333335,0.33083052930605533,0.41130911000690684,0.4035173424523693
1596,1,0.27,0.37,0.30666666666666664,0.28,0.22333333333333333,0.23853127006932462,0.32172990805641105,0.3310673011556764
1597,1,0.31333333333333335,0.36,0.29,0.30666666666666664,0.30666666666666664,0.3347066410499237,0.34702494014983215,0.3394244906532241
1598,0,0.35333333333333333,0.33,0.3433333333333333,0.3,0.31666666666666665,0.3553375331242471,0.37865051713279263,0.3310673011556764
1599,0,0.3233333333333333,0.3333333333333333,0.27666666666666667,0.30666666666666664,0.23333333333333334,0.33117126564057425,0.39055750407502243,0.4035173424523693
1600,0,0.4066666666666667,0.37666666666666665,0.4033333333333333,0.36666666666666664,0.36,0.37851673343137054,0.33069962262284625,0.3394244906532241
1601,1,0.38333333333333336,0.38333333333333336,0.38666666666666666,0.34,0.38,0.4177795499927622,0.3617136193415141,0.3394244906532241
1602,1,0.45,0.37666666666666665,0.41333333333333333,0.3333333333333333,0.42,0.45752230635093183,0.38067682528147256,0.42297650130548303
1603,1,0.38666666666666666,0.36666666666666664,0.3566666666666667,0.34,0.3233333333333333,0.44686344006875345,0.42349184084719965,0.4035173424523693
1604,1,0.35,0.38666666666666666,0.37,0.3333333333333333,0.38666666666666666,0.3760441777823504,0.32023861249930363,0.3310673011556764
1605,1,0.33666666666666667,0.32,0.2966666666666667,0.3233333333333333,0.30666666666666664,0.31421278266553554,0.33731863600563705,0.3394244906532241
1606,0,0.41,0.3933333333333333,0.35,0.37666666666666665,0.36,0.39110702911118356,0.3617136193415141,0.3394244906532241
1607,1,0.3233333333333333,0.28,0.31333333333333335,0.35,0.18666666666666668,0.2922127625133273,0.30628904755168357,0.3310673011556764
1608,1,0.2966666666666667,0.37,0.31333333333333335,0.3933333333333333,0.21666666666666667,0.33343743176205703,0.2968299813199781,0.3394244906532241
1609,0,0.25333333333333335,0.31333333333333335,0.32,0.26666666666666666,0.2,0.297933045360885,0.33719032241041735,0.3394244906532241
1610,0,0.43666666666666665,0.39666666666666667,0.4166666666666667,0.38333333333333336,0.31666666666666665,0.3697083266539673,0.44129397781219243,0.4035173424523693
1611,1,0.35333333333333333,0.32666666666666666,0.31,0.30666666666666664,0.26,0.30175769749327436,0.31851539579808175,0.3310673011556764
1612,1,0.41333333333333333,0.30333333333333334,0.3566666666666667,0.36333333333333334,0.35333333333333333,0.3036919249339868,0.30458562500010444,0.3310673011556764
1613,0,0.35,0.37333333333333335,0.3566666666666667,0.44666666666666666,0.30666666666666664,0.3962407256265523,0.4393942411475793,0.4035173424523693
1614,1,0.38666666666666666,0.43333333333333335,0.38666666666666666,0.42333333333333334,0.4033333333333333,0.3978680458567771,0.4099837898737458,0.42297650130548303
1615,0,0.33,0.37333333333333335,0.37,0.33,0.31333333333333335,0.3329759400979737,0.3079076374687987,0.3310673011556764
1616,1,0.3433333333333333,0.3233333333333333,0.30666666666666664,0.30666666666666664,0.24666666666666667,0.2973149307017055,0.35010151287130586,0.3394244906532241
1617,1,0.30333333333333334,0.38,0.33666666666666667,0.36333333333333334,0.24,0.2768397957914476,0.32940816803793843,0.3394244906532241
1618,0,0.25333333333333335,0.2966666666666667,0.3,0.2966666666666667,0.22,0.2718368525741951,0.24488616113344372,0.3310673011556764
1619,0,0.34,0.3233333333333333,0.38333333333333336,0.36666666666666664,0.31333333333333335,0.35982426479639534,0.3537463232759562,0.3310673011556764
1620,0,0.32,0.28,0.26666666666666666,0.26666666666666666,0.24666666666666667,0.26181732708254857,0.27911240537439663,0.3394244906532241
1621,0,0.38,0.39,0.4033333333333333,0.4033333333333333,0.33666666666666667,0.40547747374448434,0.4009544022664576,0.4035173424523693
1622,0,0.3933333333333333,0.37,0.3433333333333333,0.37666666666666665,0.3,0.3736067175510522,0.3603662601007547,0.3394244906532241
1623,0,0.4066666666666667,0.4,0.4166666666666667,0.36,0.34,0.37630912031519087,0.30121125434039253,0.3394244906532241
1624,1,0.3466666666666667,0.36333333333333334,0.37666666666666665,0.39666666666666667,0.30333333333333334,0.38760289180257285,0.3805191272712418,0.4035173424523693
1625,1,0.48,0.3433333333333333,0.38666666666666666,0.3333333333333333,0.41,0.450165182768917,0.3684779119869224,0.3394244906532241
1626,1,0.46,0.3466666666666667,0.39,0.3,0.41333333333333333,0.43433677988457375,0.3718860617182593,0.4035173424523693
1627,1,0.30333333333333334,0.36333333333333334,0.39666666666666667,0.38666666666666666,0.30666666666666664,0.32972214898039265,0.3615810893710185,0.3394244906532241
1628,0,0.35333333333333333,0.35333333333333333,0.43666666666666665,0.35,0.33,0.3393326078572587,0.35719718418113644,0.3310673011556764
1629,1,0.2633333333333333,0.3233333333333333,0.3433333333333333,0.33666666666666667,0.2733333333333333,0.31699795356245564,0.3108017898872867,0.3310673011556764
1630,0,0.37666666666666665,0.2866666666666667,0.2966666666666667,0.29,0.31666666666666665,0.36296107672796396,0.4202721257911849,0.42297650130548303
1631,0,0.3433333333333333,0.38,0.38,0.39,0.32,0.37249155198613954,0.3733552127952184,0.3394244906532241
1632,0,0.4066666666666667,0.36,0.42333333333333334,0.37,0.39,0.3815150430494467,0.33107311111668386,0.3310673011556764
1633,1,0.2966666666666667,0.38,0.3233333333333333,0.38666666666666666,0.27,0.31565566379222615,0.32924295629604594,0.3394244906532241
1634,1,0.33,0.38666666666666666,0.3433333333333333,0.3566666666666667,0.29333333333333333,0.37508143710081115,0.3047072351790661,0.3310673011556764
1635,1,0.3333333333333333,0.27,0.27666666666666667,0.2966666666666667,0.24,0.3128745252478175,0.3259634399184741,0.3394244906532241
1636,0,0.42,0.36666666666666664,0.43,0.41,0.3,0.4134967679031819,0.4323850508931281,0.4035173424523693
1637,0,0.38666666666666666,0.3433333333333333,0.28,0.4033333333333333,0.3566666666666667,0.3751715094835479,0.3047072351790661,0.3310673011556764
1638,0,0.31,0.28,0.35333333333333333,0.35333333333333333,0.20666666666666667,0.26534934882197314,0.32306968956448034,0.3310673011556764
1639,0,0.5,0.35333333333333333,0.44666666666666666,0.37333333333333335,0.33666666666666667,0.48121918923330603,0.42349184084719965,0.4035173424523693
1640,0,0.4166666666666667,0.38,0.4066666666666667,0.39,0.36666666666666664,0.4533266629518076,0.4505485572089829,0.42297650130548303
1641,1,0.45,0.36666666666666664,0.3433333333333333,0.4266666666666667,0.38,0.45280209028377894,0.37890372792417754,0.4035173424523693
1642,0,0.4066666666666667,0.37666666666666665,0.39666666666666667,0.4,0.38,0.4468875579492344,0.41325865271686985,0.4035173424523693
1643,0,0.32666666666666666,0.36333333333333334,0.30333333333333334,0.37,0.22,0.31255526377975085,0.34574206081624126,0.3310673011556764
1644,1,0.42333333333333334,0.3566666666666667,0.38666666666666666,0.4,0.35,0.4142559945002391,0.4099837898737458,0.42297650130548303
1645,0,0.27,0.3233333333333333,0.3466666666666667,0.3,0.20333333333333334,0.267697291914966,0.3305725708586891,0.3394244906532241
1646,0,0.37666666666666665,0.32666666666666666,0.36333333333333334,0.3333333333333333,0.31666666666666665,0.37864278409936236,0.4465948061208703,0.4035173424523693
1647,1,0.35333333333333333,0.41333333333333333,0.3566666666666667,0.38,0.3433333333333333,0.362425942706392,0.38215957511677867,0.3310673011556764
1648,1,0.4633333333333333,0.37,0.44,0.39,0.35333333333333333,0.39883368688814336,0.3264604046491026,0.3310673011556764
1649,0,0.36666666666666664,0.34,0.39,0.34,0.37666666666666665,0.40556888772210653,0.3486038975211502,0.3394244906532241
1650,1,0.34,0.32666666666666666,0.3566666666666667,0.36,0.34,0.33998412785777393,0.32924295629604594,0.3394244906532241
1651,0,0.43,0.41333333333333333,0.47333333333333333,0.43333333333333335,0.37333333333333335,0.40498264099437287,0.39089654975292293,0.4035173424523693
1652,1,0.39666666666666667,0.35333333333333333,0.4033333333333333,0.38333333333333336,0.30666666666666664,0.44354499196601416,0.3977878056738941,0.3310673011556764
1653,0,0.39,0.3233333333333333,0.36333333333333334,0.34,0.32666666666666666,0.39052007094523405,0.35732900667996814,0.3310673011556764
1654,1,0.3433333333333333,0.37333333333333335,0.36,0.3566666666666667,0.2866666666666667,0.36378607127270923,0.4164403053230826,0.4035173424523693
1655,1,0.20666666666666667,0.36,0.27,0.2733333333333333,0.16,0.22829110765591912,0.2867111862217159,0.3310673011556764
1656,0,0.4866666666666667,0.35,0.39666666666666667,0.3433333333333333,0.4166666666666667,0.41702526054432515,0.3571572497269824,0.3310673011556764
1657,0,0.31666666666666665,0.38,0.41,0.35,0.2966666666666667,0.4183202920520611,0.4393942411475793,0.4035173424523693
1658,1,0.3566666666666667,0.35333333333333333,0.3466666666666667,0.32666666666666666,0.25,0.3148633800364223,0.2970623123916108,0.3310673011556764
1659,1,0.34,0.34,0.31333333333333335,0.33666666666666667,0.29333333333333333,0.394929090944516,0.3653306303901743,0.3394244906532241
1660,1,0.37666666666666665,0.2966666666666667,0.33666666666666667,0.32666666666666666,0.27,0.34462389014087214,0.4427344798542368,0.4035173424523693
1661,1,0.24666666666666667,0.31333333333333335,0.2633333333333333,0.31666666666666665,0.18,0.24173624006586605,0.31970949487852796,0.3394244906532241
1662,1,0.47333333333333333,0.4066666666666667,0.42333333333333334,0.4,0.31666666666666665,0.4634768620667469,0.41206657487889564,0.42297650130548303
1663,0,0.28,0.3466666666666667,0.32,0.33,0.2,0.2544274249527067,0.3260895831278764,0.3394244906532241
1664,0,0.3933333333333333,0.34,0.33,0.37666666666666665,0.2733333333333333,0.3895186517900306,0.4131513690722298,0.4035173424523693
1665,1,0.32666666666666666,0.36,0.30333333333333334,0.38333333333333336,0.3,0.37280064706337285,0.3075482671416405,0.3394244906532241
1666,0,0.38666666666666666,0.3933333333333333,0.45666666666666667,0.38666666666666666,0.2966666666666667,0.4017160810086748,0.382413688267415,0.4035173424523693
1667,1,0.29333333333333333,0.29333333333333333,0.2966666666666667,0.2966666666666667,0.26666666666666666,0.3142376823935668,0.3260895831278764,0.3394244906532241
1668,1,0.47,0.36,0.45,0.36666666666666664,0.3566666666666667,0.40864368961621045,0.3702718577937717,0.3310673011556764
1669,0,0.31333333333333335,0.3233333333333333,0.31,0.33666666666666667,0.36,0.33910250762742294,0.3653306303901743,0.3394244906532241
1670,0,0.32,0.25,0.31333333333333335,0.27,0.28,0.3134010703363977,0.3236361742178214,0.3310673011556764
1671,0,0.4033333333333333,0.39,0.41333333333333333,0.35333333333333333,0.38666666666666666,0.4189559708675472,0.37856861922664076,0.3394244906532241
1672,1,0.3466666666666667,0.3466666666666667,0.31333333333333335,0.33,0.26666666666666666,0.32900593117220617,0.3889262443749976,0.4035173424523693
1673,0,0.3233333333333333,0.41333333333333333,0.37,0.34,0.30333333333333334,0.379983651326966,0.32662490003706246,0.3310673011556764
1674,0,0.29333333333333333,0.31,0.25666666666666665,0.3466666666666667,0.22,0.2873421583772746,0.37856861922664076,0.3394244906532241
1675,0,0.29333333333333333,0.30333333333333334,0.2833333333333333,0.27666666666666667,0.22333333333333333,0.25199616855399065,0.26903435023667777,0.3394244906532241
1676,0,0.26,0.31666666666666665,0.31666666666666665,0.33,0.19666666666666666,0.23242798358741273,0.2457973920069051,0.3394244906532241
1677,1,0.47,0.37333333333333335,0.46,0.35,0.3433333333333333,0.5038653892507392,0.4828634630595615,0.4035173424523693
1678,1,0.38333333333333336,0.4,0.38666666666666666,0.4066666666666667,0.3466666666666667,0.40737492767829664,0.38884999783882135,0.3394244906532241
1679,0,0.38333333333333336,0.3933333333333333,0.3933333333333333,0.35,0.3433333333333333,0.40102411611779637,0.3471781825625442,0.3394244906532241
1680,0,0.25666666666666665,0.29,0.27666666666666667,0.32666666666666666,0.25333333333333335,0.2752633766810078,0.27197221202201355,0.3394244906532241
1681,1,0.41,0.3933333333333333,0.43666666666666665,0.3933333333333333,0.38333333333333336,0.38113269903120667,0.3702718577937717,0.3310673011556764
1682,1,0.36,0.38,0.3466666666666667,0.33,0.2966666666666667,0.3753852488426713,0.37040572502775887,0.3310673011556764
1683,0,0.36666666666666664,0.38333333333333336,0.37666666666666665,0.35,0.33666666666666667,0.33164830645610716,0.33904232434425674,0.3310673011556764
1684,0,0.2833333333333333,0.36666666666666664,0.34,0.38,0.26,0.3004664558529649,0.3264986500746163,0.3310673011556764
1685,1,0.42,0.37333333333333335,0.44666666666666666,0.3933333333333333,0.31,0.434598665000492,0.41130911000690684,0.4035173424523693
1686,0,0.3233333333333333,0.37,0.37,0.39,0.35333333333333333,0.39517654093834503,0.3702718577937717,0.3310673011556764
1687,0,0.24,0.32666666666666666,0.32,0.3433333333333333,0.19666666666666666,0.23331353982481293,0.3181536693288017,0.3394244906532241
1688,1,0.42,0.39,0.4066666666666667,0.37333333333333335,0.36666666666666664,0.4771251852550884,0.3718860617182593,0.4035173424523693
1689,0,0.2833333333333333,0.3466666666666667,0.29,0.3333333333333333,0.21666666666666667,0.2595743720182223,0.30774826040495856,0.3310673011556764
1690,1,0.23,0.37,0.30333333333333334,0.38666666666666666,0.30666666666666664,0.2950685735519989,0.30017635399301984,0.3310673011556764
1691,0,0.3933333333333333,0.3933333333333333,0.3933333333333333,0.39666666666666667,0.2833333333333333,0.41432051823873584,0.4131808613726105,0.4035173424523693
1692,1,0.32666666666666666,0.36666666666666664,0.3566666666666667,0.37666666666666665,0.19,0.31776467229733774,0.3499709047204447,0.3394244906532241
1693,0,0.31333333333333335,0.37,0.31,0.35333333333333333,0.33666666666666667,0.37773344748470744,0.3420068599864645,0.3394244906532241
1694,0,0.38333333333333336,0.37,0.33666666666666667,0.3333333333333333,0.29333333333333333,0.37973935643000917,0.4215287050426131,0.4035173424523693
1695,0,0.27666666666666667,0.29,0.25,0.32,0.2,0.23768255476731112,0.28659379786706923,0.3310673011556764
1696,0,0.24,0.3433333333333333,0.2966666666666667,0.26,0.26,0.26232329046211816,0.3167919244986992,0.3394244906532241
1697,1,0.48,0.3566666666666667,0.38333333333333336,0.39,0.47,0.4473333279361824,0.4065298283883858,0.42297650130548303
1698,0,0.31333333333333335,0.31,0.3333333333333333,0.29,0.23333333333333334,0.2960693818538798,0.32961119594623534,0.3310673011556764
1699,0,0.35333333333333333,0.28,0.3233333333333333,0.3566666666666667,0.25,0.31134607227535444,0.3486038975211502,0.3394244906532241
1700,1,0.35,0.32666666666666666,0.33,0.2966666666666667,0.2733333333333333,0.3063383789158586,0.3817613458744341,0.3394244906532241
1701,1,0.36666666666666664,0.36333333333333334,0.33,0.3233333333333333,0.2733333333333333,0.3422327199630284,0.3295349925776091,0.3394244906532241
1702,0,0.3233333333333333,0.33,0.25666666666666665,0.38,0.30666666666666664,0.34423253875316356,0.3059829648735525,0.3310673011556764
1703,0,0.5,0.38,0.44333333333333336,0.39,0.47333333333333333,0.4756914508264898,0.45254111462107244,0.42297650130548303
1704,1,0.38666666666666666,0.3433333333333333,0.39,0.37666666666666665,0.33666666666666667,0.37737241620345563,0.3418776830643402,0.3394244906532241
1705,0,0.3566666666666667,0.41,0.35,0.4066666666666667,0.25666666666666665,0.35713545690417864,0.3774122415601326,0.3310673011556764
1706,1,0.32666666666666666,0.27,0.3433333333333333,0.3233333333333333,0.2866666666666667,0.3790767663636719,0.41003373155340644,0.4035173424523693
1707,0,0.23,0.38666666666666666,0.30333333333333334,0.4033333333333333,0.23,0.24945734693368496,0.2970986329450388,0.3310673011556764
1708,1,0.3466666666666667,0.37666666666666665,0.3233333333333333,0.33,0.3433333333333333,0.3908386996057906,0.30738899347517423,0.3394244906532241
1709,1,0.35,0.35,0.34,0.2633333333333333,0.24333333333333335,0.34419646767505785,0.3587468511528954,0.4035173424523693
1710,1,0.31333333333333335,0.36,0.36,0.32,0.32666666666666666,0.3185032425480133,0.30458562500010444,0.3310673011556764
1711,0,0.3466666666666667,0.31666666666666665,0.3,0.33666666666666667,0.25666666666666665,0.2998201992343103,0.3486038975211502,0.3394244906532241
1712,0,0.30666666666666664,0.36333333333333334,0.25333333333333335,0.39666666666666667,0.23333333333333334,0.2798064319304356,0.2706648755576605,0.3310673011556764
1713,1,0.32,0.3,0.32666666666666666,0.31333333333333335,0.26666666666666666,0.2923354615276284,0.2968299813199781,0.3394244906532241
1714,1,0.36,0.3933333333333333,0.32666666666666666,0.39666666666666667,0.21666666666666667,0.3755481866205654,0.4131808613726105,0.4035173424523693
1715,0,0.31,0.37,0.31,0.39666666666666667,0.37,0.34141460556788905,0.3554037034146701,0.3394244906532241
1716,0,0.36,0.36666666666666664,0.34,0.3933333333333333,0.2633333333333333,0.3468016420057709,0.3408735684220276,0.3310673011556764
1717,0,0.18,0.31333333333333335,0.24666666666666667,0.28,0.20666666666666667,0.2093785313403248,0.30458562500010444,0.3310673011556764
1718,1,0.3233333333333333,0.37,0.3466666666666667,0.36666666666666664,0.32,0.33473962293893633,0.32741267916575206,0.3394244906532241
1719,0,0.37,0.32666666666666666,0.38,0.34,0.3466666666666667,0.3311537215848948,0.3702718577937717,0.3310673011556764
1720,0,0.3566666666666667,0.35333333333333333,0.43333333333333335,0.3566666666666667,0.37666666666666665,0.405111602279939,0.3937872697144377,0.4035173424523693
1721,0,0.31,0.31666666666666665,0.2633333333333333,0.2966666666666667,0.25,0.28982712522653997,0.3200765070401379,0.3310673011556764
1722,1,0.35333333333333333,0.35,0.36333333333333334,0.38,0.26666666666666666,0.35066594709474386,0.36052046677190525,0.3310673011556764
1723,1,0.26,0.38666666666666666,0.26666666666666666,0.39,0.2866666666666667,0.28356067204971325,0.30903106320044943,0.3310673011556764
1724,0,0.36333333333333334,0.31,0.31666666666666665,0.36333333333333334,0.3,0.3146628092063244,0.38215957511677867,0.3310673011556764
1725,0,0.42,0.36666666666666664,0.42,0.3433333333333333,0.4033333333333333,0.4229629278034066,0.41117405622164244,0.4035173424523693
1726,1,0.2866666666666667,0.2833333333333333,0.3433333333333333,0.31333333333333335,0.2,0.3155384115771823,0.3471781825625442,0.3394244906532241
1727,0,0.43,0.36,0.43333333333333335,0.36,0.33666666666666667,0.439583943079867,0.3998506213902228,0.42297650130548303
1728,0,0.44,0.3566666666666667,0.42333333333333334,0.36,0.39666666666666667,0.4775122892567712,0.3684779119869224,0.3394244906532241
1729,1,0.49,0.39666666666666667,0.4533333333333333,0.37666666666666665,0.36666666666666664,0.45668734250966486,0.4432786264360734,0.4035173424523693
1730,0,0.29,0.33,0.2633333333333333,0.3333333333333333,0.21333333333333335,0.29694112243830484,0.3567700295414111,0.3394244906532241
1731,0,0.36,0.2966666666666667,0.2866666666666667,0.36,0.25666666666666665,0.3400715768646882,0.48259476003272156,0.42297650130548303
1732,0,0.4,0.41,0.3566666666666667,0.39,0.38666666666666666,0.3597113608196075,0.3152968189847179,0.3310673011556764
1733,1,0.27666666666666667,0.2833333333333333,0.32,0.27666666666666667,0.24,0.35536535033695843,0.3721231289301576,0.3394244906532241
1734,0,0.23666666666666666,0.3466666666666667,0.25666666666666665,0.2633333333333333,0.21,0.22018106905239848,0.3139998263176014,0.3310673011556764
1735,0,0.32666666666666666,0.31333333333333335,0.3566666666666667,0.3233333333333333,0.2633333333333333,0.37048857394878115,0.2971308279929984,0.3394244906532241
1736,1,0.41333333333333333,0.32666666666666666,0.42333333333333334,0.36666666666666664,0.32,0.40081242612176093,0.3722801927298484,0.42297650130548303
1737,1,0.41333333333333333,0.39666666666666667,0.4066666666666667,0.3933333333333333,0.33,0.4124128853070626,0.42229148967774865,0.42297650130548303
1738,0,0.30666666666666664,0.29333333333333333,0.3333333333333333,0.32,0.24333333333333335,0.27721586917899615,0.2836802088684032,0.3310673011556764
1739,0,0.4633333333333333,0.3333333333333333,0.4066666666666667,0.35333333333333333,0.29,0.4370485821109887,0.3733552127952184,0.3394244906532241
1740,0,0.35,0.4166666666666667,0.3466666666666667,0.34,0.23666666666666666,0.3237378839929724,0.3702718577937717,0.3310673011556764
1741,0,0.43666666666666665,0.39,0.38666666666666666,0.37666666666666665,0.37333333333333335,0.4482478492915384,0.4099837898737458,0.42297650130548303
1742,1,0.3566666666666667,0.37666666666666665,0.38,0.36666666666666664,0.31666666666666665,0.3508547250818143,0.3456122141217671,0.3310673011556764
1743,1,0.33,0.4033333333333333,0.37,0.37666666666666665,0.2833333333333333,0.33152564195775747,0.35680994473108174,0.3394244906532241
1744,0,0.2733333333333333,0.33,0.21333333333333335,0.3,0.21,0.2823271881284383,0.36672630219208996,0.3394244906532241
1745,1,0.4166666666666667,0.36666666666666664,0.4266666666666667,0.4066666666666667,0.29,0.378827438692817,0.3705228067759307,0.4035173424523693
1746,1,0.36333333333333334,0.31666666666666665,0.4166666666666667,0.3466666666666667,0.24,0.3410566453528046,0.36052046677190525,0.3310673011556764
1747,1,0.3933333333333333,0.36,0.45666666666666667,0.41,0.32,0.40781130990793585,0.40302264946923094,0.4035173424523693
1748,0,0.3933333333333333,0.37333333333333335,0.3433333333333333,0.36,0.3233333333333333,0.3598994511013819,0.3571572497269824,0.3310673011556764
1749,0,0.38,0.4033333333333333,0.43666666666666665,0.38666666666666666,0.41333333333333333,0.4222325054243463,0.4184527799988302,0.42297650130548303
1750,0,0.39,0.4033333333333333,0.3466666666666667,0.39666666666666667,0.4033333333333333,0.40896362337056025,0.33904232434425674,0.3310673011556764
1751,0,0.44666666666666666,0.3933333333333333,0.36666666666666664,0.38333333333333336,0.31,0.4422210269889345,0.4626987528451678,0.4035173424523693
1752,0,0.32,0.3433333333333333,0.37333333333333335,0.3233333333333333,0.4266666666666667,0.3595708761157072,0.2748116847465586,0.3394244906532241
1753,0,0.31,0.38,0.32666666666666666,0.42,0.29,0.34805668983371674,0.34890417402500834,0.3394244906532241
1754,0,0.37333333333333335,0.34,0.36,0.36666666666666664,0.27,0.35419562244687974,0.35853933635974994,0.3310673011556764
1755,1,0.41333333333333333,0.41,0.3333333333333333,0.32,0.33666666666666667,0.45710006536886105,0.3937872697144377,0.4035173424523693
1756,0,0.3,0.35,0.36,0.43333333333333335,0.2733333333333333,0.3178968885010466,0.36891104474648423,0.3310673011556764
1757,1,0.35333333333333333,0.4,0.36666666666666664,0.4033333333333333,0.31,0.44141757780781754,0.3937872697144377,0.4035173424523693
1758,0,0.2966666666666667,0.31666666666666665,0.3233333333333333,0.33,0.25666666666666665,0.31476746403935807,0.30738899347517423,0.3394244906532241
1759,1,0.26666666666666666,0.26,0.21333333333333335,0.2833333333333333,0.16666666666666666,0.2795675696241504,0.3136365678117726,0.3394244906532241
1760,0,0.3333333333333333,0.3233333333333333,0.35,0.3233333333333333,0.2833333333333333,0.3121462656175037,0.3154207660147644,0.3310673011556764
1761,0,0.34,0.3466666666666667,0.38,0.36333333333333334,0.3333333333333333,0.37108573952205093,0.35010151287130586,0.3394244906532241
1762,0,0.44,0.36666666666666664,0.41333333333333333,0.37666666666666665,0.37,0.41531486266213047,0.3420068599864645,0.3394244906532241
1763,1,0.34,0.42,0.32,0.36333333333333334,0.28,0.3390972216291574,0.3295349925776091,0.3394244906532241
1764,0,0.3566666666666667,0.35,0.39,0.37333333333333335,0.32666666666666666,0.33112740447659306,0.32633418745536436,0.3310673011556764
1765,0,0.27666666666666667,0.4,0.36,0.41333333333333333,0.3,0.2834553449563104,0.31995158555790804,0.3310673011556764
1766,0,0.4666666666666667,0.36333333333333334,0.43666666666666665,0.33666666666666667,0.3433333333333333,0.44558489420641323,0.37890372792417754,0.4035173424523693
1767,1,0.36,0.36333333333333334,0.36333333333333334,0.38333333333333336,0.31,0.39330515326157095,0.3805191272712418,0.4035173424523693
1768,1,0.2833333333333333,0.29333333333333333,0.33666666666666667,0.3566666666666667,0.2833333333333333,0.28686578234700516,0.3615810893710185,0.3394244906532241
1769,0,0.33,0.36,0.32666666666666666,0.3,0.29333333333333333,0.3166703929465956,0.3266241901206696,0.3310673011556764
1770,0,0.24666666666666667,0.32666666666666666,0.28,0.3933333333333333,0.19,0.2258647468477106,0.25634476215199525,0.3394244906532241
1771,0,0.43333333333333335,0.36333333333333334,0.37,0.37,0.31666666666666665,0.38708341043575134,0.3246433735592876,0.3394244906532241
1772,0,0.39666666666666667,0.36333333333333334,0.43,0.37333333333333335,0.34,0.419248439751601,0.40795487153808785,0.4035173424523693
1773,1,0.38666666666666666,0.43333333333333335,0.4533333333333333,0.3933333333333333,0.4533333333333333,0.40862951231609046,0.29403095980750454,0.3394244906532241
1774,0,0.33666666666666667,0.35333333333333333,0.36666666666666664,0.3566666666666667,0.3566666666666667,0.41889155809699813,0.36013164300299555,0.3394244906532241
1775,0,0.37666666666666665,0.4033333333333333,0.3433333333333333,0.3333333333333333,0.36,0.37593718079279503,0.3704455344159281,0.3310673011556764
1776,0,0.2833333333333333,0.37,0.36333333333333334,0.38,0.2866666666666667,0.3357074799149288,0.31827821737581735,0.3394244906532241
1777,1,0.32666666666666666,0.3333333333333333,0.38666666666666666,0.3433333333333333,0.31333333333333335,0.3628562875268823,0.3154207660147644,0.3310673011556764
1778,0,0.38666666666666666,0.36,0.4033333333333333,0.36333333333333334,0.37666666666666665,0.40676159400754797,0.3567700295414111,0.3394244906532241
1779,0,0.4666666666666667,0.36,0.38666666666666666,0.38333333333333336,0.3933333333333333,0.425998076473784,0.3653306303901743,0.3394244906532241
1780,0,0.38333333333333336,0.33666666666666667,0.38,0.3433333333333333,0.36,0.39675023337075016,0.3342966134217112,0.3394244906532241
1781,0,0.27,0.34,0.31666666666666665,0.3,0.2966666666666667,0.2779508989034477,0.2850217720500723,0.3394244906532241
1782,0,0.32,0.39,0.3433333333333333,0.35333333333333333,0.25666666666666665,0.3267306447491782,0.3586713777984199,0.3310673011556764
1783,1,0.41,0.3566666666666667,0.37,0.37333333333333335,0.2866666666666667,0.39066821815587244,0.3617136193415141,0.3394244906532241
1784,0,0.33666666666666667,0.33666666666666667,0.37,0.38,0.3466666666666667,0.3888778764268168,0.33719032241041735,0.3394244906532241
1785,0,0.2633333333333333,0.32,0.2633333333333333,0.31333333333333335,0.19,0.23537821668934494,0.30458562500010444,0.3310673011556764
1786,1,0.45,0.36,0.43666666666666665,0.3566666666666667,0.4266666666666667,0.42041439091931554,0.4099837898737458,0.42297650130548303
1787,0,0.3433333333333333,0.32666666666666666,0.32666666666666666,0.33666666666666667,0.18333333333333332,0.35152386502276683,0.3635695010158217,0.4035173424523693
1788,0,0.30666666666666664,0.2866666666666667,0.25,0.27666666666666667,0.23,0.27192082017519065,0.26366252966749437,0.3394244906532241
1789,0,0.42,0.33,0.39666666666666667,0.36,0.2966666666666667,0.37580601827960775,0.3874977826075948,0.4035173424523693
1790,0,0.3466666666666667,0.35,0.4,0.38,0.25333333333333335,0.33891818846047855,0.33069962262284625,0.3394244906532241
1791,0,0.26,0.34,0.34,0.28,0.22333333333333333,0.2784652817932993,0.27514800220219665,0.3310673011556764
1792,0,0.30333333333333334,0.33,0.36333333333333334,0.3333333333333333,0.25333333333333335,0.29114977782419327,0.3236361742178214,0.3310673011556764
1793,0,0.41333333333333333,0.4033333333333333,0.4033333333333333,0.35333333333333333,0.2733333333333333,0.39324195469362194,0.3684779119869224,0.3394244906532241
1794,0,0.36333333333333334,0.32666666666666666,0.2866666666666667,0.42333333333333334,0.26,0.38535785167779246,0.3805191272712418,0.4035173424523693
1795,0,0.41,0.30666666666666664,0.38666666666666666,0.36333333333333334,0.3933333333333333,0.4606513747516912,0.3587468511528954,0.4035173424523693
1796,1,0.30666666666666664,0.29,0.25,0.29,0.3,0.3411995263165132,0.28240572081535886,0.3394244906532241
1797,0,0.3,0.30333333333333334,0.27,0.37333333333333335,0.2733333333333333,0.28848685982544575,0.3195846493090645,0.3394244906532241
1798,0,0.34,0.3433333333333333,0.43666666666666665,0.38333333333333336,0.33,0.37174209460316837,0.3522145501890265,0.3310673011556764
1799,1,0.36333333333333334,0.37666666666666665,0.30666666666666664,0.38,0.31666666666666665,0.33224537632789714,0.27646398144164597,0.3310673011556764
1800,1,0.3233333333333333,0.37666666666666665,0.38,0.35333333333333333,0.3,0.31270560638939915,0.3733552127952184,0.3394244906532241
1801,1,0.36333333333333334,0.33,0.36333333333333334,0.35,0.32666666666666666,0.394345740582425,0.3091011254443553,0.3394244906532241
1802,1,0.3566666666666667,0.39666666666666667,0.32,0.35333333333333333,0.32,0.3185540188716147,0.2763491631385644,0.3310673011556764
1803,0,0.3566666666666667,0.3466666666666667,0.44333333333333336,0.37,0.38,0.475732928673178,0.4626987528451678,0.4035173424523693
1804,1,0.42,0.38333333333333336,0.4,0.3433333333333333,0.37666666666666665,0.41375758481379493,0.4093662843744214,0.4035173424523693
1805,0,0.31666666666666665,0.39666666666666667,0.4,0.42333333333333334,0.26666666666666666,0.3707350271553814,0.39089654975292293,0.4035173424523693
1806,1,0.41,0.4033333333333333,0.44666666666666666,0.4066666666666667,0.3566666666666667,0.40328500189062966,0.3523155099745147,0.3310673011556764
1807,0,0.19333333333333333,0.32666666666666666,0.31666666666666665,0.35,0.20666666666666667,0.23298468009358297,0.2970623123916108,0.3310673011556764
1808,0,0.38,0.3,0.32666666666666666,0.3333333333333333,0.27666666666666667,0.3331675116010926,0.3856481799399101,0.3310673011556764
1809,0,0.26,0.2833333333333333,0.24,0.26,0.23666666666666666,0.2992190955016655,0.2984407945853284,0.3394244906532241
1810,0,0.34,0.39,0.41333333333333333,0.3433333333333333,0.32666666666666666,0.35169773569132995,0.3094614993675834,0.3310673011556764
1811,1,0.3933333333333333,0.38666666666666666,0.36,0.37666666666666665,0.23666666666666666,0.3447628877576767,0.3188067772843088,0.3310673011556764
1812,0,0.4266666666666667,0.33,0.42,0.33,0.38333333333333336,0.4757285501368784,0.4062574363217939,0.4035173424523693
1813,0,0.2733333333333333,0.32,0.2633333333333333,0.31666666666666665,0.22333333333333333,0.296246708846222,0.30133210104131813,0.3394244906532241
1814,1,0.42333333333333334,0.4,0.43666666666666665,0.37666666666666665,0.36666666666666664,0.419068145175082,0.3892509658843634,0.3310673011556764
1815,0,0.31333333333333335,0.3,0.35333333333333333,0.35,0.2866666666666667,0.33747580196876265,0.3702718577937717,0.3310673011556764
1816,0,0.32666666666666666,0.31,0.30666666666666664,0.27666666666666667,0.27,0.3157183926100416,0.32813086794273144,0.3310673011556764
1817,0,0.36666666666666664,0.34,0.39,0.3233333333333333,0.31,0.354590863780232,0.3522145501890265,0.3310673011556764
1818,0,0.44333333333333336,0.2866666666666667,0.33666666666666667,0.3,0.38333333333333336,0.4055418520051401,0.41532344991797887,0.42297650130548303
1819,0,0.23,0.26666666666666666,0.2633333333333333,0.29333333333333333,0.22,0.24292006970452393,0.2607861273725316,0.3394244906532241
1820,0,0.3933333333333333,0.38666666666666666,0.35333333333333333,0.3333333333333333,0.2733333333333333,0.40091819800871487,0.37217679934378467,0.3310673011556764
1821,0,0.2733333333333333,0.27,0.33,0.31,0.25,0.28806425327273366,0.32924295629604594,0.3394244906532241
1822,0,0.21333333333333335,0.2866666666666667,0.2,0.35,0.21,0.2178636563172795,0.27230240115772403,0.3310673011556764
1823,0,0.24666666666666667,0.2633333333333333,0.26666666666666666,0.25333333333333335,0.23,0.24327997075373242,0.2652723132876289,0.3310673011556764
1824,1,0.3566666666666667,0.33666666666666667,0.3333333333333333,0.34,0.32666666666666666,0.36250681968785753,0.3499709047204447,0.3394244906532241
1825,0,0.30333333333333334,0.39666666666666667,0.3233333333333333,0.39666666666666667,0.26,0.30626863366501517,0.35853933635974994,0.3310673011556764
1826,0,0.2833333333333333,0.30666666666666664,0.2866666666666667,0.31666666666666665,0.2833333333333333,0.29497987122583447,0.3154207660147644,0.3310673011556764
1827,1,0.26666666666666666,0.41333333333333333,0.31333333333333335,0.37333333333333335,0.2633333333333333,0.3107158708897099,0.2796025996773631,0.3310673011556764
1828,0,0.3933333333333333,0.3933333333333333,0.39,0.4033333333333333,0.38666666666666666,0.4478371229189156,0.40795487153808785,0.4035173424523693
1829,0,0.3433333333333333,0.44333333333333336,0.3933333333333333,0.37333333333333335,0.25,0.3509158044720824,0.35035476490836764,0.3310673011556764
1830,1,0.3433333333333333,0.35333333333333333,0.38,0.3566666666666667,0.28,0.3044536136862462,0.3469737387332904,0.3310673011556764
1831,0,0.33666666666666667,0.3,0.29333333333333333,0.27,0.33666666666666667,0.3486659459898708,0.30156729452965275,0.3394244906532241
1832,0,0.24,0.33666666666666667,0.22,0.33666666666666667,0.18333333333333332,0.22803103036465988,0.28333753898110503,0.3394244906532241
1833,0,0.41,0.36,0.44333333333333336,0.39,0.3433333333333333,0.4145296448078223,0.36013164300299555,0.3394244906532241
1834,0,0.39666666666666667,0.41333333333333333,0.35333333333333333,0.35333333333333333,0.3466666666666667,0.36990838165560985,0.3195846493090645,0.3394244906532241
1835,1,0.41333333333333333,0.3466666666666667,0.33666666666666667,0.36333333333333334,0.5066666666666667,0.4263980035454908,0.3622752338816749,0.3310673011556764
1836,1,0.3933333333333333,0.4266666666666667,0.42333333333333334,0.37666666666666665,0.30333333333333334,0.3469704237244682,0.35732900667996814,0.3310673011556764
1837,0,0.43,0.42,0.4666666666666667,0.33,0.33,0.4576471761826974,0.45933204397306565,0.4035173424523693
1838,0,0.39,0.3566666666666667,0.33666666666666667,0.38666666666666666,0.29333333333333333,0.3549519353986095,0.3554037034146701,0.3394244906532241
1839,1,0.32,0.35,0.33666666666666667,0.24666666666666667,0.27,0.3226354573220501,0.3673058694426491,0.3310673011556764
1840,1,0.4066666666666667,0.41,0.39666666666666667,0.44666666666666666,0.4666666666666667,0.34480257361752736,0.32791077850808287,0.3310673011556764
1841,0,0.3466666666666667,0.3233333333333333,0.33666666666666667,0.31333333333333335,0.24,0.3069859627205898,0.39559989459710865,0.3394244906532241
1842,0,0.43333333333333335,0.3466666666666667,0.36,0.41,0.39666666666666667,0.40973395799503304,0.4427344798542368,0.4035173424523693
1843,1,0.4666666666666667,0.3466666666666667,0.4066666666666667,0.39666666666666667,0.37,0.4431341121825252,0.36740870154409366,0.42297650130548303
1844,0,0.37666666666666665,0.39666666666666667,0.35,0.3566666666666667,0.3,0.3418637895786305,0.31831595725946854,0.3394244906532241
1845,1,0.4266666666666667,0.3433333333333333,0.44666666666666666,0.39666666666666667,0.39,0.3868774011038155,0.4098956473907301,0.4035173424523693
1846,1,0.35,0.38,0.33666666666666667,0.37,0.2966666666666667,0.33429754845096193,0.34069372550384747,0.3394244906532241
1847,1,0.49666666666666665,0.39,0.43333333333333335,0.37666666666666665,0.3333333333333333,0.4869059868651366,0.4828634630595615,0.4035173424523693
1848,0,0.43,0.3933333333333333,0.37333333333333335,0.38,0.35333333333333333,0.4259401800175598,0.3705228067759307,0.4035173424523693
1849,0,0.4,0.39666666666666667,0.4166666666666667,0.33666666666666667,0.33666666666666667,0.3898184547562531,0.3702718577937717,0.3310673011556764
1850,1,0.47333333333333333,0.3933333333333333,0.41,0.4033333333333333,0.37,0.4658150773065661,0.42229148967774865,0.42297650130548303
1851,0,0.29,0.33,0.31,0.39,0.21666666666666667,0.2837266358450718,0.3118569985823074,0.3394244906532241
1852,1,0.45,0.37666666666666665,0.42,0.37,0.31666666666666665,0.39998168943970164,0.3684779119869224,0.3394244906532241
1853,0,0.43333333333333335,0.36333333333333334,0.39,0.3933333333333333,0.32,0.36578319359866696,0.31198020951353983,0.3394244906532241
1854,1,0.42333333333333334,0.32,0.4666666666666667,0.42333333333333334,0.36,0.459603408998869,0.4720229772765365,0.42297650130548303
1855,0,0.38333333333333336,0.31666666666666665,0.3233333333333333,0.33,0.29,0.3638945168809367,0.3740587170308403,0.3310673011556764
1856,1,0.42333333333333334,0.3433333333333333,0.29333333333333333,0.38666666666666666,0.23333333333333334,0.3809817128548173,0.39055750407502243,0.4035173424523693
1857,0,0.31666666666666665,0.29333333333333333,0.2866666666666667,0.34,0.2633333333333333,0.33468526190404,0.2968299813199781,0.3394244906532241
1858,0,0.32666666666666666,0.37666666666666665,0.31666666666666665,0.2833333333333333,0.29,0.321032740883088,0.2998262914610743,0.3394244906532241
1859,0,0.31333333333333335,0.31666666666666665,0.3466666666666667,0.2866666666666667,0.27666666666666667,0.32251661345243493,0.39559989459710865,0.3394244906532241
1860,0,0.29,0.26666666666666666,0.30333333333333334,0.29,0.26666666666666666,0.2883189862442165,0.30738899347517423,0.3394244906532241
1861,1,0.44,0.3333333333333333,0.3566666666666667,0.37,0.34,0.450165182768917,0.3684779119869224,0.3394244906532241
1862,1,0.4066666666666667,0.3233333333333333,0.2733333333333333,0.38666666666666666,0.3333333333333333,0.39352704363410557,0.3975802723389642,0.3310673011556764
1863,1,0.3233333333333333,0.35333333333333333,0.32,0.3466666666666667,0.2,0.2752808192937124,0.35048543907363827,0.3310673011556764
1864,0,0.2866666666666667,0.25333333333333335,0.22,0.3333333333333333,0.20666666666666667,0.28283447815020263,0.3266241901206696,0.3310673011556764
1865,0,0.26666666666666666,0.25333333333333335,0.24666666666666667,0.33666666666666667,0.17666666666666667,0.27302096442055007,0.31827821737581735,0.3394244906532241
1866,0,0.3433333333333333,0.2866666666666667,0.3466666666666667,0.35333333333333333,0.25666666666666665,0.3261227784704459,0.40459014019554773,0.3310673011556764
1867,1,0.32666666666666666,0.32,0.25,0.2733333333333333,0.26666666666666666,0.2965491220822934,0.38368938211013787,0.3394244906532241
1868,0,0.34,0.33,0.32,0.31666666666666665,0.2833333333333333,0.2871234779040654,0.27514800220219665,0.3310673011556764
1869,0,0.45,0.4033333333333333,0.3933333333333333,0.42,0.38,0.3823342113341687,0.3375674442152137,0.3310673011556764
1870,0,0.36,0.39,0.30333333333333334,0.34,0.33,0.38370424170893574,0.35719718418113644,0.3310673011556764
1871,0,0.41,0.33,0.4166666666666667,0.3566666666666667,0.31666666666666665,0.3862582886803662,0.38215957511677867,0.3310673011556764
1872,0,0.37,0.39666666666666667,0.42,0.42,0.37,0.4113985047641658,0.3722801927298484,0.42297650130548303
1873,1,0.38,0.36,0.37666666666666665,0.3933333333333333,0.3433333333333333,0.4023813469119983,0.36865199100695084,0.3394244906532241
1874,0,0.36,0.29,0.3933333333333333,0.30333333333333334,0.30666666666666664,0.3034648618516685,0.3567700295414111,0.3394244906532241
1875,0,0.46,0.38666666666666666,0.44666666666666666,0.38666666666666666,0.4,0.4667599316715053,0.3937872697144377,0.4035173424523693
1876,1,0.23,0.2833333333333333,0.25,0.27,0.30666666666666664,0.2973620740851101,0.2897108276433918,0.3394244906532241
1877,0,0.43666666666666665,0.31666666666666665,0.4033333333333333,0.4066666666666667,0.43333333333333335,0.4548369837307383,0.42349184084719965,0.4035173424523693
1878,0,0.38333333333333336,0.3433333333333333,0.3933333333333333,0.37666666666666665,0.2866666666666667,0.3468087303107158,0.33107311111668386,0.3310673011556764
1879,1,0.3233333333333333,0.2833333333333333,0.2633333333333333,0.29,0.36333333333333334,0.26651125976418955,0.30017635399301984,0.3310673011556764
1880,0,0.38333333333333336,0.3466666666666667,0.3933333333333333,0.39,0.3233333333333333,0.34889767887568046,0.34084399981134195,0.3310673011556764
1881,0,0.41,0.4033333333333333,0.39,0.3933333333333333,0.38333333333333336,0.4027294475237006,0.3733552127952184,0.3394244906532241
1882,1,0.41333333333333333,0.3233333333333333,0.31333333333333335,0.31,0.33,0.362674946093565,0.38545776428240686,0.3394244906532241
1883,0,0.43333333333333335,0.38333333333333336,0.43,0.37,0.36333333333333334,0.42648880982396903,0.3817613458744341,0.3394244906532241
1884,0,0.3333333333333333,0.33666666666666667,0.4066666666666667,0.38333333333333336,0.32666666666666666,0.38720845811733556,0.3823354422876031,0.3310673011556764
1885,0,0.31333333333333335,0.2866666666666667,0.33,0.28,0.25,0.30135652290146653,0.39061313961512245,0.3394244906532241
1886,0,0.23333333333333334,0.36666666666666664,0.25666666666666665,0.36,0.19333333333333333,0.21349585830797524,0.27316473372626826,0.3394244906532241
1887,0,0.31,0.3566666666666667,0.31666666666666665,0.34,0.3,0.312810685842117,0.29838845023663313,0.3394244906532241
1888,0,0.30666666666666664,0.4033333333333333,0.36,0.37666666666666665,0.24,0.32303700506078437,0.3386643972161324,0.3394244906532241
1889,0,0.43,0.38333333333333336,0.39666666666666667,0.37,0.44333333333333336,0.39618556874394556,0.37198976178490034,0.3394244906532241
1890,0,0.38,0.37666666666666665,0.35,0.4066666666666667,0.32,0.37139751507440766,0.3805191272712418,0.4035173424523693
1891,0,0.30333333333333334,0.32666666666666666,0.33666666666666667,0.33,0.27666666666666667,0.27152096338210446,0.3245885597684391,0.3394244906532241
1892,0,0.37333333333333335,0.32666666666666666,0.3,0.34,0.32,0.39092699887295806,0.40609433827846364,0.4035173424523693
1893,0,0.44,0.36666666666666664,0.4166666666666667,0.4066666666666667,0.3233333333333333,0.376601655633497,0.40135965489709524,0.42297650130548303
1894,0,0.24,0.2966666666666667,0.22333333333333333,0.25333333333333335,0.21666666666666667,0.2176890508771091,0.2721886610106116,0.3310673011556764
1895,0,0.2966666666666667,0.2866666666666667,0.25333333333333335,0.32,0.2866666666666667,0.27908022246884184,0.32175574802724133,0.3310673011556764
1896,1,0.29333333333333333,0.33,0.22666666666666666,0.32,0.21,0.30760139206810017,0.3817613458744341,0.3394244906532241
1897,1,0.4166666666666667,0.29,0.41,0.33,0.31666666666666665,0.3822357872828256,0.38215957511677867,0.3310673011556764
1898,0,0.34,0.37666666666666665,0.36333333333333334,0.35333333333333333,0.2833333333333333,0.3808326159752619,0.3702718577937717,0.3310673011556764
1899,1,0.43666666666666665,0.31,0.37666666666666665,0.35333333333333333,0.4,0.3859487388570602,0.38545776428240686,0.3394244906532241
1900,0,0.4033333333333333,0.31,0.36,0.33,0.3433333333333333,0.3492837491521276,0.30458562500010444,0.3310673011556764
1901,0,0.35,0.3433333333333333,0.37,0.3333333333333333,0.33,0.3166557030110614,0.3456122141217671,0.3310673011556764
1902,0,0.36666666666666664,0.3566666666666667,0.36,0.38,0.23333333333333334,0.35347303554754433,0.37733044883546923,0.4035173424523693
1903,0,0.3466666666666667,0.31,0.4033333333333333,0.3466666666666667,0.29,0.31722585712837575,0.32002297696235665,0.3394244906532241
1904,1,0.2866666666666667,0.2633333333333333,0.33,0.23666666666666666,0.24666666666666667,0.29779262245571736,0.33151509170920035,0.3310673011556764
1905,0,0.33666666666666667,0.41333333333333333,0.36,0.34,0.22666666666666666,0.33239657410588486,0.4427344798542368,0.4035173424523693
1906,1,0.30666666666666664,0.38333333333333336,0.38333333333333336,0.4,0.29333333333333333,0.36191867002878225,0.3567700295414111,0.3394244906532241
1907,0,0.4,0.38,0.3433333333333333,0.44,0.36666666666666664,0.3585142661405114,0.3469737387332904,0.3310673011556764
1908,0,0.37666666666666665,0.26,0.2633333333333333,0.3333333333333333,0.2733333333333333,0.3045198421798444,0.3375674442152137,0.3310673011556764
1909,1,0.3466666666666667,0.38,0.3566666666666667,0.36333333333333334,0.23666666666666666,0.31985962594145906,0.32924295629604594,0.3394244906532241
1910,0,0.32666666666666666,0.42333333333333334,0.33666666666666667,0.36333333333333334,0.2966666666666667,0.35124188816994706,0.3152180571059942,0.3394244906532241
1911,1,0.3566666666666667,0.37666666666666665,0.38,0.3466666666666667,0.32666666666666666,0.32016185946337705,0.3181536693288017,0.3394244906532241
1912,1,0.34,0.36333333333333334,0.31,0.3233333333333333,0.24333333333333335,0.3069166165098532,0.3420068599864645,0.3394244906532241
1913,1,0.3333333333333333,0.39666666666666667,0.3233333333333333,0.38666666666666666,0.37666666666666665,0.41918958008314583,0.34578140545951735,0.3310673011556764
1914,0,0.35,0.39666666666666667,0.31333333333333335,0.3466666666666667,0.36333333333333334,0.35295539606196913,0.33891369040266583,0.3310673011556764
1915,1,0.36666666666666664,0.2866666666666667,0.36666666666666664,0.2966666666666667,0.2833333333333333,0.38564991657069514,0.40459014019554773,0.3310673011556764
1916,0,0.37333333333333335,0.3433333333333333,0.4,0.34,0.36333333333333334,0.33101605659332456,0.32175574802724133,0.3310673011556764
1917,1,0.32666666666666666,0.29,0.28,0.27666666666666667,0.31666666666666665,0.33457467513029276,0.3278855723764919,0.3394244906532241
1918,0,0.27666666666666667,0.31333333333333335,0.25,0.32,0.31666666666666665,0.2877615658625713,0.31718565141193666,0.3310673011556764
1919,0,0.36333333333333334,0.37,0.33666666666666667,0.37666666666666665,0.31,0.33469828984085287,0.36987860014221624,0.3394244906532241
1920,0,0.37,0.35333333333333333,0.3566666666666667,0.3333333333333333,0.2833333333333333,0.33803533904770283,0.33069962262284625,0.3394244906532241
1921,0,0.30666666666666664,0.3433333333333333,0.31333333333333335,0.34,0.24,0.3015452180115879,0.39258476867216446,0.3310673011556764
1922,1,0.31333333333333335,0.2866666666666667,0.26,0.33,0.25,0.2837037873358064,0.3486038975211502,0.3394244906532241
1923,1,0.37,0.4266666666666667,0.38333333333333336,0.3566666666666667,0.3466666666666667,0.32921803155705953,0.3305725708586891,0.3394244906532241
1924,1,0.23,0.34,0.3,0.3333333333333333,0.30333333333333334,0.2835925462089097,0.3010904352182543,0.3394244906532241
1925,1,0.34,0.36,0.44333333333333336,0.37666666666666665,0.32666666666666666,0.3644531478661405,0.33719032241041735,0.3394244906532241
1926,0,0.38333333333333336,0.36666666666666664,0.3566666666666667,0.39666666666666667,0.29333333333333333,0.3514113455437335,0.34591128211847844,0.3310673011556764
1927,0,0.3566666666666667,0.3333333333333333,0.36666666666666664,0.4066666666666667,0.33,0.41284734536746565,0.3489257249515665,0.3310673011556764
1928,1,0.39666666666666667,0.3466666666666667,0.37333333333333335,0.39,0.37333333333333335,0.3499468853744257,0.37865051713279263,0.3310673011556764
1929,0,0.42,0.31333333333333335,0.33,0.38333333333333336,0.37333333333333335,0.4087584629219877,0.40459014019554773,0.3310673011556764
1930,0,0.38333333333333336,0.3233333333333333,0.3233333333333333,0.2833333333333333,0.31666666666666665,0.3372471670972332,0.38935853110591645,0.3310673011556764
1931,0,0.39666666666666667,0.4766666666666667,0.3433333333333333,0.36,0.32666666666666666,0.3680608849935029,0.36865199100695084,0.3394244906532241
1932,0,0.42,0.38666666666666666,0.38333333333333336,0.38333333333333336,0.3466666666666667,0.40382718056177286,0.3391158513149393,0.3394244906532241
1933,1,0.3433333333333333,0.38333333333333336,0.32,0.3566666666666667,0.2866666666666667,0.3772477780817986,0.353365332666653,0.3394244906532241
1934,0,0.37333333333333335,0.38,0.36333333333333334,0.41,0.33,0.421518115988684,0.41117405622164244,0.4035173424523693
1935,1,0.33666666666666667,0.33,0.36,0.3433333333333333,0.33666666666666667,0.43015917177093516,0.42349184084719965,0.4035173424523693
1936,0,0.28,0.2966666666666667,0.36,0.33666666666666667,0.3,0.29938652651517045,0.3264604046491026,0.3310673011556764
1937,0,0.31,0.33,0.32666666666666666,0.27666666666666667,0.27666666666666667,0.2964130677332181,0.3264604046491026,0.3310673011556764
1938,0,0.3566666666666667,0.41333333333333333,0.3566666666666667,0.3433333333333333,0.29333333333333333,0.3179305942438283,0.31995158555790804,0.3310673011556764
1939,1,0.42333333333333334,0.3466666666666667,0.47,0.37666666666666665,0.33666666666666667,0.4438601043127958,0.41325865271686985,0.4035173424523693
1940,0,0.27,0.37666666666666665,0.36,0.28,0.29,0.2798475791047585,0.33719032241041735,0.3394244906532241
1941,0,0.25666666666666665,0.2966666666666667,0.3233333333333333,0.3,0.27,0.24486687398145326,0.2718585582693165,0.3394244906532241
1942,0,0.36333333333333334,0.38666666666666666,0.36333333333333334,0.38333333333333336,0.37333333333333335,0.38582443940353794,0.35732900667996814,0.3310673011556764
1943,1,0.43333333333333335,0.31666666666666665,0.39,0.31666666666666665,0.31666666666666665,0.3501118267382376,0.39956497795367457,0.3310673011556764
1944,1,0.36333333333333334,0.4033333333333333,0.38333333333333336,0.42,0.33666666666666667,0.3694722907174959,0.35048543907363827,0.3310673011556764
1945,1,0.29,0.32,0.2866666666666667,0.28,0.20666666666666667,0.22997068415154281,0.30738899347517423,0.3394244906532241
1946,0,0.31,0.29333333333333333,0.30666666666666664,0.31666666666666665,0.22666666666666666,0.272843699574856,0.33069962262284625,0.3394244906532241
1947,1,0.35,0.33,0.33666666666666667,0.39,0.31333333333333335,0.4180688105163121,0.36740870154409366,0.42297650130548303
1948,0,0.2966666666666667,0.32666666666666666,0.24,0.27,0.2733333333333333,0.3264925249101006,0.2623331373104561,0.3394244906532241
1949,0,0.4,0.3566666666666667,0.46,0.4,0.37,0.44502185616452905,0.3874977826075948,0.4035173424523693
1950,0,0.2866666666666667,0.29333333333333333,0.3,0.2866666666666667,0.18333333333333332,0.25057622928192136,0.2936170034654178,0.3394244906532241
1951,1,0.38333333333333336,0.36333333333333334,0.41333333333333333,0.36666666666666664,0.38666666666666666,0.35848627057673804,0.33069962262284625,0.3394244906532241
1952,0,0.33666666666666667,0.3566666666666667,0.31666666666666665,0.37333333333333335,0.33,0.3351030773350115,0.3305725708586891,0.3394244906532241
1953,1,0.33666666666666667,0.4166666666666667,0.36666666666666664,0.36333333333333334,0.3,0.41032588781636653,0.3975802723389642,0.3310673011556764
1954,1,0.38333333333333336,0.33,0.39666666666666667,0.33666666666666667,0.3933333333333333,0.3788398557348153,0.3278855723764919,0.3394244906532241
1955,0,0.39666666666666667,0.32666666666666666,0.45,0.42333333333333334,0.30333333333333334,0.41063337446987397,0.39269028539715845,0.42297650130548303
1956,0,0.31,0.36333333333333334,0.36666666666666664,0.36666666666666664,0.19666666666666666,0.2801823827858094,0.33904232434425674,0.3310673011556764
1957,1,0.37666666666666665,0.38333333333333336,0.3433333333333333,0.37333333333333335,0.32,0.3740449292337965,0.3823354422876031,0.3310673011556764
1958,0,0.31,0.3333333333333333,0.32666666666666666,0.36666666666666664,0.3233333333333333,0.31778369155844743,0.29259727003054126,0.3310673011556764
1959,0,0.31666666666666665,0.39666666666666667,0.3333333333333333,0.32666666666666666,0.28,0.3269006883099268,0.34046509887140136,0.3394244906532241
1960,0,0.48,0.37,0.44333333333333336,0.38,0.37666666666666665,0.4597416425211361,0.4427344798542368,0.4035173424523693
1961,1,0.45,0.36333333333333334,0.38333333333333336,0.37,0.4,0.4822049650715363,0.3937872697144377,0.4035173424523693
1962,1,0.36666666666666664,0.34,0.44666666666666666,0.38666666666666666,0.38666666666666666,0.37735294809479525,0.3278565699958886,0.3394244906532241
1963,1,0.37333333333333335,0.3433333333333333,0.36666666666666664,0.34,0.31333333333333335,0.35182777419504346,0.42349184084719965,0.4035173424523693
1964,0,0.33,0.38,0.32666666666666666,0.37,0.32,0.4035430690368623,0.38545776428240686,0.3394244906532241
1965,1,0.26,0.2633333333333333,0.29333333333333333,0.2633333333333333,0.23333333333333334,0.2851287429155511,0.2863663187573954,0.3394244906532241
1966,0,0.35,0.38666666666666666,0.38333333333333336,0.4,0.31,0.3505289737026085,0.32283072635983906,0.3394244906532241
1967,1,0.3466666666666667,0.3333333333333333,0.33,0.36666666666666664,0.3333333333333333,0.3531857887982471,0.34419226945227965,0.3310673011556764
1968,1,0.41333333333333333,0.37666666666666665,0.38666666666666666,0.34,0.2966666666666667,0.41575979926684603,0.3906403652171492,0.3310673011556764
1969,1,0.46,0.37,0.43,0.41,0.46,0.43540120279765404,0.3420068599864645,0.3394244906532241
1970,1,0.4,0.33,0.42333333333333334,0.3466666666666667,0.43666666666666665,0.4377295222442999,0.3587468511528954,0.4035173424523693
1971,1,0.23333333333333334,0.2833333333333333,0.2833333333333333,0.31,0.24,0.2455031107320274,0.27514800220219665,0.3310673011556764
1972,0,0.3566666666666667,0.42333333333333334,0.35333333333333333,0.4066666666666667,0.3466666666666667,0.4116831781448826,0.37727735951705943,0.3310673011556764
1973,0,0.3433333333333333,0.33666666666666667,0.36666666666666664,0.34,0.3,0.33129992160259275,0.35035476490836764,0.3310673011556764
1974,1,0.3933333333333333,0.37333333333333335,0.3933333333333333,0.3433333333333333,0.4,0.4001092273165757,0.3344471140042278,0.3394244906532241
1975,0,0.41333333333333333,0.3466666666666667,0.38666666666666666,0.35333333333333333,0.3433333333333333,0.3753189883516907,0.35010151287130586,0.3394244906532241
1976,0,0.31,0.30666666666666664,0.24,0.31666666666666665,0.25666666666666665,0.28803183551489353,0.2910057465359414,0.3394244906532241
1977,0,0.45,0.3433333333333333,0.4066666666666667,0.36,0.37666666666666665,0.4157622085725291,0.36740870154409366,0.42297650130548303
1978,1,0.32,0.37333333333333335,0.3433333333333333,0.3466666666666667,0.23,0.30956625345167943,0.35048543907363827,0.3310673011556764
1979,0,0.3233333333333333,0.36,0.34,0.36666666666666664,0.27,0.31928474355854625,0.3486038975211502,0.3394244906532241
1980,0,0.34,0.31666666666666665,0.3233333333333333,0.36,0.22333333333333333,0.3289905697626507,0.3418776830643402,0.3394244906532241
1981,1,0.38333333333333336,0.38333333333333336,0.39666666666666667,0.33666666666666667,0.33666666666666667,0.39815402732879596,0.3456122141217671,0.3310673011556764
1982,0,0.30333333333333334,0.2966666666666667,0.25666666666666665,0.31666666666666665,0.28,0.3140058639125316,0.34371627763621093,0.3394244906532241
1983,0,0.38333333333333336,0.35,0.3933333333333333,0.4066666666666667,0.31666666666666665,0.4215592252658474,0.42349184084719965,0.4035173424523693
1984,0,0.29333333333333333,0.32,0.28,0.30666666666666664,0.20333333333333334,0.27555080703263496,0.30751122799297015,0.3394244906532241
1985,0,0.30333333333333334,0.3933333333333333,0.38333333333333336,0.38333333333333336,0.3433333333333333,0.3689096562815005,0.35732900667996814,0.3310673011556764
1986,0,0.32666666666666666,0.3233333333333333,0.27666666666666667,0.27666666666666667,0.2,0.31913936008960314,0.31554473931499516,0.3310673011556764
1987,0,0.3933333333333333,0.38666666666666666,0.45666666666666667,0.39,0.31666666666666665,0.365423317303003,0.34877377283787636,0.3394244906532241
1988,1,0.33,0.3466666666666667,0.36666666666666664,0.3466666666666667,0.22333333333333333,0.3311541706532498,0.30915365923199495,0.3310673011556764
1989,0,0.43666666666666665,0.32666666666666666,0.38,0.34,0.38333333333333336,0.39972271448151,0.3774122415601326,0.3310673011556764
1990,0,0.36333333333333334,0.37666666666666665,0.31333333333333335,0.31333333333333335,0.2833333333333333,0.36624353409070254,0.3805191272712418,0.4035173424523693
1991,1,0.45666666666666667,0.38,0.43,0.37333333333333335,0.4,0.4458248380850057,0.42040803431175944,0.42297650130548303
1992,0,0.4666666666666667,0.31333333333333335,0.41,0.43,0.4166666666666667,0.42461164439859367,0.34710382562722014,0.3310673011556764
1993,1,0.2633333333333333,0.3,0.25,0.33,0.2,0.2573233255907683,0.36175303130988995,0.3394244906532241
1994,0,0.37333333333333335,0.38666666666666666,0.39,0.36,0.2633333333333333,0.4051821183591437,0.37040572502775887,0.3310673011556764
1995,0,0.5066666666666667,0.33,0.4,0.42333333333333334,0.38333333333333336,0.41926139533026247,0.3874199149648014,0.3310673011556764
1996,1,0.32666666666666666,0.31666666666666665,0.34,0.3433333333333333,0.23333333333333334,0.30956993766898344,0.2937360840710527,0.3394244906532241
1997,1,0.4,0.37,0.4,0.3466666666666667,0.37333333333333335,0.4301125502884049,0.3308266990859808,0.3394244906532241
1998,1,0.4266666666666667,0.4066666666666667,0.43,0.3433333333333333,0.43666666666666665,0.41873878587322466,0.3456122141217671,0.3310673011556764
1999,1,0.32666666666666666,0.32666666666666666,0.3466666666666667,0.35,0.2966666666666667,0.30448360800105956,0.3653838912404956,0.3310673011556764
2000,0,0.4166666666666667,0.37,0.3566666666666667,0.31,0.2966666666666667,0.38413332131316547,0.3571572497269824,0.3310673011556764
2001,1,0.5066666666666667,0.4,0.4866666666666667,0.38666666666666666,0.38666666666666666,0.41011466107875105,0.3772364975873999,0.3310673011556764
2002,1,0.2966666666666667,0.30333333333333334,0.29,0.29,0.18333333333333332,0.2813139090259435,0.3617136193415141,0.3394244906532241
2003,0,0.38,0.37666666666666665,0.39666666666666667,0.43333333333333335,0.33,0.3665594493618477,0.4009544022664576,0.4035173424523693
2004,1,0.43666666666666665,0.38333333333333336,0.37333333333333335,0.3566666666666667,0.39666666666666667,0.3946258983495534,0.33904232434425674,0.3310673011556764
2005,0,0.3333333333333333,0.37333333333333335,0.35,0.38666666666666666,0.2866666666666667,0.33408191963780115,0.3456122141217671,0.3310673011556764
2006,0,0.27666666666666667,0.32,0.25,0.31333333333333335,0.21333333333333335,0.24039473114641824,0.3154207660147644,0.3310673011556764
2007,0,0.42,0.36,0.4166666666666667,0.36333333333333334,0.27666666666666667,0.42194786784640537,0.4427344798542368,0.4035173424523693
2008,1,0.4066666666666667,0.3333333333333333,0.37,0.38333333333333336,0.2966666666666667,0.4226831376228543,0.36744912704493654,0.3310673011556764
2009,1,0.53,0.38,0.38333333333333336,0.37666666666666665,0.42333333333333334,0.4049888582415619,0.3537463232759562,0.3310673011556764
2010,0,0.4,0.31666666666666665,0.36666666666666664,0.3566666666666667,0.29333333333333333,0.3590212386155688,0.3571572497269824,0.3310673011556764
2011,0,0.3,0.28,0.33,0.31,0.23666666666666666,0.27851995828958775,0.30458562500010444,0.3310673011556764
2012,0,0.4,0.36333333333333334,0.35,0.41333333333333333,0.30333333333333334,0.3698444190905544,0.3615810893710185,0.3394244906532241
2013,0,0.36,0.39666666666666667,0.3566666666666667,0.36333333333333334,0.25333333333333335,0.3823457175957503,0.40609433827846364,0.4035173424523693
2014,1,0.33,0.3933333333333333,0.27666666666666667,0.3433333333333333,0.3333333333333333,0.395674749579822,0.3537463232759562,0.3310673011556764
2015,0,0.32666666666666666,0.4266666666666667,0.34,0.38333333333333336,0.22333333333333333,0.35541136906590026,0.4131808613726105,0.4035173424523693
2016,1,0.3566666666666667,0.31,0.38333333333333336,0.3433333333333333,0.25666666666666665,0.3163864044918176,0.34574206081624126,0.3310673011556764
2017,0,0.31,0.32,0.33,0.36,0.36333333333333334,0.36291453036141175,0.32791077850808287,0.3310673011556764
2018,1,0.3333333333333333,0.30333333333333334,0.42333333333333334,0.35,0.27666666666666667,0.32264134635689334,0.3615810893710185,0.3394244906532241
2019,0,0.31333333333333335,0.42,0.4066666666666667,0.37,0.2833333333333333,0.35094506301218314,0.3733552127952184,0.3394244906532241
2020,1,0.34,0.37,0.3233333333333333,0.36,0.24666666666666667,0.3809608353721653,0.31228530194472925,0.3394244906532241
2021,0,0.2733333333333333,0.33666666666666667,0.32666666666666666,0.32,0.24333333333333335,0.30599953650531253,0.3338754896748258,0.3394244906532241
2022,0,0.43333333333333335,0.4166666666666667,0.47,0.39666666666666667,0.31333333333333335,0.3753505449131196,0.3906403652171492,0.3310673011556764
2023,1,0.55,0.39,0.44333333333333336,0.38666666666666666,0.43666666666666665,0.4937473471410184,0.41325865271686985,0.4035173424523693
2024,1,0.35,0.38,0.38333333333333336,0.3466666666666667,0.29,0.41597029908295396,0.43081539797375573,0.4035173424523693
2025,1,0.36,0.32,0.39666666666666667,0.37,0.34,0.41032623318116085,0.35059973057887694,0.3394244906532241
2026,1,0.4033333333333333,0.38,0.48333333333333334,0.33,0.37333333333333335,0.39740133714999115,0.42229148967774865,0.42297650130548303
2027,1,0.36333333333333334,0.3466666666666667,0.45,0.3566666666666667,0.30666666666666664,0.34248631864952045,0.34915702526566894,0.3310673011556764
2028,0,0.37666666666666665,0.37333333333333335,0.3933333333333333,0.37333333333333335,0.4,0.40174767335318146,0.33917098206002705,0.3310673011556764
2029,1,0.38,0.36666666666666664,0.34,0.36666666666666664,0.31666666666666665,0.4032241406694253,0.4393942411475793,0.4035173424523693
2030,1,0.47333333333333333,0.31666666666666665,0.4266666666666667,0.3466666666666667,0.37666666666666665,0.43933311447894474,0.3557156560928963,0.3310673011556764
2031,0,0.2833333333333333,0.34,0.2633333333333333,0.38,0.23666666666666666,0.2727607962092026,0.2748116847465586,0.3394244906532241
2032,1,0.3233333333333333,0.38666666666666666,0.43666666666666665,0.37333333333333335,0.36333333333333334,0.3756774143921803,0.3603662601007547,0.3394244906532241
2033,0,0.26666666666666666,0.4066666666666667,0.3333333333333333,0.32666666666666666,0.23333333333333334,0.3010422589988299,0.2970623123916108,0.3310673011556764
2034,1,0.32,0.39666666666666667,0.33,0.37,0.22,0.32153534702397835,0.3377347298677331,0.3310673011556764
2035,1,0.44,0.3566666666666667,0.4066666666666667,0.41,0.36,0.3754738497834365,0.32778427345938876,0.3310673011556764
2036,0,0.4066666666666667,0.43333333333333335,0.3566666666666667,0.36666666666666664,0.33,0.42038033114678447,0.3817613458744341,0.3394244906532241
2037,1,0.38333333333333336,0.36333333333333334,0.4533333333333333,0.37333333333333335,0.3566666666666667,0.4237997197887998,0.3817613458744341,0.3394244906532241
2038,0,0.3333333333333333,0.35,0.35,0.38333333333333336,0.2966666666666667,0.31824304097904804,0.33891369040266583,0.3310673011556764
2039,1,0.3466666666666667,0.3466666666666667,0.38333333333333336,0.34,0.29,0.33348950896943264,0.2763491631385644,0.3310673011556764
2040,0,0.42,0.3566666666666667,0.43,0.37666666666666665,0.38,0.4341063332697028,0.3617136193415141,0.3394244906532241
2041,1,0.2966666666666667,0.3,0.2633333333333333,0.2866666666666667,0.26,0.3300592292190789,0.3260895831278764,0.3394244906532241
2042,0,0.30666666666666664,0.30333333333333334,0.33,0.30333333333333334,0.29333333333333333,0.32327340703045526,0.3452307887492144,0.3394244906532241
2043,1,0.3566666666666667,0.4033333333333333,0.38666666666666666,0.36666666666666664,0.28,0.3688425297436261,0.353365332666653,0.3394244906532241
2044,1,0.41,0.3466666666666667,0.38333333333333336,0.36666666666666664,0.39,0.41136926650649297,0.35048543907363827,0.3310673011556764
2045,1,0.4166666666666667,0.39666666666666667,0.36333333333333334,0.4033333333333333,0.36,0.4184957847621792,0.39770441793324157,0.4035173424523693
2046,0,0.42333333333333334,0.4,0.4166666666666667,0.3566666666666667,0.36,0.44133775098780564,0.4329263593291345,0.4035173424523693
2047,1,0.35333333333333333,0.36333333333333334,0.36666666666666664,0.3933333333333333,0.4033333333333333,0.3528646834279363,0.33437408714782485,0.3310673011556764
2048,1,0.30666666666666664,0.30666666666666664,0.2733333333333333,0.36333333333333334,0.24666666666666667,0.34438151330151967,0.2968299813199781,0.3394244906532241
2049,1,0.3433333333333333,0.38666666666666666,0.3466666666666667,0.3333333333333333,0.32666666666666666,0.4071259218742466,0.3557156560928963,0.3310673011556764
2050,0,0.36666666666666664,0.34,0.37333333333333335,0.38,0.33,0.37093352053395406,0.32778427345938876,0.3310673011556764
2051,1,0.30666666666666664,0.42333333333333334,0.33666666666666667,0.4033333333333333,0.31333333333333335,0.32844167584546224,0.3581514525789926,0.3394244906532241
2052,0,0.33666666666666667,0.32,0.31333333333333335,0.3466666666666667,0.25666666666666665,0.35798513390791953,0.3937872697144377,0.4035173424523693
2053,1,0.3933333333333333,0.38333333333333336,0.4266666666666667,0.38,0.32666666666666666,0.3971149445629669,0.35035476490836764,0.3310673011556764
2054,0,0.4266666666666667,0.37,0.38,0.3933333333333333,0.39,0.4268622134229865,0.3772364975873999,0.3310673011556764
2055,0,0.38333333333333336,0.39,0.4166666666666667,0.37666666666666665,0.32666666666666666,0.3854031318862659,0.3519306652995465,0.3394244906532241
2056,1,0.4033333333333333,0.37,0.4866666666666667,0.41,0.34,0.3489312422267063,0.35035476490836764,0.3310673011556764
2057,0,0.43333333333333335,0.36666666666666664,0.4066666666666667,0.41,0.35333333333333333,0.3992984243564954,0.3906403652171492,0.3310673011556764
2058,0,0.32666666666666666,0.2966666666666667,0.4033333333333333,0.36666666666666664,0.3566666666666667,0.4221683767154476,0.43068830749035314,0.42297650130548303
2059,1,0.4633333333333333,0.38,0.48333333333333334,0.34,0.3466666666666667,0.4494266755332988,0.4400232968952435,0.42297650130548303
2060,0,0.2633333333333333,0.30333333333333334,0.31,0.32666666666666666,0.2733333333333333,0.2938333684902911,0.29671017338099376,0.3394244906532241
2061,0,0.42,0.32666666666666666,0.36,0.32,0.3933333333333333,0.40638616604659533,0.3733552127952184,0.3394244906532241
2062,1,0.29,0.33666666666666667,0.21666666666666667,0.26,0.24,0.2808728339529566,0.3295342794314946,0.3394244906532241
2063,0,0.26666666666666666,0.39,0.2733333333333333,0.39,0.24333333333333335,0.34455301329722743,0.32940816803793843,0.3394244906532241
2064,1,0.30666666666666664,0.37333333333333335,0.2966666666666667,0.36,0.2966666666666667,0.3220402794630082,0.3456122141217671,0.3310673011556764
2065,1,0.31,0.29,0.34,0.33666666666666667,0.30333333333333334,0.3202990051949336,0.3136365678117726,0.3394244906532241
2066,0,0.4066666666666667,0.4166666666666667,0.41333333333333333,0.42333333333333334,0.4033333333333333,0.37790772430572334,0.3817613458744341,0.3394244906532241
2067,0,0.42333333333333334,0.37666666666666665,0.37333333333333335,0.39666666666666667,0.37,0.37617228032955796,0.3685183865977505,0.3394244906532241
2068,0,0.29,0.38333333333333336,0.32,0.37333333333333335,0.21666666666666667,0.3453221965921623,0.3420068599864645,0.3394244906532241
2069,1,0.31333333333333335,0.38,0.2966666666666667,0.42333333333333334,0.31,0.3204041028817254,0.31684516595354706,0.3310673011556764
2070,0,0.38,0.37,0.35,0.4166666666666667,0.3433333333333333,0.38812630364072775,0.34877377283787636,0.3394244906532241
2071,0,0.34,0.3566666666666667,0.38666666666666666,0.32,0.26,0.3493238006148413,0.35048543907363827,0.3310673011556764
2072,0,0.29,0.27,0.30333333333333334,0.3233333333333333,0.26,0.27771951943210127,0.3154207660147644,0.3310673011556764
2073,1,0.36,0.35,0.30333333333333334,0.3433333333333333,0.26666666666666666,0.29186919513678133,0.35853933635974994,0.3310673011556764
2074,1,0.3566666666666667,0.32666666666666666,0.30666666666666664,0.29333333333333333,0.26,0.3383182632250981,0.3733552127952184,0.3394244906532241
2075,0,0.26666666666666666,0.3233333333333333,0.30666666666666664,0.31333333333333335,0.24,0.30176164962642316,0.31995158555790804,0.3310673011556764
2076,0,0.4033333333333333,0.31,0.38666666666666666,0.39,0.29333333333333333,0.3632128796840436,0.3603662601007547,0.3394244906532241
2077,0,0.43666666666666665,0.33666666666666667,0.39,0.41333333333333333,0.3433333333333333,0.3878383978070238,0.37217679934378467,0.3310673011556764
2078,0,0.35333333333333333,0.31333333333333335,0.33,0.3333333333333333,0.24,0.31361594364588175,0.38545776428240686,0.3394244906532241
2079,1,0.4533333333333333,0.3566666666666667,0.3933333333333333,0.36,0.43333333333333335,0.42125990200599844,0.37040572502775887,0.3310673011556764
2080,0,0.24333333333333335,0.31666666666666665,0.22333333333333333,0.31333333333333335,0.19,0.2328910245520871,0.28233923674119366,0.3310673011556764
2081,1,0.31666666666666665,0.41,0.29,0.36666666666666664,0.26,0.30993560335429404,0.3087934834876851,0.3394244906532241
2082,0,0.2733333333333333,0.3466666666666667,0.24666666666666667,0.36333333333333334,0.29,0.344428802149559,0.28333753898110503,0.3394244906532241
2083,1,0.2733333333333333,0.32666666666666666,0.26666666666666666,0.31333333333333335,0.21,0.27218486733202624,0.27911240537439663,0.3394244906532241
2084,0,0.2633333333333333,0.27666666666666667,0.31,0.34,0.24333333333333335,0.2542894964591251,0.3104448329055812,0.3394244906532241
2085,0,0.3566666666666667,0.4066666666666667,0.36,0.38,0.33,0.369603272561667,0.3718860617182593,0.4035173424523693
2086,0,0.2966666666666667,0.2866666666666667,0.27666666666666667,0.3233333333333333,0.2633333333333333,0.25113119292182273,0.3195846493090645,0.3394244906532241
2087,1,0.33,0.28,0.33,0.2966666666666667,0.3233333333333333,0.34831347522020784,0.3653306303901743,0.3394244906532241
2088,0,0.23333333333333334,0.30333333333333334,0.30333333333333334,0.34,0.21,0.2261828164167064,0.30915365923199495,0.3310673011556764
2089,1,0.44666666666666666,0.3333333333333333,0.4033333333333333,0.4033333333333333,0.39,0.45121006231508465,0.4027637727546787,0.42297650130548303
2090,1,0.24666666666666667,0.3,0.27,0.25,0.19,0.2708535362073861,0.2954566458815771,0.3394244906532241
2091,0,0.29,0.37,0.34,0.3933333333333333,0.2,0.3177288771341689,0.31198020951353983,0.3394244906532241
2092,1,0.42,0.37,0.45,0.41333333333333333,0.39,0.4345833000909115,0.36221915179628694,0.4035173424523693
2093,0,0.24,0.2966666666666667,0.2733333333333333,0.31,0.18333333333333332,0.2340775678173021,0.27911240537439663,0.3394244906532241
2094,0,0.20666666666666667,0.32,0.22,0.24666666666666667,0.18333333333333332,0.24108491599898904,0.26483186979624807,0.3394244906532241
2095,0,0.35333333333333333,0.37333333333333335,0.37,0.3933333333333333,0.29,0.35931818028828977,0.3805191272712418,0.4035173424523693
2096,1,0.32666666666666666,0.3333333333333333,0.32,0.31333333333333335,0.33666666666666667,0.3464813332994082,0.3653306303901743,0.3394244906532241
2097,0,0.4633333333333333,0.36,0.4533333333333333,0.42333333333333334,0.38333333333333336,0.4596802173405815,0.4427344798542368,0.4035173424523693
2098,0,0.43333333333333335,0.4066666666666667,0.42,0.38333333333333336,0.39666666666666667,0.37744126894036667,0.3733552127952184,0.3394244906532241
2099,1,0.31,0.36,0.3,0.35333333333333333,0.30666666666666664,0.33741398561049535,0.3567700295414111,0.3394244906532241
2100,1,0.49666666666666665,0.39,0.42,0.39,0.41,0.4357331192768587,0.42349184084719965,0.4035173424523693
2101,1,0.43333333333333335,0.41,0.3933333333333333,0.39,0.31333333333333335,0.38785301759664637,0.35917505099475405,0.3310673011556764
2102,1,0.3566666666666667,0.37666666666666665,0.32666666666666666,0.36666666666666664,0.31666666666666665,0.37441417412910066,0.30915365923199495,0.3310673011556764
2103,1,0.29,0.3566666666666667,0.31666666666666665,0.3466666666666667,0.3466666666666667,0.37366877042764746,0.3374858611751598,0.3394244906532241
2104,0,0.36666666666666664,0.37,0.36,0.36333333333333334,0.37333333333333335,0.4094642890591201,0.34890417402500834,0.3394244906532241
2105,0,0.44,0.36333333333333334,0.43666666666666665,0.4166666666666667,0.45,0.43055223294276374,0.4215287050426131,0.4035173424523693
2106,1,0.35333333333333333,0.4066666666666667,0.32,0.35333333333333333,0.33666666666666667,0.41234151114760925,0.38884999783882135,0.3394244906532241
2107,0,0.4166666666666667,0.38,0.4,0.3933333333333333,0.37,0.4199911691599116,0.3617136193415141,0.3394244906532241
2108,0,0.25666666666666665,0.35333333333333333,0.26666666666666666,0.35333333333333333,0.20333333333333334,0.29906395551453957,0.3264604046491026,0.3310673011556764
2109,0,0.2633333333333333,0.26666666666666666,0.26,0.2833333333333333,0.19666666666666666,0.24887033073656134,0.2927161084457261,0.3310673011556764
2110,1,0.4033333333333333,0.37666666666666665,0.37333333333333335,0.35333333333333333,0.2733333333333333,0.3661134474289301,0.3200765070401379,0.3310673011556764
2111,1,0.28,0.36,0.32666666666666666,0.3433333333333333,0.25666666666666665,0.3300945869326659,0.3184405391668422,0.3394244906532241
2112,1,0.22666666666666666,0.30666666666666664,0.21666666666666667,0.25,0.25333333333333335,0.22107691594088222,0.2472286353046457,0.3394244906532241
2113,1,0.41,0.37,0.42,0.36666666666666664,0.26666666666666666,0.3898533012497033,0.4626987528451678,0.4035173424523693
2114,0,0.36333333333333334,0.3566666666666667,0.4633333333333333,0.3333333333333333,0.32666666666666666,0.39621706511403076,0.36221915179628694,0.4035173424523693
2115,0,0.33,0.32,0.38,0.32,0.24333333333333335,0.3347187163346633,0.4164403053230826,0.4035173424523693
2116,1,0.31666666666666665,0.38333333333333336,0.37,0.38,0.25666666666666665,0.35052700140259535,0.32940816803793843,0.3394244906532241
2117,0,0.32666666666666666,0.3933333333333333,0.37,0.39,0.2633333333333333,0.36746644749738655,0.36013164300299555,0.3394244906532241
2118,1,0.4033333333333333,0.3233333333333333,0.3433333333333333,0.3933333333333333,0.38666666666666666,0.4327331749317622,0.39956497795367457,0.3310673011556764
2119,1,0.30333333333333334,0.36333333333333334,0.28,0.44,0.2633333333333333,0.24830636449975949,0.2632230189124479,0.3394244906532241
2120,0,0.37333333333333335,0.35333333333333333,0.38,0.37666666666666665,0.2966666666666667,0.3835852815849169,0.3975802723389642,0.3310673011556764
2121,0,0.37666666666666665,0.38,0.3933333333333333,0.32,0.31333333333333335,0.34390307531125286,0.38038381326763737,0.3394244906532241
2122,0,0.24666666666666667,0.33,0.30666666666666664,0.31666666666666665,0.23666666666666666,0.3134845523895772,0.32822842222575654,0.3310673011556764
2123,1,0.47333333333333333,0.3933333333333333,0.37666666666666665,0.3233333333333333,0.39,0.4390197129612588,0.4189895213894482,0.42297650130548303
2124,1,0.36333333333333334,0.3933333333333333,0.31,0.38666666666666666,0.31333333333333335,0.3717125438704267,0.33454058948843524,0.3310673011556764
2125,0,0.25666666666666665,0.29,0.23333333333333334,0.32,0.22,0.21974292703026183,0.27646398144164597,0.3310673011556764
2126,1,0.3333333333333333,0.4033333333333333,0.37333333333333335,0.4266666666666667,0.3,0.3623283197525155,0.3702718577937717,0.3310673011556764
2127,0,0.43333333333333335,0.4,0.41,0.4033333333333333,0.32,0.4315044537529347,0.4432786264360734,0.4035173424523693
2128,0,0.3566666666666667,0.4166666666666667,0.33666666666666667,0.37333333333333335,0.24333333333333335,0.3947496696141083,0.39591604785896395,0.4035173424523693
2129,1,0.36666666666666664,0.39666666666666667,0.4066666666666667,0.35333333333333333,0.2866666666666667,0.3643491388419702,0.3684779119869224,0.3394244906532241
2130,0,0.34,0.37333333333333335,0.31333333333333335,0.37,0.2833333333333333,0.38331290402960655,0.3420068599864645,0.3394244906532241
2131,1,0.42333333333333334,0.3433333333333333,0.39,0.36666666666666664,0.4,0.4456504257681233,0.3507297117632844,0.3394244906532241
2132,0,0.36,0.41333333333333333,0.38,0.3466666666666667,0.3233333333333333,0.3901565197958264,0.3705228067759307,0.4035173424523693
2133,0,0.44,0.44333333333333336,0.43666666666666665,0.38,0.29333333333333333,0.3408933692002312,0.34915702526566894,0.3310673011556764
2134,0,0.36333333333333334,0.2733333333333333,0.4066666666666667,0.3933333333333333,0.2833333333333333,0.3549403379521233,0.3438160943580988,0.3394244906532241
2135,1,0.31666666666666665,0.36,0.26,0.37333333333333335,0.21333333333333335,0.2925450384946617,0.35853933635974994,0.3310673011556764
2136,0,0.32,0.32,0.31,0.27,0.2966666666666667,0.29748076790187855,0.3617136193415141,0.3394244906532241
2137,1,0.5066666666666667,0.37,0.4633333333333333,0.35,0.38,0.4598522315862167,0.4289841842496065,0.4035173424523693
2138,0,0.25333333333333335,0.38,0.32666666666666666,0.37666666666666665,0.26666666666666666,0.271779260707353,0.2910049140643585,0.3310673011556764
2139,0,0.36,0.4,0.41,0.38666666666666666,0.33666666666666667,0.38800987624040556,0.3977878056738941,0.3310673011556764
2140,1,0.4533333333333333,0.37,0.33666666666666667,0.34,0.36333333333333334,0.4032689897753854,0.3684779119869224,0.3394244906532241
2141,0,0.32666666666666666,0.3233333333333333,0.31333333333333335,0.30333333333333334,0.27666666666666667,0.3218662542541517,0.3653306303901743,0.3394244906532241
2142,0,0.36333333333333334,0.39,0.3433333333333333,0.4166666666666667,0.27666666666666667,0.35695521572453864,0.38038381326763737,0.3394244906532241
2143,0,0.47333333333333333,0.39666666666666667,0.37666666666666665,0.32,0.38,0.4027443206744929,0.3817613458744341,0.3394244906532241
2144,0,0.24,0.32666666666666666,0.2633333333333333,0.32,0.2,0.2566500304731538,0.3118569985823074,0.3394244906532241
2145,1,0.38666666666666666,0.37666666666666665,0.4066666666666667,0.41,0.35333333333333333,0.3784788561999883,0.3586713777984199,0.3310673011556764
2146,1,0.3566666666666667,0.36666666666666664,0.36,0.3466666666666667,0.31,0.30508551881206875,0.36197059279426513,0.3310673011556764
2147,0,0.3466666666666667,0.37,0.36666666666666664,0.37,0.3233333333333333,0.3815905801867031,0.382413688267415,0.4035173424523693
2148,0,0.39666666666666667,0.37333333333333335,0.31333333333333335,0.36333333333333334,0.32666666666666666,0.3740953498871511,0.32175574802724133,0.3310673011556764
2149,0,0.45,0.2733333333333333,0.35,0.26,0.36666666666666664,0.4322808929423041,0.3806498603098538,0.4035173424523693
2150,0,0.32666666666666666,0.39666666666666667,0.36333333333333334,0.3566666666666667,0.2866666666666667,0.30611924721233397,0.37217679934378467,0.3310673011556764
2151,1,0.3333333333333333,0.28,0.33666666666666667,0.30333333333333334,0.29333333333333333,0.3226673034131835,0.36740870154409366,0.42297650130548303
2152,1,0.21,0.28,0.22,0.2833333333333333,0.24333333333333335,0.2561229672938537,0.2922482233717509,0.3394244906532241
2153,0,0.26,0.36333333333333334,0.30666666666666664,0.37333333333333335,0.30333333333333334,0.30148295931026553,0.30446404210312067,0.3310673011556764
2154,0,0.2633333333333333,0.3233333333333333,0.23333333333333334,0.31666666666666665,0.17666666666666667,0.2569222894701001,0.27646398144164597,0.3310673011556764
2155,0,0.38333333333333336,0.3466666666666667,0.2966666666666667,0.2833333333333333,0.30666666666666664,0.3022579904752403,0.31684516595354706,0.3310673011556764
2156,0,0.2633333333333333,0.3,0.2633333333333333,0.31666666666666665,0.24,0.2805731689679184,0.29259727003054126,0.3310673011556764
2157,0,0.24,0.30333333333333334,0.2866666666666667,0.32666666666666666,0.16333333333333333,0.19506784347143902,0.2595133940812208,0.3310673011556764
2158,0,0.33,0.3566666666666667,0.30333333333333334,0.38,0.2866666666666667,0.32724202576352734,0.31198020951353983,0.3394244906532241
2159,0,0.36666666666666664,0.43666666666666665,0.37666666666666665,0.4,0.24333333333333335,0.3364654239337179,0.3603662601007547,0.3394244906532241
2160,0,0.3333333333333333,0.3,0.3233333333333333,0.3233333333333333,0.22,0.3062435983551384,0.353365332666653,0.3394244906532241
2161,0,0.3466666666666667,0.3566666666666667,0.3333333333333333,0.32666666666666666,0.32666666666666666,0.3493788932435159,0.30446404210312067,0.3310673011556764
2162,1,0.25,0.33666666666666667,0.3233333333333333,0.3433333333333333,0.2866666666666667,0.2969236250613567,0.32606356243234913,0.3394244906532241
2163,1,0.41333333333333333,0.4166666666666667,0.4533333333333333,0.37,0.32666666666666666,0.47797888342766515,0.4432786264360734,0.4035173424523693
2164,0,0.4,0.3933333333333333,0.30666666666666664,0.4,0.32666666666666666,0.34217316846560203,0.3188067772843088,0.3310673011556764
2165,1,0.39,0.31333333333333335,0.37333333333333335,0.3433333333333333,0.3566666666666667,0.34547746145734537,0.33069962262284625,0.3394244906532241
2166,1,0.25666666666666665,0.32666666666666666,0.26,0.24,0.20333333333333334,0.22401522929499926,0.28941850828480103,0.3394244906532241
2167,0,0.28,0.27666666666666667,0.30333333333333334,0.3233333333333333,0.24666666666666667,0.2738414912111209,0.28345412351294186,0.3394244906532241
2168,0,0.36666666666666664,0.31666666666666665,0.3566666666666667,0.31666666666666665,0.23333333333333334,0.3204154281176084,0.3375674442152137,0.3310673011556764
2169,0,0.37666666666666665,0.37,0.36,0.38666666666666666,0.27666666666666667,0.38486442782115676,0.3617136193415141,0.3394244906532241
2170,0,0.4,0.2966666666666667,0.31333333333333335,0.3466666666666667,0.2733333333333333,0.3288395188086725,0.3342966134217112,0.3394244906532241
2171,1,0.36,0.35,0.35,0.38,0.31,0.36274337082640123,0.3774122415601326,0.3310673011556764
2172,1,0.2966666666666667,0.3333333333333333,0.35333333333333333,0.3433333333333333,0.2833333333333333,0.3021758405075277,0.29671017338099376,0.3394244906532241
2173,0,0.49333333333333335,0.35,0.43,0.37333333333333335,0.38,0.46426893544072695,0.4381830751047619,0.42297650130548303
2174,0,0.30666666666666664,0.33,0.30333333333333334,0.29,0.21333333333333335,0.31239436068751714,0.4164403053230826,0.4035173424523693
2175,0,0.42333333333333334,0.4033333333333333,0.43666666666666665,0.31666666666666665,0.4033333333333333,0.4452298169860147,0.4093662843744214,0.4035173424523693
2176,0,0.32,0.31,0.26,0.39,0.24666666666666667,0.3086145727366795,0.35010151287130586,0.3394244906532241
2177,1,0.32666666666666666,0.33666666666666667,0.35333333333333333,0.31333333333333335,0.27,0.2825336248176498,0.3375674442152137,0.3310673011556764
2178,0,0.39,0.4033333333333333,0.38333333333333336,0.42,0.31666666666666665,0.39276487594092396,0.4626987528451678,0.4035173424523693
2179,1,0.36,0.36,0.36333333333333334,0.33666666666666667,0.3,0.3653590513562829,0.3874199149648014,0.3310673011556764
2180,0,0.35,0.33,0.37,0.34,0.33,0.34085600575744757,0.3635695010158217,0.4035173424523693
2181,1,0.34,0.37,0.30333333333333334,0.4533333333333333,0.30666666666666664,0.3183147377120132,0.34710382562722014,0.3310673011556764
2182,0,0.36,0.2833333333333333,0.36,0.2866666666666667,0.27666666666666667,0.37751505144268765,0.39269028539715845,0.42297650130548303
2183,1,0.29,0.41333333333333333,0.31333333333333335,0.36333333333333334,0.30333333333333334,0.3035805009702258,0.30915365923199495,0.3310673011556764
2184,0,0.27666666666666667,0.31666666666666665,0.29333333333333333,0.33,0.23,0.27133217925380027,0.31827821737581735,0.3394244906532241
2185,1,0.29,0.36666666666666664,0.43333333333333335,0.35333333333333333,0.25666666666666665,0.3543357166113592,0.3420068599864645,0.3394244906532241
2186,0,0.24666666666666667,0.31333333333333335,0.25,0.2833333333333333,0.19666666666666666,0.22645464457065845,0.258249301503535,0.3310673011556764
2187,1,0.44666666666666666,0.37333333333333335,0.36666666666666664,0.34,0.37,0.44120728210584326,0.4184527799988302,0.42297650130548303
2188,0,0.27,0.2833333333333333,0.2733333333333333,0.31666666666666665,0.23666666666666666,0.3094564817625207,0.3246433735592876,0.3394244906532241
2189,1,0.3233333333333333,0.34,0.3933333333333333,0.3466666666666667,0.34,0.37048857394878115,0.2971308279929984,0.3394244906532241
2190,0,0.44666666666666666,0.41333333333333333,0.41,0.37333333333333335,0.34,0.39818315932565396,0.3685183865977505,0.3394244906532241
2191,1,0.2733333333333333,0.3333333333333333,0.27666666666666667,0.32666666666666666,0.23666666666666666,0.30815602053315266,0.29065698647701815,0.3394244906532241
2192,0,0.34,0.38666666666666666,0.36666666666666664,0.3433333333333333,0.2633333333333333,0.31656505283454084,0.3181536693288017,0.3394244906532241
2193,0,0.3433333333333333,0.4033333333333333,0.4266666666666667,0.4266666666666667,0.35333333333333333,0.40869709317616953,0.41130911000690684,0.4035173424523693
2194,0,0.33666666666666667,0.3333333333333333,0.38666666666666666,0.34,0.27,0.38692767119875926,0.4215287050426131,0.4035173424523693
2195,0,0.4766666666666667,0.37666666666666665,0.44333333333333336,0.4266666666666667,0.41333333333333333,0.40578315802664927,0.3386643972161324,0.3394244906532241
2196,0,0.3466666666666667,0.36333333333333334,0.3333333333333333,0.37333333333333335,0.32,0.4096405350469615,0.35010151287130586,0.3394244906532241
2197,0,0.24333333333333335,0.33,0.31333333333333335,0.29333333333333333,0.24,0.2898923151463495,0.3154207660147644,0.3310673011556764
2198,0,0.33,0.3433333333333333,0.38,0.34,0.29333333333333333,0.28684567389535387,0.30774826040495856,0.3310673011556764
2199,1,0.36,0.37666666666666665,0.39,0.36666666666666664,0.31,0.3987873606113937,0.3635695010158217,0.4035173424523693
2200,0,0.35,0.3933333333333333,0.3,0.34,0.27666666666666667,0.34719027785778134,0.38215957511677867,0.3310673011556764
2201,0,0.2733333333333333,0.2633333333333333,0.28,0.35333333333333333,0.19333333333333333,0.2801433170094736,0.3264604046491026,0.3310673011556764
2202,1,0.32,0.36,0.3333333333333333,0.36333333333333334,0.3333333333333333,0.3814811040033694,0.37856861922664076,0.3394244906532241
2203,1,0.4,0.32666666666666666,0.33,0.34,0.36333333333333334,0.37859245279226283,0.3139998263176014,0.3310673011556764
2204,1,0.23333333333333334,0.3566666666666667,0.24,0.3466666666666667,0.22333333333333333,0.2396046049759171,0.29843994979746624,0.3310673011556764
2205,0,0.38333333333333336,0.37333333333333335,0.38666666666666666,0.41,0.36666666666666664,0.4337010039089739,0.3718860617182593,0.4035173424523693
2206,0,0.23666666666666666,0.39,0.28,0.36333333333333334,0.2866666666666667,0.2781058557596208,0.30458562500010444,0.3310673011556764
2207,0,0.25,0.36666666666666664,0.33,0.33,0.22333333333333333,0.26739440749676524,0.3519306652995465,0.3394244906532241
2208,1,0.31333333333333335,0.3466666666666667,0.36,0.35,0.2733333333333333,0.3383252088673327,0.33719032241041735,0.3394244906532241
2209,0,0.35,0.4166666666666667,0.38666666666666666,0.37,0.31666666666666665,0.3392854385854573,0.35035476490836764,0.3310673011556764
2210,1,0.34,0.27666666666666667,0.3333333333333333,0.32,0.30666666666666664,0.3420840222245987,0.315491615463506,0.3394244906532241
2211,0,0.33,0.29333333333333333,0.29,0.29,0.2966666666666667,0.33190358884443705,0.33253475590327275,0.3394244906532241
2212,0,0.37666666666666665,0.37666666666666665,0.33,0.37666666666666665,0.3433333333333333,0.3962998912572267,0.4393942411475793,0.4035173424523693
2213,1,0.33666666666666667,0.3233333333333333,0.31333333333333335,0.30666666666666664,0.35,0.406118131493448,0.3684779119869224,0.3394244906532241
2214,1,0.44333333333333336,0.3433333333333333,0.46,0.35333333333333333,0.4,0.46875721475135546,0.4626987528451678,0.4035173424523693
2215,0,0.44666666666666666,0.33666666666666667,0.36666666666666664,0.3566666666666667,0.37666666666666665,0.4072471799898186,0.30915365923199495,0.3310673011556764
2216,0,0.4033333333333333,0.39666666666666667,0.42333333333333334,0.30666666666666664,0.2966666666666667,0.41537656126554645,0.4519948291629785,0.42297650130548303
2217,0,0.28,0.3433333333333333,0.30333333333333334,0.33666666666666667,0.21333333333333335,0.27446979925571,0.3308266990859808,0.3394244906532241
2218,0,0.26666666666666666,0.2866666666666667,0.23666666666666666,0.36,0.20333333333333334,0.32014918738312703,0.2457973920069051,0.3394244906532241
2219,0,0.31,0.29,0.32666666666666666,0.35333333333333333,0.31666666666666665,0.36130042800658235,0.35010151287130586,0.3394244906532241
2220,0,0.38666666666666666,0.2733333333333333,0.31,0.34,0.28,0.34166905878223813,0.36346712605473463,0.3394244906532241
2221,0,0.31666666666666665,0.35,0.29,0.2966666666666667,0.26,0.30202105870058776,0.35010151287130586,0.3394244906532241
2222,0,0.38,0.37,0.3433333333333333,0.39666666666666667,0.36333333333333334,0.36006446030175293,0.3718860617182593,0.4035173424523693
2223,0,0.27666666666666667,0.37,0.31666666666666665,0.36,0.23,0.3038105886244248,0.30121125434039253,0.3394244906532241
2224,1,0.29,0.30666666666666664,0.26666666666666666,0.33666666666666667,0.19666666666666666,0.26444035775273805,0.27197221202201355,0.3394244906532241
2225,1,0.42333333333333334,0.3933333333333333,0.37666666666666665,0.36333333333333334,0.30333333333333334,0.4066222430259513,0.41117405622164244,0.4035173424523693
2226,0,0.3933333333333333,0.31666666666666665,0.4,0.33666666666666667,0.43,0.4105319647052117,0.3486038975211502,0.3394244906532241
2227,1,0.33,0.35,0.32666666666666666,0.30666666666666664,0.2833333333333333,0.38554929004798,0.39055750407502243,0.4035173424523693
2228,0,0.28,0.3933333333333333,0.3466666666666667,0.37666666666666665,0.31333333333333335,0.2823723680994509,0.26936622356696505,0.3310673011556764
2229,1,0.31,0.41333333333333333,0.34,0.43333333333333335,0.31666666666666665,0.314098038474626,0.3405647878492,0.3394244906532241
2230,0,0.29,0.36333333333333334,0.3933333333333333,0.39,0.3233333333333333,0.37765382594433156,0.36891104474648423,0.3310673011556764
2231,0,0.33,0.35,0.28,0.4,0.22333333333333333,0.3238848418205484,0.4009544022664576,0.4035173424523693
2232,0,0.30333333333333334,0.2966666666666667,0.33,0.31666666666666665,0.25333333333333335,0.29209940122731337,0.3203858301061507,0.3310673011556764
2233,1,0.32,0.33666666666666667,0.3433333333333333,0.31333333333333335,0.24,0.3444153593546246,0.39055750407502243,0.4035173424523693
2234,0,0.30666666666666664,0.37,0.30666666666666664,0.3466666666666667,0.29333333333333333,0.34129779054037157,0.33069962262284625,0.3394244906532241
2235,0,0.38666666666666666,0.41,0.4266666666666667,0.3933333333333333,0.32666666666666666,0.34198782776781866,0.33786314502810033,0.3310673011556764
2236,0,0.48,0.3933333333333333,0.39,0.36,0.36333333333333334,0.42980089780564346,0.33786314502810033,0.3310673011556764
2237,1,0.23333333333333334,0.3,0.31,0.26666666666666666,0.22333333333333333,0.2771377989005776,0.2767786538314621,0.3310673011556764
2238,1,0.22,0.3,0.3,0.34,0.21333333333333335,0.27577590191369095,0.2923669786126953,0.3394244906532241
2239,0,0.42,0.35,0.38333333333333336,0.3933333333333333,0.41,0.3866025012532129,0.3047072351790661,0.3310673011556764
2240,0,0.35,0.30333333333333334,0.37333333333333335,0.3466666666666667,0.22666666666666666,0.287260808412562,0.36197059279426513,0.3310673011556764
2241,1,0.22,0.29,0.2966666666666667,0.32,0.2,0.2077791588281687,0.23297255337813225,0.3310673011556764
2242,0,0.37666666666666665,0.29333333333333333,0.3333333333333333,0.2833333333333333,0.26666666666666666,0.3680533549171253,0.3635695010158217,0.4035173424523693
2243,0,0.43333333333333335,0.41333333333333333,0.4066666666666667,0.37333333333333335,0.2966666666666667,0.41696151874328946,0.44129397781219243,0.4035173424523693
2244,1,0.26666666666666666,0.28,0.29,0.31666666666666665,0.2966666666666667,0.31764092453616627,0.3503287328219678,0.3394244906532241
2245,0,0.25333333333333335,0.34,0.30333333333333334,0.38333333333333336,0.24666666666666667,0.3502970742752051,0.34702494014983215,0.3394244906532241
2246,1,0.36666666666666664,0.34,0.36333333333333334,0.37666666666666665,0.31333333333333335,0.4206495805738826,0.3587468511528954,0.4035173424523693
2247,1,0.33,0.24666666666666667,0.2966666666666667,0.31,0.32666666666666666,0.3282680070009168,0.3438725019949607,0.3394244906532241
2248,0,0.38666666666666666,0.4033333333333333,0.47,0.37,0.36666666666666664,0.40292022304847386,0.32283072635983906,0.3394244906532241
2249,1,0.3433333333333333,0.4033333333333333,0.38333333333333336,0.37333333333333335,0.23,0.3058653013548675,0.3171948176676734,0.3310673011556764
2250,0,0.37333333333333335,0.41,0.33,0.37,0.30666666666666664,0.37654520704341515,0.3758020304357728,0.3310673011556764
2251,0,0.45,0.36,0.41333333333333333,0.35333333333333333,0.37333333333333335,0.446621471147466,0.3236361742178214,0.3310673011556764
2252,0,0.30666666666666664,0.29,0.31666666666666665,0.30666666666666664,0.21,0.2629742954628893,0.3152968189847179,0.3310673011556764
2253,0,0.45666666666666667,0.39,0.45666666666666667,0.38333333333333336,0.35333333333333333,0.4656956011129663,0.39089654975292293,0.4035173424523693
2254,1,0.2866666666666667,0.32666666666666666,0.3333333333333333,0.31333333333333335,0.20333333333333334,0.22090968271099465,0.2836802088684032,0.3310673011556764
2255,0,0.32666666666666666,0.3566666666666667,0.31666666666666665,0.29333333333333333,0.27,0.300146193046046,0.37865051713279263,0.3310673011556764
2256,1,0.4633333333333333,0.37,0.3433333333333333,0.36333333333333334,0.4266666666666667,0.4266925816193093,0.3615810893710185,0.3394244906532241
2257,0,0.3,0.27666666666666667,0.2833333333333333,0.31333333333333335,0.24,0.31141404365669884,0.3486038975211502,0.3394244906532241
2258,0,0.38333333333333336,0.2966666666666667,0.33,0.3566666666666667,0.2866666666666667,0.3842893309492699,0.3893874519259112,0.42297650130548303
2259,1,0.35,0.38666666666666666,0.36,0.37,0.28,0.3895535162927836,0.3805191272712418,0.4035173424523693
2260,1,0.38666666666666666,0.39666666666666667,0.36,0.38333333333333336,0.31,0.3279768658628793,0.30915365923199495,0.3310673011556764
2261,0,0.2966666666666667,0.31666666666666665,0.3466666666666667,0.31333333333333335,0.28,0.3502485286647247,0.3733552127952184,0.3394244906532241
2262,0,0.2966666666666667,0.41,0.29333333333333333,0.37,0.2733333333333333,0.33483886488622855,0.3308266990859808,0.3394244906532241
2263,0,0.35,0.37333333333333335,0.4066666666666667,0.36,0.3466666666666667,0.3867480003819966,0.3702718577937717,0.3310673011556764
2264,0,0.34,0.39,0.35333333333333333,0.38,0.30666666666666664,0.31407051612136583,0.32778427345938876,0.3310673011556764
2265,0,0.27,0.31,0.2633333333333333,0.31666666666666665,0.2,0.2518449436670326,0.285365667782447,0.3310673011556764
2266,0,0.31333333333333335,0.31,0.28,0.3,0.24,0.2947013354167143,0.3456122141217671,0.3310673011556764
2267,0,0.3566666666666667,0.41,0.36333333333333334,0.41,0.2866666666666667,0.3400801171077302,0.34046509887140136,0.3394244906532241
2268,0,0.36333333333333334,0.3433333333333333,0.34,0.3566666666666667,0.29333333333333333,0.39071412834194336,0.3718860617182593,0.4035173424523693
2269,0,0.27666666666666667,0.29,0.37666666666666665,0.35,0.32,0.3350714403535775,0.31851539579808175,0.3310673011556764
2270,1,0.4633333333333333,0.35,0.29333333333333333,0.31,0.2733333333333333,0.36075923442578284,0.4093662843744214,0.4035173424523693
2271,1,0.44,0.4033333333333333,0.36666666666666664,0.38,0.3333333333333333,0.43510941888571864,0.42758129950184404,0.42297650130548303
2272,1,0.30666666666666664,0.3233333333333333,0.35,0.2866666666666667,0.19666666666666666,0.24153144358994397,0.3342463286840447,0.3310673011556764
2273,0,0.37,0.36666666666666664,0.3,0.37666666666666665,0.29,0.35858494440174593,0.33069962262284625,0.3394244906532241
2274,0,0.29333333333333333,0.3233333333333333,0.31333333333333335,0.32666666666666666,0.3,0.3443750066389024,0.3486038975211502,0.3394244906532241
2275,0,0.24666666666666667,0.3466666666666667,0.35333333333333333,0.4066666666666667,0.23,0.30391782248587784,0.2863663187573954,0.3394244906532241
2276,0,0.44333333333333336,0.36333333333333334,0.42333333333333334,0.3466666666666667,0.39666666666666667,0.43598238698608194,0.3587468511528954,0.4035173424523693
2277,1,0.3233333333333333,0.41333333333333333,0.30666666666666664,0.4066666666666667,0.21333333333333335,0.30112888078351174,0.26951346211045923,0.3310673011556764
2278,1,0.42333333333333334,0.3933333333333333,0.42333333333333334,0.38333333333333336,0.4033333333333333,0.4170566475337192,0.40135965489709524,0.42297650130548303
2279,1,0.3466666666666667,0.30666666666666664,0.24666666666666667,0.3333333333333333,0.23666666666666666,0.2668939342446937,0.2867111862217159,0.3310673011556764
2280,1,0.30666666666666664,0.41,0.4,0.39666666666666667,0.34,0.34167412095815586,0.3602339451824002,0.3394244906532241
2281,0,0.43,0.37666666666666665,0.3433333333333333,0.35333333333333333,0.33666666666666667,0.42006762286643184,0.3685183865977505,0.3394244906532241
2282,0,0.24333333333333335,0.2866666666666667,0.24,0.27,0.21,0.24851624256563717,0.30422842756601315,0.3394244906532241
2283,0,0.34,0.29,0.36333333333333334,0.23333333333333334,0.25333333333333335,0.3318013179758893,0.33616357243687683,0.3310673011556764
2284,1,0.44,0.38333333333333336,0.43666666666666665,0.38666666666666666,0.36333333333333334,0.44734858691336116,0.3587468511528954,0.4035173424523693
2285,0,0.4033333333333333,0.36,0.3433333333333333,0.36333333333333334,0.31666666666666665,0.4032274257965486,0.353365332666653,0.3394244906532241
2286,0,0.37666666666666665,0.39,0.31,0.35333333333333333,0.31666666666666665,0.38217680244634866,0.31827821737581735,0.3394244906532241
2287,0,0.34,0.37666666666666665,0.38666666666666666,0.37333333333333335,0.30333333333333334,0.335853217211346,0.3906403652171492,0.3310673011556764
2288,0,0.3566666666666667,0.33,0.3333333333333333,0.3333333333333333,0.31666666666666665,0.3995420548445539,0.3571572497269824,0.3310673011556764
2289,0,0.44,0.38666666666666666,0.4033333333333333,0.38,0.3433333333333333,0.38379463885510484,0.37198976178490034,0.3394244906532241
2290,0,0.38333333333333336,0.3466666666666667,0.36333333333333334,0.33666666666666667,0.37666666666666665,0.39940958400566595,0.3260895831278764,0.3394244906532241
2291,0,0.33666666666666667,0.25,0.2733333333333333,0.31,0.24,0.2893563367221364,0.29005808577000836,0.3310673011556764
2292,1,0.4166666666666667,0.37333333333333335,0.36,0.30666666666666664,0.35333333333333333,0.42683027520908573,0.4427344798542368,0.4035173424523693
2293,0,0.3433333333333333,0.33666666666666667,0.3233333333333333,0.36,0.28,0.31366942788599533,0.35556069775094334,0.3310673011556764
2294,0,0.35,0.4066666666666667,0.38333333333333336,0.3566666666666667,0.31333333333333335,0.3561166577882454,0.32940816803793843,0.3394244906532241
2295,0,0.38666666666666666,0.43,0.36333333333333334,0.37333333333333335,0.3433333333333333,0.39085164832382185,0.38038381326763737,0.3394244906532241
2296,0,0.4,0.4,0.36333333333333334,0.4,0.36666666666666664,0.3662571744020156,0.39950890328526756,0.42297650130548303
2297,0,0.3466666666666667,0.33666666666666667,0.41,0.36333333333333334,0.36333333333333334,0.3601877539110913,0.31851973170632397,0.3310673011556764
2298,0,0.38333333333333336,0.41,0.4,0.4,0.36,0.37182179487349754,0.36891104474648423,0.3310673011556764
2299,1,0.43666666666666665,0.3933333333333333,0.3466666666666667,0.3333333333333333,0.4166666666666667,0.45842587478137314,0.39258476867216446,0.3310673011556764
2300,0,0.38,0.29333333333333333,0.31333333333333335,0.2866666666666667,0.25,0.33152065442227585,0.3260895831278764,0.3394244906532241
2301,1,0.4033333333333333,0.41333333333333333,0.3933333333333333,0.33666666666666667,0.37333333333333335,0.4166767069366591,0.39239388517331075,0.4035173424523693
2302,1,0.36,0.30333333333333334,0.39,0.34,0.36,0.36069990045268574,0.32458418059516014,0.3394244906532241
2303,1,0.3933333333333333,0.37333333333333335,0.45666666666666667,0.38333333333333336,0.4033333333333333,0.4660479303513654,0.3837940186378902,0.4035173424523693
2304,1,0.32666666666666666,0.34,0.37333333333333335,0.37333333333333335,0.33,0.34220782981992237,0.34710382562722014,0.3310673011556764
2305,0,0.35,0.31,0.33666666666666667,0.32,0.30666666666666664,0.34269929527582305,0.3603662601007547,0.3394244906532241
2306,0,0.37666666666666665,0.4,0.4166666666666667,0.41333333333333333,0.42,0.41181810722787265,0.41703215898262547,0.42297650130548303
2307,1,0.27666666666666667,0.32,0.30666666666666664,0.3566666666666667,0.24333333333333335,0.28856578953756695,0.31827821737581735,0.3394244906532241
2308,1,0.4033333333333333,0.38,0.32666666666666666,0.3466666666666667,0.3933333333333333,0.3688868733775068,0.3499709047204447,0.3394244906532241
2309,0,0.3,0.36666666666666664,0.39666666666666667,0.33,0.29333333333333333,0.3414041020842264,0.3418776830643402,0.3394244906532241
2310,1,0.32,0.3233333333333333,0.30333333333333334,0.3233333333333333,0.2733333333333333,0.26585861181460213,0.32133319488438383,0.3394244906532241
2311,1,0.34,0.3333333333333333,0.3433333333333333,0.3333333333333333,0.32,0.3710976572223041,0.3571572497269824,0.3310673011556764
2312,0,0.34,0.35,0.38666666666666666,0.36333333333333334,0.31333333333333335,0.358648810907876,0.3603662601007547,0.3394244906532241
2313,0,0.30666666666666664,0.37,0.35333333333333333,0.38333333333333336,0.24,0.3725915159675238,0.3886441181942809,0.3394244906532241
2314,0,0.4266666666666667,0.37333333333333335,0.3433333333333333,0.36666666666666664,0.4166666666666667,0.3859586254544481,0.3342463286840447,0.3310673011556764
2315,0,0.33,0.3466666666666667,0.3333333333333333,0.35,0.24666666666666667,0.31346290089933,0.35010151287130586,0.3394244906532241
2316,0,0.2833333333333333,0.26666666666666666,0.35,0.36333333333333334,0.20333333333333334,0.30888165857567723,0.3684779119869224,0.3394244906532241
2317,1,0.25,0.31333333333333335,0.31,0.36333333333333334,0.26,0.30156589738116923,0.3615810893710185,0.3394244906532241
2318,0,0.37,0.37333333333333335,0.39666666666666667,0.36333333333333334,0.43,0.39582538753543567,0.32633418745536436,0.3310673011556764
2319,0,0.37333333333333335,0.3333333333333333,0.33666666666666667,0.35333333333333333,0.35,0.3661756190911118,0.3167919244986992,0.3394244906532241
2320,0,0.31333333333333335,0.37666666666666665,0.31333333333333335,0.3433333333333333,0.22666666666666666,0.2801437385671646,0.35719718418113644,0.3310673011556764
2321,0,0.4666666666666667,0.4033333333333333,0.4666666666666667,0.34,0.4266666666666667,0.4708828837222065,0.4381830751047619,0.42297650130548303
2322,0,0.33,0.36666666666666664,0.3,0.2733333333333333,0.28,0.37221867562161526,0.3937872697144377,0.4035173424523693
2323,0,0.23666666666666666,0.2733333333333333,0.30333333333333334,0.34,0.18333333333333332,0.24934318621173873,0.27197221202201355,0.3394244906532241
2324,0,0.36,0.3466666666666667,0.41333333333333333,0.38333333333333336,0.36333333333333334,0.3552670325264949,0.3456122141217671,0.3310673011556764
2325,0,0.30333333333333334,0.24,0.3,0.28,0.23333333333333334,0.28617552685751946,0.3108017898872867,0.3310673011556764
2326,0,0.38,0.4066666666666667,0.35333333333333333,0.38,0.38,0.3909163128204179,0.3817613458744341,0.3394244906532241
2327,0,0.4033333333333333,0.36,0.37666666666666665,0.37,0.2866666666666667,0.38735316169436407,0.3259634399184741,0.3394244906532241
2328,1,0.34,0.3933333333333333,0.43666666666666665,0.33666666666666667,0.2966666666666667,0.3642523965131593,0.36221915179628694,0.4035173424523693
2329,1,0.23,0.25,0.27,0.2966666666666667,0.18666666666666668,0.23932893917732928,0.2923669786126953,0.3394244906532241
2330,1,0.32666666666666666,0.41333333333333333,0.34,0.37666666666666665,0.3566666666666667,0.37656268218568406,0.35010151287130586,0.3394244906532241
2331,0,0.39666666666666667,0.3933333333333333,0.37,0.41333333333333333,0.36,0.3788273166991266,0.3391158513149393,0.3394244906532241
2332,0,0.3566666666666667,0.37,0.3466666666666667,0.37,0.30666666666666664,0.31648696499502915,0.36197059279426513,0.3310673011556764
2333,1,0.4066666666666667,0.35,0.34,0.30333333333333334,0.24333333333333335,0.3112455547939632,0.3486038975211502,0.3394244906532241
2334,0,0.35,0.32,0.3333333333333333,0.29333333333333333,0.2833333333333333,0.3008670244349413,0.23833206521834274,0.3310673011556764
2335,1,0.38666666666666666,0.33,0.39,0.35333333333333333,0.34,0.4159005729411925,0.31827821737581735,0.3394244906532241
2336,0,0.38333333333333336,0.33666666666666667,0.37,0.31666666666666665,0.27666666666666667,0.3655962797640151,0.3471781825625442,0.3394244906532241
2337,0,0.3233333333333333,0.3466666666666667,0.34,0.35,0.2966666666666667,0.2993933226570307,0.3886441181942809,0.3394244906532241
2338,0,0.4,0.4033333333333333,0.38666666666666666,0.37666666666666665,0.2966666666666667,0.398664709310842,0.382413688267415,0.4035173424523693
2339,0,0.37666666666666665,0.31333333333333335,0.32666666666666666,0.2833333333333333,0.30666666666666664,0.3567144736704768,0.33437408714782485,0.3310673011556764
2340,0,0.31,0.36666666666666664,0.3333333333333333,0.38666666666666666,0.26666666666666666,0.3248848564302795,0.31827821737581735,0.3394244906532241
2341,0,0.35,0.32,0.3,0.3433333333333333,0.31666666666666665,0.3500117706252274,0.34574206081624126,0.3310673011556764
2342,0,0.32666666666666666,0.3433333333333333,0.37333333333333335,0.38666666666666666,0.33,0.3101710753241003,0.3259634399184741,0.3394244906532241
2343,1,0.48,0.4166666666666667,0.38,0.35333333333333333,0.35,0.4460599602634366,0.40302264946923094,0.4035173424523693
2344,0,0.2733333333333333,0.29,0.3,0.36666666666666664,0.25333333333333335,0.22835390421754906,0.258249301503535,0.3310673011556764
2345,0,0.37,0.38333333333333336,0.45666666666666667,0.34,0.28,0.3546446667536848,0.30628904755168357,0.3310673011556764
2346,0,0.36666666666666664,0.3466666666666667,0.2866666666666667,0.3233333333333333,0.2833333333333333,0.33665151931529613,0.3536667459210063,0.3394244906532241
2347,0,0.2966666666666667,0.4066666666666667,0.37,0.3933333333333333,0.2733333333333333,0.3168303646131389,0.3014455445624998,0.3310673011556764
2348,0,0.37666666666666665,0.32666666666666666,0.43,0.34,0.35,0.42904584000392676,0.3567700295414111,0.3394244906532241
2349,0,0.35333333333333333,0.33666666666666667,0.3,0.31,0.3,0.3729938126082625,0.32924295629604594,0.3394244906532241
2350,0,0.29333333333333333,0.31333333333333335,0.2833333333333333,0.30333333333333334,0.25666666666666665,0.3020985969905736,0.32633418745536436,0.3310673011556764
2351,0,0.32666666666666666,0.35333333333333333,0.37666666666666665,0.35333333333333333,0.23666666666666666,0.3631044823415591,0.3519306652995465,0.3394244906532241
2352,0,0.2966666666666667,0.4,0.34,0.2833333333333333,0.3433333333333333,0.3007720472107526,0.3195846493090645,0.3394244906532241
2353,1,0.36333333333333334,0.3,0.4066666666666667,0.2966666666666667,0.22333333333333333,0.3426781792730809,0.32002297696235665,0.3394244906532241
2354,0,0.42,0.36666666666666664,0.36,0.43666666666666665,0.4033333333333333,0.37075971437396243,0.30121125434039253,0.3394244906532241
2355,1,0.26666666666666666,0.33,0.29,0.31,0.16333333333333333,0.2576992197302021,0.3195846493090645,0.3394244906532241
2356,0,0.33666666666666667,0.3566666666666667,0.3333333333333333,0.30333333333333334,0.26,0.3129776171219227,0.3305725708586891,0.3394244906532241
2357,0,0.3,0.38666666666666666,0.34,0.39666666666666667,0.25666666666666665,0.31503593644704453,0.38038381326763737,0.3394244906532241
2358,0,0.26,0.31333333333333335,0.31666666666666665,0.36,0.24,0.2916191783735529,0.25962372699425096,0.3310673011556764
2359,0,0.35,0.3433333333333333,0.3233333333333333,0.39666666666666667,0.27666666666666667,0.32443689488806576,0.3774122415601326,0.3310673011556764
2360,0,0.44,0.3233333333333333,0.3933333333333333,0.36333333333333334,0.35333333333333333,0.44146576762361217,0.4558698469007249,0.42297650130548303
2361,1,0.43333333333333335,0.31333333333333335,0.38333333333333336,0.34,0.32,0.40351416390985295,0.3615810893710185,0.3394244906532241
2362,0,0.32666666666666666,0.32666666666666666,0.37333333333333335,0.43333333333333335,0.2833333333333333,0.3780777966310119,0.37198976178490034,0.3394244906532241
2363,0,0.2833333333333333,0.44333333333333336,0.3466666666666667,0.35333333333333333,0.36333333333333334,0.383356414272329,0.3685183865977505,0.3394244906532241
2364,0,0.3933333333333333,0.3466666666666667,0.4066666666666667,0.3566666666666667,0.3233333333333333,0.4194725689500087,0.4626987528451678,0.4035173424523693
2365,0,0.41333333333333333,0.37333333333333335,0.36666666666666664,0.4,0.27,0.399883614291479,0.39089654975292293,0.4035173424523693
2366,0,0.27666666666666667,0.31,0.27,0.31,0.25666666666666665,0.2955583054898815,0.3259634399184741,0.3394244906532241
2367,0,0.31666666666666665,0.37666666666666665,0.43333333333333335,0.3566666666666667,0.30666666666666664,0.3371025727356698,0.35035476490836764,0.3310673011556764
2368,0,0.32,0.32,0.2733333333333333,0.27666666666666667,0.23666666666666666,0.3339057755722105,0.41117405622164244,0.4035173424523693
2369,1,0.32,0.35333333333333333,0.35333333333333333,0.39,0.32666666666666666,0.3815035694074852,0.32633418745536436,0.3310673011556764
2370,1,0.36666666666666664,0.41,0.3333333333333333,0.35333333333333333,0.27,0.38337429495776887,0.3260895831278764,0.3394244906532241
2371,1,0.2866666666666667,0.32666666666666666,0.33,0.33,0.20333333333333334,0.2583262056325519,0.3181536693288017,0.3394244906532241
2372,0,0.28,0.3433333333333333,0.3433333333333333,0.39,0.31,0.3072366158600632,0.3200765070401379,0.3310673011556764
2373,0,0.3566666666666667,0.36,0.3466666666666667,0.37666666666666665,0.25666666666666665,0.3356124336502401,0.3684779119869224,0.3394244906532241
2374,1,0.41,0.38333333333333336,0.31666666666666665,0.29,0.35,0.4070692459451652,0.39258476867216446,0.3310673011556764
2375,0,0.37666666666666665,0.38666666666666666,0.41,0.38,0.3,0.377991313869203,0.382413688267415,0.4035173424523693
2376,0,0.34,0.3433333333333333,0.4166666666666667,0.34,0.2866666666666667,0.33099768694858434,0.3456122141217671,0.3310673011556764
2377,0,0.37333333333333335,0.34,0.44,0.36333333333333334,0.31,0.3712142080519647,0.32990350112447037,0.3310673011556764
2378,0,0.31666666666666665,0.3466666666666667,0.30666666666666664,0.38666666666666666,0.26666666666666666,0.36249469405626117,0.3937872697144377,0.4035173424523693
2379,0,0.43,0.4,0.39,0.37,0.3433333333333333,0.4460283936990193,0.4098995856902094,0.4035173424523693
2380,1,0.38666666666666666,0.35,0.4266666666666667,0.38,0.3433333333333333,0.37363359590393685,0.32924295629604594,0.3394244906532241
2381,1,0.2833333333333333,0.33666666666666667,0.20666666666666667,0.31,0.22333333333333333,0.2967918638166658,0.27646398144164597,0.3310673011556764
2382,0,0.30333333333333334,0.3933333333333333,0.37,0.38333333333333336,0.25,0.3486905959294263,0.3106049798792076,0.3394244906532241
2383,0,0.49,0.41333333333333333,0.4766666666666667,0.4266666666666667,0.37333333333333335,0.4869059868651366,0.4828634630595615,0.4035173424523693
2384,0,0.4766666666666667,0.37666666666666665,0.4866666666666667,0.44333333333333336,0.36333333333333334,0.4631561002021772,0.5027349179503228,0.42297650130548303
2385,0,0.3,0.31666666666666665,0.3433333333333333,0.3333333333333333,0.31666666666666665,0.3401620293544521,0.33731863600563705,0.3394244906532241
2386,1,0.3933333333333333,0.26,0.35,0.22666666666666666,0.32666666666666666,0.375116258060639,0.34283592926782347,0.3310673011556764
2387,0,0.2633333333333333,0.29333333333333333,0.25333333333333335,0.27666666666666667,0.28,0.27149362965305396,0.2763491631385644,0.3310673011556764
2388,1,0.36,0.39666666666666667,0.4033333333333333,0.4,0.24,0.33682833691428415,0.36904470831735703,0.3310673011556764
2389,1,0.4166666666666667,0.35333333333333333,0.41,0.36,0.34,0.3822602105526427,0.37217679934378467,0.3310673011556764
2390,1,0.31666666666666665,0.33,0.31,0.35,0.23333333333333334,0.31250787829385007,0.34046509887140136,0.3394244906532241
2391,1,0.39,0.33,0.4166666666666667,0.36333333333333334,0.3466666666666667,0.31979372595489486,0.3167919244986992,0.3394244906532241
2392,1,0.4,0.41333333333333333,0.36,0.3466666666666667,0.27,0.421518455680612,0.3805191272712418,0.4035173424523693
2393,1,0.25333333333333335,0.32666666666666666,0.23666666666666666,0.2833333333333333,0.22,0.26912152614327384,0.27899691128423115,0.3394244906532241
2394,0,0.44,0.38666666666666666,0.43,0.37666666666666665,0.32,0.3874521120237574,0.3837940186378902,0.4035173424523693
2395,1,0.3566666666666667,0.36,0.38666666666666666,0.31666666666666665,0.2,0.3101438500002854,0.3615810893710185,0.3394244906532241
2396,0,0.3,0.4033333333333333,0.36333333333333334,0.36,0.3233333333333333,0.33235551643720124,0.36865199100695084,0.3394244906532241
2397,0,0.27,0.32,0.29333333333333333,0.2833333333333333,0.2633333333333333,0.3044271171468137,0.3937872697144377,0.4035173424523693
2398,0,0.37,0.36333333333333334,0.3566666666666667,0.4033333333333333,0.38333333333333336,0.35173863682906453,0.31995158555790804,0.3310673011556764
2399,0,0.3233333333333333,0.37333333333333335,0.4033333333333333,0.36333333333333334,0.28,0.3526696663559202,0.353365332666653,0.3394244906532241
2400,0,0.33,0.38,0.38666666666666666,0.3333333333333333,0.31333333333333335,0.3725261155546194,0.3615810893710185,0.3394244906532241
2401,0,0.4,0.32666666666666666,0.3566666666666667,0.32666666666666666,0.25,0.33948370850084325,0.3420068599864645,0.3394244906532241
2402,1,0.39,0.35333333333333333,0.38,0.39,0.25666666666666665,0.37712237479461874,0.4400232968952435,0.42297650130548303
2403,1,0.44,0.3933333333333333,0.4166666666666667,0.4166666666666667,0.34,0.43465945432711767,0.4205343320358512,0.4035173424523693
2404,0,0.2733333333333333,0.30333333333333334,0.2966666666666667,0.31666666666666665,0.19,0.26379550468565033,0.3571572497269824,0.3310673011556764
2405,0,0.32666666666666666,0.3566666666666667,0.3433333333333333,0.2866666666666667,0.26666666666666666,0.30631051360630457,0.3557156560928963,0.3310673011556764
2406,1,0.3233333333333333,0.2866666666666667,0.30666666666666664,0.32,0.29333333333333333,0.35087560565860837,0.3654113484350004,0.3310673011556764
2407,1,0.37,0.41,0.34,0.34,0.35333333333333333,0.3833597325090473,0.3264604046491026,0.3310673011556764
2408,1,0.39,0.35333333333333333,0.38,0.35333333333333333,0.33666666666666667,0.4040286777472418,0.3906403652171492,0.3310673011556764
2409,1,0.2966666666666667,0.36,0.32,0.38333333333333336,0.3,0.3102206836229714,0.3386643972161324,0.3394244906532241
2410,0,0.26,0.32,0.3,0.29,0.27,0.30219739195629325,0.28240572081535886,0.3394244906532241
2411,1,0.2733333333333333,0.2833333333333333,0.35333333333333333,0.33666666666666667,0.23333333333333334,0.26302661160574214,0.3305725708586891,0.3394244906532241
2412,0,0.42333333333333334,0.3466666666666667,0.42,0.38666666666666666,0.37,0.42918985927796965,0.42040803431175944,0.42297650130548303
2413,1,0.3933333333333333,0.4,0.37333333333333335,0.39666666666666667,0.32,0.4228774916094323,0.4131808613726105,0.4035173424523693
2414,1,0.31666666666666665,0.33666666666666667,0.2966666666666667,0.31333333333333335,0.2733333333333333,0.3162828634513111,0.3702451892385809,0.3394244906532241
2415,0,0.44,0.39,0.42333333333333334,0.4066666666666667,0.3466666666666667,0.39210222916713666,0.37865051713279263,0.3310673011556764
2416,1,0.4066666666666667,0.3566666666666667,0.44333333333333336,0.3933333333333333,0.38333333333333336,0.40556314570415586,0.3937872697144377,0.4035173424523693
2417,0,0.33,0.28,0.37666666666666665,0.29333333333333333,0.31333333333333335,0.35991721576613617,0.42226181501730814,0.42297650130548303
2418,0,0.36666666666666664,0.4033333333333333,0.37333333333333335,0.36333333333333334,0.2833333333333333,0.3593021534467418,0.3975802723389642,0.3310673011556764
2419,0,0.25333333333333335,0.31,0.31,0.30666666666666664,0.27666666666666667,0.26207254066492075,0.2953371594391513,0.3394244906532241
2420,0,0.46,0.4033333333333333,0.4266666666666667,0.38666666666666666,0.4166666666666667,0.44993493804559764,0.4626987528451678,0.4035173424523693
2421,0,0.32,0.4033333333333333,0.3433333333333333,0.36666666666666664,0.22666666666666666,0.2874467395637079,0.3418776830643402,0.3394244906532241
2422,0,0.32666666666666666,0.27,0.27,0.2966666666666667,0.23666666666666666,0.2911247083278178,0.2968299813199781,0.3394244906532241
2423,0,0.31666666666666665,0.41,0.34,0.37333333333333335,0.2833333333333333,0.3554160525086131,0.40459014019554773,0.3310673011556764
2424,0,0.2633333333333333,0.38666666666666666,0.27666666666666667,0.33666666666666667,0.25666666666666665,0.26189277237353237,0.28333753898110503,0.3394244906532241
2425,1,0.35333333333333333,0.37333333333333335,0.2833333333333333,0.31,0.2966666666666667,0.37032489587230033,0.30738899347517423,0.3394244906532241
2426,1,0.37666666666666665,0.38,0.42,0.3233333333333333,0.3933333333333333,0.40743275247611693,0.3684779119869224,0.3394244906532241
2427,1,0.39,0.36666666666666664,0.4066666666666667,0.41333333333333333,0.3566666666666667,0.3394261343807606,0.35878686414427746,0.3394244906532241
2428,0,0.38,0.4266666666666667,0.41333333333333333,0.30333333333333334,0.37333333333333335,0.39371960359254304,0.4079817170142889,0.3310673011556764
2429,0,0.2966666666666667,0.29,0.29333333333333333,0.3233333333333333,0.22333333333333333,0.3158458929069883,0.3557156560928963,0.3310673011556764
2430,0,0.31333333333333335,0.3,0.29,0.29333333333333333,0.25666666666666665,0.313576640611498,0.3452307887492144,0.3394244906532241
2431,1,0.33666666666666667,0.31333333333333335,0.33,0.2866666666666667,0.32666666666666666,0.30071158447367835,0.31554473931499516,0.3310673011556764
2432,1,0.39666666666666667,0.35333333333333333,0.43,0.3566666666666667,0.37333333333333335,0.4518260755582452,0.41206657487889564,0.42297650130548303
2433,1,0.2866666666666667,0.4,0.33666666666666667,0.3333333333333333,0.25333333333333335,0.28661803211177406,0.28941850828480103,0.3394244906532241
2434,1,0.37333333333333335,0.35333333333333333,0.33666666666666667,0.31666666666666665,0.27666666666666667,0.2975861338539392,0.35035476490836764,0.3310673011556764
2435,0,0.39,0.36,0.41333333333333333,0.37333333333333335,0.3,0.36162218164622856,0.30738899347517423,0.3394244906532241
2436,0,0.23666666666666666,0.3433333333333333,0.30666666666666664,0.37666666666666665,0.24333333333333335,0.2573108573344289,0.2763491631385644,0.3310673011556764
2437,0,0.38666666666666666,0.30666666666666664,0.33,0.33666666666666667,0.27666666666666667,0.3614529957104468,0.39950890328526756,0.42297650130548303
2438,0,0.35333333333333333,0.3933333333333333,0.35,0.38,0.27,0.34025005362309796,0.36904470831735703,0.3310673011556764
2439,1,0.35333333333333333,0.35333333333333333,0.48,0.36666666666666664,0.31333333333333335,0.36320450339110844,0.3603662601007547,0.3394244906532241
2440,0,0.45,0.4066666666666667,0.42,0.38,0.39,0.4351346240686017,0.3733552127952184,0.3394244906532241
2441,1,0.4066666666666667,0.36,0.3566666666666667,0.37666666666666665,0.36,0.39609681950686565,0.34710382562722014,0.3310673011556764
2442,0,0.47333333333333333,0.38666666666666666,0.36666666666666664,0.41,0.36333333333333334,0.45131737790668197,0.4326621956260156,0.42297650130548303
2443,0,0.21666666666666667,0.32,0.2966666666666667,0.3233333333333333,0.31333333333333335,0.2743624810066955,0.2953371594391513,0.3394244906532241
2444,0,0.34,0.4033333333333333,0.41,0.37,0.2633333333333333,0.3655089881636319,0.3805191272712418,0.4035173424523693
2445,0,0.3466666666666667,0.31666666666666665,0.42,0.3333333333333333,0.32,0.33415298746305605,0.2761306608898298,0.3394244906532241
2446,0,0.35333333333333333,0.38666666666666666,0.33666666666666667,0.36666666666666664,0.2733333333333333,0.34912877039535445,0.3420068599864645,0.3394244906532241
2447,0,0.2733333333333333,0.3,0.3433333333333333,0.31,0.2866666666666667,0.2962174193099969,0.36013164300299555,0.3394244906532241
2448,0,0.32666666666666666,0.29,0.26,0.2866666666666667,0.23333333333333334,0.2931011410085689,0.32007738513141915,0.3394244906532241
2449,0,0.29,0.37333333333333335,0.31333333333333335,0.3466666666666667,0.30666666666666664,0.3291096550256727,0.32612780614579057,0.3394244906532241
2450,0,0.38333333333333336,0.31666666666666665,0.27666666666666667,0.36,0.29,0.33355483314828444,0.3889262443749976,0.4035173424523693
2451,0,0.39666666666666667,0.42,0.36333333333333334,0.38333333333333336,0.3233333333333333,0.4042163026349199,0.39089654975292293,0.4035173424523693
2452,0,0.41,0.37333333333333335,0.41333333333333333,0.39666666666666667,0.36,0.38600709728655824,0.3906403652171492,0.3310673011556764
2453,1,0.39666666666666667,0.3333333333333333,0.4,0.32666666666666666,0.31333333333333335,0.3583337597217073,0.34574206081624126,0.3310673011556764
2454,0,0.21333333333333335,0.31333333333333335,0.22333333333333333,0.2866666666666667,0.17333333333333334,0.21626263172485521,0.24610654577706853,0.3310673011556764
2455,1,0.32,0.38666666666666666,0.37333333333333335,0.37666666666666665,0.3333333333333333,0.33944596384624554,0.3188067772843088,0.3310673011556764
2456,1,0.4033333333333333,0.3566666666666667,0.3466666666666667,0.37333333333333335,0.34,0.40091197763312464,0.32319524988829623,0.3310673011556764
2457,0,0.4266666666666667,0.3333333333333333,0.38,0.33666666666666667,0.35,0.3287109564000844,0.31221913354699,0.3310673011556764
2458,1,0.39666666666666667,0.3466666666666667,0.43333333333333335,0.37333333333333335,0.37333333333333335,0.44470908847624074,0.3937872697144377,0.4035173424523693
2459,1,0.45,0.35,0.4,0.32666666666666666,0.43666666666666665,0.38190388708615375,0.3823354422876031,0.3310673011556764
2460,0,0.25666666666666665,0.32,0.2866666666666667,0.29,0.24666666666666667,0.3038299412179857,0.3409001731600592,0.3310673011556764
2461,0,0.3466666666666667,0.30666666666666664,0.43,0.38,0.35333333333333333,0.32671944915105067,0.35732900667996814,0.3310673011556764
2462,0,0.3233333333333333,0.3466666666666667,0.31,0.36,0.31,0.3167123377894645,0.32778427345938876,0.3310673011556764
2463,0,0.3,0.37666666666666665,0.2966666666666667,0.37,0.3433333333333333,0.3157518500382645,0.32283072635983906,0.3394244906532241
2464,0,0.39666666666666667,0.3333333333333333,0.35,0.36,0.3466666666666667,0.37904629091710557,0.3557555185623393,0.3310673011556764
2465,1,0.31,0.27666666666666667,0.33,0.27666666666666667,0.26,0.30201397921011186,0.3523725632346527,0.3310673011556764
2466,0,0.37666666666666665,0.33666666666666667,0.3333333333333333,0.4033333333333333,0.26666666666666666,0.390736314035414,0.39055750407502243,0.4035173424523693
2467,1,0.33666666666666667,0.4166666666666667,0.44666666666666666,0.35333333333333333,0.3,0.33645119836792936,0.38038381326763737,0.3394244906532241
2468,1,0.33666666666666667,0.38666666666666666,0.4066666666666667,0.36666666666666664,0.26666666666666666,0.3372380155012761,0.35035476490836764,0.3310673011556764
2469,1,0.32,0.4033333333333333,0.37666666666666665,0.39666666666666667,0.3233333333333333,0.3596398846895355,0.36197059279426513,0.3310673011556764
2470,1,0.4266666666666667,0.38666666666666666,0.38666666666666666,0.43,0.36,0.436446106323357,0.4184392082517913,0.4035173424523693
2471,0,0.2966666666666667,0.33,0.3466666666666667,0.35,0.20666666666666667,0.32824430442750163,0.3635695010158217,0.4035173424523693
2472,0,0.4066666666666667,0.31666666666666665,0.36666666666666664,0.2966666666666667,0.31333333333333335,0.37325706692562544,0.4202442592585863,0.4035173424523693
2473,1,0.4,0.41,0.4033333333333333,0.42,0.32,0.3626794108564871,0.4215287050426131,0.4035173424523693
2474,0,0.3933333333333333,0.38666666666666666,0.38,0.35333333333333333,0.2966666666666667,0.39549154449502344,0.41117405622164244,0.4035173424523693
2475,0,0.37333333333333335,0.39,0.4033333333333333,0.38333333333333336,0.28,0.3442160926864116,0.3615810893710185,0.3394244906532241
2476,0,0.4,0.32666666666666666,0.4,0.36666666666666664,0.37333333333333335,0.3767791705782343,0.32175574802724133,0.3310673011556764
2477,0,0.31333333333333335,0.3433333333333333,0.3433333333333333,0.2833333333333333,0.3233333333333333,0.3059369420925761,0.30774826040495856,0.3310673011556764
2478,1,0.3433333333333333,0.37333333333333335,0.37666666666666665,0.36666666666666664,0.41,0.3683822717097276,0.33904232434425674,0.3310673011556764
2479,0,0.39666666666666667,0.41,0.41,0.39,0.36,0.38034357194886453,0.31995158555790804,0.3310673011556764
2480,0,0.3333333333333333,0.38333333333333336,0.32666666666666666,0.33,0.36,0.33177984816145384,0.3581514525789926,0.3394244906532241
2481,1,0.2833333333333333,0.30333333333333334,0.31333333333333335,0.36,0.2833333333333333,0.27514098363300993,0.33904232434425674,0.3310673011556764
2482,1,0.2866666666666667,0.30666666666666664,0.3566666666666667,0.3433333333333333,0.23333333333333334,0.2804429115327727,0.3217011895484603,0.3310673011556764
2483,0,0.24333333333333335,0.31333333333333335,0.27666666666666667,0.30333333333333334,0.19333333333333333,0.220777800074487,0.33719032241041735,0.3394244906532241
2484,0,0.35,0.3466666666666667,0.3466666666666667,0.3233333333333333,0.35333333333333333,0.34934008867739896,0.3522145501890265,0.3310673011556764
2485,0,0.2966666666666667,0.31333333333333335,0.32666666666666666,0.36666666666666664,0.2733333333333333,0.3463586595825669,0.30738899347517423,0.3394244906532241
2486,0,0.44333333333333336,0.35333333333333333,0.43666666666666665,0.33,0.3433333333333333,0.45563643040985885,0.42229148967774865,0.42297650130548303
2487,0,0.4166666666666667,0.38,0.38333333333333336,0.35,0.29333333333333333,0.39357306435992107,0.40103146481735763,0.4035173424523693
2488,1,0.39,0.3566666666666667,0.37333333333333335,0.37333333333333335,0.36666666666666664,0.3839522623758119,0.3774122415601326,0.3310673011556764
2489,0,0.24,0.2733333333333333,0.27666666666666667,0.2966666666666667,0.19666666666666666,0.2522411465443854,0.2736146797610696,0.3394244906532241
2490,1,0.44,0.39,0.38666666666666666,0.42,0.31333333333333335,0.4236646137743417,0.3519306652995465,0.3394244906532241
2491,0,0.28,0.3233333333333333,0.30333333333333334,0.3433333333333333,0.25666666666666665,0.2514847497284751,0.33891369040266583,0.3310673011556764
2492,0,0.42333333333333334,0.38,0.39666666666666667,0.36666666666666664,0.38,0.42353931889216173,0.36987860014221624,0.3394244906532241
2493,0,0.44666666666666666,0.38,0.4033333333333333,0.4,0.2966666666666667,0.40461046104687665,0.3774122415601326,0.3310673011556764
2494,1,0.32,0.34,0.37666666666666665,0.3433333333333333,0.30333333333333334,0.34578099083445346,0.32306968956448034,0.3310673011556764
2495,0,0.33,0.39666666666666667,0.36333333333333334,0.34,0.2733333333333333,0.37855513704410465,0.4093662843744214,0.4035173424523693
2496,0,0.47,0.4266666666666667,0.41,0.34,0.33666666666666667,0.45412204858987676,0.4427344798542368,0.4035173424523693
2497,0,0.38666666666666666,0.3233333333333333,0.38333333333333336,0.29,0.38333333333333336,0.3528436464588615,0.34574206081624126,0.3310673011556764
2498,0,0.36666666666666664,0.34,0.3,0.38,0.3233333333333333,0.36174216450004193,0.32319524988829623,0.3310673011556764
2499,0,0.33,0.38,0.3333333333333333,0.3233333333333333,0.24,0.2633551110840709,0.2983197677226766,0.3310673011556764
2500,1,0.3566666666666667,0.38666666666666666,0.36666666666666664,0.37666666666666665,0.29333333333333333,0.40483913024023715,0.3617136193415141,0.3394244906532241
2501,0,0.27,0.2866666666666667,0.36,0.32,0.19,0.29965118871762875,0.353365332666653,0.3394244906532241
2502,0,0.31333333333333335,0.31333333333333335,0.2866666666666667,0.31,0.17666666666666667,0.2799009550510607,0.31092477228701343,0.3310673011556764
2503,0,0.4266666666666667,0.38,0.4033333333333333,0.36666666666666664,0.38333333333333336,0.3787445980723704,0.3615810893710185,0.3394244906532241
2504,0,0.3933333333333333,0.33666666666666667,0.36,0.35333333333333333,0.29,0.37905734990490114,0.3260895831278764,0.3394244906532241
2505,1,0.31,0.32666666666666666,0.41,0.31,0.3,0.34069404971864475,0.2820015934934095,0.3394244906532241
2506,0,0.37,0.39666666666666667,0.33,0.4033333333333333,0.28,0.39957551769062094,0.3519306652995465,0.3394244906532241
2507,0,0.3,0.3,0.36333333333333334,0.36666666666666664,0.25666666666666665,0.3603257882525311,0.33616357243687683,0.3310673011556764
2508,0,0.43,0.39666666666666667,0.45666666666666667,0.3333333333333333,0.38,0.4283714077146879,0.37040572502775887,0.3310673011556764
2509,0,0.35,0.33666666666666667,0.36,0.33,0.31666666666666665,0.4161873012979464,0.4400232968952435,0.42297650130548303
2510,0,0.3233333333333333,0.31666666666666665,0.30666666666666664,0.32,0.35333333333333333,0.3437613691264452,0.3231191089390508,0.3394244906532241
2511,1,0.3433333333333333,0.26,0.2633333333333333,0.2966666666666667,0.25666666666666665,0.32154731986319235,0.33719032241041735,0.3394244906532241
2512,0,0.27,0.36,0.2866666666666667,0.37666666666666665,0.2866666666666667,0.2837880428946363,0.30133210104131813,0.3394244906532241
2513,1,0.37,0.41,0.39666666666666667,0.41,0.33666666666666667,0.3834098422182013,0.3486038975211502,0.3394244906532241
2514,1,0.35,0.37,0.4066666666666667,0.39666666666666667,0.32,0.4133771157428404,0.3718860617182593,0.4035173424523693
2515,0,0.43666666666666665,0.3933333333333333,0.44666666666666666,0.37,0.3233333333333333,0.4047776541354148,0.4131808613726105,0.4035173424523693
2516,0,0.29,0.3466666666666667,0.2833333333333333,0.3,0.17333333333333334,0.23061402623410424,0.30903106320044943,0.3310673011556764
2517,0,0.30666666666666664,0.37666666666666665,0.3466666666666667,0.4266666666666667,0.30666666666666664,0.29938974128511925,0.3167919244986992,0.3394244906532241
2518,1,0.3466666666666667,0.31,0.2966666666666667,0.31666666666666665,0.24,0.3287611296994962,0.3587468511528954,0.4035173424523693
2519,0,0.38,0.25,0.37666666666666665,0.3433333333333333,0.32,0.35423089556943177,0.33437408714782485,0.3310673011556764
2520,0,0.31,0.38,0.37666666666666665,0.37,0.2966666666666667,0.3341380566308008,0.3469737387332904,0.3310673011556764
2521,1,0.30666666666666664,0.3466666666666667,0.27,0.36666666666666664,0.27,0.2719010592291777,0.2652723132876289,0.3310673011556764
2522,1,0.37333333333333335,0.3466666666666667,0.30666666666666664,0.29,0.2633333333333333,0.3408444293564078,0.3653306303901743,0.3394244906532241
2523,1,0.5166666666666667,0.37666666666666665,0.4,0.36,0.44666666666666666,0.4527239275201231,0.42349184084719965,0.4035173424523693
2524,1,0.31333333333333335,0.3466666666666667,0.2866666666666667,0.31666666666666665,0.23333333333333334,0.27506836885989144,0.2968299813199781,0.3394244906532241
2525,0,0.3233333333333333,0.36666666666666664,0.39,0.35333333333333333,0.26,0.30772225597131697,0.3050126025631875,0.3310673011556764
2526,0,0.44666666666666666,0.25666666666666665,0.36,0.31333333333333335,0.36666666666666664,0.3902290021929024,0.42557068252977037,0.42297650130548303
2527,0,0.4066666666666667,0.43666666666666665,0.4666666666666667,0.37,0.37666666666666665,0.46343493229772575,0.42349184084719965,0.4035173424523693
2528,1,0.45666666666666667,0.34,0.4266666666666667,0.32666666666666666,0.34,0.4312811552545111,0.4720229772765365,0.42297650130548303
2529,0,0.36333333333333334,0.38666666666666666,0.39666666666666667,0.37,0.3233333333333333,0.3556445983867071,0.3338754896748258,0.3394244906532241
2530,0,0.38,0.3466666666666667,0.32666666666666666,0.34,0.37333333333333335,0.3798751774010396,0.3683167841908827,0.3394244906532241
2531,0,0.36333333333333334,0.37333333333333335,0.4166666666666667,0.41333333333333333,0.26666666666666666,0.3427212889217639,0.34084399981134195,0.3310673011556764
2532,0,0.3,0.3,0.30666666666666664,0.33,0.29333333333333333,0.33681658126525493,0.3278565699958886,0.3394244906532241
2533,0,0.26666666666666666,0.31333333333333335,0.29,0.3466666666666667,0.19333333333333333,0.2371996113170337,0.3118569985823074,0.3394244906532241
2534,0,0.36,0.3466666666666667,0.3933333333333333,0.38666666666666666,0.31666666666666665,0.39686146155430474,0.3567700295414111,0.3394244906532241
2535,0,0.3,0.2866666666666667,0.36333333333333334,0.31333333333333335,0.29,0.369802550893186,0.36049409849382363,0.3394244906532241
2536,0,0.37666666666666665,0.41,0.3566666666666667,0.3466666666666667,0.35,0.3488588129779107,0.36904470831735703,0.3310673011556764
2537,0,0.41,0.4266666666666667,0.39666666666666667,0.43,0.2833333333333333,0.43611279430611055,0.4289841842496065,0.4035173424523693
2538,0,0.29,0.2866666666666667,0.3466666666666667,0.2866666666666667,0.24333333333333335,0.28358518394266313,0.4215287050426131,0.4035173424523693
2539,0,0.39666666666666667,0.37333333333333335,0.42,0.38666666666666666,0.3566666666666667,0.4252986198322774,0.44129397781219243,0.4035173424523693
2540,0,0.22666666666666666,0.31333333333333335,0.24,0.30333333333333334,0.23,0.2338673936982611,0.2612183782492153,0.3310673011556764
2541,0,0.24333333333333335,0.3933333333333333,0.37333333333333335,0.36,0.26,0.3089602647426404,0.285365667782447,0.3310673011556764
2542,0,0.32,0.3933333333333333,0.41,0.39,0.25,0.3449803836926302,0.3684779119869224,0.3394244906532241
2543,0,0.43,0.4066666666666667,0.4266666666666667,0.32,0.36666666666666664,0.4207291845040203,0.382413688267415,0.4035173424523693
2544,1,0.28,0.3233333333333333,0.26666666666666666,0.3233333333333333,0.24,0.2866355982120026,0.30751122799297015,0.3394244906532241
2545,1,0.3933333333333333,0.3466666666666667,0.45,0.4033333333333333,0.3466666666666667,0.41212167051128606,0.3733552127952184,0.3394244906532241
2546,0,0.38333333333333336,0.38333333333333336,0.44,0.4033333333333333,0.3333333333333333,0.3443461779779749,0.33891369040266583,0.3310673011556764
2547,0,0.4,0.36666666666666664,0.4166666666666667,0.34,0.36,0.43334131389405267,0.3438725019949607,0.3394244906532241
2548,0,0.2966666666666667,0.39666666666666667,0.42333333333333334,0.38666666666666666,0.2966666666666667,0.3526672401663019,0.3975802723389642,0.3310673011556764
2549,0,0.38666666666666666,0.37,0.37666666666666665,0.42,0.37666666666666665,0.42855447217332254,0.3937872697144377,0.4035173424523693
2550,0,0.27,0.35333333333333333,0.3,0.36,0.26,0.281525886406346,0.3075482671416405,0.3394244906532241
2551,0,0.34,0.32666666666666666,0.3933333333333333,0.34,0.2833333333333333,0.3443728627289112,0.3937872697144377,0.4035173424523693
2552,0,0.34,0.39,0.3233333333333333,0.41333333333333333,0.29,0.33116727353355574,0.3195846493090645,0.3394244906532241
2553,0,0.38,0.42,0.42333333333333334,0.36333333333333334,0.30333333333333334,0.4048088701394742,0.4323850508931281,0.4035173424523693
2554,0,0.37666666666666665,0.33,0.3233333333333333,0.34,0.3333333333333333,0.38393529571826446,0.3937872697144377,0.4035173424523693
2555,1,0.37666666666666665,0.36333333333333334,0.36333333333333334,0.39,0.39,0.37528507940387085,0.30903106320044943,0.3310673011556764
2556,0,0.37666666666666665,0.37666666666666665,0.35,0.32666666666666666,0.27,0.3698596553972886,0.33069962262284625,0.3394244906532241
2557,0,0.37333333333333335,0.31,0.38333333333333336,0.3233333333333333,0.31666666666666665,0.3990781840283743,0.4164403053230826,0.4035173424523693
2558,1,0.35,0.36,0.34,0.41,0.2866666666666667,0.33944596384624554,0.3188067772843088,0.3310673011556764
2559,0,0.31,0.4166666666666667,0.30333333333333334,0.36333333333333334,0.29333333333333333,0.33783001839104126,0.3107279195133625,0.3394244906532241
2560,1,0.3333333333333333,0.3,0.29333333333333333,0.26666666666666666,0.2966666666666667,0.30421098580354544,0.34217448270626716,0.3394244906532241
2561,0,0.2633333333333333,0.35333333333333333,0.2866666666666667,0.33666666666666667,0.20666666666666667,0.26658429481724377,0.2910049140643585,0.3310673011556764
2562,0,0.3466666666666667,0.33,0.3566666666666667,0.3333333333333333,0.29,0.3150100984961573,0.3260895831278764,0.3394244906532241
2563,0,0.37333333333333335,0.42333333333333334,0.43333333333333335,0.38666666666666666,0.42,0.3892165219703372,0.33069962262284625,0.3394244906532241
2564,0,0.29,0.33666666666666667,0.30666666666666664,0.32666666666666666,0.25666666666666665,0.3273156445255791,0.27911240537439663,0.3394244906532241
2565,0,0.3433333333333333,0.4166666666666667,0.36666666666666664,0.39666666666666667,0.3,0.35839700852930373,0.40490866490095084,0.42297650130548303
2566,0,0.2866666666666667,0.31333333333333335,0.27666666666666667,0.3433333333333333,0.26666666666666666,0.2889406908734094,0.30738899347517423,0.3394244906532241
2567,0,0.4166666666666667,0.38333333333333336,0.43,0.42,0.37,0.39227937981206157,0.4009544022664576,0.4035173424523693
2568,1,0.28,0.31,0.27,0.31,0.19,0.22719633608365172,0.32633418745536436,0.3310673011556764
2569,0,0.34,0.41,0.33,0.4,0.3,0.332504076967547,0.3155823051187502,0.3310673011556764
2570,1,0.39666666666666667,0.38,0.37,0.3933333333333333,0.39,0.3916153847824809,0.4427344798542368,0.4035173424523693
2571,1,0.35,0.36,0.3466666666666667,0.3566666666666667,0.26,0.39086393624930277,0.38739277112099574,0.3394244906532241
2572,0,0.36666666666666664,0.31,0.35333333333333333,0.33,0.31,0.3572590387619747,0.37040572502775887,0.3310673011556764
2573,1,0.36,0.27,0.3466666666666667,0.3,0.31333333333333335,0.3404892414582386,0.3702451892385809,0.3394244906532241
2574,1,0.4633333333333333,0.33,0.43666666666666665,0.4266666666666667,0.37,0.46051220594141595,0.4432786264360734,0.4035173424523693
2575,1,0.31333333333333335,0.43333333333333335,0.3466666666666667,0.3433333333333333,0.22333333333333333,0.35125901056433695,0.34069372550384747,0.3394244906532241
2576,0,0.4266666666666667,0.37333333333333335,0.39,0.35,0.2733333333333333,0.33737485458440064,0.3617136193415141,0.3394244906532241
2577,0,0.36,0.39666666666666667,0.27666666666666667,0.42333333333333334,0.25333333333333335,0.3659477007951506,0.36987860014221624,0.3394244906532241
2578,0,0.2633333333333333,0.35,0.2866666666666667,0.32666666666666666,0.25,0.28613656845942265,0.3198266898970717,0.3310673011556764
2579,0,0.32,0.3433333333333333,0.32,0.3333333333333333,0.38333333333333336,0.4073547211072334,0.3537463232759562,0.3310673011556764
2580,1,0.39,0.38333333333333336,0.35333333333333333,0.37333333333333335,0.36,0.383148037988765,0.3308266990859808,0.3394244906532241
2581,0,0.36666666666666664,0.3933333333333333,0.38,0.4066666666666667,0.31333333333333335,0.3467034646428236,0.32940816803793843,0.3394244906532241
2582,0,0.42,0.37,0.38333333333333336,0.37333333333333335,0.3233333333333333,0.3887399530808834,0.37040572502775887,0.3310673011556764
2583,1,0.36666666666666664,0.37,0.35333333333333333,0.3933333333333333,0.31,0.37204839538132817,0.3758020304357728,0.3310673011556764
2584,1,0.33,0.31666666666666665,0.2833333333333333,0.28,0.27666666666666667,0.2900289636333206,0.3264604046491026,0.3310673011556764
2585,1,0.4166666666666667,0.42333333333333334,0.37666666666666665,0.38666666666666666,0.3,0.43650553550242743,0.4427344798542368,0.4035173424523693
2586,0,0.3566666666666667,0.4166666666666667,0.39,0.4,0.27,0.3620336821170916,0.3499709047204447,0.3394244906532241
2587,0,0.33,0.3333333333333333,0.36333333333333334,0.3933333333333333,0.36666666666666664,0.3620943270125886,0.3167209181534102,0.3310673011556764
2588,0,0.26666666666666666,0.2733333333333333,0.27666666666666667,0.34,0.2733333333333333,0.28099896135732366,0.27514800220219665,0.3310673011556764
2589,0,0.29333333333333333,0.4166666666666667,0.31333333333333335,0.38666666666666666,0.29,0.2920545456019606,0.34578140545951735,0.3310673011556764
2590,0,0.38666666666666666,0.42333333333333334,0.38666666666666666,0.3933333333333333,0.30333333333333334,0.4048459924292202,0.36221915179628694,0.4035173424523693
2591,0,0.37,0.32666666666666666,0.3333333333333333,0.2833333333333333,0.32,0.3591180690743318,0.2971822024364462,0.3310673011556764
2592,0,0.36,0.36,0.38,0.39666666666666667,0.33,0.3697154034908248,0.34046509887140136,0.3394244906532241
2593,1,0.45666666666666667,0.37333333333333335,0.43,0.36,0.38333333333333336,0.4835198859431043,0.4732488888152461,0.4035173424523693
2594,0,0.42333333333333334,0.41,0.41333333333333333,0.33666666666666667,0.31333333333333335,0.42583646902215455,0.3892509658843634,0.3310673011556764
2595,1,0.38333333333333336,0.36,0.4266666666666667,0.36666666666666664,0.29333333333333333,0.384227207779922,0.4626987528451678,0.4035173424523693
2596,0,0.41333333333333333,0.4,0.49333333333333335,0.37,0.34,0.414764771276623,0.4323850508931281,0.4035173424523693
2597,1,0.2733333333333333,0.26666666666666666,0.33666666666666667,0.29333333333333333,0.22333333333333333,0.24860999109576865,0.30774826040495856,0.3310673011556764
2598,0,0.35333333333333333,0.36333333333333334,0.3466666666666667,0.31,0.33666666666666667,0.3484157021113906,0.3167919244986992,0.3394244906532241
2599,0,0.3233333333333333,0.3466666666666667,0.35,0.42333333333333334,0.24,0.3598397036752801,0.3586713777984199,0.3310673011556764
2600,1,0.38666666666666666,0.4,0.37333333333333335,0.4066666666666667,0.4166666666666667,0.3912887166668425,0.3685183865977505,0.3394244906532241
2601,0,0.31333333333333335,0.37333333333333335,0.30666666666666664,0.37,0.27666666666666667,0.3336244999828358,0.32741267916575206,0.3394244906532241
2602,1,0.35333333333333333,0.29,0.2966666666666667,0.3,0.31,0.3285470089633849,0.31827821737581735,0.3394244906532241
2603,1,0.35333333333333333,0.38666666666666666,0.35,0.3433333333333333,0.3,0.3878401490688872,0.4256684435221888,0.4035173424523693
2604,1,0.3466666666666667,0.37333333333333335,0.35333333333333333,0.35333333333333333,0.34,0.37878636964735257,0.31995158555790804,0.3310673011556764
2605,0,0.33,0.36666666666666664,0.34,0.34,0.28,0.34180444264896936,0.3975802723389642,0.3310673011556764
2606,0,0.43,0.35,0.3933333333333333,0.37,0.3933333333333333,0.3861984713674154,0.3456122141217671,0.3310673011556764
2607,0,0.36333333333333334,0.37333333333333335,0.32666666666666666,0.3433333333333333,0.37333333333333335,0.376874070853557,0.3308266990859808,0.3394244906532241
2608,1,0.36666666666666664,0.32666666666666666,0.38666666666666666,0.41,0.3233333333333333,0.32778593851118804,0.31851973170632397,0.3310673011556764
2609,1,0.43,0.35333333333333333,0.42333333333333334,0.34,0.31333333333333335,0.4064716577046235,0.44160046979104794,0.42297650130548303
2610,1,0.4,0.32,0.4266666666666667,0.3566666666666667,0.33,0.3916829676684231,0.3622752338816749,0.3310673011556764
2611,0,0.37333333333333335,0.36,0.38,0.36333333333333334,0.33666666666666667,0.3525810407439667,0.3452307887492144,0.3394244906532241
2612,1,0.33666666666666667,0.3233333333333333,0.33,0.3433333333333333,0.3,0.3941283514801066,0.3817613458744341,0.3394244906532241
2613,0,0.41,0.37,0.4033333333333333,0.39666666666666667,0.38333333333333336,0.42859672836138146,0.39752525813523615,0.4035173424523693
2614,0,0.36666666666666664,0.37666666666666665,0.34,0.35333333333333333,0.30333333333333334,0.3558411773423476,0.3874199149648014,0.3310673011556764
2615,1,0.3466666666666667,0.33666666666666667,0.2966666666666667,0.36666666666666664,0.26,0.3556385387668277,0.3567700295414111,0.3394244906532241
2616,0,0.32,0.42333333333333334,0.38666666666666666,0.39,0.2866666666666667,0.4026573928463341,0.42349184084719965,0.4035173424523693
2617,0,0.29333333333333333,0.39,0.33,0.3433333333333333,0.23666666666666666,0.2955486577946188,0.31684516595354706,0.3310673011556764
2618,1,0.37333333333333335,0.38,0.35,0.41,0.31,0.3479788631848407,0.3422573402605738,0.3310673011556764
2619,1,0.39666666666666667,0.2733333333333333,0.33666666666666667,0.2733333333333333,0.38,0.41943864592992747,0.3684779119869224,0.3394244906532241
2620,0,0.36,0.3933333333333333,0.3233333333333333,0.38,0.27,0.3589299496561637,0.31554473931499516,0.3310673011556764
2621,1,0.36333333333333334,0.4633333333333333,0.37333333333333335,0.4033333333333333,0.36,0.3268861056349153,0.3602339451824002,0.3394244906532241
2622,0,0.31,0.41333333333333333,0.31666666666666665,0.37,0.25666666666666665,0.2999318213998555,0.2910049140643585,0.3310673011556764
2623,0,0.32666666666666666,0.31666666666666665,0.3566666666666667,0.31666666666666665,0.22666666666666666,0.2924567166711089,0.3278565699958886,0.3394244906532241
2624,0,0.36,0.38666666666666666,0.42333333333333334,0.37666666666666665,0.3333333333333333,0.38144001111994086,0.36904470831735703,0.3310673011556764
2625,0,0.3433333333333333,0.2866666666666667,0.29,0.3,0.23333333333333334,0.3091588498174354,0.3751319870258763,0.3394244906532241
2626,0,0.2866666666666667,0.29333333333333333,0.32666666666666666,0.2633333333333333,0.21,0.28539639347884427,0.28930046104637885,0.3394244906532241
2627,0,0.45,0.36666666666666664,0.37333333333333335,0.3933333333333333,0.37,0.428145121120025,0.35917505099475405,0.3310673011556764
2628,0,0.3433333333333333,0.37333333333333335,0.35333333333333333,0.31666666666666665,0.3233333333333333,0.3683197649456879,0.3305725708586891,0.3394244906532241
2629,0,0.25,0.33,0.3233333333333333,0.29333333333333333,0.25666666666666665,0.2427518456326389,0.33891369040266583,0.3310673011556764
2630,0,0.3466666666666667,0.37333333333333335,0.31666666666666665,0.36333333333333334,0.31666666666666665,0.3391753446707445,0.3195846493090645,0.3394244906532241
2631,0,0.2833333333333333,0.39,0.30333333333333334,0.37666666666666665,0.27,0.27292362969304573,0.3499709047204447,0.3394244906532241
2632,0,0.35,0.4066666666666667,0.4,0.39666666666666667,0.24666666666666667,0.3522081156052914,0.39618223783205125,0.3310673011556764
2633,1,0.43333333333333335,0.36333333333333334,0.41,0.4,0.37,0.4435827685532711,0.3557156560928963,0.3310673011556764
2634,1,0.49333333333333335,0.29333333333333333,0.47333333333333333,0.3466666666666667,0.4166666666666667,0.4583487618880811,0.4323850508931281,0.4035173424523693
2635,0,0.3233333333333333,0.33,0.32,0.3,0.32,0.3733428265511323,0.36036551609482653,0.3394244906532241
2636,0,0.3,0.3933333333333333,0.3933333333333333,0.37,0.32,0.3716131944822255,0.3420068599864645,0.3394244906532241
2637,0,0.39666666666666667,0.3433333333333333,0.36,0.33666666666666667,0.36,0.3786428058059764,0.34419226945227965,0.3310673011556764
2638,1,0.36,0.4,0.3466666666666667,0.33666666666666667,0.38666666666666666,0.4068653348662233,0.39752525813523615,0.4035173424523693
2639,0,0.3433333333333333,0.2833333333333333,0.36,0.2833333333333333,0.29,0.3314213147806475,0.37681246339517793,0.3394244906532241
2640,1,0.3233333333333333,0.38,0.3233333333333333,0.36,0.30666666666666664,0.31494157296428726,0.3154207660147644,0.3310673011556764
2641,1,0.26,0.3566666666666667,0.37,0.31,0.25333333333333335,0.3176809741727069,0.38215957511677867,0.3310673011556764
2642,0,0.2833333333333333,0.36333333333333334,0.3,0.35333333333333333,0.24,0.2899555920470436,0.3154207660147644,0.3310673011556764
2643,0,0.35,0.36666666666666664,0.3566666666666667,0.3333333333333333,0.33,0.38124672732597226,0.3420068599864645,0.3394244906532241
2644,1,0.37,0.37666666666666665,0.38,0.43666666666666665,0.4,0.4054625812925056,0.35048543907363827,0.3310673011556764
2645,0,0.37333333333333335,0.37,0.35,0.34,0.2633333333333333,0.38267842525855256,0.33786314502810033,0.3310673011556764
2646,0,0.35333333333333333,0.4033333333333333,0.3933333333333333,0.3466666666666667,0.27666666666666667,0.350457968778509,0.41703215898262547,0.42297650130548303
2647,0,0.3933333333333333,0.31666666666666665,0.35,0.3233333333333333,0.31,0.29204720668084855,0.35853933635974994,0.3310673011556764
2648,0,0.31,0.29,0.2966666666666667,0.32666666666666666,0.24333333333333335,0.2746132615046641,0.31970949487852796,0.3394244906532241
2649,0,0.42,0.43,0.42333333333333334,0.38333333333333336,0.2966666666666667,0.4092036278740685,0.4062574363217939,0.4035173424523693
2650,0,0.31666666666666665,0.3466666666666667,0.4,0.3433333333333333,0.2866666666666667,0.32019073675971604,0.3837940186378902,0.4035173424523693
2651,0,0.30333333333333334,0.3933333333333333,0.31666666666666665,0.38333333333333336,0.18666666666666668,0.2951882494984571,0.38038381326763737,0.3394244906532241
2652,0,0.30333333333333334,0.41,0.37333333333333335,0.3433333333333333,0.25666666666666665,0.30690830561576304,0.3259634399184741,0.3394244906532241
2653,0,0.3333333333333333,0.38333333333333336,0.38666666666666666,0.36,0.3333333333333333,0.3841724276529731,0.33786314502810033,0.3310673011556764
2654,0,0.30333333333333334,0.3,0.3333333333333333,0.31,0.25,0.3155384115771823,0.3471781825625442,0.3394244906532241
2655,0,0.29,0.30666666666666664,0.29333333333333333,0.3,0.25666666666666665,0.31699916707643694,0.3260895831278764,0.3394244906532241
2656,1,0.38,0.3433333333333333,0.36,0.3933333333333333,0.30666666666666664,0.40647352037363266,0.36987860014221624,0.3394244906532241
2657,1,0.34,0.38333333333333336,0.45666666666666667,0.3233333333333333,0.34,0.35178804895421834,0.3892509658843634,0.3310673011556764
2658,0,0.31666666666666665,0.33,0.3466666666666667,0.32666666666666666,0.24,0.34736653044579224,0.3418776830643402,0.3394244906532241
2659,0,0.36333333333333334,0.31,0.32666666666666666,0.27666666666666667,0.31,0.28179518432081463,0.32306968956448034,0.3310673011556764
2660,1,0.29333333333333333,0.39,0.31,0.36,0.26666666666666666,0.309380496733533,0.35732900667996814,0.3310673011556764
2661,0,0.38,0.32,0.4033333333333333,0.39666666666666667,0.32,0.368121311901433,0.3805191272712418,0.4035173424523693
2662,0,0.44333333333333336,0.37333333333333335,0.43,0.42333333333333334,0.34,0.428355162132164,0.3906403652171492,0.3310673011556764
2663,1,0.31,0.34,0.3233333333333333,0.3233333333333333,0.2966666666666667,0.3449552567132106,0.3422528435033279,0.3310673011556764
2664,0,0.43666666666666665,0.4066666666666667,0.4066666666666667,0.36333333333333334,0.36,0.39716293121665375,0.3937872697144377,0.4035173424523693
2665,1,0.33,0.31333333333333335,0.3233333333333333,0.35333333333333333,0.27,0.2865529698553884,0.32633418745536436,0.3310673011556764
2666,0,0.25666666666666665,0.33,0.37333333333333335,0.30666666666666664,0.26,0.2702219075339124,0.31827821737581735,0.3394244906532241
2667,0,0.5066666666666667,0.3466666666666667,0.4533333333333333,0.39,0.36,0.42613474244487787,0.39239388517331075,0.4035173424523693
2668,1,0.30333333333333334,0.4066666666666667,0.33,0.3433333333333333,0.29,0.33280560405682164,0.33069962262284625,0.3394244906532241
2669,1,0.24333333333333335,0.27,0.3,0.3433333333333333,0.24333333333333335,0.2672930282666179,0.36346712605473463,0.3394244906532241
2670,1,0.32666666666666666,0.32,0.35,0.30333333333333334,0.3333333333333333,0.3785254480264536,0.4062574363217939,0.4035173424523693
2671,0,0.41333333333333333,0.3433333333333333,0.42333333333333334,0.34,0.37,0.3869321423694212,0.3420068599864645,0.3394244906532241
2672,1,0.46,0.36,0.39666666666666667,0.36666666666666664,0.38666666666666666,0.4288424605504017,0.4215287050426131,0.4035173424523693
2673,0,0.43,0.36666666666666664,0.43,0.38,0.3566666666666667,0.42464857915731635,0.3617136193415141,0.3394244906532241
2674,0,0.43,0.37,0.37666666666666665,0.43,0.31333333333333335,0.4182142436559914,0.38215957511677867,0.3310673011556764
2675,1,0.39,0.3933333333333333,0.4166666666666667,0.33666666666666667,0.34,0.37752499828734215,0.3906403652171492,0.3310673011556764
2676,0,0.4033333333333333,0.38333333333333336,0.4066666666666667,0.32666666666666666,0.2733333333333333,0.4066808598062502,0.3906403652171492,0.3310673011556764
2677,1,0.35,0.31666666666666665,0.35,0.33666666666666667,0.25333333333333335,0.32893043202935,0.3995049972307499,0.42297650130548303
2678,0,0.43333333333333335,0.3333333333333333,0.37333333333333335,0.36666666666666664,0.4166666666666667,0.3693638003086944,0.3375674442152137,0.3310673011556764
2679,1,0.35333333333333333,0.37666666666666665,0.4033333333333333,0.3233333333333333,0.29333333333333333,0.3857935824460917,0.3409001731600592,0.3310673011556764
2680,0,0.28,0.2866666666666667,0.27,0.2833333333333333,0.23333333333333334,0.32657675975252676,0.31721129709802454,0.3310673011556764
2681,0,0.38333333333333336,0.31666666666666665,0.38333333333333336,0.33666666666666667,0.44666666666666666,0.3973857051593677,0.40103146481735763,0.4035173424523693
2682,0,0.37333333333333335,0.36666666666666664,0.34,0.31666666666666665,0.37666666666666665,0.35249623888112536,0.29843994979746624,0.3310673011556764
2683,1,0.30333333333333334,0.4033333333333333,0.3433333333333333,0.3566666666666667,0.2633333333333333,0.33760147026009046,0.3733552127952184,0.3394244906532241
2684,1,0.41333333333333333,0.34,0.42333333333333334,0.36333333333333334,0.36,0.4480388368976704,0.39450114681723414,0.42297650130548303
2685,1,0.43666666666666665,0.3933333333333333,0.36,0.38333333333333336,0.33666666666666667,0.4173616670988357,0.3617136193415141,0.3394244906532241
2686,0,0.3566666666666667,0.3333333333333333,0.35,0.28,0.25666666666666665,0.33213906844319213,0.3817613458744341,0.3394244906532241
2687,0,0.39666666666666667,0.34,0.35333333333333333,0.38333333333333336,0.24666666666666667,0.39797792377905894,0.3989666069568577,0.3394244906532241
2688,0,0.34,0.3,0.3433333333333333,0.35,0.32,0.3617870310837718,0.31092477228701343,0.3310673011556764
2689,1,0.48,0.36666666666666664,0.43,0.3433333333333333,0.41,0.430534336143543,0.36740870154409366,0.42297650130548303
2690,0,0.30666666666666664,0.35,0.42333333333333334,0.37666666666666665,0.36,0.3819497052480183,0.3733552127952184,0.3394244906532241
2691,1,0.33,0.29333333333333333,0.33,0.31333333333333335,0.33666666666666667,0.3413687526002957,0.3264604046491026,0.3310673011556764
2692,1,0.29,0.36333333333333334,0.2966666666666667,0.35333333333333333,0.2866666666666667,0.3168619921247183,0.33069962262284625,0.3394244906532241
2693,1,0.33666666666666667,0.3566666666666667,0.39666666666666667,0.42,0.26666666666666666,0.37660863584142196,0.3586713777984199,0.3310673011556764
2694,1,0.47333333333333333,0.4,0.4066666666666667,0.35,0.4066666666666667,0.47174825625704575,0.49337092912259506,0.4035173424523693
2695,0,0.29333333333333333,0.3333333333333333,0.2866666666666667,0.30333333333333334,0.18,0.25385969901486216,0.2970623123916108,0.3310673011556764
2696,1,0.4266666666666667,0.27,0.3466666666666667,0.21666666666666667,0.3,0.3750587664698423,0.3635695010158217,0.4035173424523693
2697,1,0.38666666666666666,0.39666666666666667,0.32666666666666666,0.32666666666666666,0.33,0.4174499576238098,0.37554494471856864,0.4035173424523693
2698,1,0.29333333333333333,0.35333333333333333,0.32666666666666666,0.33,0.3,0.28141889685780647,0.32319524988829623,0.3310673011556764
2699,1,0.2633333333333333,0.30333333333333334,0.25333333333333335,0.2866666666666667,0.2866666666666667,0.3228210959390028,0.3438725019949607,0.3394244906532241
2700,1,0.34,0.3,0.31,0.31666666666666665,0.2866666666666667,0.30251283171922727,0.2927161084457261,0.3310673011556764
2701,0,0.30666666666666664,0.37333333333333335,0.38333333333333336,0.33666666666666667,0.26666666666666666,0.34064397923567497,0.34069372550384747,0.3394244906532241
2702,0,0.38,0.35333333333333333,0.38666666666666666,0.36,0.29333333333333333,0.4453398524892674,0.3874977826075948,0.4035173424523693
2703,0,0.41333333333333333,0.33666666666666667,0.3933333333333333,0.3433333333333333,0.37,0.4202765612920847,0.3519306652995465,0.3394244906532241
2704,0,0.36333333333333334,0.31333333333333335,0.30333333333333334,0.29,0.29333333333333333,0.34704575644438307,0.41117405622164244,0.4035173424523693
2705,0,0.2733333333333333,0.31666666666666665,0.29,0.4033333333333333,0.31666666666666665,0.2907135286917786,0.29843994979746624,0.3310673011556764
2706,0,0.2633333333333333,0.2866666666666667,0.25,0.33666666666666667,0.19666666666666666,0.24492379487743587,0.2939628600538198,0.3310673011556764
2707,0,0.2833333333333333,0.42,0.3,0.29333333333333333,0.26,0.3110627455324359,0.2998262914610743,0.3394244906532241
2708,0,0.3566666666666667,0.3566666666666667,0.32666666666666666,0.41333333333333333,0.2633333333333333,0.38454474582929205,0.3374858611751598,0.3394244906532241
2709,0,0.38333333333333336,0.37333333333333335,0.43,0.39,0.29333333333333333,0.34136725358791453,0.3615810893710185,0.3394244906532241
2710,0,0.28,0.34,0.2966666666666667,0.35333333333333333,0.23,0.25791953272968626,0.28333753898110503,0.3394244906532241
2711,0,0.4633333333333333,0.4266666666666667,0.36333333333333334,0.34,0.37666666666666665,0.46864762337165367,0.4427344798542368,0.4035173424523693
2712,1,0.41333333333333333,0.38666666666666666,0.31666666666666665,0.32666666666666666,0.30666666666666664,0.4233076142891641,0.39055750407502243,0.4035173424523693
2713,1,0.33,0.42333333333333334,0.3433333333333333,0.39,0.32666666666666666,0.34022510420250307,0.3603662601007547,0.3394244906532241
2714,0,0.32,0.32,0.37,0.3,0.23666666666666666,0.29448796275592903,0.36013164300299555,0.3394244906532241
2715,0,0.2733333333333333,0.24333333333333335,0.24333333333333335,0.30333333333333334,0.25666666666666665,0.2678859632204233,0.2954566458815771,0.3394244906532241
2716,1,0.27666666666666667,0.29,0.2733333333333333,0.3,0.23333333333333334,0.3136827152860609,0.35010151287130586,0.3394244906532241
2717,0,0.36,0.38333333333333336,0.4033333333333333,0.37666666666666665,0.3466666666666667,0.34519280320602114,0.28333753898110503,0.3394244906532241
2718,0,0.26666666666666666,0.29333333333333333,0.30666666666666664,0.32666666666666666,0.17333333333333334,0.23973855839605943,0.31684516595354706,0.3310673011556764
2719,1,0.42,0.4066666666666667,0.41,0.33,0.38,0.4273844313582114,0.3617136193415141,0.3394244906532241
2720,0,0.3,0.3566666666666667,0.23,0.3566666666666667,0.27666666666666667,0.33598357043419813,0.32319524988829623,0.3310673011556764
2721,0,0.36666666666666664,0.3333333333333333,0.38666666666666666,0.37333333333333335,0.3566666666666667,0.36850023325169223,0.32319524988829623,0.3310673011556764
2722,0,0.47333333333333333,0.33666666666666667,0.34,0.3466666666666667,0.43,0.44218367604151315,0.37856861922664076,0.3394244906532241
2723,1,0.39666666666666667,0.38333333333333336,0.43666666666666665,0.36666666666666664,0.38333333333333336,0.3961589233607657,0.3774122415601326,0.3310673011556764
2724,0,0.23666666666666666,0.24666666666666667,0.31,0.31666666666666665,0.28,0.2828672528860643,0.2851387738632731,0.3394244906532241
2725,0,0.35,0.39,0.3333333333333333,0.45,0.2733333333333333,0.36187223508187766,0.366958969354527,0.3394244906532241
2726,1,0.46,0.35333333333333333,0.4,0.33666666666666667,0.4033333333333333,0.437751677388182,0.3702718577937717,0.3310673011556764
2727,0,0.3933333333333333,0.29333333333333333,0.3233333333333333,0.33666666666666667,0.42,0.3652104680799024,0.2652723132876289,0.3310673011556764
2728,1,0.33666666666666667,0.37333333333333335,0.30666666666666664,0.2966666666666667,0.2833333333333333,0.3511825906334696,0.31228530194472925,0.3394244906532241
2729,1,0.34,0.37,0.3,0.3433333333333333,0.30666666666666664,0.4082028329748234,0.3684779119869224,0.3394244906532241
2730,1,0.4666666666666667,0.37666666666666665,0.44,0.36,0.42,0.41792012213145524,0.3702718577937717,0.3310673011556764
2731,0,0.3,0.30333333333333334,0.2966666666666667,0.31,0.27,0.2903782311862191,0.28360541776266707,0.3394244906532241
2732,0,0.31,0.24666666666666667,0.36,0.30666666666666664,0.29,0.2815011116563623,0.2794024300072061,0.3394244906532241
2733,0,0.36333333333333334,0.38,0.3933333333333333,0.35,0.28,0.35296367949189966,0.3523155099745147,0.3310673011556764
2734,1,0.27666666666666667,0.39666666666666667,0.2966666666666667,0.39666666666666667,0.24333333333333335,0.28796872432389176,0.27197221202201355,0.3394244906532241
2735,1,0.38333333333333336,0.37333333333333335,0.3466666666666667,0.31666666666666665,0.31,0.3665076208527592,0.31970949487852796,0.3394244906532241
2736,0,0.35,0.3933333333333333,0.36666666666666664,0.38666666666666666,0.27666666666666667,0.34041184520108314,0.33904232434425674,0.3310673011556764
2737,0,0.3566666666666667,0.37,0.36666666666666664,0.38666666666666666,0.3466666666666667,0.4074505282498255,0.43081539797375573,0.4035173424523693
2738,1,0.37333333333333335,0.41333333333333333,0.36,0.38333333333333336,0.3,0.4066808598062502,0.3906403652171492,0.3310673011556764
2739,1,0.34,0.3566666666666667,0.34,0.3566666666666667,0.26,0.4173050556703274,0.4732488888152461,0.4035173424523693
2740,0,0.3566666666666667,0.36666666666666664,0.3933333333333333,0.36,0.29333333333333333,0.3606093247752022,0.3733552127952184,0.3394244906532241
2741,0,0.32,0.30333333333333334,0.3233333333333333,0.28,0.23,0.3097371814257834,0.3684779119869224,0.3394244906532241
2742,0,0.35333333333333333,0.31666666666666665,0.33,0.37,0.2866666666666667,0.3935142318298201,0.41117405622164244,0.4035173424523693
2743,1,0.3233333333333333,0.32666666666666666,0.4266666666666667,0.36333333333333334,0.30333333333333334,0.3004311922104515,0.25238039465350726,0.3394244906532241
2744,0,0.33666666666666667,0.28,0.3333333333333333,0.2733333333333333,0.36666666666666664,0.3253938038387491,0.2678532150717188,0.3394244906532241
2745,0,0.37,0.34,0.45666666666666667,0.36,0.36333333333333334,0.3549867380141489,0.32283072635983906,0.3394244906532241
2746,0,0.36,0.34,0.36666666666666664,0.43666666666666665,0.37666666666666665,0.4258217296093168,0.42349184084719965,0.4035173424523693
2747,0,0.37333333333333335,0.37333333333333335,0.38333333333333336,0.38666666666666666,0.35,0.38620813916907887,0.27945195789277655,0.3310673011556764
2748,0,0.3433333333333333,0.37,0.37,0.2966666666666667,0.2866666666666667,0.30672940616548827,0.3522145501890265,0.3310673011556764
2749,0,0.43333333333333335,0.37,0.43666666666666665,0.4266666666666667,0.3333333333333333,0.43021906988938396,0.39089654975292293,0.4035173424523693
2750,0,0.38,0.33666666666666667,0.30333333333333334,0.2833333333333333,0.26666666666666666,0.33580794766274424,0.3653838912404956,0.3310673011556764
2751,0,0.31,0.35,0.39666666666666667,0.31666666666666665,0.23666666666666666,0.30097853505599415,0.3653268552016069,0.3394244906532241
2752,1,0.36,0.3566666666666667,0.3333333333333333,0.37,0.3333333333333333,0.32146055240997273,0.36987860014221624,0.3394244906532241
2753,0,0.28,0.2833333333333333,0.23666666666666666,0.31,0.2633333333333333,0.25699813135773203,0.31827821737581735,0.3394244906532241
2754,1,0.37,0.36,0.3566666666666667,0.39,0.31666666666666665,0.3740938304580785,0.32940816803793843,0.3394244906532241
2755,1,0.23,0.2733333333333333,0.26666666666666666,0.3,0.22333333333333333,0.2670439948102775,0.3154207660147644,0.3310673011556764
2756,1,0.37666666666666665,0.3433333333333333,0.41333333333333333,0.36,0.38666666666666666,0.4325789473178564,0.4093662843744214,0.4035173424523693
2757,1,0.37666666666666665,0.4066666666666667,0.4066666666666667,0.42,0.31333333333333335,0.35884772559955047,0.34084399981134195,0.3310673011556764
2758,0,0.26,0.33,0.24333333333333335,0.32,0.2,0.25595111705878854,0.3259634399184741,0.3394244906532241
2759,0,0.4066666666666667,0.3333333333333333,0.43333333333333335,0.39,0.35333333333333333,0.40692073245856447,0.3733552127952184,0.3394244906532241
2760,0,0.36666666666666664,0.3566666666666667,0.4266666666666667,0.39666666666666667,0.36666666666666664,0.3229234753639763,0.2692532560654076,0.3310673011556764
2761,0,0.37,0.35,0.37,0.35333333333333333,0.3,0.3904462482942131,0.3906403652171492,0.3310673011556764
2762,1,0.43666666666666665,0.32,0.43333333333333335,0.38666666666666666,0.33666666666666667,0.4175541085663839,0.3733552127952184,0.3394244906532241
2763,0,0.25666666666666665,0.31333333333333335,0.32666666666666666,0.31,0.23,0.2240321969667649,0.28930046104637885,0.3394244906532241
2764,0,0.39,0.39,0.39666666666666667,0.38333333333333336,0.36,0.37635846686897123,0.35732900667996814,0.3310673011556764
2765,0,0.37333333333333335,0.33666666666666667,0.33,0.33,0.35,0.37625987669833155,0.33069962262284625,0.3394244906532241
2766,0,0.29333333333333333,0.30333333333333334,0.31666666666666665,0.3433333333333333,0.20333333333333334,0.288833367061522,0.351960682141958,0.3394244906532241
2767,1,0.37,0.3466666666666667,0.35333333333333333,0.35,0.4,0.4474378964141428,0.37554494471856864,0.4035173424523693
2768,0,0.3566666666666667,0.4033333333333333,0.4,0.38,0.33666666666666667,0.3942287049034862,0.34069372550384747,0.3394244906532241
2769,1,0.31,0.3566666666666667,0.3233333333333333,0.37666666666666665,0.2733333333333333,0.35198291867416587,0.3685183865977505,0.3394244906532241
2770,1,0.28,0.33,0.24666666666666667,0.31,0.22,0.2185112729332192,0.26205825031550284,0.3394244906532241
2771,1,0.3466666666666667,0.37666666666666665,0.30666666666666664,0.38,0.25,0.3289126433765089,0.38038381326763737,0.3394244906532241
2772,1,0.28,0.31,0.3233333333333333,0.31666666666666665,0.25,0.3060150643734704,0.32924295629604594,0.3394244906532241
2773,1,0.35,0.35333333333333333,0.38666666666666666,0.4066666666666667,0.3,0.3865658532156582,0.3772364975873999,0.3310673011556764
2774,0,0.27,0.29,0.29,0.3233333333333333,0.22333333333333333,0.26567411870353286,0.29259727003054126,0.3310673011556764
2775,0,0.3933333333333333,0.25666666666666665,0.30333333333333334,0.33666666666666667,0.32,0.3321843636308093,0.39055750407502243,0.4035173424523693
2776,0,0.24333333333333335,0.3933333333333333,0.3333333333333333,0.38333333333333336,0.2633333333333333,0.2712561751542015,0.27349979577893496,0.3310673011556764
2777,0,0.34,0.37333333333333335,0.43,0.37666666666666665,0.30666666666666664,0.35468752300213985,0.3420068599864645,0.3394244906532241
2778,0,0.4033333333333333,0.38333333333333336,0.34,0.35,0.3566666666666667,0.412342281683267,0.30738899347517423,0.3394244906532241
2779,0,0.2866666666666667,0.3466666666666667,0.3,0.3466666666666667,0.2833333333333333,0.2856136243759065,0.3305725708586891,0.3394244906532241
2780,1,0.25,0.38666666666666666,0.31666666666666665,0.38,0.20666666666666667,0.2292448191305186,0.27948698138929495,0.3310673011556764
2781,1,0.38666666666666666,0.4166666666666667,0.42,0.3433333333333333,0.29333333333333333,0.3562627639117608,0.3635695010158217,0.4035173424523693
2782,0,0.37333333333333335,0.36,0.39666666666666667,0.39666666666666667,0.21333333333333335,0.41740229580160126,0.35059973057887694,0.3394244906532241
2783,0,0.25333333333333335,0.35,0.34,0.41,0.23333333333333334,0.2831854741097163,0.28941850828480103,0.3394244906532241
2784,1,0.30333333333333334,0.26666666666666666,0.2633333333333333,0.33,0.30666666666666664,0.314521790638979,0.29671017338099376,0.3394244906532241
2785,1,0.3433333333333333,0.39,0.29,0.3566666666666667,0.35,0.3904386076413498,0.30283560391695014,0.3394244906532241
2786,0,0.38,0.4166666666666667,0.3433333333333333,0.3433333333333333,0.26,0.3513930459426376,0.3893874519259112,0.42297650130548303
2787,0,0.38666666666666666,0.35333333333333333,0.43,0.3566666666666667,0.36,0.38202423654781603,0.3375674442152137,0.3310673011556764
2788,1,0.30666666666666664,0.41333333333333333,0.31,0.37333333333333335,0.22,0.28873081111866983,0.31831595725946854,0.3394244906532241
2789,1,0.45666666666666667,0.37666666666666665,0.39666666666666667,0.29333333333333333,0.38666666666666666,0.43691478846017257,0.3874977826075948,0.4035173424523693
2790,0,0.25333333333333335,0.37333333333333335,0.29333333333333333,0.36,0.29333333333333333,0.2965671815207676,0.33904232434425674,0.3310673011556764
2791,1,0.38666666666666666,0.38333333333333336,0.41333333333333333,0.37666666666666665,0.3233333333333333,0.3626794108564871,0.4215287050426131,0.4035173424523693
2792,1,0.44333333333333336,0.36333333333333334,0.43333333333333335,0.3566666666666667,0.38666666666666666,0.4435859338568994,0.38215957511677867,0.3310673011556764
2793,0,0.31333333333333335,0.35,0.31,0.27,0.29,0.2931276418481941,0.3342463286840447,0.3310673011556764
2794,1,0.4533333333333333,0.37666666666666665,0.42333333333333334,0.37333333333333335,0.38333333333333336,0.4120836598443275,0.38215957511677867,0.3310673011556764
2795,0,0.3466666666666667,0.36666666666666664,0.38,0.39666666666666667,0.31333333333333335,0.344717800602857,0.32319524988829623,0.3310673011556764
2796,1,0.31333333333333335,0.3433333333333333,0.32,0.38666666666666666,0.35,0.34732900056548655,0.3152968189847179,0.3310673011556764
2797,1,0.36666666666666664,0.38666666666666666,0.30666666666666664,0.3466666666666667,0.3933333333333333,0.3677792840574613,0.2867111862217159,0.3310673011556764
2798,1,0.42,0.43333333333333335,0.4266666666666667,0.43666666666666665,0.4033333333333333,0.4363115629993886,0.38038381326763737,0.3394244906532241
2799,1,0.36333333333333334,0.3233333333333333,0.34,0.3333333333333333,0.31666666666666665,0.36258233970939324,0.3906403652171492,0.3310673011556764
2800,0,0.3566666666666667,0.4,0.35,0.38,0.3233333333333333,0.4170015476219024,0.41117405622164244,0.4035173424523693
2801,0,0.4266666666666667,0.36,0.4766666666666667,0.3933333333333333,0.37333333333333335,0.41959850120035513,0.38215957511677867,0.3310673011556764
2802,0,0.44,0.3433333333333333,0.43333333333333335,0.37333333333333335,0.3566666666666667,0.399595548692798,0.3475606174179705,0.3310673011556764
2803,0,0.33666666666666667,0.33,0.38,0.28,0.34,0.37874225007930135,0.35859130728257266,0.3394244906532241
2804,0,0.30333333333333334,0.33666666666666667,0.37666666666666665,0.41,0.31666666666666665,0.36468907706638826,0.33716385909097657,0.3394244906532241
2805,0,0.38,0.36,0.36,0.35333333333333333,0.38333333333333336,0.3543301018050912,0.3136365678117726,0.3394244906532241
2806,0,0.4633333333333333,0.37666666666666665,0.4,0.41,0.38333333333333336,0.3938941519285392,0.4009544022664576,0.4035173424523693
2807,0,0.36666666666666664,0.33,0.39,0.4,0.31333333333333335,0.37104650362668373,0.31827821737581735,0.3394244906532241
2808,0,0.43,0.30666666666666664,0.42,0.38,0.3433333333333333,0.39181645827565853,0.3375674442152137,0.3310673011556764
2809,0,0.31666666666666665,0.3433333333333333,0.36,0.39,0.29333333333333333,0.33595843423735927,0.3452307887492144,0.3394244906532241
2810,0,0.26,0.3233333333333333,0.31,0.3566666666666667,0.3,0.2897833437529278,0.25540767122921343,0.3310673011556764
2811,0,0.38333333333333336,0.3233333333333333,0.35333333333333333,0.33666666666666667,0.3,0.3278560953105172,0.33107311111668386,0.3310673011556764
2812,1,0.31333333333333335,0.3566666666666667,0.3,0.3333333333333333,0.22333333333333333,0.29965118871762875,0.353365332666653,0.3394244906532241
2813,1,0.3466666666666667,0.32,0.29,0.3333333333333333,0.27666666666666667,0.37128276568936214,0.31827821737581735,0.3394244906532241
2814,0,0.3933333333333333,0.36333333333333334,0.36333333333333334,0.4033333333333333,0.32,0.38760824236314584,0.35048543907363827,0.3310673011556764
2815,0,0.36,0.37333333333333335,0.43,0.37,0.38333333333333336,0.3811272599475758,0.3684779119869224,0.3394244906532241
2816,1,0.22666666666666666,0.32,0.24666666666666667,0.31,0.23666666666666666,0.27475859299542293,0.302956819772252,0.3394244906532241
2817,0,0.28,0.29,0.30333333333333334,0.27,0.24333333333333335,0.3060820527169569,0.3874199149648014,0.3310673011556764
2818,0,0.28,0.27,0.29333333333333333,0.25333333333333335,0.32666666666666666,0.2859781002704901,0.24478002061339055,0.3310673011556764
2819,1,0.3233333333333333,0.35333333333333333,0.3566666666666667,0.36666666666666664,0.28,0.32545063258710993,0.2851387738632731,0.3394244906532241
2820,0,0.31333333333333335,0.2966666666666667,0.2866666666666667,0.31333333333333335,0.19,0.2770618403668384,0.2971822024364462,0.3310673011556764
2821,1,0.27666666666666667,0.36666666666666664,0.26,0.2833333333333333,0.24333333333333335,0.27548301408678,0.3499709047204447,0.3394244906532241
2822,1,0.35,0.36333333333333334,0.25666666666666665,0.38666666666666666,0.31666666666666665,0.37012157606487717,0.32791077850808287,0.3310673011556764
2823,1,0.3333333333333333,0.37333333333333335,0.38,0.3333333333333333,0.3433333333333333,0.31818744068345345,0.3456122141217671,0.3310673011556764
2824,1,0.44333333333333336,0.33,0.37,0.33666666666666667,0.4,0.4319737725445812,0.39642467025251743,0.42297650130548303
2825,0,0.43,0.32,0.33,0.3466666666666667,0.33666666666666667,0.40388027980198477,0.4062574363217939,0.4035173424523693
2826,0,0.3233333333333333,0.33,0.30666666666666664,0.31,0.29333333333333333,0.33996487086443733,0.39055750407502243,0.4035173424523693
2827,0,0.28,0.35333333333333333,0.3566666666666667,0.3333333333333333,0.24,0.29248921898619523,0.23942559332714403,0.3310673011556764
2828,0,0.3333333333333333,0.34,0.4033333333333333,0.32666666666666666,0.28,0.28802380159440943,0.33719032241041735,0.3394244906532241
2829,0,0.44666666666666666,0.38333333333333336,0.35,0.43333333333333335,0.38666666666666666,0.4725867631166108,0.3937872697144377,0.4035173424523693
2830,0,0.3333333333333333,0.37333333333333335,0.36666666666666664,0.35333333333333333,0.27666666666666667,0.34117220035069984,0.3774122415601326,0.3310673011556764
2831,0,0.31666666666666665,0.4,0.37,0.36333333333333334,0.31333333333333335,0.3568802756166698,0.33069962262284625,0.3394244906532241
2832,1,0.39666666666666667,0.42333333333333334,0.4533333333333333,0.33,0.30333333333333334,0.40781130990793585,0.40302264946923094,0.4035173424523693
2833,0,0.32,0.41333333333333333,0.24666666666666667,0.4066666666666667,0.23,0.31813653639204675,0.31970949487852796,0.3394244906532241
2834,0,0.23666666666666666,0.3433333333333333,0.31,0.30666666666666664,0.19333333333333333,0.2251662744742496,0.29671017338099376,0.3394244906532241
2835,0,0.37666666666666665,0.36,0.39,0.3233333333333333,0.32,0.3687419584343788,0.3586713777984199,0.3310673011556764
2836,1,0.35333333333333333,0.36333333333333334,0.32666666666666666,0.32666666666666666,0.2633333333333333,0.3597241524993921,0.3937872697144377,0.4035173424523693
2837,1,0.36,0.37666666666666665,0.38,0.38,0.27,0.4194725689500087,0.4626987528451678,0.4035173424523693
2838,1,0.2966666666666667,0.27,0.32666666666666666,0.29333333333333333,0.25666666666666665,0.29496343285703686,0.30465512376441123,0.3394244906532241
2839,0,0.25333333333333335,0.2833333333333333,0.2966666666666667,0.29333333333333333,0.20333333333333334,0.25043616510125755,0.3154207660147644,0.3310673011556764
2840,1,0.3933333333333333,0.31333333333333335,0.38333333333333336,0.31333333333333335,0.32,0.350449599620396,0.3635695010158217,0.4035173424523693
2841,1,0.32666666666666666,0.31333333333333335,0.41333333333333333,0.3566666666666667,0.3333333333333333,0.34578246910497584,0.32822842222575654,0.3310673011556764
2842,0,0.37666666666666665,0.39,0.3466666666666667,0.33,0.32,0.3408987402417684,0.32319524988829623,0.3310673011556764
2843,0,0.29333333333333333,0.28,0.36333333333333334,0.31666666666666665,0.20333333333333334,0.32276724717008515,0.39061313961512245,0.3394244906532241
2844,1,0.4033333333333333,0.3333333333333333,0.43,0.38,0.36666666666666664,0.40629193474347075,0.40795487153808785,0.4035173424523693
2845,0,0.38666666666666666,0.3333333333333333,0.4066666666666667,0.3466666666666667,0.25666666666666665,0.3807755576391435,0.3456122141217671,0.3310673011556764
2846,0,0.37333333333333335,0.41,0.4066666666666667,0.36333333333333334,0.31,0.39196818747058176,0.37733044883546923,0.4035173424523693
2847,1,0.3233333333333333,0.31,0.43333333333333335,0.36,0.26,0.3505722754227062,0.3635695010158217,0.4035173424523693
2848,0,0.4533333333333333,0.38666666666666666,0.4166666666666667,0.37666666666666665,0.3466666666666667,0.46728359419771964,0.4323850508931281,0.4035173424523693
2849,0,0.3933333333333333,0.3466666666666667,0.38333333333333336,0.37,0.3333333333333333,0.34407522962716613,0.3837940186378902,0.4035173424523693
2850,0,0.35,0.35333333333333333,0.3333333333333333,0.38,0.2966666666666667,0.3718363851185617,0.38545776428240686,0.3394244906532241
2851,0,0.34,0.2866666666666667,0.36333333333333334,0.2966666666666667,0.3466666666666667,0.36362426765191075,0.4326621956260156,0.42297650130548303
2852,0,0.41,0.35333333333333333,0.43666666666666665,0.36333333333333334,0.39,0.4224899479314396,0.36197059279426513,0.3310673011556764
2853,0,0.38333333333333336,0.36,0.3933333333333333,0.4166666666666667,0.31,0.3759072298618284,0.35556069775094334,0.3310673011556764
2854,0,0.38333333333333336,0.3433333333333333,0.39666666666666667,0.37333333333333335,0.37,0.38332362948525867,0.3499709047204447,0.3394244906532241
2855,0,0.3433333333333333,0.3933333333333333,0.32,0.37,0.26,0.3495598822391524,0.38884999783882135,0.3394244906532241
2856,0,0.3466666666666667,0.39666666666666667,0.33666666666666667,0.37666666666666665,0.30666666666666664,0.3626873538510623,0.30121125434039253,0.3394244906532241
2857,1,0.3466666666666667,0.36333333333333334,0.4266666666666667,0.37,0.38666666666666666,0.3975534774815088,0.3702718577937717,0.3310673011556764
2858,0,0.26,0.2833333333333333,0.21333333333333335,0.3,0.22333333333333333,0.24312759445961477,0.28078136306771434,0.3394244906532241
2859,1,0.38,0.31,0.29333333333333333,0.4,0.3466666666666667,0.3883717205888883,0.37856861922664076,0.3394244906532241
2860,0,0.2733333333333333,0.34,0.38666666666666666,0.35,0.29,0.36003217170267793,0.3471781825625442,0.3394244906532241
2861,0,0.3933333333333333,0.3466666666666667,0.4266666666666667,0.33,0.4033333333333333,0.41425678444675107,0.3995049972307499,0.42297650130548303
2862,0,0.33,0.37666666666666665,0.43666666666666665,0.38,0.34,0.36934759219839947,0.3438160943580988,0.3394244906532241
2863,0,0.3466666666666667,0.2633333333333333,0.38333333333333336,0.32,0.25666666666666665,0.30136312594806836,0.34928305862786974,0.3310673011556764
2864,0,0.32,0.27,0.3333333333333333,0.2733333333333333,0.30333333333333334,0.3305190994222281,0.39061313961512245,0.3394244906532241
2865,0,0.2966666666666667,0.36333333333333334,0.31666666666666665,0.3566666666666667,0.2866666666666667,0.33794181946112317,0.31827821737581735,0.3394244906532241
2866,0,0.2866666666666667,0.37,0.31,0.36666666666666664,0.2966666666666667,0.3067240109512846,0.29259727003054126,0.3310673011556764
2867,0,0.3,0.37,0.4166666666666667,0.41,0.30333333333333334,0.3875571682467344,0.3874199149648014,0.3310673011556764
2868,0,0.41333333333333333,0.41,0.41333333333333333,0.37333333333333335,0.39,0.400595336430366,0.3537463232759562,0.3310673011556764
2869,1,0.3233333333333333,0.2733333333333333,0.31333333333333335,0.3466666666666667,0.2866666666666667,0.28285620648522264,0.3615810893710185,0.3394244906532241
2870,0,0.38666666666666666,0.37666666666666665,0.3566666666666667,0.36,0.29333333333333333,0.33664605821883037,0.32940816803793843,0.3394244906532241
2871,0,0.2733333333333333,0.2966666666666667,0.32,0.30333333333333334,0.20333333333333334,0.2713333592417975,0.3571572497269824,0.3310673011556764
2872,0,0.25666666666666665,0.35,0.27,0.37666666666666665,0.2633333333333333,0.29098822360307824,0.3154207660147644,0.3310673011556764
2873,0,0.33666666666666667,0.38333333333333336,0.44333333333333336,0.37,0.36,0.3536919256284425,0.3683167841908827,0.3394244906532241
2874,0,0.31333333333333335,0.3466666666666667,0.37666666666666665,0.36,0.30666666666666664,0.2996148021044573,0.32940816803793843,0.3394244906532241
2875,0,0.25666666666666665,0.3333333333333333,0.33666666666666667,0.34,0.16333333333333333,0.23087638222424667,0.30156644469592475,0.3310673011556764
2876,0,0.24333333333333335,0.30666666666666664,0.24,0.3333333333333333,0.20666666666666667,0.2223489551362648,0.2806646326505395,0.3310673011556764
2877,0,0.34,0.37666666666666665,0.39,0.36333333333333334,0.29333333333333333,0.3755481866205654,0.4131808613726105,0.4035173424523693
2878,0,0.2733333333333333,0.31666666666666665,0.28,0.31333333333333335,0.27666666666666667,0.2966372700733537,0.3305725708586891,0.3394244906532241
2879,0,0.35,0.3466666666666667,0.36,0.4,0.2733333333333333,0.32884810386125024,0.36904470831735703,0.3310673011556764
2880,1,0.35333333333333333,0.36666666666666664,0.3233333333333333,0.38,0.23333333333333334,0.33388336017685655,0.32283072635983906,0.3394244906532241
2881,1,0.41,0.3333333333333333,0.31666666666666665,0.3233333333333333,0.31333333333333335,0.3850043423004041,0.34877303971529783,0.3394244906532241
2882,1,0.2966666666666667,0.37666666666666665,0.31333333333333335,0.3933333333333333,0.28,0.34886298414628253,0.32612780614579057,0.3394244906532241
2883,1,0.23333333333333334,0.25,0.2733333333333333,0.31,0.28,0.23562137007283648,0.25269882624943796,0.3310673011556764
2884,0,0.27666666666666667,0.2866666666666667,0.2833333333333333,0.37333333333333335,0.22666666666666666,0.22039263833901898,0.2879476966606763,0.3394244906532241
2885,0,0.33666666666666667,0.39,0.42333333333333334,0.4266666666666667,0.27,0.34554784802342403,0.3603662601007547,0.3394244906532241
2886,0,0.42,0.36666666666666664,0.4066666666666667,0.35,0.2633333333333333,0.3901616076230046,0.40135965489709524,0.42297650130548303
2887,0,0.3933333333333333,0.35,0.4,0.33666666666666667,0.33,0.35091741498224366,0.38215957511677867,0.3310673011556764
2888,0,0.35333333333333333,0.33,0.38333333333333336,0.34,0.31,0.3777143151447932,0.3278565699958886,0.3394244906532241
2889,0,0.44666666666666666,0.43,0.43666666666666665,0.32,0.39,0.4386419247262815,0.3615810893710185,0.3394244906532241
2890,0,0.34,0.3933333333333333,0.37333333333333335,0.38,0.25333333333333335,0.37367093229294934,0.4098995856902094,0.4035173424523693
2891,0,0.24666666666666667,0.3,0.33,0.32666666666666666,0.27666666666666667,0.2688497314266978,0.26194724884358,0.3394244906532241
2892,1,0.3566666666666667,0.34,0.33,0.36666666666666664,0.30666666666666664,0.39134927454865676,0.34419226945227965,0.3310673011556764
2893,1,0.36333333333333334,0.39666666666666667,0.3333333333333333,0.4166666666666667,0.31,0.3967850392480681,0.3603662601007547,0.3394244906532241
2894,1,0.27,0.2966666666666667,0.26,0.23333333333333334,0.31333333333333335,0.30806694059781026,0.2923669786126953,0.3394244906532241
2895,0,0.38,0.3466666666666667,0.4,0.37,0.3333333333333333,0.39116488369641567,0.35048543907363827,0.3310673011556764
2896,0,0.39666666666666667,0.43666666666666665,0.41,0.38666666666666666,0.2833333333333333,0.4500911339767131,0.40103146481735763,0.4035173424523693
2897,0,0.35,0.38666666666666666,0.32666666666666666,0.3433333333333333,0.2966666666666667,0.3463619143583995,0.3195846493090645,0.3394244906532241
2898,0,0.36333333333333334,0.36666666666666664,0.3566666666666667,0.3466666666666667,0.31666666666666665,0.42698064267677294,0.3718860617182593,0.4035173424523693
2899,1,0.39666666666666667,0.33,0.31666666666666665,0.37333333333333335,0.39,0.42017650146503593,0.39950890328526756,0.42297650130548303
2900,0,0.25666666666666665,0.41,0.30333333333333334,0.37666666666666665,0.35,0.2947620313670301,0.26892147068888717,0.3394244906532241
2901,0,0.34,0.31666666666666665,0.3233333333333333,0.3466666666666667,0.29333333333333333,0.3376819519343249,0.31554473931499516,0.3310673011556764
2902,0,0.39666666666666667,0.35333333333333333,0.37,0.3433333333333333,0.31333333333333335,0.3420721968497767,0.31970949487852796,0.3394244906532241
2903,0,0.54,0.36666666666666664,0.4266666666666667,0.4033333333333333,0.43,0.4326588290318143,0.3722801927298484,0.42297650130548303
2904,1,0.39666666666666667,0.35333333333333333,0.35333333333333333,0.3433333333333333,0.29333333333333333,0.3784870001266771,0.31827821737581735,0.3394244906532241
2905,0,0.32,0.38333333333333336,0.32666666666666666,0.4166666666666667,0.2633333333333333,0.35520133348009614,0.3308266990859808,0.3394244906532241
2906,0,0.26,0.2866666666666667,0.2633333333333333,0.3333333333333333,0.23333333333333334,0.2546412334046219,0.27526251127686063,0.3310673011556764
2907,0,0.5233333333333333,0.44666666666666666,0.4533333333333333,0.4166666666666667,0.46,0.45581066829703754,0.4720229772765365,0.42297650130548303
2908,0,0.37666666666666665,0.38333333333333336,0.44,0.37,0.28,0.37856650019369475,0.39089654975292293,0.4035173424523693
2909,1,0.36333333333333334,0.35,0.4033333333333333,0.41333333333333333,0.2966666666666667,0.3529121710302193,0.38215957511677867,0.3310673011556764
2910,0,0.2833333333333333,0.39666666666666667,0.28,0.42,0.23666666666666666,0.3328128779161295,0.3602339451824002,0.3394244906532241
2911,1,0.43,0.3933333333333333,0.5033333333333333,0.38333333333333336,0.4033333333333333,0.4270322191567116,0.3837940186378902,0.4035173424523693
2912,0,0.36333333333333334,0.36333333333333334,0.4266666666666667,0.36333333333333334,0.3233333333333333,0.3321684967522713,0.30774826040495856,0.3310673011556764
2913,0,0.20666666666666667,0.3233333333333333,0.26666666666666666,0.3233333333333333,0.19666666666666666,0.23782898458542095,0.2937360840710527,0.3394244906532241
2914,1,0.3,0.37,0.3466666666666667,0.38,0.29,0.30918289431072365,0.3373575163518714,0.3394244906532241
2915,1,0.24333333333333335,0.26666666666666666,0.24333333333333335,0.30666666666666664,0.21,0.23529965650879478,0.2970623123916108,0.3310673011556764
2916,1,0.30333333333333334,0.3333333333333333,0.29,0.32,0.21,0.3263565845676198,0.33731863600563705,0.3394244906532241
2917,1,0.37666666666666665,0.37,0.36,0.3466666666666667,0.27666666666666667,0.3454980981589719,0.3489257249515665,0.3310673011556764
2918,0,0.45,0.38333333333333336,0.38333333333333336,0.38,0.34,0.4464172551611305,0.49337092912259506,0.4035173424523693
2919,0,0.3,0.25,0.25666666666666665,0.27,0.2833333333333333,0.2914665009897904,0.2923669786126953,0.3394244906532241
2920,0,0.4666666666666667,0.3933333333333333,0.38666666666666666,0.32,0.41,0.448593501835908,0.3718860617182593,0.4035173424523693
2921,1,0.3566666666666667,0.2966666666666667,0.32,0.33666666666666667,0.23666666666666666,0.3283769515459859,0.38545776428240686,0.3394244906532241
2922,0,0.29,0.29333333333333333,0.2966666666666667,0.29333333333333333,0.18666666666666668,0.24531393404307192,0.27646398144164597,0.3310673011556764
2923,0,0.32666666666666666,0.37666666666666665,0.4,0.39666666666666667,0.2833333333333333,0.4182494454035693,0.3733552127952184,0.3394244906532241
2924,0,0.2966666666666667,0.31,0.2733333333333333,0.37333333333333335,0.2633333333333333,0.29667897661830067,0.3772364975873999,0.3310673011556764
2925,0,0.32666666666666666,0.29333333333333333,0.3566666666666667,0.33,0.2833333333333333,0.3259444449704321,0.3278565699958886,0.3394244906532241
2926,1,0.3933333333333333,0.39666666666666667,0.4166666666666667,0.41333333333333333,0.37666666666666665,0.4317714274148554,0.4309521814767259,0.4035173424523693
2927,1,0.3233333333333333,0.32,0.2733333333333333,0.36333333333333334,0.20333333333333334,0.2530545074114643,0.32961119594623534,0.3310673011556764
2928,0,0.43,0.39,0.37666666666666665,0.3433333333333333,0.42333333333333334,0.4157816735568223,0.33917098206002705,0.3310673011556764
2929,0,0.41,0.4266666666666667,0.28,0.2866666666666667,0.32,0.36918232600713285,0.3456122141217671,0.3310673011556764
2930,0,0.34,0.35,0.3466666666666667,0.38333333333333336,0.24666666666666667,0.32136707477797466,0.32778427345938876,0.3310673011556764
2931,1,0.36333333333333334,0.3233333333333333,0.34,0.31666666666666665,0.32,0.3551555871429792,0.3264604046491026,0.3310673011556764
2932,1,0.27666666666666667,0.26666666666666666,0.31333333333333335,0.2966666666666667,0.24666666666666667,0.32129775119652804,0.3733552127952184,0.3394244906532241
2933,0,0.31,0.33666666666666667,0.2733333333333333,0.25,0.25,0.2674978420279531,0.31827821737581735,0.3394244906532241
2934,0,0.36666666666666664,0.37,0.3,0.4166666666666667,0.3433333333333333,0.33824749107673396,0.34591128211847844,0.3310673011556764
2935,0,0.32,0.3933333333333333,0.37333333333333335,0.4266666666666667,0.2866666666666667,0.37672177151828157,0.38215957511677867,0.3310673011556764
2936,1,0.22333333333333333,0.2633333333333333,0.26,0.32666666666666666,0.22,0.2594664407136827,0.2365275731103556,0.3394244906532241
2937,1,0.2833333333333333,0.30666666666666664,0.34,0.33666666666666667,0.25666666666666665,0.3503169781213525,0.42557068252977037,0.42297650130548303
2938,1,0.24,0.3333333333333333,0.27666666666666667,0.32,0.22,0.28774023416594463,0.3937872697144377,0.4035173424523693
2939,1,0.3,0.37666666666666665,0.33,0.37,0.27666666666666667,0.3737744905025407,0.3150566186238159,0.3394244906532241
2940,0,0.32,0.3433333333333333,0.2966666666666667,0.3466666666666667,0.26666666666666666,0.3099916949222041,0.2937360840710527,0.3394244906532241
2941,0,0.25666666666666665,0.3566666666666667,0.29,0.36666666666666664,0.2633333333333333,0.2661892438907422,0.26936622356696505,0.3310673011556764
2942,0,0.3466666666666667,0.32666666666666666,0.32,0.32666666666666666,0.3566666666666667,0.34066072030814887,0.39786466383082675,0.42297650130548303
2943,1,0.42,0.33,0.37333333333333335,0.37666666666666665,0.3466666666666667,0.42825230446419804,0.3567700295414111,0.3394244906532241
2944,1,0.32666666666666666,0.36666666666666664,0.36333333333333334,0.30333333333333334,0.29,0.35789711771538907,0.3567700295414111,0.3394244906532241
2945,0,0.42,0.4,0.44666666666666666,0.36666666666666664,0.36666666666666664,0.43300538399468025,0.42229148967774865,0.42297650130548303
2946,0,0.3333333333333333,0.4033333333333333,0.43333333333333335,0.39666666666666667,0.33,0.41321866866739104,0.4309521814767259,0.4035173424523693
2947,1,0.2966666666666667,0.3,0.33666666666666667,0.32,0.22333333333333333,0.3138757152104424,0.3937872697144377,0.4035173424523693
2948,1,0.28,0.35333333333333333,0.2733333333333333,0.33,0.27,0.34653031876205287,0.2652723132876289,0.3310673011556764
2949,0,0.38333333333333336,0.3933333333333333,0.42333333333333334,0.33,0.27666666666666667,0.42697970580006694,0.4432786264360734,0.4035173424523693
2950,1,0.45666666666666667,0.37666666666666665,0.41,0.3433333333333333,0.3933333333333333,0.4403797650494329,0.3817613458744341,0.3394244906532241
2951,0,0.3233333333333333,0.4066666666666667,0.28,0.37666666666666665,0.2833333333333333,0.334811603528569,0.2694792209864891,0.3310673011556764
2952,1,0.35333333333333333,0.4166666666666667,0.37,0.42,0.29333333333333333,0.3697701142646793,0.3805191272712418,0.4035173424523693
2953,1,0.36333333333333334,0.27666666666666667,0.37666666666666665,0.31666666666666665,0.25666666666666665,0.36269512783517416,0.3278565699958886,0.3394244906532241
2954,1,0.3,0.36,0.28,0.39666666666666667,0.27666666666666667,0.280342391994765,0.27197221202201355,0.3394244906532241
2955,1,0.30666666666666664,0.32666666666666666,0.4066666666666667,0.4766666666666667,0.4,0.376283103176391,0.34069372550384747,0.3394244906532241
2956,1,0.4166666666666667,0.37333333333333335,0.3566666666666667,0.37666666666666665,0.36333333333333334,0.44563070051958376,0.38563496661982566,0.3394244906532241
2957,1,0.43333333333333335,0.37,0.4266666666666667,0.32,0.3466666666666667,0.40600133646987285,0.353365332666653,0.3394244906532241
2958,1,0.3,0.3466666666666667,0.30666666666666664,0.3,0.23,0.2823026491626044,0.3171571488641636,0.3310673011556764
2959,0,0.31,0.3566666666666667,0.30666666666666664,0.33,0.22333333333333333,0.34668935415514657,0.3586713777984199,0.3310673011556764
2960,1,0.31666666666666665,0.30666666666666664,0.3466666666666667,0.31666666666666665,0.29333333333333333,0.32153576725022304,0.3471781825625442,0.3394244906532241
2961,0,0.3233333333333333,0.43333333333333335,0.35,0.4266666666666667,0.22333333333333333,0.33230906669888094,0.35853933635974994,0.3310673011556764
2962,0,0.35,0.3466666666666667,0.37666666666666665,0.38666666666666666,0.31,0.3812599333217088,0.40135965489709524,0.42297650130548303
2963,0,0.4033333333333333,0.31333333333333335,0.35,0.33,0.3566666666666667,0.3624598421730815,0.31554473931499516,0.3310673011556764
2964,1,0.3433333333333333,0.4,0.37333333333333335,0.37,0.37,0.3744996114764349,0.3118569985823074,0.3394244906532241
2965,0,0.36333333333333334,0.37666666666666665,0.41,0.38666666666666666,0.26,0.3612267295605843,0.37707382665633554,0.3310673011556764
2966,1,0.29333333333333333,0.4166666666666667,0.31333333333333335,0.3333333333333333,0.25333333333333335,0.298497126796345,0.3047072351790661,0.3310673011556764
2967,0,0.41333333333333333,0.3433333333333333,0.4066666666666667,0.35,0.3933333333333333,0.42142968640686485,0.33904232434425674,0.3310673011556764
2968,0,0.2833333333333333,0.3433333333333333,0.2733333333333333,0.31,0.22333333333333333,0.24720551625346618,0.2867111862217159,0.3310673011556764
2969,1,0.3333333333333333,0.3233333333333333,0.30666666666666664,0.32666666666666666,0.2866666666666667,0.28920969857367446,0.33069962262284625,0.3394244906532241
2970,0,0.36666666666666664,0.33,0.29,0.34,0.2866666666666667,0.3395606481101057,0.3809160979292295,0.3310673011556764
2971,0,0.45,0.42333333333333334,0.4666666666666667,0.32666666666666666,0.33666666666666667,0.41846487792773623,0.4215287050426131,0.4035173424523693
2972,0,0.43333333333333335,0.41,0.46,0.38666666666666666,0.3333333333333333,0.3697309569205184,0.37198976178490034,0.3394244906532241
2973,0,0.4066666666666667,0.4,0.30333333333333334,0.3466666666666667,0.31,0.3738049953987258,0.33437408714782485,0.3310673011556764
2974,1,0.31,0.28,0.32666666666666666,0.32666666666666666,0.29,0.357150481554868,0.3260895831278764,0.3394244906532241
2975,0,0.44,0.30333333333333334,0.36333333333333334,0.2633333333333333,0.3466666666666667,0.39444852097768796,0.3587468511528954,0.4035173424523693
2976,1,0.43666666666666665,0.38,0.38,0.41,0.3466666666666667,0.41459321840359226,0.3774122415601326,0.3310673011556764
2977,0,0.44666666666666666,0.36,0.37666666666666665,0.4266666666666667,0.34,0.3800286231745988,0.3702718577937717,0.3310673011556764
2978,0,0.2833333333333333,0.3333333333333333,0.4,0.26,0.30666666666666664,0.27669492127206063,0.285365667782447,0.3310673011556764
2979,0,0.42333333333333334,0.37666666666666665,0.39,0.3433333333333333,0.38,0.4333089281999692,0.41117405622164244,0.4035173424523693
2980,1,0.37666666666666665,0.37333333333333335,0.4033333333333333,0.32666666666666666,0.3433333333333333,0.37170497515107737,0.4027637727546787,0.42297650130548303
2981,1,0.39666666666666667,0.37,0.44,0.38666666666666666,0.33,0.3716339210299591,0.3705228067759307,0.4035173424523693
2982,1,0.43,0.39,0.43333333333333335,0.39666666666666667,0.39,0.4301520408472926,0.43068830749035314,0.42297650130548303
2983,0,0.31666666666666665,0.3333333333333333,0.35333333333333333,0.31666666666666665,0.24666666666666667,0.3095810855363441,0.3456122141217671,0.3310673011556764
2984,0,0.3433333333333333,0.38666666666666666,0.41,0.38666666666666666,0.3433333333333333,0.36082024921644756,0.36865199100695084,0.3394244906532241
2985,1,0.23,0.31333333333333335,0.2733333333333333,0.32,0.21,0.27626361649365977,0.3615810893710185,0.3394244906532241
2986,1,0.3566666666666667,0.3433333333333333,0.3466666666666667,0.37666666666666665,0.3233333333333333,0.35704131427687125,0.3456122141217671,0.3310673011556764
2987,1,0.31,0.36666666666666664,0.31,0.37333333333333335,0.30666666666666664,0.3899365734065733,0.42349184084719965,0.4035173424523693
2988,0,0.32,0.4033333333333333,0.4166666666666667,0.42333333333333334,0.24666666666666667,0.3674477435033871,0.3603662601007547,0.3394244906532241
2989,1,0.42,0.38,0.43333333333333335,0.4266666666666667,0.2733333333333333,0.4116318825213264,0.44864097201707787,0.42297650130548303
2990,0,0.28,0.39666666666666667,0.24333333333333335,0.30666666666666664,0.18666666666666668,0.24500831608114357,0.28333753898110503,0.3394244906532241
2991,0,0.27,0.29,0.31666666666666665,0.29,0.23,0.2501742550323346,0.258249301503535,0.3310673011556764
2992,0,0.3233333333333333,0.32,0.36,0.36333333333333334,0.32666666666666666,0.400137755236454,0.3471781825625442,0.3394244906532241
2993,1,0.43333333333333335,0.37333333333333335,0.39666666666666667,0.36666666666666664,0.33,0.4361885196988252,0.3635695010158217,0.4035173424523693
2994,0,0.30666666666666664,0.38,0.33666666666666667,0.37666666666666665,0.23333333333333334,0.37793413380108054,0.35732900667996814,0.3310673011556764
2995,0,0.3433333333333333,0.33666666666666667,0.37,0.25666666666666665,0.23666666666666666,0.32084964609913424,0.3236361742178214,0.3310673011556764
2996,0,0.2966666666666667,0.2866666666666667,0.30666666666666664,0.3333333333333333,0.25333333333333335,0.2654805061154648,0.2998262914610743,0.3394244906532241
2997,1,0.45666666666666667,0.38666666666666666,0.44,0.36,0.35333333333333333,0.41320115304500027,0.32002297696235665,0.3394244906532241
2998,0,0.44333333333333336,0.39666666666666667,0.37666666666666665,0.4,0.32666666666666666,0.431692574020064,0.4027637727546787,0.42297650130548303
2999,0,0.42333333333333334,0.36666666666666664,0.3933333333333333,0.36333333333333334,0.42333333333333334,0.40657028036555387,0.3586713777984199,0.3310673011556764
