trajectory_id,y_true,DCHAG_full,DCHAG_technical_only,DCHAG_no_human,DCHAG_no_process,DCHAG_no_temporal,ObservationalOutcome,SEAGInspiredRisk,QualitativeRiskMatrix
0,1,0.21333333333333335,0.25666666666666665,0.23666666666666666,0.2833333333333333,0.15,0.2132660573511496,0.2640656224049783,0.24015825914935707
1,0,0.31333333333333335,0.2633333333333333,0.27666666666666667,0.27,0.2966666666666667,0.3038900678329693,0.22692301590519084,0.24015825914935707
2,0,0.36333333333333334,0.4033333333333333,0.36666666666666664,0.3233333333333333,0.24333333333333335,0.3210891163093257,0.3513956945277207,0.36155419222903884
3,0,0.21333333333333335,0.19,0.24666666666666667,0.2733333333333333,0.2,0.24136249997520648,0.28436374568242084,0.26138507140932365
4,0,0.2633333333333333,0.24,0.27,0.2733333333333333,0.22666666666666666,0.2594810215027332,0.24015794398221083,0.26138507140932365
5,0,0.32666666666666666,0.28,0.31333333333333335,0.36333333333333334,0.25666666666666665,0.3240556870831495,0.36018006712549516,0.36155419222903884
6,0,0.21666666666666667,0.21,0.21666666666666667,0.19666666666666666,0.13666666666666666,0.18801108275623732,0.2314749832500635,0.26138507140932365
7,0,0.35333333333333333,0.2966666666666667,0.3433333333333333,0.35333333333333333,0.25,0.3307413116315897,0.40866268133756667,0.36155419222903884
8,0,0.14,0.21333333333333335,0.18666666666666668,0.16666666666666666,0.1,0.1510058594721898,0.20195286890385464,0.24015825914935707
9,0,0.21333333333333335,0.23333333333333334,0.22,0.24,0.18333333333333332,0.22808907428248076,0.2655234585422461,0.26138507140932365
10,0,0.09666666666666666,0.11,0.09666666666666666,0.11666666666666667,0.08666666666666667,0.10614686574632042,0.15830897870525734,0.24015825914935707
11,1,0.28,0.24666666666666667,0.2733333333333333,0.24666666666666667,0.21666666666666667,0.2726825210409849,0.2970271224114387,0.36155419222903884
12,0,0.14333333333333334,0.16,0.13,0.14,0.06666666666666667,0.12858693714146405,0.21984830105046355,0.26138507140932365
13,0,0.17,0.11333333333333333,0.13333333333333333,0.12333333333333334,0.11333333333333333,0.13700950681017282,0.21858091513162656,0.24015825914935707
14,0,0.29,0.29333333333333333,0.3,0.26666666666666666,0.29333333333333333,0.2962426339710523,0.21940594809697092,0.24015825914935707
15,0,0.24666666666666667,0.21333333333333335,0.21666666666666667,0.21666666666666667,0.21333333333333335,0.2180108193099237,0.2710173467505937,0.26138507140932365
16,0,0.08333333333333333,0.11333333333333333,0.09333333333333334,0.1,0.13666666666666666,0.09219196619014448,0.10012890766317031,0.27978670221629726
17,0,0.15666666666666668,0.23,0.21333333333333335,0.15,0.15666666666666668,0.2071876741878328,0.26618837879660545,0.36155419222903884
18,0,0.3,0.3233333333333333,0.3,0.31666666666666665,0.29,0.25665306328959203,0.2983448702621657,0.26138507140932365
19,0,0.14666666666666667,0.15,0.11333333333333333,0.15333333333333332,0.14666666666666667,0.16718330477419893,0.2165155277954629,0.26138507140932365
20,1,0.36666666666666664,0.4066666666666667,0.44333333333333336,0.4266666666666667,0.3,0.3777756976126584,0.27991837484801163,0.26138507140932365
21,0,0.2633333333333333,0.21333333333333335,0.24,0.18,0.13,0.2191121719068448,0.36018006712549516,0.36155419222903884
22,0,0.14666666666666667,0.26666666666666666,0.20666666666666667,0.2633333333333333,0.14,0.2029478917308496,0.19022562705350352,0.26138507140932365
23,0,0.13333333333333333,0.18,0.18333333333333332,0.19666666666666666,0.22333333333333333,0.2279809343849007,0.2388093159852975,0.24015825914935707
24,0,0.43666666666666665,0.36333333333333334,0.39,0.4066666666666667,0.38,0.3898113273590502,0.3350374477581962,0.36155419222903884
25,0,0.3333333333333333,0.26666666666666666,0.27,0.2633333333333333,0.25,0.27751000203795007,0.3698302768684884,0.36155419222903884
26,1,0.4066666666666667,0.33666666666666667,0.42333333333333334,0.37666666666666665,0.37,0.3552559193342497,0.3145755625133301,0.26138507140932365
27,0,0.2,0.19333333333333333,0.17666666666666667,0.16666666666666666,0.13666666666666666,0.1658897960160995,0.17623932617592675,0.24015825914935707
28,0,0.4633333333333333,0.38333333333333336,0.37333333333333335,0.48333333333333334,0.31333333333333335,0.4482072701436116,0.4144653218831908,0.36155419222903884
29,1,0.32,0.4033333333333333,0.32666666666666666,0.4033333333333333,0.34,0.3883038986157986,0.35939535149688207,0.26138507140932365
30,0,0.14333333333333334,0.11666666666666667,0.12333333333333334,0.14666666666666667,0.13,0.1320177184354056,0.22351372081634296,0.24015825914935707
31,0,0.26,0.27,0.26,0.22333333333333333,0.26,0.22515555553349373,0.2437414235338797,0.26138507140932365
32,0,0.23333333333333334,0.23333333333333334,0.26666666666666666,0.24666666666666667,0.14666666666666667,0.2695441516677408,0.375855184758263,0.37055837563451777
33,0,0.32666666666666666,0.4,0.36,0.41333333333333333,0.38333333333333336,0.37071000722890873,0.2771998571629701,0.24015825914935707
34,0,0.43333333333333335,0.49333333333333335,0.41,0.49333333333333335,0.3466666666666667,0.44736430205097183,0.3657200538281107,0.36155419222903884
35,0,0.42333333333333334,0.42333333333333334,0.4033333333333333,0.4166666666666667,0.37,0.4501269702511648,0.35083622948151333,0.37055837563451777
36,1,0.37666666666666665,0.36,0.3,0.36,0.26,0.3416001983619903,0.3250756471749829,0.26138507140932365
37,0,0.5366666666666666,0.42333333333333334,0.4766666666666667,0.48333333333333334,0.36333333333333334,0.48347286112867244,0.4052822667951281,0.36155419222903884
38,0,0.16666666666666666,0.19,0.21666666666666667,0.20333333333333334,0.17,0.19205821717784535,0.22383624221339543,0.26138507140932365
39,0,0.14,0.11333333333333333,0.10666666666666667,0.10666666666666667,0.14333333333333334,0.1418506963310488,0.1717889760640705,0.26138507140932365
40,0,0.38333333333333336,0.37333333333333335,0.38333333333333336,0.35,0.28,0.36000468798149754,0.3821571405464693,0.36155419222903884
41,0,0.25666666666666665,0.18666666666666668,0.18,0.18,0.17,0.20838880297090684,0.3020543181984557,0.36155419222903884
42,0,0.43333333333333335,0.5,0.52,0.48,0.43333333333333335,0.46836304927167294,0.4381590203455499,0.36155419222903884
43,0,0.22,0.16666666666666666,0.19333333333333333,0.21,0.16333333333333333,0.22074913699794868,0.33149012212089146,0.37055837563451777
44,0,0.21666666666666667,0.24333333333333335,0.16333333333333333,0.21,0.17333333333333334,0.16826695706890551,0.1936301968399856,0.24015825914935707
45,0,0.3933333333333333,0.4166666666666667,0.4,0.4266666666666667,0.39,0.4107330561226603,0.2771998571629701,0.24015825914935707
46,0,0.20333333333333334,0.22,0.18333333333333332,0.18666666666666668,0.20333333333333334,0.17528603068486637,0.20126532051558177,0.24015825914935707
47,0,0.2733333333333333,0.3333333333333333,0.36333333333333334,0.2833333333333333,0.2866666666666667,0.26673778083685973,0.26595687508635407,0.24015825914935707
48,0,0.31333333333333335,0.31333333333333335,0.35333333333333333,0.36666666666666664,0.29,0.3130614153670706,0.3611627502942744,0.36155419222903884
49,0,0.3233333333333333,0.36333333333333334,0.35,0.36666666666666664,0.2633333333333333,0.33116722547942323,0.38576827744355496,0.36155419222903884
50,0,0.38333333333333336,0.33,0.33666666666666667,0.3566666666666667,0.38333333333333336,0.3588563765904071,0.2389898071098169,0.24015825914935707
51,0,0.32666666666666666,0.36333333333333334,0.28,0.3233333333333333,0.2866666666666667,0.30195315507498527,0.3061892063043738,0.24015825914935707
52,1,0.22666666666666666,0.21333333333333335,0.22333333333333333,0.23333333333333334,0.17666666666666667,0.2359104452615623,0.3381651116826154,0.36155419222903884
53,0,0.09333333333333334,0.08333333333333333,0.08333333333333333,0.09666666666666666,0.11,0.11278943087849012,0.15019878149804913,0.24015825914935707
54,0,0.44,0.4633333333333333,0.42,0.43666666666666665,0.3933333333333333,0.45294203937098027,0.34078327246629003,0.26138507140932365
55,0,0.13333333333333333,0.13666666666666666,0.13666666666666666,0.17,0.14333333333333334,0.16360901666615713,0.1988222430277996,0.24015825914935707
56,0,0.23333333333333334,0.25,0.18,0.19666666666666666,0.16666666666666666,0.21146970982177807,0.24847551108432797,0.24015825914935707
57,0,0.3933333333333333,0.3466666666666667,0.30666666666666664,0.35,0.3466666666666667,0.2985642502041478,0.3057960670900827,0.24015825914935707
58,0,0.31,0.36,0.36,0.38333333333333336,0.2866666666666667,0.32941168311757135,0.21217652129993653,0.24015825914935707
59,0,0.24666666666666667,0.30666666666666664,0.30666666666666664,0.29,0.24333333333333335,0.2861645006035747,0.2502930814229141,0.24015825914935707
60,1,0.4766666666666667,0.4266666666666667,0.45,0.4633333333333333,0.4066666666666667,0.4845033834793003,0.3715794921443768,0.37055837563451777
61,1,0.3,0.29,0.3466666666666667,0.29,0.26,0.30606855164806807,0.320377453106168,0.24015825914935707
62,0,0.26666666666666666,0.21,0.16666666666666666,0.2,0.17666666666666667,0.18866176446647864,0.2043946888090906,0.24015825914935707
63,0,0.12333333333333334,0.12666666666666668,0.12333333333333334,0.12666666666666668,0.08,0.14692519337314217,0.18227586111631933,0.26138507140932365
64,0,0.2733333333333333,0.29333333333333333,0.21666666666666667,0.21666666666666667,0.15,0.18079049018495982,0.21413484577555464,0.26138507140932365
65,0,0.3233333333333333,0.32,0.2833333333333333,0.34,0.3,0.3221540566261826,0.35097387368585414,0.36155419222903884
66,0,0.24,0.25666666666666665,0.26,0.24666666666666667,0.22333333333333333,0.24972131283017637,0.3153105850859049,0.36155419222903884
67,0,0.3466666666666667,0.33666666666666667,0.31666666666666665,0.26666666666666666,0.25333333333333335,0.28666498995893364,0.320377453106168,0.24015825914935707
68,0,0.28,0.2633333333333333,0.28,0.27666666666666667,0.2,0.2672462038381173,0.3381651116826154,0.36155419222903884
69,0,0.33666666666666667,0.28,0.30333333333333334,0.2966666666666667,0.2633333333333333,0.3163438388104118,0.320377453106168,0.24015825914935707
70,1,0.14,0.22666666666666666,0.24,0.22666666666666666,0.21,0.2163616777187291,0.22446068351418602,0.24015825914935707
71,0,0.38666666666666666,0.42333333333333334,0.39666666666666667,0.36333333333333334,0.3933333333333333,0.42738866381108376,0.3350374477581962,0.36155419222903884
72,1,0.36,0.42,0.38666666666666666,0.42,0.42333333333333334,0.3950731035341681,0.3698302768684884,0.36155419222903884
73,0,0.31333333333333335,0.3,0.27,0.26,0.21666666666666667,0.3155187863166641,0.2795453760264602,0.26138507140932365
74,0,0.22,0.3333333333333333,0.31,0.25,0.31333333333333335,0.2854873012907721,0.24237909126117535,0.24015825914935707
75,0,0.25333333333333335,0.2833333333333333,0.27,0.31666666666666665,0.27666666666666667,0.28381483755259274,0.21053986736797287,0.24015825914935707
76,1,0.44333333333333336,0.48,0.4766666666666667,0.47333333333333333,0.36333333333333334,0.48774444910285275,0.4714615435432226,0.36155419222903884
77,0,0.4533333333333333,0.44333333333333336,0.4,0.43,0.3566666666666667,0.4200413666347557,0.32674410286653693,0.36155419222903884
78,0,0.32,0.2966666666666667,0.3,0.28,0.2733333333333333,0.2936044677821023,0.26355986177186813,0.36155419222903884
79,1,0.31666666666666665,0.27,0.32,0.3333333333333333,0.2866666666666667,0.3323040863149395,0.24093827671977266,0.26138507140932365
80,0,0.12,0.11,0.13333333333333333,0.09,0.07,0.12517695473805135,0.16875225775556754,0.24015825914935707
81,1,0.17666666666666667,0.16333333333333333,0.15333333333333332,0.13,0.17333333333333334,0.19586853356520093,0.20423331302387407,0.24015825914935707
82,0,0.4,0.4166666666666667,0.4166666666666667,0.42333333333333334,0.4033333333333333,0.4586223201669978,0.39447321091469334,0.37055837563451777
83,0,0.19666666666666666,0.16333333333333333,0.18,0.20666666666666667,0.19666666666666666,0.1853227372447988,0.1988222430277996,0.24015825914935707
84,0,0.18666666666666668,0.15,0.16,0.17,0.11666666666666667,0.1786863743511487,0.3020543181984557,0.36155419222903884
85,1,0.42,0.4033333333333333,0.38666666666666666,0.4066666666666667,0.35333333333333333,0.3742295836667525,0.22897788743627895,0.26138507140932365
86,0,0.31666666666666665,0.27,0.24333333333333335,0.24666666666666667,0.24333333333333335,0.30042319842659226,0.3988451414023116,0.37055837563451777
87,1,0.3433333333333333,0.35333333333333333,0.36333333333333334,0.4266666666666667,0.23666666666666666,0.346310300119578,0.38576827744355496,0.36155419222903884
88,0,0.2866666666666667,0.3,0.2866666666666667,0.33666666666666667,0.16,0.24622726491698205,0.25251105682788105,0.26138507140932365
89,0,0.4,0.41333333333333333,0.36333333333333334,0.37666666666666665,0.41,0.37024061034361544,0.2795453760264602,0.26138507140932365
90,1,0.23,0.25666666666666665,0.26666666666666666,0.25,0.18,0.24799525505081302,0.3569586074699923,0.36155419222903884
91,0,0.31,0.35,0.38,0.35333333333333333,0.3433333333333333,0.33216140738000477,0.3103780857991747,0.26138507140932365
92,1,0.26666666666666666,0.21666666666666667,0.23333333333333334,0.2633333333333333,0.2966666666666667,0.2864707438558272,0.2572211781210504,0.26138507140932365
93,0,0.22333333333333333,0.22666666666666666,0.24666666666666667,0.23333333333333334,0.25333333333333335,0.23228536227810406,0.22897788743627895,0.26138507140932365
94,0,0.2733333333333333,0.3,0.25333333333333335,0.27,0.21,0.2561231114414663,0.3103780857991747,0.26138507140932365
95,1,0.26666666666666666,0.28,0.25,0.26,0.18666666666666668,0.2356116366491945,0.18227586111631933,0.26138507140932365
96,0,0.12333333333333334,0.14666666666666667,0.14,0.13,0.16,0.13854873028672693,0.18291339464259918,0.26138507140932365
97,1,0.3933333333333333,0.36666666666666664,0.38333333333333336,0.3333333333333333,0.22333333333333333,0.40886892085188214,0.39447321091469334,0.37055837563451777
98,0,0.4166666666666667,0.3466666666666667,0.3566666666666667,0.37,0.3333333333333333,0.38563348893448524,0.3228652439593705,0.36155419222903884
99,0,0.37666666666666665,0.33,0.30666666666666664,0.3333333333333333,0.23,0.3037863596473395,0.4362927388044305,0.37055837563451777
100,0,0.24333333333333335,0.24666666666666667,0.2966666666666667,0.2833333333333333,0.23666666666666666,0.2588270143958748,0.1808169142840804,0.26138507140932365
101,0,0.3233333333333333,0.37333333333333335,0.2966666666666667,0.3466666666666667,0.2966666666666667,0.33995960911974465,0.39087622657056803,0.37055837563451777
102,0,0.29333333333333333,0.37,0.34,0.42333333333333334,0.23333333333333334,0.33401570722185253,0.3698302768684884,0.36155419222903884
103,0,0.46,0.45,0.43666666666666665,0.42,0.36,0.47734587310651433,0.4362927388044305,0.37055837563451777
104,0,0.31,0.2866666666666667,0.29,0.32666666666666666,0.2866666666666667,0.29378724349279384,0.2388093159852975,0.24015825914935707
105,0,0.37333333333333335,0.31,0.4066666666666667,0.31333333333333335,0.39,0.3647202738705207,0.3103780857991747,0.26138507140932365
106,0,0.31,0.31666666666666665,0.27666666666666667,0.29,0.27666666666666667,0.29962370864881704,0.2947746275153752,0.24015825914935707
107,0,0.3566666666666667,0.37333333333333335,0.38,0.37666666666666665,0.3933333333333333,0.3496706521156222,0.19059777412375917,0.24015825914935707
108,0,0.18333333333333332,0.14666666666666667,0.16,0.16333333333333333,0.23,0.174400129521951,0.11394953031051064,0.26138507140932365
109,0,0.21666666666666667,0.22333333333333333,0.24666666666666667,0.17,0.17,0.21276018001552036,0.19059777412375917,0.24015825914935707
110,0,0.31666666666666665,0.27666666666666667,0.3466666666666667,0.26666666666666666,0.25333333333333335,0.2829424520961231,0.3228652439593705,0.36155419222903884
111,0,0.32666666666666666,0.27,0.29333333333333333,0.31333333333333335,0.27,0.25712230904677463,0.20126532051558177,0.24015825914935707
112,0,0.16333333333333333,0.17666666666666667,0.17,0.16333333333333333,0.17333333333333334,0.17538095371366616,0.1339888205563238,0.24015825914935707
113,0,0.21666666666666667,0.2,0.24,0.24333333333333335,0.15333333333333332,0.21983891829722815,0.2272490170290158,0.26138507140932365
114,0,0.3566666666666667,0.37,0.36333333333333334,0.36333333333333334,0.39,0.38222955504414885,0.30738805874413416,0.26138507140932365
115,1,0.17,0.2633333333333333,0.2733333333333333,0.27,0.24666666666666667,0.1814418021576355,0.17090466178802188,0.24015825914935707
116,0,0.2633333333333333,0.30333333333333334,0.3233333333333333,0.3333333333333333,0.20333333333333334,0.28880078543290977,0.288967642249189,0.24015825914935707
117,0,0.22666666666666666,0.2,0.25666666666666665,0.28,0.16,0.2525969207317294,0.3067014989421257,0.24015825914935707
118,1,0.10666666666666667,0.08666666666666667,0.1,0.07666666666666666,0.11666666666666667,0.12118839765280497,0.15043600815593947,0.26138507140932365
119,1,0.29,0.25666666666666665,0.23666666666666666,0.23666666666666666,0.17333333333333334,0.2711910675437005,0.29045226888840775,0.36155419222903884
120,0,0.3933333333333333,0.37333333333333335,0.38,0.4,0.38333333333333336,0.3909549648590541,0.375855184758263,0.37055837563451777
121,0,0.17666666666666667,0.24,0.2,0.17333333333333334,0.20333333333333334,0.17511464441800936,0.20264217015810185,0.24015825914935707
122,0,0.3,0.3466666666666667,0.28,0.29333333333333333,0.3,0.3222268418097435,0.32128781827989816,0.24015825914935707
123,0,0.16333333333333333,0.13333333333333333,0.14333333333333334,0.1,0.08333333333333333,0.12773601178638058,0.20384124718098126,0.26138507140932365
124,1,0.16666666666666666,0.17,0.15666666666666668,0.16666666666666666,0.15333333333333332,0.1845829689825609,0.22109222166125206,0.24015825914935707
125,1,0.3566666666666667,0.42,0.44666666666666666,0.38333333333333336,0.31666666666666665,0.3499959073296274,0.33938330778142906,0.24015825914935707
126,1,0.45666666666666667,0.4066666666666667,0.41333333333333333,0.41,0.37333333333333335,0.43053874281761095,0.36018006712549516,0.36155419222903884
127,1,0.32,0.37,0.37666666666666665,0.38,0.30333333333333334,0.33437673164338827,0.26933478088763363,0.26138507140932365
128,1,0.42,0.45,0.44333333333333336,0.45666666666666667,0.35,0.42155410474276833,0.3698302768684884,0.36155419222903884
129,0,0.24333333333333335,0.2733333333333333,0.28,0.2733333333333333,0.2733333333333333,0.29910397585789456,0.2752368656275317,0.24015825914935707
130,0,0.15333333333333332,0.14333333333333334,0.16333333333333333,0.17333333333333334,0.16333333333333333,0.18325219260728376,0.2419012136769132,0.24015825914935707
131,0,0.21666666666666667,0.18,0.19333333333333333,0.2,0.15,0.16848261278294316,0.22520512882162672,0.24015825914935707
132,1,0.26666666666666666,0.2966666666666667,0.25,0.2833333333333333,0.22333333333333333,0.28867281077108337,0.3854696899114028,0.36155419222903884
133,0,0.33,0.3933333333333333,0.3933333333333333,0.39,0.3333333333333333,0.38872713222994637,0.3103780857991747,0.26138507140932365
134,0,0.26666666666666666,0.23333333333333334,0.22,0.25,0.24,0.2979976009580079,0.2985930982568957,0.37055837563451777
135,1,0.3233333333333333,0.38666666666666666,0.36333333333333334,0.3433333333333333,0.3433333333333333,0.34107590450254954,0.2947746275153752,0.24015825914935707
136,1,0.37,0.43666666666666665,0.37666666666666665,0.35,0.3466666666666667,0.36362941044499225,0.2838734871700684,0.26138507140932365
137,0,0.30333333333333334,0.39,0.34,0.2966666666666667,0.24333333333333335,0.2848301662586624,0.19969149816016254,0.24015825914935707
138,0,0.17666666666666667,0.20666666666666667,0.19333333333333333,0.15666666666666668,0.19666666666666666,0.25509700980469185,0.24215175005725378,0.26138507140932365
139,0,0.24333333333333335,0.23,0.24333333333333335,0.24,0.19,0.23289201397333112,0.34078327246629003,0.26138507140932365
140,0,0.24,0.27,0.25,0.23,0.15333333333333332,0.19590826764795835,0.22692301590519084,0.24015825914935707
141,1,0.32,0.3,0.31666666666666665,0.29,0.2833333333333333,0.3760567987005148,0.35083622948151333,0.37055837563451777
142,1,0.4066666666666667,0.29,0.38666666666666666,0.33,0.3333333333333333,0.3581427483721306,0.3698302768684884,0.36155419222903884
143,0,0.36666666666666664,0.41333333333333333,0.41,0.37,0.2833333333333333,0.34488374692662277,0.3894888185424804,0.36155419222903884
144,0,0.19666666666666666,0.21,0.17666666666666667,0.17666666666666667,0.14666666666666667,0.1880503860881833,0.24847551108432797,0.24015825914935707
145,0,0.38333333333333336,0.34,0.35333333333333333,0.4,0.24666666666666667,0.37359919978358475,0.36885711799119586,0.36155419222903884
146,0,0.16,0.17,0.16333333333333333,0.16,0.08666666666666667,0.14229048200035505,0.31154540926161534,0.26138507140932365
147,0,0.23,0.2733333333333333,0.24,0.29333333333333333,0.18,0.2304005683489158,0.2834972929775092,0.26138507140932365
148,0,0.3333333333333333,0.36666666666666664,0.3333333333333333,0.2866666666666667,0.26,0.3254312351650122,0.3057960670900827,0.24015825914935707
149,0,0.44333333333333336,0.4633333333333333,0.4766666666666667,0.45666666666666667,0.32666666666666666,0.4455276422029979,0.367458881142241,0.37055837563451777
150,0,0.25666666666666665,0.21333333333333335,0.22666666666666666,0.2733333333333333,0.16666666666666666,0.2629332829493602,0.27089476298013004,0.36155419222903884
151,0,0.17333333333333334,0.18333333333333332,0.14666666666666667,0.14,0.16,0.1815764088089948,0.19075095837940287,0.24015825914935707
152,1,0.4266666666666667,0.4033333333333333,0.4066666666666667,0.4166666666666667,0.35333333333333333,0.3793390042554609,0.32128781827989816,0.24015825914935707
153,0,0.27,0.3,0.3,0.23,0.29,0.25485955879810124,0.19478897520638472,0.26138507140932365
154,0,0.30333333333333334,0.3566666666666667,0.36333333333333334,0.29333333333333333,0.39666666666666667,0.3458746530587819,0.20994265947547353,0.24015825914935707
155,1,0.41333333333333333,0.37333333333333335,0.37666666666666665,0.39666666666666667,0.38,0.3701244557509208,0.2771998571629701,0.24015825914935707
156,1,0.41,0.41333333333333333,0.35333333333333333,0.3566666666666667,0.39,0.40129544014248303,0.3442212681599235,0.26138507140932365
157,1,0.3,0.34,0.4,0.39666666666666667,0.36666666666666664,0.33740420475901883,0.3023200787191135,0.24015825914935707
158,0,0.16666666666666666,0.16333333333333333,0.18,0.17666666666666667,0.19,0.18019750163578308,0.24586921136501827,0.24015825914935707
159,0,0.4866666666666667,0.34,0.36666666666666664,0.39666666666666667,0.4,0.4618316239669923,0.33149012212089146,0.37055837563451777
160,0,0.3,0.26666666666666666,0.2866666666666667,0.23666666666666666,0.31,0.2479900206183605,0.2128914088862743,0.24015825914935707
161,0,0.32666666666666666,0.37666666666666665,0.32666666666666666,0.35,0.25666666666666665,0.298507531807524,0.29809862966578066,0.26138507140932365
162,0,0.23333333333333334,0.25333333333333335,0.23,0.24666666666666667,0.14333333333333334,0.18850954456488758,0.18630089712962858,0.24015825914935707
163,0,0.38666666666666666,0.31666666666666665,0.3433333333333333,0.3466666666666667,0.3466666666666667,0.33370047231118466,0.3657200538281107,0.36155419222903884
164,1,0.38,0.39,0.4066666666666667,0.36666666666666664,0.36666666666666664,0.3802968029200005,0.3628752203822803,0.37055837563451777
165,0,0.4666666666666667,0.3933333333333333,0.4266666666666667,0.41333333333333333,0.27,0.3555612771191698,0.35350399619623046,0.36155419222903884
166,0,0.34,0.37,0.36333333333333334,0.34,0.38666666666666666,0.40147352745450754,0.32582354126283647,0.36155419222903884
167,0,0.2,0.19666666666666666,0.19333333333333333,0.18333333333333332,0.18333333333333332,0.22414015328743467,0.20195286890385464,0.24015825914935707
168,0,0.1,0.09,0.07,0.08333333333333333,0.09666666666666666,0.10429266280507084,0.1890876206531208,0.24015825914935707
169,1,0.34,0.37333333333333335,0.43666666666666665,0.44,0.2733333333333333,0.38982745195315666,0.2640656224049783,0.24015825914935707
170,0,0.28,0.3233333333333333,0.30666666666666664,0.34,0.27,0.3319322877506156,0.32674410286653693,0.36155419222903884
171,0,0.11666666666666667,0.13666666666666666,0.14666666666666667,0.15666666666666668,0.15333333333333332,0.14127527919797073,0.23625742228973878,0.24015825914935707
172,0,0.34,0.33666666666666667,0.2966666666666667,0.28,0.26,0.2898488785072777,0.2652572048631762,0.24015825914935707
173,0,0.25666666666666665,0.22,0.21,0.24666666666666667,0.18,0.2535068017378316,0.2795453760264602,0.26138507140932365
174,1,0.42,0.42333333333333334,0.47,0.39666666666666667,0.3933333333333333,0.43150199467288786,0.3603770996016221,0.26138507140932365
175,1,0.22333333333333333,0.25,0.23333333333333334,0.21333333333333335,0.16666666666666666,0.24753024432526485,0.250662267900863,0.26138507140932365
176,1,0.22333333333333333,0.23666666666666666,0.19333333333333333,0.2,0.19,0.20450297167735593,0.2795453760264602,0.26138507140932365
177,0,0.25666666666666665,0.29,0.2833333333333333,0.25333333333333335,0.2,0.2633156666268097,0.3057960670900827,0.24015825914935707
178,1,0.3,0.27,0.2633333333333333,0.29333333333333333,0.15333333333333332,0.2627178000749085,0.3657200538281107,0.36155419222903884
179,1,0.19666666666666666,0.21,0.24,0.21666666666666667,0.17333333333333334,0.1953233687779212,0.2918539929442319,0.24015825914935707
180,0,0.25,0.19333333333333333,0.18,0.19333333333333333,0.14666666666666667,0.20458612986564031,0.2806055707473324,0.36155419222903884
181,1,0.20666666666666667,0.22333333333333333,0.14,0.23333333333333334,0.23333333333333334,0.24856424708287947,0.24093827671977266,0.26138507140932365
182,0,0.23666666666666666,0.18666666666666668,0.20666666666666667,0.20333333333333334,0.21,0.1993828632937214,0.2678800709051542,0.24015825914935707
183,0,0.4266666666666667,0.37333333333333335,0.3566666666666667,0.36,0.36666666666666664,0.3515865271237104,0.2640656224049783,0.24015825914935707
184,1,0.18,0.14333333333333334,0.15666666666666668,0.18333333333333332,0.14666666666666667,0.16298851907334852,0.1558886618216206,0.24015825914935707
185,0,0.2633333333333333,0.25,0.25333333333333335,0.27666666666666667,0.18666666666666668,0.27435665408208126,0.3049077953845557,0.36155419222903884
186,1,0.15666666666666668,0.23666666666666666,0.24333333333333335,0.17333333333333334,0.11,0.16866742182707736,0.35939535149688207,0.26138507140932365
187,0,0.16666666666666666,0.2,0.2,0.18666666666666668,0.19,0.226328530023558,0.25703156862163196,0.26138507140932365
188,0,0.27,0.22,0.25666666666666665,0.25333333333333335,0.2633333333333333,0.24598202008087938,0.23625742228973878,0.24015825914935707
189,1,0.42,0.45,0.43666666666666665,0.4866666666666667,0.3,0.4322735811794848,0.40783966807616406,0.37055837563451777
190,1,0.3333333333333333,0.2833333333333333,0.26,0.24666666666666667,0.36,0.2974913104730171,0.22799826211448493,0.26138507140932365
191,0,0.3466666666666667,0.35,0.3466666666666667,0.32,0.23666666666666666,0.3008357107791302,0.3243680832021866,0.24015825914935707
192,0,0.4066666666666667,0.38666666666666666,0.4166666666666667,0.39,0.31666666666666665,0.4121453911063924,0.3311085555733136,0.36155419222903884
193,1,0.3,0.3333333333333333,0.33666666666666667,0.2833333333333333,0.29,0.3508045799318814,0.3069126134144652,0.24015825914935707
194,0,0.36333333333333334,0.31,0.3433333333333333,0.3466666666666667,0.31333333333333335,0.3265042045048006,0.33857873263665667,0.26138507140932365
195,0,0.29,0.27666666666666667,0.2866666666666667,0.2733333333333333,0.20666666666666667,0.276988825074532,0.3311085555733136,0.36155419222903884
196,0,0.32666666666666666,0.37333333333333335,0.37333333333333335,0.38666666666666666,0.2733333333333333,0.3622851096482025,0.3381651116826154,0.36155419222903884
197,0,0.32666666666666666,0.37333333333333335,0.32666666666666666,0.35333333333333333,0.4,0.338295447091698,0.2795453760264602,0.26138507140932365
198,0,0.37333333333333335,0.3466666666666667,0.35333333333333333,0.3566666666666667,0.25666666666666665,0.3598788707552494,0.38491781009928383,0.37055837563451777
199,0,0.4033333333333333,0.31,0.2866666666666667,0.37333333333333335,0.2966666666666667,0.327962556287362,0.3381651116826154,0.36155419222903884
200,0,0.20666666666666667,0.17666666666666667,0.23666666666666666,0.22666666666666666,0.19666666666666666,0.17005362115444556,0.21380575970469384,0.24015825914935707
201,1,0.37666666666666665,0.3,0.3566666666666667,0.31333333333333335,0.33,0.3133994091240274,0.30709528726303825,0.24015825914935707
202,0,0.2966666666666667,0.3,0.32666666666666666,0.34,0.30333333333333334,0.3560325780022079,0.3359688769253456,0.24015825914935707
203,1,0.16666666666666666,0.21333333333333335,0.20666666666666667,0.20666666666666667,0.18666666666666668,0.17854940592504523,0.21217652129993653,0.24015825914935707
204,0,0.17666666666666667,0.17,0.17,0.19,0.21333333333333335,0.15428030352343572,0.17151076496079423,0.24015825914935707
205,1,0.38666666666666666,0.37,0.3233333333333333,0.43,0.36,0.38352945186305176,0.28263044576402363,0.26138507140932365
206,0,0.18,0.19666666666666666,0.18333333333333332,0.12666666666666668,0.16333333333333333,0.16336111998499978,0.19969149816016254,0.24015825914935707
207,0,0.4666666666666667,0.44666666666666666,0.37,0.43,0.38,0.4100969740989499,0.3854696899114028,0.36155419222903884
208,1,0.42333333333333334,0.44333333333333336,0.43,0.42,0.38,0.4243173457209311,0.3821571405464693,0.36155419222903884
209,1,0.41,0.31666666666666665,0.32,0.39,0.25333333333333335,0.3972975534115007,0.38823925220188243,0.37055837563451777
210,0,0.44,0.4533333333333333,0.4166666666666667,0.38666666666666666,0.36666666666666664,0.42136959271156876,0.3082803514346718,0.26138507140932365
211,1,0.41,0.38666666666666666,0.33,0.2866666666666667,0.4266666666666667,0.34194137263096636,0.18291339464259918,0.26138507140932365
212,0,0.26,0.2733333333333333,0.2,0.25333333333333335,0.22666666666666666,0.27553497926297577,0.32674410286653693,0.36155419222903884
213,1,0.18333333333333332,0.19333333333333333,0.18,0.24333333333333335,0.15333333333333332,0.22502405768227288,0.24769433409817312,0.24015825914935707
214,0,0.2733333333333333,0.33666666666666667,0.29333333333333333,0.34,0.24333333333333335,0.27821660375378404,0.2652572048631762,0.24015825914935707
215,1,0.38333333333333336,0.41333333333333333,0.38333333333333336,0.4066666666666667,0.37333333333333335,0.3734832231505016,0.27440227398480777,0.24015825914935707
216,0,0.26666666666666666,0.25,0.24333333333333335,0.3,0.2633333333333333,0.26664056617284215,0.24949424902571704,0.24015825914935707
217,0,0.12666666666666668,0.10333333333333333,0.12333333333333334,0.14333333333333334,0.15,0.1601818436883418,0.15517311004825263,0.24015825914935707
218,0,0.2,0.13666666666666666,0.18666666666666668,0.15666666666666668,0.11,0.13101452338967928,0.2388093159852975,0.24015825914935707
219,0,0.4033333333333333,0.3466666666666667,0.3566666666666667,0.31666666666666665,0.42333333333333334,0.3788429787195039,0.34078327246629003,0.26138507140932365
220,0,0.3466666666666667,0.3566666666666667,0.33,0.3,0.22333333333333333,0.3151048229194581,0.4208307093354709,0.36155419222903884
221,0,0.22666666666666666,0.22,0.25666666666666665,0.26,0.22,0.21066855135575274,0.17151076496079423,0.24015825914935707
222,0,0.3,0.38666666666666666,0.4066666666666667,0.39666666666666667,0.3466666666666667,0.36494021076695354,0.320377453106168,0.24015825914935707
223,0,0.2833333333333333,0.26,0.24,0.26666666666666666,0.25333333333333335,0.21994944955454795,0.21984830105046355,0.26138507140932365
224,1,0.22,0.23333333333333334,0.23,0.18,0.21666666666666667,0.2451133391193741,0.2334038660178052,0.26138507140932365
225,1,0.25666666666666665,0.32,0.3433333333333333,0.2733333333333333,0.23666666666666666,0.2904265290578097,0.3221208958580813,0.26138507140932365
226,0,0.35,0.4,0.37666666666666665,0.44333333333333336,0.39,0.41108646561999473,0.38766691980743134,0.37055837563451777
227,1,0.3466666666666667,0.30666666666666664,0.30333333333333334,0.3233333333333333,0.3466666666666667,0.2948144165077286,0.2811315545492706,0.24015825914935707
228,0,0.11333333333333333,0.11,0.12666666666666668,0.09,0.19,0.1591879090325265,0.14242163219297524,0.24015825914935707
229,1,0.2733333333333333,0.2866666666666667,0.3,0.2633333333333333,0.22,0.2539303379054009,0.31064791027339567,0.26138507140932365
230,0,0.2733333333333333,0.28,0.2833333333333333,0.32666666666666666,0.25333333333333335,0.28783956471302596,0.22692301590519084,0.24015825914935707
231,1,0.2,0.23,0.24666666666666667,0.24666666666666667,0.16333333333333333,0.20602213695281413,0.2355026204023639,0.24015825914935707
232,0,0.33,0.31,0.30666666666666664,0.24333333333333335,0.24666666666666667,0.30461236459051216,0.3563125335581392,0.37055837563451777
233,0,0.43,0.44,0.38666666666666666,0.47333333333333333,0.3433333333333333,0.3867556962248658,0.3854696899114028,0.36155419222903884
234,0,0.30666666666666664,0.33666666666666667,0.26666666666666666,0.31333333333333335,0.23666666666666666,0.3102148788718684,0.3085491681941375,0.26138507140932365
235,1,0.31666666666666665,0.31666666666666665,0.31333333333333335,0.2833333333333333,0.27,0.2921707241135454,0.3061892063043738,0.24015825914935707
236,1,0.3466666666666667,0.3933333333333333,0.39666666666666667,0.37333333333333335,0.33666666666666667,0.3675165314338649,0.2562167075222563,0.26138507140932365
237,0,0.23333333333333334,0.17333333333333334,0.20666666666666667,0.23,0.22333333333333333,0.2227693998593291,0.2729635282628867,0.26138507140932365
238,1,0.31333333333333335,0.32,0.32666666666666666,0.3,0.27,0.30452002422949825,0.2671764515128648,0.26138507140932365
239,0,0.37333333333333335,0.31666666666666665,0.2733333333333333,0.31666666666666665,0.31,0.29880614619469364,0.27991837484801163,0.26138507140932365
240,0,0.43,0.44,0.43666666666666665,0.43333333333333335,0.37666666666666665,0.44178519090618634,0.3894888185424804,0.36155419222903884
241,0,0.25333333333333335,0.2966666666666667,0.32666666666666666,0.2866666666666667,0.29,0.2745875034316872,0.2834972929775092,0.26138507140932365
242,1,0.46,0.4666666666666667,0.44666666666666666,0.43,0.3433333333333333,0.41049807795773646,0.29631627537685995,0.26138507140932365
243,0,0.17,0.17,0.14333333333333334,0.17333333333333334,0.18,0.1767023960093588,0.14332842464159642,0.26138507140932365
244,0,0.13,0.11,0.12,0.12,0.10333333333333333,0.12834443158205427,0.15467153650866153,0.24015825914935707
245,0,0.42333333333333334,0.3566666666666667,0.3933333333333333,0.3233333333333333,0.42333333333333334,0.37336551767618237,0.29654076429815496,0.26138507140932365
246,0,0.4066666666666667,0.46,0.4166666666666667,0.44333333333333336,0.4066666666666667,0.42671480895877173,0.32599511748307464,0.26138507140932365
247,0,0.38333333333333336,0.2866666666666667,0.35,0.37,0.38333333333333336,0.30656328742511235,0.20423331302387407,0.24015825914935707
248,1,0.2966666666666667,0.33666666666666667,0.38333333333333336,0.36666666666666664,0.36,0.3513348378382795,0.2502079546893044,0.26138507140932365
249,0,0.27666666666666667,0.25333333333333335,0.25,0.25666666666666665,0.27666666666666667,0.21406529826586107,0.15144359583376593,0.24015825914935707
250,0,0.25666666666666665,0.28,0.22333333333333333,0.25333333333333335,0.29,0.23930960233566684,0.2388093159852975,0.24015825914935707
251,0,0.23333333333333334,0.18,0.22,0.18666666666666668,0.16,0.1911242282587403,0.2614667660342561,0.24015825914935707
252,0,0.37666666666666665,0.47,0.41,0.39,0.30666666666666664,0.39399880024305317,0.34078327246629003,0.26138507140932365
253,0,0.13,0.20333333333333334,0.10333333333333333,0.16333333333333333,0.17,0.16367260568747063,0.14070933018291107,0.24015825914935707
254,1,0.22,0.2633333333333333,0.24666666666666667,0.19666666666666666,0.2,0.22713457534705853,0.2947746275153752,0.24015825914935707
255,0,0.12,0.12666666666666668,0.13666666666666666,0.12,0.14666666666666667,0.11498487398279725,0.14070933018291107,0.24015825914935707
256,0,0.12,0.12,0.11,0.09333333333333334,0.13333333333333333,0.10985142915052652,0.1298085263751687,0.26138507140932365
257,0,0.21666666666666667,0.20666666666666667,0.20333333333333334,0.20666666666666667,0.17,0.21511364216187412,0.1960198346533413,0.24015825914935707
258,0,0.2833333333333333,0.32666666666666666,0.33,0.35,0.23333333333333334,0.3100856233310578,0.2970271224114387,0.36155419222903884
259,1,0.11666666666666667,0.10666666666666667,0.11333333333333333,0.16666666666666666,0.15666666666666668,0.12596409900488392,0.12370788613625326,0.24015825914935707
260,1,0.3233333333333333,0.42,0.41,0.41,0.30666666666666664,0.35677400253502084,0.29501927644019327,0.24015825914935707
261,1,0.4,0.43333333333333335,0.44666666666666666,0.3566666666666667,0.3466666666666667,0.3634847375957173,0.2771998571629701,0.24015825914935707
262,0,0.24,0.20333333333333334,0.17333333333333334,0.21666666666666667,0.14666666666666667,0.21143218570681496,0.3103780857991747,0.26138507140932365
263,0,0.38333333333333336,0.29333333333333333,0.33666666666666667,0.33,0.29,0.32394899403152544,0.3020543181984557,0.36155419222903884
264,0,0.45,0.4066666666666667,0.45,0.4033333333333333,0.3433333333333333,0.42001190457710225,0.3057960670900827,0.24015825914935707
265,0,0.14333333333333334,0.12333333333333334,0.12666666666666668,0.15666666666666668,0.11,0.1469312298023969,0.2970271224114387,0.36155419222903884
266,1,0.24,0.26,0.25666666666666665,0.27,0.17,0.221763208055086,0.3250756471749829,0.26138507140932365
267,0,0.38,0.37666666666666665,0.36666666666666664,0.37,0.3466666666666667,0.40997609176546107,0.27123507722729484,0.26138507140932365
268,1,0.35,0.3933333333333333,0.3566666666666667,0.41,0.31333333333333335,0.39089665781519173,0.3504250090504435,0.36155419222903884
269,1,0.28,0.24,0.27666666666666667,0.24666666666666667,0.17333333333333334,0.26606968637009104,0.3698302768684884,0.36155419222903884
270,1,0.47,0.39,0.44,0.37333333333333335,0.4166666666666667,0.44375888735751845,0.2970271224114387,0.36155419222903884
271,0,0.10666666666666667,0.1,0.09333333333333334,0.15,0.15,0.1477712993001115,0.21248716028043213,0.26138507140932365
272,0,0.16333333333333333,0.2,0.21,0.16666666666666666,0.16,0.179561157306851,0.2355026204023639,0.24015825914935707
273,1,0.15,0.16333333333333333,0.20333333333333334,0.17666666666666667,0.15,0.17359871622665277,0.20442459933791796,0.24015825914935707
274,0,0.21666666666666667,0.17,0.17,0.22,0.25333333333333335,0.2121742855443716,0.2128914088862743,0.24015825914935707
275,0,0.2966666666666667,0.38,0.3466666666666667,0.3433333333333333,0.31666666666666665,0.32121020028180103,0.3057960670900827,0.24015825914935707
276,0,0.28,0.3233333333333333,0.3,0.32666666666666666,0.22,0.2772037092177634,0.3311085555733136,0.36155419222903884
277,0,0.25666666666666665,0.24333333333333335,0.28,0.3,0.18,0.27538668768051466,0.3311085555733136,0.36155419222903884
278,0,0.27666666666666667,0.24666666666666667,0.2966666666666667,0.26,0.19,0.25236930309613476,0.3049077953845557,0.36155419222903884
279,1,0.26,0.26,0.27,0.23666666666666666,0.24666666666666667,0.23460069051330174,0.32582354126283647,0.36155419222903884
280,0,0.2966666666666667,0.29,0.31333333333333335,0.32666666666666666,0.20333333333333334,0.27492077931980663,0.32599511748307464,0.26138507140932365
281,0,0.13666666666666666,0.12666666666666668,0.12666666666666668,0.15,0.06666666666666667,0.1199650942856725,0.22692301590519084,0.24015825914935707
282,0,0.42,0.39,0.43,0.4066666666666667,0.41333333333333333,0.41690089103984146,0.40866268133756667,0.36155419222903884
283,0,0.27,0.29333333333333333,0.2733333333333333,0.28,0.26666666666666666,0.2626639602133305,0.23702903478331502,0.24015825914935707
284,0,0.33,0.25,0.31666666666666665,0.27666666666666667,0.23666666666666666,0.28160397378875457,0.2314749832500635,0.26138507140932365
285,0,0.10666666666666667,0.12333333333333334,0.12333333333333334,0.13666666666666666,0.12333333333333334,0.11522323562016389,0.1725654980938095,0.26138507140932365
286,0,0.31333333333333335,0.2833333333333333,0.3433333333333333,0.31666666666666665,0.18333333333333332,0.3029875519505557,0.35350399619623046,0.36155419222903884
287,0,0.11,0.09,0.09333333333333334,0.12333333333333334,0.11,0.12201849722412872,0.2648965555867191,0.24015825914935707
288,1,0.28,0.33,0.33666666666666667,0.3233333333333333,0.2,0.3306637911071726,0.29720770748859093,0.26138507140932365
289,0,0.29,0.35,0.4,0.3466666666666667,0.31666666666666665,0.3577254910590468,0.2614667660342561,0.24015825914935707
290,1,0.27,0.18666666666666668,0.24333333333333335,0.19,0.24666666666666667,0.26390999991279396,0.3057960670900827,0.24015825914935707
291,0,0.26,0.30666666666666664,0.26666666666666666,0.25,0.18333333333333332,0.2613266610001925,0.35939535149688207,0.26138507140932365
292,0,0.3233333333333333,0.2866666666666667,0.2966666666666667,0.28,0.2,0.2768002587716453,0.26700718107428245,0.24015825914935707
293,0,0.29333333333333333,0.28,0.3,0.35,0.24333333333333335,0.28146033640537493,0.3359688769253456,0.24015825914935707
294,1,0.2633333333333333,0.3,0.29333333333333333,0.27,0.21,0.2710657520633166,0.2148545321022055,0.26138507140932365
295,0,0.17333333333333334,0.14,0.13666666666666666,0.14,0.07666666666666666,0.12992134784576873,0.25354075836922496,0.26138507140932365
296,0,0.36,0.2633333333333333,0.22666666666666666,0.24666666666666667,0.28,0.30129806787685526,0.24847551108432797,0.24015825914935707
297,0,0.4166666666666667,0.4266666666666667,0.39666666666666667,0.4066666666666667,0.42333333333333334,0.4211712436288238,0.27440227398480777,0.24015825914935707
298,0,0.24666666666666667,0.2733333333333333,0.2866666666666667,0.27,0.24333333333333335,0.213054067674237,0.2086470633370252,0.26138507140932365
299,0,0.13666666666666666,0.14,0.12,0.18,0.12333333333333334,0.1385777042091149,0.1678282068108508,0.26138507140932365
300,0,0.23,0.27,0.30333333333333334,0.31333333333333335,0.23,0.25137833293854606,0.27440227398480777,0.24015825914935707
301,0,0.42,0.4033333333333333,0.4533333333333333,0.45666666666666667,0.35333333333333333,0.4727486432943826,0.4068310622732451,0.37055837563451777
302,0,0.2733333333333333,0.33,0.35,0.30666666666666664,0.30333333333333334,0.30430573897593405,0.1936301968399856,0.24015825914935707
303,0,0.43,0.39666666666666667,0.4033333333333333,0.3933333333333333,0.47333333333333333,0.39749506172371457,0.24237909126117535,0.24015825914935707
304,1,0.17666666666666667,0.18,0.21333333333333335,0.17666666666666667,0.15666666666666668,0.1795957250022304,0.17520309901963171,0.26138507140932365
305,1,0.17666666666666667,0.22333333333333333,0.15666666666666668,0.18333333333333332,0.11,0.17416848292127338,0.2771998571629701,0.24015825914935707
306,0,0.14666666666666667,0.14333333333333334,0.14333333333333334,0.13333333333333333,0.16,0.15695594578336805,0.20195286890385464,0.24015825914935707
307,0,0.23666666666666666,0.21666666666666667,0.26,0.29333333333333333,0.12666666666666668,0.24623062258948167,0.24586921136501827,0.24015825914935707
308,0,0.24,0.16666666666666666,0.21333333333333335,0.16,0.22,0.21149194179538103,0.24292109125720834,0.26138507140932365
309,1,0.3433333333333333,0.4266666666666667,0.38333333333333336,0.44,0.3566666666666667,0.42550492248425226,0.3250756471749829,0.26138507140932365
310,1,0.18333333333333332,0.22333333333333333,0.18666666666666668,0.22,0.14333333333333334,0.22439976871583328,0.27440227398480777,0.24015825914935707
311,0,0.08,0.07333333333333333,0.07333333333333333,0.08666666666666667,0.09333333333333334,0.10693387153492802,0.14894981465155954,0.24015825914935707
312,0,0.25,0.21,0.25333333333333335,0.22,0.16,0.19857592651844394,0.2383707573907293,0.26138507140932365
313,0,0.3333333333333333,0.36,0.3566666666666667,0.3,0.36333333333333334,0.34975181736559857,0.254350019300435,0.26138507140932365
314,0,0.2,0.18666666666666668,0.25,0.2,0.12666666666666668,0.16375692523602975,0.2174411439436932,0.26138507140932365
315,1,0.2733333333333333,0.23666666666666666,0.24333333333333335,0.24,0.25,0.2281839529143645,0.20384124718098126,0.26138507140932365
316,0,0.3433333333333333,0.36,0.3566666666666667,0.36666666666666664,0.3433333333333333,0.3129601115380529,0.2771998571629701,0.24015825914935707
317,0,0.17333333333333334,0.24,0.25,0.21,0.15,0.2016728745727427,0.2674068804321913,0.26138507140932365
318,0,0.35333333333333333,0.33666666666666667,0.3333333333333333,0.37333333333333335,0.3233333333333333,0.36448733732742533,0.2806055707473324,0.36155419222903884
319,1,0.23333333333333334,0.18333333333333332,0.23666666666666666,0.22333333333333333,0.16333333333333333,0.2183688055703566,0.2920765044317886,0.24015825914935707
320,1,0.25333333333333335,0.25333333333333335,0.31666666666666665,0.21,0.19333333333333333,0.3097105339098836,0.3103780857991747,0.26138507140932365
321,0,0.15666666666666668,0.12,0.14,0.17333333333333334,0.18333333333333332,0.15511736088648242,0.18054196023846567,0.24015825914935707
322,0,0.37,0.2866666666666667,0.32666666666666666,0.33,0.37666666666666665,0.3795346020334038,0.3082803514346718,0.26138507140932365
323,1,0.37,0.3433333333333333,0.43333333333333335,0.3566666666666667,0.35,0.37520758765570095,0.3398431229305702,0.37055837563451777
324,1,0.30333333333333334,0.29333333333333333,0.31333333333333335,0.34,0.24,0.3292122203164612,0.32367041163350774,0.36155419222903884
325,0,0.29333333333333333,0.25333333333333335,0.31333333333333335,0.24333333333333335,0.18,0.26326550984308517,0.3250756471749829,0.26138507140932365
326,0,0.2733333333333333,0.22,0.22666666666666666,0.2633333333333333,0.15,0.2439439898979031,0.3243680832021866,0.24015825914935707
327,1,0.25333333333333335,0.28,0.23666666666666666,0.22666666666666666,0.23,0.26761305739944435,0.18438544974953833,0.26138507140932365
328,0,0.22333333333333333,0.2733333333333333,0.3,0.25666666666666665,0.23,0.23685707129495823,0.2640656224049783,0.24015825914935707
329,0,0.33666666666666667,0.36333333333333334,0.3566666666666667,0.4,0.3433333333333333,0.3204360617893678,0.237931648252208,0.26138507140932365
330,0,0.11,0.15,0.12,0.10666666666666667,0.10333333333333333,0.12880184798457117,0.22692301590519084,0.24015825914935707
331,0,0.43,0.41,0.4533333333333333,0.49333333333333335,0.35,0.48347286112867244,0.4052822667951281,0.36155419222903884
332,0,0.15333333333333332,0.19333333333333333,0.16666666666666666,0.14,0.09333333333333334,0.15603399647083557,0.2771998571629701,0.24015825914935707
333,0,0.19333333333333333,0.13666666666666666,0.15666666666666668,0.16,0.15333333333333332,0.1820410957385201,0.2795453760264602,0.26138507140932365
334,0,0.25666666666666665,0.2733333333333333,0.2966666666666667,0.25,0.25333333333333335,0.32274944351900653,0.27123507722729484,0.26138507140932365
335,0,0.37,0.31333333333333335,0.3333333333333333,0.38333333333333336,0.2633333333333333,0.3158896035927303,0.24847551108432797,0.24015825914935707
336,0,0.2633333333333333,0.25,0.29333333333333333,0.28,0.24666666666666667,0.2535664924471123,0.2272490170290158,0.26138507140932365
337,0,0.16,0.17666666666666667,0.18,0.23666666666666666,0.16333333333333333,0.1719942734081298,0.24093827671977266,0.26138507140932365
338,0,0.3,0.3466666666666667,0.3333333333333333,0.31,0.26,0.2824473156026475,0.3381651116826154,0.36155419222903884
339,0,0.33666666666666667,0.37333333333333335,0.37333333333333335,0.41333333333333333,0.3466666666666667,0.34200172125891454,0.35939535149688207,0.26138507140932365
340,0,0.21666666666666667,0.2633333333333333,0.25333333333333335,0.23,0.20666666666666667,0.23589566225392378,0.2613526642552866,0.24015825914935707
341,0,0.11333333333333333,0.10333333333333333,0.13333333333333333,0.08,0.08666666666666667,0.14082244273770853,0.2165155277954629,0.26138507140932365
342,0,0.17333333333333334,0.13333333333333333,0.14333333333333334,0.11666666666666667,0.1,0.13541511816885246,0.2388093159852975,0.24015825914935707
343,0,0.23,0.22,0.26,0.26666666666666666,0.20333333333333334,0.21889511244807927,0.22576694735460057,0.26138507140932365
344,0,0.27666666666666667,0.2966666666666667,0.2966666666666667,0.3233333333333333,0.2866666666666667,0.2791140971319967,0.2128914088862743,0.24015825914935707
345,0,0.35,0.30666666666666664,0.26,0.2733333333333333,0.31333333333333335,0.3039432524393055,0.2389898071098169,0.24015825914935707
346,1,0.37333333333333335,0.43666666666666665,0.43,0.4166666666666667,0.3233333333333333,0.39119667326984664,0.286608626024147,0.26138507140932365
347,0,0.23,0.25333333333333335,0.23666666666666666,0.24333333333333335,0.16,0.19791957871966281,0.2513373126252292,0.24015825914935707
348,0,0.18333333333333332,0.22666666666666666,0.22666666666666666,0.18,0.18666666666666668,0.19008001837800861,0.23244557836968993,0.26138507140932365
349,0,0.37666666666666665,0.39,0.3333333333333333,0.35,0.2733333333333333,0.3870594462258733,0.37335229707802425,0.36155419222903884
350,0,0.33666666666666667,0.37,0.3,0.3333333333333333,0.27666666666666667,0.31441173374007175,0.30283079751085085,0.24015825914935707
351,0,0.43666666666666665,0.38333333333333336,0.43666666666666665,0.4,0.3566666666666667,0.3859648522871501,0.320377453106168,0.24015825914935707
352,0,0.2966666666666667,0.30666666666666664,0.29333333333333333,0.3,0.19666666666666666,0.30228467371154166,0.3398431229305702,0.37055837563451777
353,1,0.19,0.25,0.21,0.16666666666666666,0.11666666666666667,0.18977808252624812,0.2614667660342561,0.24015825914935707
354,0,0.13333333333333333,0.16666666666666666,0.13333333333333333,0.14,0.14333333333333334,0.13288371900031457,0.16678495587808742,0.24015825914935707
355,0,0.2733333333333333,0.22666666666666666,0.2966666666666667,0.23333333333333334,0.26,0.22371278312889756,0.18345065566988683,0.24015825914935707
356,0,0.45,0.37333333333333335,0.3933333333333333,0.3433333333333333,0.42,0.3540774380377832,0.24847551108432797,0.24015825914935707
357,1,0.14,0.16666666666666666,0.16333333333333333,0.17,0.13666666666666666,0.13953808763308684,0.1596217043462663,0.24015825914935707
358,0,0.37333333333333335,0.38333333333333336,0.39666666666666667,0.37,0.34,0.3506775392030615,0.2640656224049783,0.24015825914935707
359,0,0.3433333333333333,0.3566666666666667,0.37333333333333335,0.37,0.27,0.365337479802464,0.3715794921443768,0.37055837563451777
360,1,0.3433333333333333,0.3466666666666667,0.38666666666666666,0.42,0.24,0.38041792228344445,0.36885711799119586,0.36155419222903884
361,1,0.3466666666666667,0.3466666666666667,0.37333333333333335,0.36,0.31666666666666665,0.35757918349610107,0.2752368656275317,0.24015825914935707
362,0,0.39,0.37666666666666665,0.38666666666666666,0.37,0.37666666666666665,0.3800478404038456,0.2536684717763588,0.26138507140932365
363,0,0.18,0.19666666666666666,0.17666666666666667,0.15666666666666668,0.19,0.18702381470640728,0.1776693487580694,0.24015825914935707
364,1,0.20666666666666667,0.23,0.2733333333333333,0.28,0.23666666666666666,0.27116667754582663,0.3061892063043738,0.24015825914935707
365,0,0.16666666666666666,0.13333333333333333,0.13333333333333333,0.11666666666666667,0.04666666666666667,0.14555919806086456,0.25686647262428014,0.24015825914935707
366,0,0.24666666666666667,0.29,0.34,0.23666666666666666,0.20666666666666667,0.2664733572944397,0.29947089947066163,0.26138507140932365
367,0,0.46,0.36666666666666664,0.4066666666666667,0.35,0.3566666666666667,0.375823548534157,0.33149012212089146,0.37055837563451777
368,1,0.25333333333333335,0.3,0.30666666666666664,0.2866666666666667,0.31333333333333335,0.25579850540053956,0.27475434341209426,0.24015825914935707
369,1,0.22333333333333333,0.21,0.25,0.25,0.17666666666666667,0.19990172720496208,0.2388093159852975,0.24015825914935707
370,0,0.36333333333333334,0.30333333333333334,0.34,0.31,0.25666666666666665,0.32341114776206903,0.29720770748859093,0.26138507140932365
371,0,0.2633333333333333,0.31,0.27666666666666667,0.29333333333333333,0.31333333333333335,0.26819740185432267,0.22822464435541887,0.26138507140932365
372,0,0.2633333333333333,0.31333333333333335,0.2966666666666667,0.3,0.24666666666666667,0.30189424398414894,0.3145755625133301,0.26138507140932365
373,0,0.2833333333333333,0.30666666666666664,0.2833333333333333,0.25333333333333335,0.24666666666666667,0.2803023065057487,0.2521419161634637,0.24015825914935707
374,0,0.1,0.09333333333333334,0.14666666666666667,0.09,0.09666666666666666,0.1467232681373269,0.2006887095788808,0.26138507140932365
375,0,0.23333333333333334,0.23,0.17666666666666667,0.19666666666666666,0.15,0.2026647820500856,0.17317626104501843,0.26138507140932365
376,1,0.27,0.2733333333333333,0.23333333333333334,0.25,0.19333333333333333,0.225519481284969,0.27440227398480777,0.24015825914935707
377,0,0.25666666666666665,0.25,0.22,0.26,0.22666666666666666,0.24442183551522925,0.23373942048107035,0.24015825914935707
378,0,0.19666666666666666,0.20666666666666667,0.18333333333333332,0.22666666666666666,0.12333333333333334,0.1933788274631272,0.30040642297623166,0.26138507140932365
379,0,0.11666666666666667,0.08666666666666667,0.13333333333333333,0.11,0.2,0.11538320852259128,0.11813244480500412,0.24015825914935707
380,1,0.30333333333333334,0.30666666666666664,0.31,0.29333333333333333,0.31333333333333335,0.3052140346982109,0.2956613245318437,0.24015825914935707
381,0,0.31,0.3466666666666667,0.35,0.36,0.2633333333333333,0.37842246285851255,0.4177451287264537,0.36155419222903884
382,0,0.21333333333333335,0.21,0.22,0.19333333333333333,0.17666666666666667,0.17218894985679734,0.16979350364170975,0.26138507140932365
383,0,0.3333333333333333,0.29333333333333333,0.3433333333333333,0.3333333333333333,0.23666666666666666,0.3387742257449243,0.3153105850859049,0.36155419222903884
384,1,0.4266666666666667,0.37333333333333335,0.41333333333333333,0.3333333333333333,0.35333333333333333,0.3859379255147277,0.36885711799119586,0.36155419222903884
385,1,0.43666666666666665,0.35333333333333333,0.39,0.3433333333333333,0.32666666666666666,0.34158759868513794,0.21217652129993653,0.24015825914935707
386,0,0.31666666666666665,0.25333333333333335,0.21,0.26,0.21333333333333335,0.24488430333686834,0.32599511748307464,0.26138507140932365
387,0,0.2833333333333333,0.23,0.26,0.24,0.19,0.23388897019932467,0.3049077953845557,0.36155419222903884
388,0,0.30333333333333334,0.2833333333333333,0.31,0.26666666666666666,0.29,0.2610866560284202,0.22897788743627895,0.26138507140932365
389,0,0.39666666666666667,0.38333333333333336,0.32666666666666666,0.38,0.39,0.37925734664994437,0.2909892441242809,0.24015825914935707
390,1,0.31666666666666665,0.43,0.38,0.36666666666666664,0.29,0.3200217908286439,0.24949424902571704,0.24015825914935707
391,1,0.3566666666666667,0.3433333333333333,0.30666666666666664,0.36666666666666664,0.38333333333333336,0.34389572904054755,0.2947746275153752,0.24015825914935707
392,0,0.22666666666666666,0.22333333333333333,0.25,0.24333333333333335,0.20333333333333334,0.23659446579567572,0.3020543181984557,0.36155419222903884
393,1,0.4033333333333333,0.43333333333333335,0.5,0.47333333333333333,0.38666666666666666,0.4759483230267441,0.397823777018456,0.37055837563451777
394,1,0.36,0.37,0.37333333333333335,0.36333333333333334,0.38333333333333336,0.38104616082735177,0.3103780857991747,0.26138507140932365
395,1,0.5033333333333333,0.4666666666666667,0.44333333333333336,0.4633333333333333,0.4266666666666667,0.45825832739938377,0.3974112467514279,0.36155419222903884
396,0,0.13666666666666666,0.10333333333333333,0.11333333333333333,0.14333333333333334,0.10333333333333333,0.15848272027472488,0.25686647262428014,0.24015825914935707
397,0,0.15333333333333332,0.14666666666666667,0.17333333333333334,0.18,0.10333333333333333,0.11882975581105099,0.2834972929775092,0.26138507140932365
398,0,0.4033333333333333,0.37666666666666665,0.36333333333333334,0.35,0.24333333333333335,0.39668585718883564,0.4114873018777738,0.37055837563451777
399,1,0.21333333333333335,0.19333333333333333,0.18333333333333332,0.21666666666666667,0.11333333333333333,0.17735987324759134,0.19478897520638472,0.26138507140932365
400,0,0.3433333333333333,0.33666666666666667,0.3566666666666667,0.3333333333333333,0.32,0.35555604538190866,0.35097387368585414,0.36155419222903884
401,0,0.39666666666666667,0.26,0.34,0.32,0.3466666666666667,0.3722436588945631,0.32599511748307464,0.26138507140932365
402,0,0.23,0.23666666666666666,0.22666666666666666,0.25333333333333335,0.23333333333333334,0.20298712014422066,0.1425653971155238,0.24015825914935707
403,0,0.18333333333333332,0.18666666666666668,0.22333333333333333,0.21,0.17333333333333334,0.20850496665446488,0.18693656404489375,0.24015825914935707
404,1,0.3933333333333333,0.3466666666666667,0.37,0.37666666666666665,0.41333333333333333,0.3476569800533844,0.19478897520638472,0.26138507140932365
405,0,0.18666666666666668,0.16333333333333333,0.17,0.18333333333333332,0.16,0.18663559384992784,0.2388093159852975,0.24015825914935707
406,0,0.47333333333333333,0.45,0.43,0.46,0.36,0.482949770122862,0.36885711799119586,0.36155419222903884
407,1,0.29333333333333333,0.37,0.37333333333333335,0.38,0.3233333333333333,0.34934520437619476,0.30776449923531707,0.26138507140932365
408,0,0.11666666666666667,0.10666666666666667,0.07333333333333333,0.12666666666666668,0.11333333333333333,0.1286454649074825,0.16678495587808742,0.24015825914935707
409,1,0.31,0.32,0.35,0.3,0.33666666666666667,0.362811356624236,0.37485598245813867,0.37055837563451777
410,0,0.25,0.17333333333333334,0.20666666666666667,0.19666666666666666,0.17,0.21982265529549702,0.2591016158849744,0.26138507140932365
411,0,0.2966666666666667,0.2833333333333333,0.28,0.22666666666666666,0.28,0.27288870809005533,0.2128914088862743,0.24015825914935707
412,1,0.3233333333333333,0.31333333333333335,0.3466666666666667,0.31,0.32,0.3567399989012187,0.26634095786530554,0.26138507140932365
413,0,0.22666666666666666,0.21333333333333335,0.23333333333333334,0.22666666666666666,0.2633333333333333,0.24426708459926297,0.1890876206531208,0.24015825914935707
414,0,0.3333333333333333,0.24,0.27,0.29333333333333333,0.31666666666666665,0.2521255137419104,0.2314749832500635,0.26138507140932365
415,0,0.35333333333333333,0.31,0.36,0.27666666666666667,0.29333333333333333,0.3069895214041183,0.30918986285969197,0.26138507140932365
416,1,0.3333333333333333,0.39666666666666667,0.39666666666666667,0.3433333333333333,0.25333333333333335,0.36750630684604746,0.32599511748307464,0.26138507140932365
417,0,0.19,0.17666666666666667,0.16,0.16333333333333333,0.2,0.19525181031720934,0.22351372081634296,0.24015825914935707
418,0,0.25333333333333335,0.23333333333333334,0.25,0.31,0.24333333333333335,0.2844608343107186,0.2918539929442319,0.24015825914935707
419,0,0.25666666666666665,0.30333333333333334,0.23666666666666666,0.24,0.15,0.24939389482262792,0.341066456704823,0.26138507140932365
420,1,0.16666666666666666,0.18333333333333332,0.22333333333333333,0.19333333333333333,0.12333333333333334,0.1565784236813922,0.1596217043462663,0.24015825914935707
421,1,0.39,0.45,0.4033333333333333,0.45,0.31333333333333335,0.365886398029181,0.29720770748859093,0.26138507140932365
422,0,0.17,0.14333333333333334,0.15,0.13,0.13666666666666666,0.1866283280053791,0.22351372081634296,0.24015825914935707
423,0,0.18333333333333332,0.17,0.18666666666666668,0.14333333333333334,0.09,0.18346714313611015,0.3103780857991747,0.26138507140932365
424,1,0.4266666666666667,0.4766666666666667,0.44333333333333336,0.51,0.3433333333333333,0.4464741353919702,0.40460376190657066,0.37055837563451777
425,0,0.17,0.19333333333333333,0.18666666666666668,0.22666666666666666,0.14666666666666667,0.18580405558769233,0.27440227398480777,0.24015825914935707
426,0,0.30333333333333334,0.37333333333333335,0.33,0.3466666666666667,0.23666666666666666,0.304363927135175,0.3504250090504435,0.36155419222903884
427,1,0.43333333333333335,0.46,0.4533333333333333,0.41,0.33666666666666667,0.447891282363894,0.4443659591571714,0.37055837563451777
428,0,0.31333333333333335,0.36,0.35333333333333333,0.30666666666666664,0.24666666666666667,0.3252040798641193,0.3504250090504435,0.36155419222903884
429,1,0.32666666666666666,0.3233333333333333,0.3233333333333333,0.31,0.27,0.31715617821830216,0.3569586074699923,0.36155419222903884
430,0,0.12666666666666668,0.13333333333333333,0.13,0.16333333333333333,0.15,0.16558041667125478,0.21235650264280073,0.24015825914935707
431,0,0.11666666666666667,0.14,0.15333333333333332,0.11333333333333333,0.18333333333333332,0.1414956045207469,0.1890876206531208,0.24015825914935707
432,1,0.39666666666666667,0.44666666666666666,0.47333333333333333,0.43333333333333335,0.35333333333333333,0.4539998199264244,0.42000059576552096,0.37055837563451777
433,0,0.30333333333333334,0.31666666666666665,0.3433333333333333,0.29333333333333333,0.22333333333333333,0.3257260832821845,0.3359688769253456,0.24015825914935707
434,0,0.21333333333333335,0.18333333333333332,0.16333333333333333,0.18666666666666668,0.16666666666666666,0.15525402188596218,0.24871092918758064,0.24015825914935707
435,0,0.38333333333333336,0.36,0.38333333333333336,0.3466666666666667,0.41333333333333333,0.4104024266524458,0.35213148779119385,0.37055837563451777
436,0,0.3566666666666667,0.33666666666666667,0.3333333333333333,0.35333333333333333,0.26,0.29123595392328144,0.28199362251570625,0.24015825914935707
437,0,0.33,0.31,0.27,0.30666666666666664,0.23,0.23082146470066323,0.21618378951692266,0.24015825914935707
438,0,0.26666666666666666,0.25,0.22333333333333333,0.25333333333333335,0.27666666666666667,0.27509466842748465,0.269298587798734,0.26138507140932365
439,0,0.31,0.36666666666666664,0.37666666666666665,0.32,0.27,0.3058631138086129,0.22692301590519084,0.24015825914935707
440,0,0.11333333333333333,0.11666666666666667,0.09333333333333334,0.09666666666666666,0.10666666666666667,0.08863209735763873,0.18843353007552982,0.24015825914935707
441,0,0.23,0.25,0.26666666666666666,0.23,0.23666666666666666,0.2390517433085627,0.2640656224049783,0.24015825914935707
442,0,0.16,0.18,0.16333333333333333,0.17666666666666667,0.08666666666666667,0.1690173946340012,0.2841898074838542,0.24015825914935707
443,1,0.44666666666666666,0.36333333333333334,0.37,0.42,0.35333333333333333,0.4122524162615655,0.33285131005319557,0.24015825914935707
444,1,0.31,0.37333333333333335,0.3433333333333333,0.37,0.31666666666666665,0.30679632696252823,0.30606367608647306,0.24015825914935707
445,1,0.27666666666666667,0.26666666666666666,0.23333333333333334,0.30333333333333334,0.14666666666666667,0.23190301986342307,0.29411085932016606,0.36155419222903884
446,0,0.3933333333333333,0.31666666666666665,0.32666666666666666,0.30333333333333334,0.3933333333333333,0.338181880270772,0.35097387368585414,0.36155419222903884
447,0,0.23666666666666666,0.27666666666666667,0.27666666666666667,0.3,0.24,0.25959913443030286,0.2811315545492706,0.24015825914935707
448,0,0.2633333333333333,0.23333333333333334,0.2966666666666667,0.26,0.27666666666666667,0.24531765562735164,0.17677092418781917,0.26138507140932365
449,1,0.33,0.33666666666666667,0.30333333333333334,0.36333333333333334,0.2833333333333333,0.3702901446626894,0.35939535149688207,0.26138507140932365
450,0,0.33666666666666667,0.3433333333333333,0.34,0.32666666666666666,0.31,0.3696963801745295,0.45375891139773705,0.37055837563451777
451,0,0.19333333333333333,0.19666666666666666,0.23,0.19333333333333333,0.16666666666666666,0.17890045264763896,0.20384124718098126,0.26138507140932365
452,1,0.39666666666666667,0.43,0.43,0.44333333333333336,0.32,0.40299355320338714,0.3660124547206031,0.36155419222903884
453,0,0.31,0.31,0.26666666666666666,0.3233333333333333,0.2,0.28925226093014644,0.33682113017805787,0.37055837563451777
454,0,0.27666666666666667,0.2833333333333333,0.2633333333333333,0.2966666666666667,0.29333333333333333,0.25203644227013766,0.17507817734471545,0.24015825914935707
455,0,0.17,0.15333333333333332,0.17333333333333334,0.15666666666666668,0.15,0.1502475126990348,0.1695178627391783,0.24015825914935707
456,0,0.29,0.27,0.2733333333333333,0.2633333333333333,0.20333333333333334,0.2755628395169863,0.2841898074838542,0.24015825914935707
457,0,0.41,0.41333333333333333,0.43,0.44666666666666666,0.3933333333333333,0.40935965771142613,0.32143496231331714,0.36155419222903884
458,1,0.24333333333333335,0.2866666666666667,0.2866666666666667,0.2866666666666667,0.21,0.24290020049828684,0.35350399619623046,0.36155419222903884
459,1,0.16333333333333333,0.17666666666666667,0.11333333333333333,0.15,0.16333333333333333,0.17740381486537035,0.17856566705184165,0.24015825914935707
460,0,0.29333333333333333,0.2633333333333333,0.30666666666666664,0.23,0.17333333333333334,0.30129890911588764,0.4240049359370206,0.37055837563451777
461,0,0.20666666666666667,0.22666666666666666,0.23333333333333334,0.19333333333333333,0.18333333333333332,0.24250415416495213,0.2935266127655691,0.26138507140932365
462,0,0.13333333333333333,0.13,0.14333333333333334,0.13666666666666666,0.17666666666666667,0.14528419384250885,0.17623932617592675,0.24015825914935707
463,0,0.2966666666666667,0.33666666666666667,0.36666666666666664,0.26666666666666666,0.20333333333333334,0.2485444978164918,0.29745352402637015,0.26138507140932365
464,0,0.42,0.39666666666666667,0.43,0.39,0.39,0.4060710574396263,0.39087622657056803,0.37055837563451777
465,0,0.17,0.2,0.13666666666666666,0.13333333333333333,0.13666666666666666,0.16775857714624248,0.2648965555867191,0.24015825914935707
466,0,0.37,0.4066666666666667,0.39666666666666667,0.38333333333333336,0.36666666666666664,0.41796757391093414,0.3563125335581392,0.37055837563451777
467,1,0.38,0.42,0.49666666666666665,0.39666666666666667,0.3466666666666667,0.3865809440500137,0.2640656224049783,0.24015825914935707
468,0,0.12333333333333334,0.10666666666666667,0.14333333333333334,0.10666666666666667,0.13,0.1517907768299981,0.17677092418781917,0.26138507140932365
469,0,0.2833333333333333,0.34,0.2733333333333333,0.32,0.19,0.23014138446230265,0.2882120141624682,0.24015825914935707
470,0,0.23333333333333334,0.30666666666666664,0.28,0.24666666666666667,0.21333333333333335,0.2489202507235071,0.24452965277925676,0.26138507140932365
471,0,0.16,0.24333333333333335,0.2966666666666667,0.23333333333333334,0.22333333333333333,0.1755278729038009,0.12247461614879906,0.26138507140932365
472,0,0.2866666666666667,0.20333333333333334,0.22,0.18666666666666668,0.19666666666666666,0.19550842808829863,0.29631627537685995,0.26138507140932365
473,0,0.23,0.2633333333333333,0.26666666666666666,0.19,0.14333333333333334,0.20359681711469718,0.3020543181984557,0.36155419222903884
474,1,0.3933333333333333,0.5133333333333333,0.45666666666666667,0.4866666666666667,0.42,0.42927637941071684,0.3825745689179372,0.36155419222903884
475,0,0.23333333333333334,0.26666666666666666,0.24666666666666667,0.29333333333333333,0.21,0.24169859315602543,0.29631627537685995,0.26138507140932365
476,1,0.29,0.38333333333333336,0.36,0.38666666666666666,0.23666666666666666,0.3286143692047526,0.27017620748533366,0.26138507140932365
477,1,0.2,0.25,0.24333333333333335,0.22,0.20666666666666667,0.23513521300109305,0.22109222166125206,0.24015825914935707
478,0,0.31,0.2733333333333333,0.27666666666666667,0.31333333333333335,0.30333333333333334,0.3432557450841819,0.27440227398480777,0.24015825914935707
479,0,0.25333333333333335,0.33,0.2966666666666667,0.32666666666666666,0.2866666666666667,0.24592225840356097,0.12096830415661791,0.18181818181818182
480,0,0.06666666666666667,0.08,0.08333333333333333,0.08,0.13666666666666666,0.10799202028233623,0.17039647604592958,0.26138507140932365
481,0,0.25666666666666665,0.26666666666666666,0.25,0.22666666666666666,0.15,0.2325347570706963,0.3381651116826154,0.36155419222903884
482,0,0.30333333333333334,0.3466666666666667,0.32666666666666666,0.2833333333333333,0.31333333333333335,0.3482714128481481,0.3300402553716049,0.26138507140932365
483,0,0.16333333333333333,0.15,0.14666666666666667,0.14,0.10333333333333333,0.15358479360515698,0.2752368656275317,0.24015825914935707
484,1,0.4033333333333333,0.38,0.3566666666666667,0.29333333333333333,0.45,0.3518813676072591,0.2691033009110516,0.26138507140932365
485,0,0.37666666666666665,0.44666666666666666,0.43333333333333335,0.42,0.37,0.37734370314375726,0.36885711799119586,0.36155419222903884
486,0,0.29,0.2833333333333333,0.30666666666666664,0.31,0.2733333333333333,0.30689578157096603,0.2771998571629701,0.24015825914935707
487,1,0.16333333333333333,0.19666666666666666,0.17666666666666667,0.15333333333333332,0.2,0.17158891596365122,0.21217652129993653,0.24015825914935707
488,0,0.35,0.24666666666666667,0.28,0.25,0.21666666666666667,0.2789132465929352,0.2834972929775092,0.26138507140932365
489,0,0.42333333333333334,0.37333333333333335,0.39,0.38333333333333336,0.3466666666666667,0.3886959322948231,0.36018006712549516,0.36155419222903884
490,0,0.37333333333333335,0.44,0.44333333333333336,0.44,0.2733333333333333,0.41479804366968503,0.3974112467514279,0.36155419222903884
491,1,0.30333333333333334,0.3466666666666667,0.39,0.3566666666666667,0.38333333333333336,0.3333401287975063,0.17317626104501843,0.26138507140932365
492,0,0.13666666666666666,0.18,0.14333333333333334,0.17666666666666667,0.1,0.1505000848680561,0.2648965555867191,0.24015825914935707
493,1,0.36333333333333334,0.36333333333333334,0.36,0.3233333333333333,0.3566666666666667,0.41565983306619286,0.2985930982568957,0.37055837563451777
494,0,0.42333333333333334,0.45,0.43666666666666665,0.38333333333333336,0.3933333333333333,0.3664490053242322,0.37485598245813867,0.37055837563451777
495,0,0.48,0.4533333333333333,0.44666666666666666,0.4066666666666667,0.36333333333333334,0.4520200629568962,0.4208307093354709,0.36155419222903884
496,0,0.3233333333333333,0.30666666666666664,0.36333333333333334,0.2833333333333333,0.2833333333333333,0.35113017666320384,0.36885711799119586,0.36155419222903884
497,0,0.28,0.33,0.30666666666666664,0.37,0.22333333333333333,0.30148669057842936,0.2640656224049783,0.24015825914935707
498,0,0.38333333333333336,0.4033333333333333,0.42333333333333334,0.4033333333333333,0.34,0.3446312823960905,0.2918539929442319,0.24015825914935707
499,0,0.24333333333333335,0.21,0.25666666666666665,0.25,0.19,0.20983802203957327,0.22692301590519084,0.24015825914935707
500,1,0.23,0.22,0.18666666666666668,0.14333333333333334,0.23,0.2022386978796191,0.17039647604592958,0.26138507140932365
501,1,0.25,0.28,0.22333333333333333,0.30666666666666664,0.2633333333333333,0.2347160199253004,0.2165155277954629,0.26138507140932365
502,0,0.21666666666666667,0.25333333333333335,0.26666666666666666,0.2833333333333333,0.13666666666666666,0.19125812048353974,0.2640656224049783,0.24015825914935707
503,0,0.3466666666666667,0.3233333333333333,0.3,0.33,0.21333333333333335,0.29788874000312093,0.3884759307198648,0.36155419222903884
504,1,0.43666666666666665,0.4066666666666667,0.41333333333333333,0.38333333333333336,0.4166666666666667,0.4167824777593605,0.3657200538281107,0.36155419222903884
505,0,0.39,0.3933333333333333,0.38333333333333336,0.36,0.36666666666666664,0.3368054013567032,0.22692301590519084,0.24015825914935707
506,0,0.09333333333333334,0.11666666666666667,0.11666666666666667,0.08333333333333333,0.07666666666666666,0.11744277512992017,0.17623932617592675,0.24015825914935707
507,0,0.26,0.24,0.31666666666666665,0.26,0.17,0.18879795691849502,0.22692301590519084,0.24015825914935707
508,0,0.41333333333333333,0.37666666666666665,0.41333333333333333,0.39666666666666667,0.3466666666666667,0.39944902753772726,0.2806055707473324,0.36155419222903884
509,1,0.21,0.29,0.29,0.27666666666666667,0.1,0.19645397589215655,0.2797992715605562,0.26138507140932365
510,1,0.27666666666666667,0.32666666666666666,0.29333333333333333,0.31666666666666665,0.32,0.3132249748235403,0.28436374568242084,0.26138507140932365
511,0,0.38666666666666666,0.4266666666666667,0.38,0.37666666666666665,0.4,0.35133917500415024,0.2061375068861393,0.26138507140932365
512,0,0.2866666666666667,0.19666666666666666,0.22333333333333333,0.22333333333333333,0.2,0.24485272887717963,0.24015794398221083,0.26138507140932365
513,0,0.4666666666666667,0.4166666666666667,0.3433333333333333,0.39666666666666667,0.42333333333333334,0.43668886379963673,0.3884759307198648,0.36155419222903884
514,1,0.3,0.24333333333333335,0.30666666666666664,0.27666666666666667,0.18333333333333332,0.2764740250754157,0.32050614254890125,0.36155419222903884
515,0,0.2966666666666667,0.28,0.31666666666666665,0.35,0.2966666666666667,0.3115830682846879,0.320377453106168,0.24015825914935707
516,0,0.25666666666666665,0.26,0.23666666666666666,0.2733333333333333,0.21333333333333335,0.24341657129604652,0.2562167075222563,0.26138507140932365
517,0,0.14666666666666667,0.20333333333333334,0.2,0.17666666666666667,0.14666666666666667,0.1743186494368579,0.18054196023846567,0.24015825914935707
518,1,0.4266666666666667,0.4066666666666667,0.4266666666666667,0.4533333333333333,0.36666666666666664,0.4116684132454491,0.3234348277145749,0.24015825914935707
519,0,0.44666666666666666,0.44,0.39666666666666667,0.41,0.38333333333333336,0.4256421278156895,0.3477899962759508,0.36155419222903884
520,0,0.24,0.22666666666666666,0.23666666666666666,0.21333333333333335,0.16,0.1974171840274899,0.26634095786530554,0.26138507140932365
521,0,0.47,0.4166666666666667,0.43333333333333335,0.4766666666666667,0.38,0.40598823359141173,0.37485598245813867,0.37055837563451777
522,1,0.31333333333333335,0.26666666666666666,0.24666666666666667,0.30333333333333334,0.2966666666666667,0.25780292370302865,0.22043316997450332,0.24015825914935707
523,1,0.20333333333333334,0.24333333333333335,0.24,0.30666666666666664,0.17,0.24728653307044166,0.1936301968399856,0.24015825914935707
524,1,0.28,0.27666666666666667,0.31666666666666665,0.2833333333333333,0.29,0.2567394935107698,0.18117477287989145,0.24015825914935707
525,0,0.38666666666666666,0.30666666666666664,0.3933333333333333,0.38666666666666666,0.3466666666666667,0.3422040012251616,0.2947746275153752,0.24015825914935707
526,0,0.38666666666666666,0.36,0.37666666666666665,0.34,0.38333333333333336,0.3644534262123555,0.24847551108432797,0.24015825914935707
527,1,0.42,0.42333333333333334,0.46,0.4866666666666667,0.39666666666666667,0.4446694192478835,0.4068310622732451,0.37055837563451777
528,0,0.13666666666666666,0.11666666666666667,0.10333333333333333,0.13333333333333333,0.17333333333333334,0.14699140827211826,0.1808169142840804,0.26138507140932365
529,0,0.2866666666666667,0.25,0.25333333333333335,0.23,0.26666666666666666,0.2323768262326691,0.16875225775556754,0.24015825914935707
530,1,0.19333333333333333,0.20666666666666667,0.27666666666666667,0.19,0.15333333333333332,0.19891732602000678,0.24882137100236737,0.24015825914935707
531,0,0.31333333333333335,0.29333333333333333,0.30333333333333334,0.36333333333333334,0.24,0.2785097819577418,0.3037135846733426,0.24015825914935707
532,0,0.44666666666666666,0.43,0.4066666666666667,0.4,0.34,0.4211691800263063,0.3665719560558939,0.36155419222903884
533,0,0.14666666666666667,0.16333333333333333,0.18,0.20333333333333334,0.18666666666666668,0.1720441475416254,0.23244557836968993,0.26138507140932365
534,0,0.29,0.24,0.21333333333333335,0.23,0.15666666666666668,0.19762942832350666,0.22554672701415687,0.26138507140932365
535,1,0.2633333333333333,0.25666666666666665,0.25,0.2833333333333333,0.20666666666666667,0.24415797133140735,0.30040642297623166,0.26138507140932365
536,0,0.22333333333333333,0.2733333333333333,0.30666666666666664,0.25333333333333335,0.14666666666666667,0.19697158594772043,0.2613526642552866,0.24015825914935707
537,1,0.2866666666666667,0.31333333333333335,0.2733333333333333,0.24,0.23,0.28885544970303684,0.3057960670900827,0.24015825914935707
538,0,0.2866666666666667,0.36,0.37,0.35,0.3466666666666667,0.3420684546421145,0.2947746275153752,0.24015825914935707
539,1,0.37,0.41,0.4033333333333333,0.4033333333333333,0.37333333333333335,0.40810704627985755,0.36885711799119586,0.36155419222903884
540,0,0.39,0.4,0.4033333333333333,0.4066666666666667,0.30666666666666664,0.3446442972271357,0.30606367608647306,0.24015825914935707
541,0,0.4166666666666667,0.4166666666666667,0.37333333333333335,0.43,0.43333333333333335,0.4612079898774941,0.3391195663485373,0.36155419222903884
542,0,0.18,0.14333333333333334,0.20333333333333334,0.17666666666666667,0.18666666666666668,0.18066357096047786,0.17938170058944783,0.26138507140932365
543,0,0.21333333333333335,0.23666666666666666,0.2733333333333333,0.24333333333333335,0.19,0.27255956684451876,0.3228652439593705,0.36155419222903884
544,0,0.2966666666666667,0.24666666666666667,0.2866666666666667,0.23,0.20666666666666667,0.25933092421741183,0.2970271224114387,0.36155419222903884
545,0,0.37,0.38333333333333336,0.30666666666666664,0.32666666666666666,0.37,0.3728415187559026,0.21413484577555464,0.26138507140932365
546,0,0.13,0.11,0.09,0.13666666666666666,0.17666666666666667,0.1527459862454277,0.19240557433127983,0.26138507140932365
547,0,0.36333333333333334,0.36,0.41333333333333333,0.4166666666666667,0.38333333333333336,0.4081433260767307,0.320377453106168,0.24015825914935707
548,0,0.52,0.5066666666666667,0.45666666666666667,0.49,0.43,0.4683739079195106,0.3984121848761094,0.36155419222903884
549,0,0.3566666666666667,0.41,0.4,0.36333333333333334,0.2733333333333333,0.3887601552114438,0.45710691881921506,0.37055837563451777
550,0,0.23333333333333334,0.25,0.24,0.21666666666666667,0.21,0.2455347397986257,0.27599713004787346,0.26138507140932365
551,1,0.23333333333333334,0.31333333333333335,0.2966666666666667,0.28,0.23,0.27812638755215463,0.2640656224049783,0.24015825914935707
552,0,0.32,0.31666666666666665,0.38333333333333336,0.39,0.22333333333333333,0.3237352399243337,0.3821571405464693,0.36155419222903884
553,0,0.11333333333333333,0.11,0.11,0.11,0.12333333333333334,0.12584177264527,0.17090466178802188,0.24015825914935707
554,0,0.34,0.29333333333333333,0.27666666666666667,0.32666666666666666,0.15333333333333332,0.24421019891774295,0.39168765079838325,0.36155419222903884
555,0,0.17333333333333334,0.2,0.14333333333333334,0.15,0.17333333333333334,0.1397164504673639,0.23625742228973878,0.24015825914935707
556,0,0.18666666666666668,0.23,0.21666666666666667,0.19,0.18,0.1804275604125705,0.20195286890385464,0.24015825914935707
557,0,0.10333333333333333,0.11333333333333333,0.14333333333333334,0.11,0.12,0.12547153003109915,0.19059777412375917,0.24015825914935707
558,0,0.22666666666666666,0.23666666666666666,0.18,0.20333333333333334,0.20666666666666667,0.219066923213852,0.24015794398221083,0.26138507140932365
559,0,0.22333333333333333,0.2633333333333333,0.17,0.21333333333333335,0.13333333333333333,0.21564153630910923,0.3884759307198648,0.36155419222903884
560,0,0.26,0.3,0.3233333333333333,0.30666666666666664,0.18,0.22150754293779873,0.20423331302387407,0.24015825914935707
561,0,0.3433333333333333,0.3233333333333333,0.31333333333333335,0.28,0.24333333333333335,0.3103581004529997,0.32599511748307464,0.26138507140932365
562,0,0.18666666666666668,0.16666666666666666,0.2,0.21,0.15,0.17678295146906964,0.24882137100236737,0.24015825914935707
563,0,0.27,0.27666666666666667,0.27,0.25333333333333335,0.14333333333333334,0.21288571155311534,0.35350399619623046,0.36155419222903884
564,0,0.31666666666666665,0.27,0.2733333333333333,0.3,0.24,0.30482788809850897,0.35097387368585414,0.36155419222903884
565,0,0.27666666666666667,0.37666666666666665,0.3466666666666667,0.37666666666666665,0.27666666666666667,0.33526145874086455,0.29631627537685995,0.26138507140932365
566,1,0.3233333333333333,0.36333333333333334,0.3233333333333333,0.3466666666666667,0.23666666666666666,0.3395537981994887,0.36018006712549516,0.36155419222903884
567,1,0.2866666666666667,0.3566666666666667,0.4,0.37333333333333335,0.3233333333333333,0.3442663426160556,0.3350374477581962,0.36155419222903884
568,1,0.26666666666666666,0.33666666666666667,0.37666666666666665,0.3233333333333333,0.23666666666666666,0.29431817505306707,0.2614667660342561,0.24015825914935707
569,1,0.25666666666666665,0.27666666666666667,0.28,0.2866666666666667,0.22666666666666666,0.2712276463704891,0.2562167075222563,0.26138507140932365
570,0,0.27666666666666667,0.22666666666666666,0.24,0.3,0.32666666666666666,0.2717733765546205,0.1631084775048691,0.26138507140932365
571,0,0.30333333333333334,0.21,0.22,0.22666666666666666,0.3233333333333333,0.2661531216532568,0.26700718107428245,0.24015825914935707
572,0,0.28,0.27666666666666667,0.2866666666666667,0.30666666666666664,0.25333333333333335,0.30277985907904786,0.26634095786530554,0.26138507140932365
573,0,0.21666666666666667,0.3333333333333333,0.27,0.34,0.23333333333333334,0.2672796015864068,0.2882120141624682,0.24015825914935707
574,0,0.23333333333333334,0.19,0.23666666666666666,0.19,0.27,0.22637438037862923,0.1890876206531208,0.24015825914935707
575,1,0.13,0.15,0.11666666666666667,0.16,0.12333333333333334,0.14759821902444206,0.22139676222007387,0.24015825914935707
576,0,0.3433333333333333,0.28,0.25333333333333335,0.25333333333333335,0.2833333333333333,0.29265054416668185,0.24847551108432797,0.24015825914935707
577,0,0.27,0.33,0.33666666666666667,0.3333333333333333,0.21,0.31147791350580034,0.3411992843618868,0.26138507140932365
578,0,0.28,0.23666666666666666,0.22666666666666666,0.24333333333333335,0.22333333333333333,0.25715935481076435,0.29947089947066163,0.26138507140932365
579,1,0.44,0.4266666666666667,0.4,0.41,0.3933333333333333,0.4575863560562664,0.34078327246629003,0.26138507140932365
580,1,0.24666666666666667,0.24,0.2,0.2,0.19666666666666666,0.23085331311342497,0.32674410286653693,0.36155419222903884
581,0,0.11666666666666667,0.14666666666666667,0.11333333333333333,0.11333333333333333,0.08666666666666667,0.11449573937595761,0.19325354256119986,0.26138507140932365
582,0,0.5266666666666666,0.46,0.47,0.44333333333333336,0.38333333333333336,0.4706334580847882,0.4240049359370206,0.37055837563451777
583,0,0.35,0.4,0.43,0.41333333333333333,0.4266666666666667,0.4140364970920511,0.28858266231706936,0.26138507140932365
584,0,0.2733333333333333,0.31666666666666665,0.25666666666666665,0.34,0.24333333333333335,0.29259312435711693,0.3037135846733426,0.24015825914935707
585,1,0.20666666666666667,0.25,0.25666666666666665,0.2633333333333333,0.22666666666666666,0.2639020937105746,0.25686647262428014,0.24015825914935707
586,0,0.22333333333333333,0.21666666666666667,0.18666666666666668,0.22,0.17333333333333334,0.21858064625882934,0.262899155055048,0.26138507140932365
587,1,0.32666666666666666,0.31666666666666665,0.38333333333333336,0.41333333333333333,0.23,0.3432754630269587,0.3984121848761094,0.36155419222903884
588,0,0.34,0.29333333333333333,0.29,0.31666666666666665,0.26,0.31241541337364565,0.2591016158849744,0.26138507140932365
589,0,0.27,0.21,0.21666666666666667,0.17,0.19,0.19209696062495002,0.27440227398480777,0.24015825914935707
590,0,0.22666666666666666,0.2,0.17333333333333334,0.22333333333333333,0.18333333333333332,0.16762335960941702,0.20512016864726743,0.24015825914935707
591,0,0.46,0.43666666666666665,0.4666666666666667,0.47333333333333333,0.35,0.453868718828847,0.4144653218831908,0.36155419222903884
592,1,0.34,0.4533333333333333,0.4766666666666667,0.39666666666666667,0.3466666666666667,0.40688722461007615,0.3504250090504435,0.36155419222903884
593,1,0.38333333333333336,0.39,0.41,0.36333333333333334,0.34,0.36336904276155374,0.2947746275153752,0.24015825914935707
594,0,0.10666666666666667,0.12,0.09,0.11,0.09,0.1017595560207239,0.17909385210797943,0.24015825914935707
595,1,0.15333333333333332,0.15666666666666668,0.17,0.14,0.08333333333333333,0.14693166344647274,0.2834972929775092,0.26138507140932365
596,1,0.29333333333333333,0.27666666666666667,0.3,0.26,0.25666666666666665,0.28384413258958197,0.2771998571629701,0.24015825914935707
597,0,0.16666666666666666,0.23333333333333334,0.22,0.24,0.19666666666666666,0.21770032082793228,0.27870274371556963,0.26138507140932365
598,0,0.18,0.17666666666666667,0.21666666666666667,0.14,0.11333333333333333,0.18869711612219653,0.2752368656275317,0.24015825914935707
599,0,0.27666666666666667,0.28,0.2966666666666667,0.31333333333333335,0.2633333333333333,0.286851511687534,0.3398431229305702,0.37055837563451777
600,0,0.23,0.25666666666666665,0.2966666666666667,0.23333333333333334,0.17333333333333334,0.2471018997352894,0.2437414235338797,0.26138507140932365
601,0,0.14,0.15333333333333332,0.18,0.15333333333333332,0.15666666666666668,0.169339774956942,0.2614667660342561,0.24015825914935707
602,1,0.37666666666666665,0.38,0.31666666666666665,0.3433333333333333,0.39666666666666667,0.35187952738403183,0.2407801677291894,0.24015825914935707
603,0,0.26666666666666666,0.29333333333333333,0.27666666666666667,0.2733333333333333,0.16,0.25476679515556183,0.2935266127655691,0.26138507140932365
604,1,0.37666666666666665,0.35,0.3566666666666667,0.3566666666666667,0.4033333333333333,0.34903034540794725,0.3234348277145749,0.24015825914935707
605,0,0.22,0.19666666666666666,0.20333333333333334,0.20666666666666667,0.19,0.18887894485014087,0.2003007600785594,0.26138507140932365
606,1,0.35,0.4533333333333333,0.37666666666666665,0.4633333333333333,0.28,0.4342744658738627,0.39087622657056803,0.37055837563451777
607,0,0.24666666666666667,0.30666666666666664,0.32,0.25333333333333335,0.24,0.24198845931368576,0.21816885750487605,0.26138507140932365
608,0,0.37,0.4033333333333333,0.4,0.4033333333333333,0.38666666666666666,0.4501269702511648,0.35083622948151333,0.37055837563451777
609,0,0.48,0.43333333333333335,0.4666666666666667,0.43333333333333335,0.36333333333333334,0.44778784968707075,0.3569586074699923,0.36155419222903884
610,0,0.22333333333333333,0.29333333333333333,0.23333333333333334,0.2833333333333333,0.17666666666666667,0.22949334968295776,0.26933478088763363,0.26138507140932365
611,0,0.27666666666666667,0.32666666666666666,0.34,0.3333333333333333,0.29,0.2992255120989475,0.2174411439436932,0.26138507140932365
612,0,0.33,0.32666666666666666,0.41,0.38,0.29333333333333333,0.3650543166664668,0.27745244278871645,0.24015825914935707
613,1,0.36,0.37333333333333335,0.37333333333333335,0.4266666666666667,0.3333333333333333,0.3828727334939456,0.2834972929775092,0.26138507140932365
614,1,0.36666666666666664,0.42333333333333334,0.36,0.3433333333333333,0.2733333333333333,0.3280676051737229,0.35097387368585414,0.36155419222903884
615,0,0.12,0.11333333333333333,0.07666666666666666,0.12,0.07666666666666666,0.12499173497230134,0.177940877962707,0.26138507140932365
616,0,0.4266666666666667,0.37666666666666665,0.39666666666666667,0.36,0.41,0.3920504065539414,0.3061892063043738,0.24015825914935707
617,0,0.19333333333333333,0.20333333333333334,0.21333333333333335,0.17,0.19333333333333333,0.20659630006025356,0.17972270222814798,0.24015825914935707
618,1,0.24,0.3,0.33666666666666667,0.27666666666666667,0.16333333333333333,0.2404230062707718,0.22692301590519084,0.24015825914935707
619,0,0.39,0.38666666666666666,0.4033333333333333,0.4033333333333333,0.30666666666666664,0.38099415399853104,0.3563125335581392,0.37055837563451777
620,1,0.38333333333333336,0.42,0.43666666666666665,0.36333333333333334,0.34,0.41186061114512873,0.32599511748307464,0.26138507140932365
621,0,0.11,0.12333333333333334,0.16333333333333333,0.17666666666666667,0.08333333333333333,0.12092122770393664,0.1840913731488331,0.24015825914935707
622,1,0.18,0.18666666666666668,0.16333333333333333,0.16333333333333333,0.12,0.16991701997587347,0.35939535149688207,0.26138507140932365
623,0,0.2966666666666667,0.3,0.33,0.32666666666666666,0.23,0.3338133339008779,0.35097387368585414,0.36155419222903884
624,0,0.18,0.18,0.19666666666666666,0.18333333333333332,0.16666666666666666,0.19981238329293416,0.26618837879660545,0.36155419222903884
625,0,0.37666666666666665,0.4066666666666667,0.43333333333333335,0.4666666666666667,0.31,0.39582490470108483,0.40165209768576543,0.36155419222903884
626,0,0.4166666666666667,0.3933333333333333,0.3333333333333333,0.36333333333333334,0.41,0.340031265860544,0.2562167075222563,0.26138507140932365
627,0,0.10333333333333333,0.15333333333333332,0.21333333333333335,0.15333333333333332,0.13333333333333333,0.13581360107574408,0.20344875468141463,0.26138507140932365
628,0,0.46,0.43,0.39666666666666667,0.46,0.36666666666666664,0.4422349942876684,0.40866268133756667,0.36155419222903884
629,1,0.19,0.26,0.24333333333333335,0.25666666666666665,0.22,0.21807380455717937,0.22692301590519084,0.24015825914935707
630,0,0.31666666666666665,0.31333333333333335,0.2833333333333333,0.3,0.21333333333333335,0.2620664173399224,0.3504250090504435,0.36155419222903884
631,0,0.29,0.20333333333333334,0.24,0.21,0.19666666666666666,0.26652515619276324,0.2949810252932471,0.24015825914935707
632,1,0.30666666666666664,0.35,0.37666666666666665,0.37333333333333335,0.36666666666666664,0.3875444501281115,0.2771998571629701,0.24015825914935707
633,1,0.2733333333333333,0.2966666666666667,0.30666666666666664,0.23666666666666666,0.22333333333333333,0.2549396939620085,0.26216190592306277,0.24015825914935707
634,1,0.4666666666666667,0.47333333333333333,0.42,0.4,0.42,0.47068395303971783,0.36885711799119586,0.36155419222903884
635,1,0.4633333333333333,0.39,0.43333333333333335,0.37666666666666665,0.3433333333333333,0.41323175169239584,0.2771998571629701,0.24015825914935707
636,0,0.22,0.23333333333333334,0.22333333333333333,0.20333333333333334,0.17666666666666667,0.16876530595058017,0.22692301590519084,0.24015825914935707
637,0,0.33,0.32,0.31666666666666665,0.31666666666666665,0.22333333333333333,0.29947409876655307,0.36885711799119586,0.36155419222903884
638,0,0.2633333333333333,0.2966666666666667,0.28,0.32666666666666666,0.24666666666666667,0.3088324333373814,0.24586921136501827,0.24015825914935707
639,1,0.4,0.42,0.38666666666666666,0.4533333333333333,0.35,0.4045574437173818,0.2834972929775092,0.26138507140932365
640,0,0.17666666666666667,0.15333333333333332,0.17,0.19333333333333333,0.08333333333333333,0.13433508211598988,0.22692301590519084,0.24015825914935707
641,1,0.24666666666666667,0.21,0.22666666666666666,0.14,0.16,0.20376431155341748,0.2970271224114387,0.36155419222903884
642,1,0.39,0.4166666666666667,0.43,0.4166666666666667,0.3433333333333333,0.43204229024173263,0.3884759307198648,0.36155419222903884
643,0,0.21333333333333335,0.19333333333333333,0.22,0.18333333333333332,0.17666666666666667,0.21670907653594845,0.23761130432495925,0.26138507140932365
644,0,0.09,0.07333333333333333,0.10333333333333333,0.10333333333333333,0.09666666666666666,0.10521379296670054,0.15572289355685692,0.24015825914935707
645,0,0.18666666666666668,0.19,0.19333333333333333,0.14666666666666667,0.22333333333333333,0.196836276204881,0.2642748543232439,0.24015825914935707
646,0,0.11333333333333333,0.10666666666666667,0.11666666666666667,0.13333333333333333,0.12,0.12856839368167264,0.14717249526858814,0.24015825914935707
647,1,0.45666666666666667,0.48,0.4266666666666667,0.38333333333333336,0.38,0.4417263514847395,0.367458881142241,0.37055837563451777
648,0,0.18,0.20666666666666667,0.16,0.17666666666666667,0.18666666666666668,0.232637020097767,0.2795453760264602,0.26138507140932365
649,0,0.29,0.33,0.38,0.37333333333333335,0.37666666666666665,0.36635206795963454,0.3300402553716049,0.26138507140932365
650,0,0.3566666666666667,0.30333333333333334,0.29,0.3233333333333333,0.18333333333333332,0.2897697360174263,0.3657200538281107,0.36155419222903884
651,1,0.27666666666666667,0.22333333333333333,0.20333333333333334,0.22333333333333333,0.22333333333333333,0.23064061821121634,0.22554672701415687,0.26138507140932365
652,0,0.36666666666666664,0.37333333333333335,0.44,0.4033333333333333,0.29333333333333333,0.40708576603315566,0.375855184758263,0.37055837563451777
653,0,0.22666666666666666,0.2833333333333333,0.29333333333333333,0.22666666666666666,0.2633333333333333,0.25712472729141933,0.2388093159852975,0.24015825914935707
654,0,0.21333333333333335,0.18666666666666668,0.21666666666666667,0.22666666666666666,0.17333333333333334,0.22317389543842234,0.1776693487580694,0.24015825914935707
655,0,0.25,0.24666666666666667,0.23666666666666666,0.25333333333333335,0.24,0.27115234209074546,0.25251105682788105,0.26138507140932365
656,0,0.39666666666666667,0.34,0.38,0.35,0.4033333333333333,0.357005085151645,0.20599603735599503,0.24015825914935707
657,0,0.12333333333333334,0.17333333333333334,0.12333333333333334,0.11333333333333333,0.08666666666666667,0.1526719107361058,0.2795453760264602,0.26138507140932365
658,0,0.4766666666666667,0.4533333333333333,0.4033333333333333,0.4033333333333333,0.39666666666666667,0.4236825496527657,0.40357755082912206,0.37055837563451777
659,0,0.3433333333333333,0.37,0.38666666666666666,0.32,0.3466666666666667,0.3310484385178957,0.2648965555867191,0.24015825914935707
660,1,0.44333333333333336,0.38666666666666666,0.4033333333333333,0.37666666666666665,0.39666666666666667,0.42644050984974474,0.3884759307198648,0.36155419222903884
661,1,0.38666666666666666,0.44666666666666666,0.47,0.41333333333333333,0.37,0.40805790190197533,0.40783966807616406,0.37055837563451777
662,0,0.23,0.23,0.22333333333333333,0.20666666666666667,0.25,0.20856950667281096,0.2405788140371969,0.24015825914935707
663,1,0.30333333333333334,0.26,0.28,0.27,0.22666666666666666,0.2937810666966905,0.3290986294756818,0.26138507140932365
664,0,0.11333333333333333,0.08666666666666667,0.09,0.12,0.11333333333333333,0.11745627232446983,0.15169521568245636,0.26138507140932365
665,0,0.19,0.18,0.18,0.14333333333333334,0.2,0.18649974455513457,0.16119421159919672,0.26138507140932365
666,0,0.11333333333333333,0.14666666666666667,0.12333333333333334,0.15666666666666668,0.12333333333333334,0.1260562716709425,0.13901427767108576,0.24015825914935707
667,0,0.19666666666666666,0.16666666666666666,0.19333333333333333,0.21,0.19333333333333333,0.18853005737429873,0.22554672701415687,0.26138507140932365
668,0,0.10333333333333333,0.08333333333333333,0.13666666666666666,0.13666666666666666,0.07666666666666666,0.14291630902471647,0.20384124718098126,0.26138507140932365
669,0,0.14,0.12333333333333334,0.1,0.12666666666666668,0.10333333333333333,0.1269407958172593,0.2407801677291894,0.24015825914935707
670,0,0.21666666666666667,0.23666666666666666,0.21,0.23666666666666666,0.25,0.21095556230158163,0.2640656224049783,0.24015825914935707
671,0,0.16666666666666666,0.16333333333333333,0.16666666666666666,0.13,0.11666666666666667,0.1753532902131949,0.24882137100236737,0.24015825914935707
672,0,0.13333333333333333,0.12,0.15666666666666668,0.15,0.15666666666666668,0.15421097749729232,0.2148545321022055,0.26138507140932365
673,1,0.3233333333333333,0.30333333333333334,0.32666666666666666,0.3,0.32666666666666666,0.2818444901466688,0.2729635282628867,0.26138507140932365
674,0,0.18333333333333332,0.18,0.17333333333333334,0.22,0.15666666666666668,0.19574049937050522,0.29631627537685995,0.26138507140932365
675,1,0.29,0.25666666666666665,0.31333333333333335,0.31333333333333335,0.22,0.29737357426845584,0.36018006712549516,0.36155419222903884
676,0,0.38666666666666666,0.4066666666666667,0.48,0.4,0.29,0.3844523715785714,0.33543135019995807,0.24015825914935707
677,0,0.2866666666666667,0.4,0.34,0.38666666666666666,0.33666666666666667,0.3351703674554261,0.22649979049560354,0.26138507140932365
678,0,0.14,0.15333333333333332,0.11666666666666667,0.11,0.08,0.12028821240639838,0.21816885750487605,0.26138507140932365
679,0,0.12333333333333334,0.09,0.12333333333333334,0.09333333333333334,0.10333333333333333,0.09624768702694984,0.18117477287989145,0.24015825914935707
680,1,0.43333333333333335,0.42,0.41333333333333333,0.36666666666666664,0.32,0.38516555466066,0.3250756471749829,0.26138507140932365
681,0,0.22333333333333333,0.21333333333333335,0.2,0.2,0.19666666666666666,0.2018398072254579,0.2355026204023639,0.24015825914935707
682,0,0.22,0.22,0.17333333333333334,0.18666666666666668,0.21666666666666667,0.21404800741222538,0.2128914088862743,0.24015825914935707
683,0,0.25,0.3,0.31,0.3233333333333333,0.29,0.2868364478037749,0.27991837484801163,0.26138507140932365
684,0,0.14666666666666667,0.18,0.12666666666666668,0.19,0.13666666666666666,0.18707095908485225,0.25251105682788105,0.26138507140932365
685,0,0.22,0.22666666666666666,0.22666666666666666,0.26,0.22666666666666666,0.21221011160955358,0.13765238506270008,0.26138507140932365
686,0,0.4,0.35,0.45,0.43333333333333335,0.36666666666666664,0.41828877027313915,0.34078327246629003,0.26138507140932365
687,0,0.26,0.3233333333333333,0.3,0.31333333333333335,0.27,0.2774767028754962,0.2791494967010829,0.24015825914935707
688,1,0.3433333333333333,0.4066666666666667,0.41,0.39666666666666667,0.31,0.3299012898218908,0.3049077953845557,0.36155419222903884
689,0,0.2866666666666667,0.20333333333333334,0.24,0.2633333333333333,0.2733333333333333,0.248071107642127,0.18843353007552982,0.24015825914935707
690,0,0.33,0.3466666666666667,0.38666666666666666,0.36666666666666664,0.37333333333333335,0.3459067184717195,0.2678800709051542,0.24015825914935707
691,1,0.27,0.24666666666666667,0.30666666666666664,0.24,0.21666666666666667,0.269621664859181,0.31653863946088695,0.36155419222903884
692,1,0.19,0.13666666666666666,0.18,0.15333333333333332,0.13666666666666666,0.16826650196957277,0.14793617318527968,0.24015825914935707
693,0,0.37666666666666665,0.32666666666666666,0.2866666666666667,0.3433333333333333,0.30666666666666664,0.311809032698827,0.3067014989421257,0.24015825914935707
694,0,0.07333333333333333,0.10333333333333333,0.11333333333333333,0.11666666666666667,0.09333333333333334,0.1169895797393467,0.2174411439436932,0.26138507140932365
695,0,0.11,0.13666666666666666,0.15333333333333332,0.14666666666666667,0.10333333333333333,0.12973340298275407,0.13585014678135018,0.26138507140932365
696,0,0.38333333333333336,0.44,0.44333333333333336,0.4,0.37333333333333335,0.4142273432684528,0.3381651116826154,0.36155419222903884
697,1,0.24333333333333335,0.22666666666666666,0.26,0.21,0.2,0.23168546659477537,0.2614667660342561,0.24015825914935707
698,0,0.20666666666666667,0.21666666666666667,0.24333333333333335,0.2,0.17666666666666667,0.2087379188516174,0.2640656224049783,0.24015825914935707
699,0,0.42,0.43333333333333335,0.43333333333333335,0.43333333333333335,0.30666666666666664,0.433263610454401,0.36885711799119586,0.36155419222903884
700,1,0.37666666666666665,0.37333333333333335,0.37666666666666665,0.35333333333333333,0.31666666666666665,0.40747837411854465,0.4177451287264537,0.36155419222903884
701,1,0.18666666666666668,0.18666666666666668,0.24333333333333335,0.24666666666666667,0.16,0.22169305857918947,0.27673318417552534,0.26138507140932365
702,0,0.28,0.30333333333333334,0.29,0.29,0.18666666666666668,0.27716445169395537,0.29631627537685995,0.26138507140932365
703,1,0.4166666666666667,0.4,0.39,0.3433333333333333,0.37666666666666665,0.3978321542941089,0.2691033009110516,0.26138507140932365
704,0,0.21333333333333335,0.23,0.23,0.21,0.14,0.16381604305173572,0.26670286018451606,0.26138507140932365
705,1,0.41,0.4033333333333333,0.36333333333333334,0.38,0.3,0.3636086014717004,0.40866268133756667,0.36155419222903884
706,0,0.4033333333333333,0.3566666666666667,0.3433333333333333,0.37666666666666665,0.4033333333333333,0.3216509438592764,0.2128914088862743,0.24015825914935707
707,0,0.18666666666666668,0.18333333333333332,0.16333333333333333,0.17,0.16333333333333333,0.21487499533188834,0.25686647262428014,0.24015825914935707
708,1,0.22333333333333333,0.23,0.19333333333333333,0.22333333333333333,0.14,0.22335418845154384,0.3153105850859049,0.36155419222903884
709,0,0.24333333333333335,0.24333333333333335,0.26666666666666666,0.31,0.2866666666666667,0.25333105258985833,0.19545981357324124,0.26138507140932365
710,1,0.27,0.23666666666666666,0.25,0.23666666666666666,0.22,0.25296990835399374,0.2795453760264602,0.26138507140932365
711,0,0.39666666666666667,0.36666666666666664,0.33666666666666667,0.3466666666666667,0.35333333333333333,0.3041244261139721,0.20195286890385464,0.24015825914935707
712,1,0.34,0.3433333333333333,0.2733333333333333,0.34,0.35,0.35201734989482064,0.2388093159852975,0.24015825914935707
713,1,0.31666666666666665,0.37,0.30333333333333334,0.30666666666666664,0.30333333333333334,0.3216573021237044,0.37298844638758666,0.26138507140932365
714,0,0.19333333333333333,0.21333333333333335,0.14666666666666667,0.15333333333333332,0.14333333333333334,0.17219685108347366,0.20423331302387407,0.24015825914935707
715,1,0.23666666666666666,0.20333333333333334,0.18666666666666668,0.25,0.17666666666666667,0.20225494842962688,0.3419654785798354,0.36155419222903884
716,0,0.35,0.41,0.4066666666666667,0.37666666666666665,0.44333333333333336,0.37421129931617336,0.21217652129993653,0.24015825914935707
717,1,0.42,0.49,0.52,0.43,0.3,0.4272740012228822,0.43732053521689734,0.37055837563451777
718,0,0.31333333333333335,0.4166666666666667,0.44666666666666666,0.36666666666666664,0.32,0.3354490488851145,0.2927355513268112,0.24015825914935707
719,1,0.17333333333333334,0.17666666666666667,0.2,0.22666666666666666,0.19,0.1704611657065762,0.23165161808414692,0.26138507140932365
720,1,0.43333333333333335,0.4666666666666667,0.44333333333333336,0.48,0.32,0.4219374814376278,0.35350399619623046,0.36155419222903884
721,0,0.4066666666666667,0.36,0.37333333333333335,0.38,0.35333333333333333,0.4335676016367181,0.3657200538281107,0.36155419222903884
722,0,0.33,0.2733333333333333,0.32,0.2833333333333333,0.22333333333333333,0.3125680464495246,0.3657200538281107,0.36155419222903884
723,1,0.4633333333333333,0.39666666666666667,0.4033333333333333,0.3566666666666667,0.38333333333333336,0.41809412079613306,0.37335229707802425,0.36155419222903884
724,0,0.22666666666666666,0.23333333333333334,0.22,0.19666666666666666,0.18333333333333332,0.22578849932263723,0.2640656224049783,0.24015825914935707
725,0,0.24333333333333335,0.34,0.31333333333333335,0.3333333333333333,0.22666666666666666,0.2896181434508353,0.2724516259669447,0.24015825914935707
726,0,0.25333333333333335,0.23,0.29333333333333333,0.24333333333333335,0.15333333333333332,0.22749875890193746,0.29947089947066163,0.26138507140932365
727,1,0.19666666666666666,0.16333333333333333,0.22666666666666666,0.21666666666666667,0.13333333333333333,0.1991964761444331,0.3153105850859049,0.36155419222903884
728,0,0.32,0.36333333333333334,0.36,0.36333333333333334,0.27666666666666667,0.37017426283955523,0.4144653218831908,0.36155419222903884
729,0,0.14333333333333334,0.2,0.21666666666666667,0.21666666666666667,0.13333333333333333,0.1719760138195276,0.22139676222007387,0.24015825914935707
730,1,0.39666666666666667,0.39,0.37666666666666665,0.3333333333333333,0.2866666666666667,0.36951486689245605,0.35939535149688207,0.26138507140932365
731,0,0.2833333333333333,0.24333333333333335,0.29333333333333333,0.29333333333333333,0.31,0.22676649555773065,0.2128914088862743,0.24015825914935707
732,0,0.18666666666666668,0.15,0.13333333333333333,0.10666666666666667,0.18333333333333332,0.157223231925166,0.1629904752907959,0.24015825914935707
733,1,0.24666666666666667,0.2733333333333333,0.22666666666666666,0.22333333333333333,0.16,0.23080593798564267,0.23702903478331502,0.24015825914935707
734,0,0.24,0.23666666666666666,0.18,0.2633333333333333,0.24333333333333335,0.24076716080212657,0.19022562705350352,0.26138507140932365
735,1,0.30333333333333334,0.30666666666666664,0.30666666666666664,0.27,0.18333333333333332,0.27026401440681,0.3049077953845557,0.36155419222903884
736,0,0.35,0.36,0.2966666666666667,0.31333333333333335,0.3,0.31496259382588404,0.29427302515861054,0.26138507140932365
737,1,0.35,0.41333333333333333,0.44,0.42333333333333334,0.27666666666666667,0.3992859335142187,0.3381651116826154,0.36155419222903884
738,0,0.23666666666666666,0.21,0.21666666666666667,0.23,0.16333333333333333,0.20771369318811178,0.2591016158849744,0.26138507140932365
739,1,0.3433333333333333,0.26,0.31,0.27,0.22333333333333333,0.25735416697740654,0.24882137100236737,0.24015825914935707
740,0,0.13333333333333333,0.17666666666666667,0.19,0.12333333333333334,0.1,0.1423407012749721,0.1988222430277996,0.24015825914935707
741,1,0.25,0.23,0.22333333333333333,0.24,0.15,0.2057228298307256,0.2947746275153752,0.24015825914935707
742,0,0.21333333333333335,0.19,0.22666666666666666,0.21,0.23666666666666666,0.2079195269583633,0.19059777412375917,0.24015825914935707
743,0,0.23666666666666666,0.24,0.25,0.25333333333333335,0.21666666666666667,0.19257210165700342,0.21217652129993653,0.24015825914935707
744,0,0.25666666666666665,0.24666666666666667,0.2633333333333333,0.26666666666666666,0.21666666666666667,0.25145055231149893,0.3067014989421257,0.24015825914935707
745,0,0.3,0.27,0.2733333333333333,0.2833333333333333,0.31666666666666665,0.25909345378182236,0.2276732303355451,0.24015825914935707
746,0,0.16333333333333333,0.2,0.19666666666666666,0.22666666666666666,0.16333333333333333,0.1644572601019888,0.20512016864726743,0.24015825914935707
747,0,0.3466666666666667,0.36333333333333334,0.33666666666666667,0.36666666666666664,0.3933333333333333,0.28815858113214754,0.1596217043462663,0.24015825914935707
748,1,0.42,0.4633333333333333,0.4266666666666667,0.4533333333333333,0.38,0.4482072701436116,0.4144653218831908,0.36155419222903884
749,0,0.26666666666666666,0.27,0.28,0.23333333333333334,0.2833333333333333,0.1919298762887821,0.16418453943199432,0.24015825914935707
750,0,0.3566666666666667,0.33,0.31333333333333335,0.30333333333333334,0.4,0.31885793515173805,0.19240557433127983,0.26138507140932365
751,0,0.21333333333333335,0.18666666666666668,0.26666666666666666,0.23333333333333334,0.17666666666666667,0.23540772451377567,0.2841898074838542,0.24015825914935707
752,0,0.12666666666666668,0.14333333333333334,0.07666666666666666,0.13333333333333333,0.12666666666666668,0.13461886094184203,0.11890603151381915,0.26138507140932365
753,1,0.31333333333333335,0.30333333333333334,0.27666666666666667,0.22,0.22333333333333333,0.27699338307196986,0.36018006712549516,0.36155419222903884
754,0,0.43333333333333335,0.5066666666666667,0.4033333333333333,0.5266666666666666,0.30666666666666664,0.42032897565578603,0.37613123603328225,0.26138507140932365
755,0,0.19333333333333333,0.29,0.2733333333333333,0.31,0.22666666666666666,0.25513029051770003,0.28436374568242084,0.26138507140932365
756,0,0.16,0.17333333333333334,0.19666666666666666,0.16666666666666666,0.20333333333333334,0.20230405605372012,0.16875225775556754,0.24015825914935707
757,0,0.17666666666666667,0.17333333333333334,0.19,0.15666666666666668,0.10666666666666667,0.12466056351671023,0.15422663185597127,0.26138507140932365
758,0,0.36666666666666664,0.32666666666666666,0.2866666666666667,0.30333333333333334,0.27,0.3686625816473392,0.3283935618667886,0.37055837563451777
759,1,0.22333333333333333,0.21333333333333335,0.21666666666666667,0.21,0.23333333333333334,0.266000348351424,0.3221208958580813,0.26138507140932365
760,0,0.23,0.26,0.27,0.26666666666666666,0.25333333333333335,0.29822968531313554,0.22576694735460057,0.26138507140932365
761,1,0.3466666666666667,0.3,0.2966666666666667,0.34,0.25666666666666665,0.29836098261895727,0.2521419161634637,0.24015825914935707
762,0,0.2,0.21333333333333335,0.13,0.17333333333333334,0.22,0.21026337820762275,0.17458669714909908,0.26138507140932365
763,0,0.15,0.15,0.11,0.09333333333333334,0.09333333333333334,0.11407408459418421,0.16737939831424514,0.24015825914935707
764,1,0.27,0.22333333333333333,0.21333333333333335,0.26,0.17666666666666667,0.18554804250943896,0.21217652129993653,0.24015825914935707
765,1,0.22,0.23,0.26,0.19,0.16,0.1977929412994383,0.22520512882162672,0.24015825914935707
766,0,0.43,0.4066666666666667,0.3933333333333333,0.47,0.4,0.42982795321187556,0.4177451287264537,0.36155419222903884
767,0,0.3433333333333333,0.37,0.37666666666666665,0.33,0.19,0.36393129872913366,0.37255559376833336,0.26138507140932365
768,1,0.52,0.43666666666666665,0.45666666666666667,0.4533333333333333,0.3466666666666667,0.4862842850658682,0.4068310622732451,0.37055837563451777
769,0,0.38,0.34,0.41,0.38,0.3466666666666667,0.3975254592182216,0.3419654785798354,0.36155419222903884
770,1,0.36,0.29333333333333333,0.3433333333333333,0.3,0.35,0.3352725820729032,0.37335229707802425,0.36155419222903884
771,0,0.24666666666666667,0.3433333333333333,0.2966666666666667,0.28,0.23,0.25712086752713426,0.2811315545492706,0.24015825914935707
772,1,0.37,0.34,0.33666666666666667,0.35333333333333333,0.38666666666666666,0.35065540367097553,0.2640656224049783,0.24015825914935707
773,0,0.43333333333333335,0.5033333333333333,0.43333333333333335,0.37333333333333335,0.38,0.42922307630739637,0.36885711799119586,0.36155419222903884
774,0,0.33666666666666667,0.33666666666666667,0.32666666666666666,0.3233333333333333,0.29333333333333333,0.3492114733528098,0.37008116927957085,0.36155419222903884
775,1,0.18333333333333332,0.24333333333333335,0.23,0.23666666666666666,0.24333333333333335,0.20388024283108216,0.21444654556265103,0.26138507140932365
776,0,0.49333333333333335,0.47333333333333333,0.45,0.44,0.42,0.4557671763302319,0.4414849539260038,0.36155419222903884
777,1,0.14,0.15,0.09666666666666666,0.13666666666666666,0.09,0.14678608327333312,0.24093827671977266,0.26138507140932365
778,0,0.30666666666666664,0.25666666666666665,0.29333333333333333,0.3333333333333333,0.27,0.31801112051853087,0.3384472372722324,0.24015825914935707
779,0,0.2633333333333333,0.29,0.32666666666666666,0.26666666666666666,0.21333333333333335,0.2900966140758104,0.3391195663485373,0.36155419222903884
780,1,0.43333333333333335,0.31666666666666665,0.30333333333333334,0.30666666666666664,0.4066666666666667,0.31256075797025357,0.2061375068861393,0.26138507140932365
781,0,0.43,0.3933333333333333,0.36333333333333334,0.33666666666666667,0.38666666666666666,0.35701018733707235,0.2882120141624682,0.24015825914935707
782,1,0.32,0.27666666666666667,0.32,0.32,0.21333333333333335,0.2622032612903257,0.3221208958580813,0.26138507140932365
783,1,0.4633333333333333,0.45666666666666667,0.44,0.4766666666666667,0.3333333333333333,0.44998728118727715,0.40357755082912206,0.37055837563451777
784,0,0.30333333333333334,0.29333333333333333,0.2833333333333333,0.3,0.24666666666666667,0.348084553024259,0.37485598245813867,0.37055837563451777
785,0,0.17,0.19333333333333333,0.14333333333333334,0.21666666666666667,0.14666666666666667,0.1535250219356276,0.21013788111257276,0.24015825914935707
786,0,0.33,0.2633333333333333,0.29333333333333333,0.27,0.21,0.2690227460228564,0.33682113017805787,0.37055837563451777
787,0,0.35,0.33666666666666667,0.27666666666666667,0.28,0.18333333333333332,0.27549470935903264,0.2970271224114387,0.36155419222903884
788,0,0.15333333333333332,0.18,0.18333333333333332,0.16,0.12333333333333334,0.20095449442859778,0.3234348277145749,0.24015825914935707
789,0,0.2633333333333333,0.22,0.2866666666666667,0.3333333333333333,0.25,0.28817198434298597,0.27673318417552534,0.26138507140932365
790,1,0.4,0.4866666666666667,0.4266666666666667,0.35,0.3933333333333333,0.45151402548796066,0.40357755082912206,0.37055837563451777
791,0,0.4033333333333333,0.35,0.37,0.38666666666666666,0.36666666666666664,0.370164228386468,0.2834972929775092,0.26138507140932365
792,0,0.2633333333333333,0.23333333333333334,0.27,0.28,0.27,0.2413356434610462,0.2276732303355451,0.24015825914935707
793,1,0.18666666666666668,0.24333333333333335,0.17333333333333334,0.19666666666666666,0.14666666666666667,0.2042603429951642,0.20984465363398194,0.24015825914935707
794,0,0.13,0.14,0.12666666666666668,0.13,0.11666666666666667,0.14324496226319294,0.2795453760264602,0.26138507140932365
795,0,0.25666666666666665,0.19666666666666666,0.2733333333333333,0.25333333333333335,0.15333333333333332,0.251522829245792,0.3376437470564093,0.26138507140932365
796,0,0.34,0.36,0.29333333333333333,0.33666666666666667,0.32,0.3197982769141763,0.2771998571629701,0.24015825914935707
797,0,0.3,0.2833333333333333,0.26,0.2733333333333333,0.19333333333333333,0.2468290463258105,0.24871092918758064,0.24015825914935707
798,0,0.36333333333333334,0.2833333333333333,0.22666666666666666,0.3233333333333333,0.2866666666666667,0.26500639522693686,0.2947746275153752,0.24015825914935707
799,0,0.4033333333333333,0.36333333333333334,0.43666666666666665,0.35,0.38666666666666666,0.4037695275648231,0.3657200538281107,0.36155419222903884
800,0,0.25666666666666665,0.2866666666666667,0.26,0.2966666666666667,0.23666666666666666,0.2944193273081112,0.397823777018456,0.37055837563451777
801,0,0.19666666666666666,0.19666666666666666,0.17333333333333334,0.19,0.19333333333333333,0.23554447819046404,0.2795453760264602,0.26138507140932365
802,0,0.10666666666666667,0.16,0.12,0.11,0.14,0.13430186314041992,0.24093827671977266,0.26138507140932365
803,0,0.21666666666666667,0.26666666666666666,0.24666666666666667,0.23666666666666666,0.25333333333333335,0.24015565629717214,0.1890876206531208,0.24015825914935707
804,0,0.45,0.4,0.38333333333333336,0.3233333333333333,0.37333333333333335,0.3819434772727834,0.34078327246629003,0.26138507140932365
805,0,0.37666666666666665,0.39,0.4,0.38666666666666666,0.3433333333333333,0.35014311460700276,0.2548081412097959,0.24015825914935707
806,0,0.3466666666666667,0.37333333333333335,0.39,0.3933333333333333,0.4,0.3939694338119017,0.30738805874413416,0.26138507140932365
807,0,0.37666666666666665,0.44,0.36666666666666664,0.39666666666666667,0.29333333333333333,0.3762526421486604,0.40165209768576543,0.36155419222903884
808,0,0.39,0.43666666666666665,0.34,0.4,0.35333333333333333,0.3731922035610739,0.32128781827989816,0.24015825914935707
809,1,0.4066666666666667,0.4,0.43666666666666665,0.4,0.3433333333333333,0.41533190946481113,0.2983071521420157,0.36155419222903884
810,0,0.22666666666666666,0.27666666666666667,0.31666666666666665,0.2866666666666667,0.28,0.3023840889961462,0.2838734871700684,0.26138507140932365
811,0,0.17,0.17333333333333334,0.19,0.17333333333333334,0.17666666666666667,0.19863113258680867,0.2648965555867191,0.24015825914935707
812,0,0.2,0.21,0.19,0.16333333333333333,0.18666666666666668,0.1721186824642427,0.2521419161634637,0.24015825914935707
813,0,0.24666666666666667,0.22,0.23,0.22333333333333333,0.18,0.24634328412441428,0.3065730159911468,0.26138507140932365
814,1,0.20666666666666667,0.19333333333333333,0.2633333333333333,0.2966666666666667,0.19666666666666666,0.2547729230693547,0.2655234585422461,0.26138507140932365
815,1,0.47,0.43666666666666665,0.42333333333333334,0.5366666666666666,0.3566666666666667,0.48774444910285275,0.4714615435432226,0.36155419222903884
816,0,0.11333333333333333,0.16333333333333333,0.17,0.16666666666666666,0.07666666666666666,0.1241036939592813,0.1907793510879021,0.24015825914935707
817,0,0.36,0.35,0.36333333333333334,0.3333333333333333,0.3933333333333333,0.3216509438592764,0.2128914088862743,0.24015825914935707
818,1,0.43666666666666665,0.44,0.3933333333333333,0.42,0.33,0.40080767788469457,0.3411992843618868,0.26138507140932365
819,0,0.26,0.2733333333333333,0.2966666666666667,0.28,0.25333333333333335,0.3193533923934732,0.2949810252932471,0.24015825914935707
820,1,0.4066666666666667,0.39,0.38333333333333336,0.41333333333333333,0.38333333333333336,0.3864513961573659,0.32674410286653693,0.36155419222903884
821,0,0.2733333333333333,0.27,0.30666666666666664,0.26666666666666666,0.20333333333333334,0.2425713548149678,0.2947746275153752,0.24015825914935707
822,0,0.42,0.39666666666666667,0.41333333333333333,0.38333333333333336,0.38666666666666666,0.38705373227804707,0.3381651116826154,0.36155419222903884
823,0,0.2866666666666667,0.2966666666666667,0.31,0.32,0.28,0.3124764220829785,0.27673318417552534,0.26138507140932365
824,0,0.21333333333333335,0.22,0.23,0.22,0.16666666666666666,0.21086325081440205,0.262899155055048,0.26138507140932365
825,0,0.41,0.3,0.24666666666666667,0.3,0.3333333333333333,0.3701317718053395,0.269298587798734,0.26138507140932365
826,1,0.15666666666666668,0.18666666666666668,0.16,0.20666666666666667,0.23,0.1650491316980871,0.21217652129993653,0.24015825914935707
827,1,0.3433333333333333,0.35,0.4033333333333333,0.41,0.28,0.36138379667177173,0.2613526642552866,0.24015825914935707
828,1,0.17333333333333334,0.24,0.21666666666666667,0.19,0.15666666666666668,0.20854743135032006,0.19022562705350352,0.26138507140932365
829,1,0.25666666666666665,0.29333333333333333,0.24,0.31333333333333335,0.14333333333333334,0.225910692117768,0.3751513674752073,0.26138507140932365
830,0,0.2866666666666667,0.3,0.31333333333333335,0.25333333333333335,0.22333333333333333,0.2821953820542699,0.20195286890385464,0.24015825914935707
831,1,0.4266666666666667,0.44333333333333336,0.45,0.44333333333333336,0.3233333333333333,0.4264573138524237,0.3290986294756818,0.26138507140932365
832,0,0.41333333333333333,0.37666666666666665,0.37,0.3233333333333333,0.45666666666666667,0.4133553567030352,0.24987650187015964,0.26138507140932365
833,1,0.3433333333333333,0.35,0.28,0.31,0.33,0.2648949685587218,0.20423331302387407,0.24015825914935707
834,0,0.12333333333333334,0.13333333333333333,0.13333333333333333,0.11,0.09333333333333334,0.13042608013649037,0.1890876206531208,0.24015825914935707
835,0,0.14333333333333334,0.15666666666666668,0.12333333333333334,0.15,0.17,0.13762285605618738,0.16875225775556754,0.24015825914935707
836,0,0.41333333333333333,0.38,0.3566666666666667,0.4033333333333333,0.3933333333333333,0.3578516458357873,0.3145755625133301,0.26138507140932365
837,0,0.16666666666666666,0.22666666666666666,0.21666666666666667,0.22,0.16333333333333333,0.17478191809561758,0.1840913731488331,0.24015825914935707
838,0,0.18666666666666668,0.18333333333333332,0.21,0.22666666666666666,0.14666666666666667,0.2150298273700875,0.2655234585422461,0.26138507140932365
839,0,0.09666666666666666,0.11,0.10333333333333333,0.1,0.15666666666666668,0.14635066396615162,0.18693656404489375,0.24015825914935707
840,0,0.3233333333333333,0.20333333333333334,0.32,0.24333333333333335,0.32666666666666666,0.2646175581982891,0.16579312925350426,0.26138507140932365
841,0,0.22666666666666666,0.25,0.26,0.24333333333333335,0.18666666666666668,0.22453196229083386,0.21618378951692266,0.24015825914935707
842,1,0.5133333333333333,0.4633333333333333,0.44666666666666666,0.43333333333333335,0.39666666666666667,0.45584330642190535,0.37485598245813867,0.37055837563451777
843,0,0.23,0.25,0.27,0.24,0.17,0.1829577923563585,0.2513373126252292,0.24015825914935707
844,0,0.22333333333333333,0.22666666666666666,0.19333333333333333,0.22333333333333333,0.14666666666666667,0.2115863336938158,0.2882120141624682,0.24015825914935707
845,1,0.28,0.23666666666666666,0.20333333333333334,0.25333333333333335,0.19,0.2858280502245737,0.2985930982568957,0.37055837563451777
846,0,0.3566666666666667,0.33666666666666667,0.31333333333333335,0.32,0.28,0.35397173969118145,0.29809862966578066,0.26138507140932365
847,0,0.19666666666666666,0.16333333333333333,0.17,0.13666666666666666,0.2,0.17657309486433415,0.22646650266530663,0.24015825914935707
848,0,0.19,0.24666666666666667,0.24666666666666667,0.21333333333333335,0.17666666666666667,0.2294933605120042,0.2388093159852975,0.24015825914935707
849,0,0.37333333333333335,0.2833333333333333,0.25666666666666665,0.29,0.21666666666666667,0.3231990968576296,0.3529090806219547,0.36155419222903884
850,0,0.25,0.31333333333333335,0.2966666666666667,0.30666666666666664,0.18666666666666668,0.30731526288950084,0.35939535149688207,0.26138507140932365
851,0,0.19,0.22,0.26,0.24,0.20333333333333334,0.19184255478999526,0.2640656224049783,0.24015825914935707
852,0,0.3,0.35333333333333333,0.36333333333333334,0.33666666666666667,0.23,0.31975483552995837,0.3667091888368304,0.36155419222903884
853,0,0.22333333333333333,0.23,0.20666666666666667,0.17666666666666667,0.23,0.23277561056464643,0.26634095786530554,0.26138507140932365
854,1,0.16,0.19666666666666666,0.13333333333333333,0.16,0.13333333333333333,0.16912539680509323,0.2128914088862743,0.24015825914935707
855,1,0.4766666666666667,0.4,0.4066666666666667,0.41,0.38666666666666666,0.4576352638659786,0.4068310622732451,0.37055837563451777
856,1,0.42,0.43666666666666665,0.44666666666666666,0.4866666666666667,0.39,0.4277155933049998,0.3099573278775962,0.24015825914935707
857,1,0.3333333333333333,0.36,0.37333333333333335,0.33666666666666667,0.39,0.3424322925304314,0.2407801677291894,0.24015825914935707
858,1,0.27666666666666667,0.2966666666666667,0.32666666666666666,0.34,0.26,0.3327007413585005,0.3603770996016221,0.26138507140932365
859,1,0.3566666666666667,0.35333333333333333,0.36666666666666664,0.37666666666666665,0.35,0.39336704431053565,0.2355026204023639,0.24015825914935707
860,0,0.20666666666666667,0.20666666666666667,0.14,0.2,0.15333333333333332,0.2072771140998102,0.2784282843022545,0.24015825914935707
861,1,0.28,0.2733333333333333,0.26666666666666666,0.3,0.18,0.25430611632732386,0.29631627537685995,0.26138507140932365
862,1,0.34,0.30666666666666664,0.31,0.3466666666666667,0.17,0.29725566325656094,0.3974112467514279,0.36155419222903884
863,1,0.36,0.33,0.4033333333333333,0.38333333333333336,0.20333333333333334,0.32992748939219,0.3359688769253456,0.24015825914935707
864,0,0.41333333333333333,0.37,0.38,0.35333333333333333,0.4033333333333333,0.4400044236122854,0.37485598245813867,0.37055837563451777
865,0,0.20333333333333334,0.15,0.17,0.15333333333333332,0.14333333333333334,0.1679320706295468,0.2276732303355451,0.24015825914935707
866,0,0.37666666666666665,0.44666666666666666,0.39666666666666667,0.36333333333333334,0.37333333333333335,0.37548762004408337,0.2947746275153752,0.24015825914935707
867,0,0.2866666666666667,0.27666666666666667,0.2966666666666667,0.26666666666666666,0.20666666666666667,0.26301356572832335,0.29631627537685995,0.26138507140932365
868,0,0.41333333333333333,0.3933333333333333,0.4066666666666667,0.45666666666666667,0.37,0.44274788578687535,0.3854696899114028,0.36155419222903884
869,0,0.34,0.37666666666666665,0.38,0.33666666666666667,0.3333333333333333,0.3469974889706375,0.2330808689573151,0.24015825914935707
870,0,0.2,0.17333333333333334,0.18666666666666668,0.19,0.13,0.18718194051299364,0.3153105850859049,0.36155419222903884
871,1,0.32666666666666666,0.30333333333333334,0.3333333333333333,0.2833333333333333,0.3333333333333333,0.31856927638134924,0.25354075836922496,0.26138507140932365
872,1,0.23333333333333334,0.26666666666666666,0.31666666666666665,0.28,0.18333333333333332,0.24540861181485138,0.3020543181984557,0.36155419222903884
873,1,0.42,0.38,0.37,0.43,0.37666666666666665,0.44673823655179506,0.3611627502942744,0.36155419222903884
874,1,0.21,0.17666666666666667,0.19333333333333333,0.18,0.15,0.17342643445380096,0.2562167075222563,0.26138507140932365
875,0,0.38,0.39666666666666667,0.43333333333333335,0.38333333333333336,0.33,0.4218172697525462,0.27017620748533366,0.26138507140932365
876,1,0.19666666666666666,0.20666666666666667,0.18666666666666668,0.22666666666666666,0.13666666666666666,0.17568274785268767,0.22446068351418602,0.24015825914935707
877,0,0.3933333333333333,0.31,0.26,0.3433333333333333,0.3233333333333333,0.3527654506278056,0.3381651116826154,0.36155419222903884
878,0,0.3233333333333333,0.31333333333333335,0.31,0.30333333333333334,0.29333333333333333,0.2874709895277829,0.2613526642552866,0.24015825914935707
879,1,0.2633333333333333,0.26,0.3566666666666667,0.3,0.3333333333333333,0.28324991439734065,0.1784667236087363,0.24015825914935707
880,1,0.31,0.35,0.3933333333333333,0.39,0.3466666666666667,0.3520042416536026,0.3057960670900827,0.24015825914935707
881,0,0.36333333333333334,0.38,0.31666666666666665,0.3466666666666667,0.37333333333333335,0.3947531645985672,0.28858266231706936,0.26138507140932365
882,0,0.14,0.17333333333333334,0.16,0.15,0.09666666666666666,0.1673240454785517,0.2451874199907993,0.24015825914935707
883,0,0.31,0.3466666666666667,0.3,0.2633333333333333,0.2966666666666667,0.28930437878540094,0.26634095786530554,0.26138507140932365
884,1,0.39,0.35,0.36666666666666664,0.3433333333333333,0.35,0.3802536372440394,0.397823777018456,0.37055837563451777
885,1,0.4266666666666667,0.3,0.36666666666666664,0.35,0.37666666666666665,0.3406028861560946,0.3061892063043738,0.24015825914935707
886,0,0.4,0.43666666666666665,0.42333333333333334,0.49333333333333335,0.39666666666666667,0.4880140740453827,0.37485598245813867,0.37055837563451777
887,0,0.15,0.12333333333333334,0.14666666666666667,0.14333333333333334,0.16,0.15155519939434445,0.16119421159919672,0.26138507140932365
888,0,0.30333333333333334,0.3333333333333333,0.30666666666666664,0.36333333333333334,0.37666666666666665,0.3395776076332619,0.18453477945294322,0.26138507140932365
889,0,0.22666666666666666,0.25,0.23333333333333334,0.18333333333333332,0.20333333333333334,0.2543581981388838,0.2806055707473324,0.36155419222903884
890,0,0.15,0.12,0.17,0.17333333333333334,0.14666666666666667,0.15335570764734918,0.1721185714084564,0.24015825914935707
891,0,0.44666666666666666,0.41,0.39666666666666667,0.4533333333333333,0.38666666666666666,0.46184713254252346,0.4381590203455499,0.36155419222903884
892,1,0.34,0.3333333333333333,0.3333333333333333,0.36,0.23666666666666666,0.33345094496077177,0.3544593977371018,0.24015825914935707
893,0,0.39666666666666667,0.43666666666666665,0.38666666666666666,0.4533333333333333,0.3233333333333333,0.4335676016367181,0.3657200538281107,0.36155419222903884
894,0,0.37666666666666665,0.3466666666666667,0.3433333333333333,0.3466666666666667,0.43,0.3541348234347465,0.23771837683628705,0.26138507140932365
895,0,0.19,0.24333333333333335,0.22333333333333333,0.25,0.16666666666666666,0.21235213136866066,0.21434700763186804,0.26138507140932365
896,0,0.17666666666666667,0.23333333333333334,0.21333333333333335,0.22,0.20333333333333334,0.2077490511089971,0.2771998571629701,0.24015825914935707
897,1,0.42333333333333334,0.36666666666666664,0.37666666666666665,0.3566666666666667,0.39,0.38422511299465023,0.2521419161634637,0.24015825914935707
898,0,0.36333333333333334,0.37,0.36,0.3466666666666667,0.37333333333333335,0.3642468876879443,0.32582354126283647,0.36155419222903884
899,0,0.18,0.14666666666666667,0.13666666666666666,0.15333333333333332,0.17333333333333334,0.16310908607181643,0.22554672701415687,0.26138507140932365
900,1,0.27666666666666667,0.29333333333333333,0.2833333333333333,0.25,0.2633333333333333,0.3334837009458727,0.23165161808414692,0.26138507140932365
901,0,0.17666666666666667,0.18333333333333332,0.17,0.12333333333333334,0.15,0.2099176123250139,0.2006887095788808,0.26138507140932365
902,0,0.3233333333333333,0.33666666666666667,0.38333333333333336,0.35,0.22,0.32779498692777576,0.2640656224049783,0.24015825914935707
903,0,0.4,0.4066666666666667,0.4033333333333333,0.44333333333333336,0.28,0.40831397667822367,0.3657200538281107,0.36155419222903884
904,0,0.19,0.24666666666666667,0.20666666666666667,0.23,0.20666666666666667,0.21670532311061044,0.17090466178802188,0.24015825914935707
905,0,0.20666666666666667,0.19333333333333333,0.23,0.20333333333333334,0.17666666666666667,0.18553889497486395,0.26700718107428245,0.24015825914935707
906,1,0.24666666666666667,0.21333333333333335,0.18666666666666668,0.18666666666666668,0.21,0.21508897182064607,0.18601691254914104,0.26138507140932365
907,0,0.3,0.29,0.26666666666666666,0.3233333333333333,0.20666666666666667,0.2679984307507062,0.286608626024147,0.26138507140932365
908,0,0.3233333333333333,0.38,0.38333333333333336,0.3433333333333333,0.22666666666666666,0.3024128598785967,0.2648965555867191,0.24015825914935707
909,0,0.14666666666666667,0.20666666666666667,0.15333333333333332,0.19,0.17333333333333334,0.1612683236709061,0.15493861955919952,0.26138507140932365
910,0,0.12333333333333334,0.13333333333333333,0.14333333333333334,0.14333333333333334,0.18,0.14900697186023493,0.1570181753756805,0.24015825914935707
911,1,0.33,0.36666666666666664,0.41,0.4,0.37333333333333335,0.38661585690983563,0.30040642297623166,0.26138507140932365
912,0,0.37,0.42,0.47333333333333333,0.36333333333333334,0.36666666666666664,0.4488083999320175,0.30738805874413416,0.26138507140932365
913,0,0.22666666666666666,0.21,0.25666666666666665,0.26666666666666666,0.33,0.23526973938334078,0.19599610112434857,0.24015825914935707
914,0,0.16333333333333333,0.11333333333333333,0.15666666666666668,0.15666666666666668,0.15,0.17390886712153728,0.2407801677291894,0.24015825914935707
915,1,0.34,0.29,0.29,0.26666666666666666,0.30333333333333334,0.2820124930981064,0.2614667660342561,0.24015825914935707
916,0,0.25666666666666665,0.31,0.2833333333333333,0.25333333333333335,0.2633333333333333,0.2838899248890561,0.2388093159852975,0.24015825914935707
917,0,0.13333333333333333,0.12666666666666668,0.19,0.2,0.12666666666666668,0.17580803023554514,0.2691033009110516,0.26138507140932365
918,1,0.34,0.36666666666666664,0.33666666666666667,0.30666666666666664,0.29,0.3385411779069709,0.33857873263665667,0.26138507140932365
919,0,0.12,0.14,0.13666666666666666,0.13666666666666666,0.14,0.12531846023684756,0.20195286890385464,0.24015825914935707
920,0,0.3333333333333333,0.31333333333333335,0.32,0.3,0.22333333333333333,0.31986010019946237,0.320377453106168,0.24015825914935707
921,1,0.2733333333333333,0.30666666666666664,0.36666666666666664,0.33666666666666667,0.29,0.26837988504440763,0.22692301590519084,0.24015825914935707
922,0,0.13,0.15333333333333332,0.14666666666666667,0.18666666666666668,0.11,0.17262773779407026,0.24093827671977266,0.26138507140932365
923,0,0.11666666666666667,0.15,0.11333333333333333,0.11666666666666667,0.12,0.15010871116396,0.15043600815593947,0.26138507140932365
924,1,0.28,0.3,0.30333333333333334,0.3,0.2733333333333333,0.2769662516700682,0.2922367534005965,0.24015825914935707
925,1,0.34,0.3233333333333333,0.36,0.26666666666666666,0.24666666666666667,0.3026624592177685,0.22897788743627895,0.26138507140932365
926,0,0.4266666666666667,0.42,0.41333333333333333,0.35333333333333333,0.27,0.4007345181021089,0.4414849539260038,0.36155419222903884
927,0,0.36,0.2733333333333333,0.29,0.30333333333333334,0.29333333333333333,0.27797149497909446,0.2388093159852975,0.24015825914935707
928,0,0.20333333333333334,0.14333333333333334,0.15333333333333332,0.12,0.14333333333333334,0.17409926775091725,0.2648965555867191,0.24015825914935707
929,0,0.15,0.17333333333333334,0.15,0.15,0.17666666666666667,0.18432682764537725,0.16061749818359863,0.26138507140932365
930,1,0.27,0.34,0.27666666666666667,0.25,0.2866666666666667,0.2876067128410187,0.27440227398480777,0.24015825914935707
931,0,0.18333333333333332,0.24,0.19,0.19666666666666666,0.15,0.1962565299695566,0.19478897520638472,0.26138507140932365
932,1,0.30666666666666664,0.37333333333333335,0.4066666666666667,0.44,0.29,0.33238008854612894,0.20442459933791796,0.24015825914935707
933,0,0.16666666666666666,0.15333333333333332,0.19333333333333333,0.24666666666666667,0.15666666666666668,0.16927484829809475,0.2613526642552866,0.24015825914935707
934,1,0.25666666666666665,0.31333333333333335,0.31666666666666665,0.33,0.22,0.29505741149274467,0.3569586074699923,0.36155419222903884
935,1,0.21666666666666667,0.19333333333333333,0.15333333333333332,0.14,0.19666666666666666,0.15767680912111418,0.14840915787618558,0.24015825914935707
936,0,0.2733333333333333,0.30666666666666664,0.28,0.29333333333333333,0.24666666666666667,0.3403001436797676,0.36018006712549516,0.36155419222903884
937,0,0.33666666666666667,0.3333333333333333,0.3466666666666667,0.33666666666666667,0.4033333333333333,0.40607858808363223,0.29947089947066163,0.26138507140932365
938,0,0.22,0.22,0.20333333333333334,0.20333333333333334,0.19666666666666666,0.22286566859186224,0.24882137100236737,0.24015825914935707
939,0,0.06666666666666667,0.09,0.07666666666666666,0.06666666666666667,0.12666666666666668,0.09294210692771694,0.16385352466105305,0.26138507140932365
940,1,0.4166666666666667,0.4,0.39,0.38666666666666666,0.38666666666666666,0.35651547726307437,0.2648965555867191,0.24015825914935707
941,0,0.36,0.36666666666666664,0.34,0.39,0.30333333333333334,0.3503404447861382,0.24871092918758064,0.24015825914935707
942,0,0.2966666666666667,0.31666666666666665,0.29333333333333333,0.38,0.25,0.33408868116352586,0.3391195663485373,0.36155419222903884
943,0,0.37,0.41,0.41333333333333333,0.38,0.3,0.4047834097251871,0.3667091888368304,0.36155419222903884
944,0,0.2,0.14,0.11666666666666667,0.18666666666666668,0.15,0.15955443241884804,0.18227586111631933,0.26138507140932365
945,0,0.36333333333333334,0.31,0.3466666666666667,0.3333333333333333,0.26666666666666666,0.35984348744954553,0.3419654785798354,0.36155419222903884
946,1,0.27666666666666667,0.3333333333333333,0.36333333333333334,0.39666666666666667,0.32666666666666666,0.3333345528012174,0.2665872982283078,0.26138507140932365
947,1,0.2866666666666667,0.30333333333333334,0.29333333333333333,0.36333333333333334,0.23,0.29875843458318196,0.3234348277145749,0.24015825914935707
948,1,0.24666666666666667,0.21,0.21,0.16333333333333333,0.2,0.21348034783564648,0.2043946888090906,0.24015825914935707
949,0,0.23333333333333334,0.24,0.22666666666666666,0.23,0.18333333333333332,0.2622225748404062,0.22351372081634296,0.24015825914935707
950,0,0.44666666666666666,0.4166666666666667,0.4166666666666667,0.43666666666666665,0.3433333333333333,0.4005244245249674,0.3571356382493906,0.26138507140932365
951,0,0.25,0.25666666666666665,0.26666666666666666,0.24333333333333335,0.21333333333333335,0.23240698052584385,0.2947746275153752,0.24015825914935707
952,0,0.31333333333333335,0.3466666666666667,0.3333333333333333,0.27666666666666667,0.20333333333333334,0.24228700450139967,0.3023200787191135,0.24015825914935707
953,1,0.39666666666666667,0.45,0.3933333333333333,0.38333333333333336,0.37333333333333335,0.41518374974815936,0.3477899962759508,0.36155419222903884
954,0,0.51,0.4266666666666667,0.38,0.4066666666666667,0.46,0.4605851648192808,0.3067014989421257,0.24015825914935707
955,0,0.2733333333333333,0.25,0.26666666666666666,0.29,0.22333333333333333,0.27538668768051466,0.3311085555733136,0.36155419222903884
956,0,0.39,0.3433333333333333,0.3433333333333333,0.3333333333333333,0.3566666666666667,0.3868059571732035,0.25251105682788105,0.26138507140932365
957,0,0.4033333333333333,0.34,0.38,0.35,0.37333333333333335,0.37070902271964346,0.3020543181984557,0.36155419222903884
958,0,0.43,0.4666666666666667,0.4766666666666667,0.5166666666666667,0.34,0.4643416543667874,0.4474010339802737,0.36155419222903884
959,0,0.44333333333333336,0.4266666666666667,0.35,0.44,0.4066666666666667,0.41574181530780324,0.3145755625133301,0.26138507140932365
960,0,0.24666666666666667,0.2866666666666667,0.29,0.32666666666666666,0.18,0.22903395072077035,0.36885711799119586,0.36155419222903884
961,0,0.30666666666666664,0.35,0.38666666666666666,0.3466666666666667,0.27,0.3900506531830383,0.34078327246629003,0.26138507140932365
962,0,0.35333333333333333,0.4,0.44,0.37333333333333335,0.3233333333333333,0.34224135909600834,0.23625742228973878,0.24015825914935707
963,1,0.3333333333333333,0.32666666666666666,0.29333333333333333,0.2833333333333333,0.2833333333333333,0.35407841760867104,0.3628752203822803,0.37055837563451777
964,0,0.31333333333333335,0.3333333333333333,0.30333333333333334,0.3233333333333333,0.25333333333333335,0.3017100533678775,0.29223598092412817,0.26138507140932365
965,0,0.29,0.30666666666666664,0.3,0.28,0.26666666666666666,0.25288348013380507,0.20423331302387407,0.24015825914935707
966,0,0.29333333333333333,0.2866666666666667,0.28,0.2866666666666667,0.25,0.24345756834770838,0.2330808689573151,0.24015825914935707
967,1,0.29333333333333333,0.30333333333333334,0.33,0.30666666666666664,0.25666666666666665,0.278887988723586,0.26216190592306277,0.24015825914935707
968,0,0.2733333333333333,0.24666666666666667,0.25666666666666665,0.24333333333333335,0.22,0.27161079709489666,0.26355986177186813,0.36155419222903884
969,1,0.4866666666666667,0.46,0.49333333333333335,0.44333333333333336,0.4166666666666667,0.4643416543667874,0.4474010339802737,0.36155419222903884
970,0,0.33,0.32666666666666666,0.36333333333333334,0.31333333333333335,0.2833333333333333,0.339194752419216,0.3391195663485373,0.36155419222903884
971,0,0.23333333333333334,0.25333333333333335,0.24666666666666667,0.21666666666666667,0.21,0.2150449859088028,0.23625742228973878,0.24015825914935707
972,0,0.23333333333333334,0.20333333333333334,0.2,0.22666666666666666,0.18,0.21638194785105092,0.2451874199907993,0.24015825914935707
973,0,0.32666666666666666,0.30333333333333334,0.35,0.32,0.2633333333333333,0.30243763174911187,0.42000059576552096,0.37055837563451777
974,1,0.45,0.4533333333333333,0.38,0.42,0.38,0.4352715583767823,0.32582354126283647,0.36155419222903884
975,0,0.24666666666666667,0.21,0.2,0.20666666666666667,0.17333333333333334,0.2577924606444932,0.36018006712549516,0.36155419222903884
976,1,0.12666666666666668,0.14666666666666667,0.17,0.15,0.15,0.16533287625114856,0.1784667236087363,0.24015825914935707
977,0,0.17,0.20333333333333334,0.20333333333333334,0.19333333333333333,0.18333333333333332,0.20321056807680893,0.2031489063561832,0.26138507140932365
978,0,0.26666666666666666,0.24666666666666667,0.27666666666666667,0.29,0.18333333333333332,0.23358128167502595,0.2237325296082427,0.24015825914935707
979,0,0.36,0.31333333333333335,0.32,0.4,0.24666666666666667,0.3456575290653287,0.37485598245813867,0.37055837563451777
980,0,0.37666666666666665,0.33,0.36333333333333334,0.36,0.38,0.3942789244476357,0.32674410286653693,0.36155419222903884
981,0,0.24,0.21,0.16666666666666666,0.19333333333333333,0.20666666666666667,0.23094244105562645,0.2691033009110516,0.26138507140932365
982,0,0.19333333333333333,0.23666666666666666,0.21,0.19666666666666666,0.25,0.22379816860101098,0.20599603735599503,0.24015825914935707
983,1,0.27,0.20333333333333334,0.21,0.20666666666666667,0.22666666666666666,0.2387529683700412,0.22554672701415687,0.26138507140932365
984,0,0.2,0.20333333333333334,0.14333333333333334,0.18666666666666668,0.16333333333333333,0.1616485140758474,0.16520320262076857,0.26138507140932365
985,1,0.25333333333333335,0.23,0.24,0.25,0.19333333333333333,0.23295238387916473,0.24292109125720834,0.26138507140932365
986,0,0.37666666666666665,0.36666666666666664,0.4633333333333333,0.44,0.31,0.3934454265088931,0.320377453106168,0.24015825914935707
987,0,0.22666666666666666,0.26,0.27,0.23333333333333334,0.21666666666666667,0.210401026370642,0.2086470633370252,0.26138507140932365
988,0,0.12333333333333334,0.1,0.11333333333333333,0.11,0.14,0.13256767085902876,0.15270972125943716,0.24015825914935707
989,0,0.17,0.18,0.17333333333333334,0.16333333333333333,0.15,0.15908687189598633,0.19210171916015853,0.24015825914935707
990,0,0.23,0.29333333333333333,0.34,0.2966666666666667,0.25333333333333335,0.26097255318501783,0.3020543181984557,0.36155419222903884
991,0,0.4266666666666667,0.37333333333333335,0.37666666666666665,0.37,0.33,0.3985187870562117,0.4177451287264537,0.36155419222903884
992,0,0.13333333333333333,0.15,0.09333333333333334,0.10333333333333333,0.10333333333333333,0.1212193129151294,0.174304908724302,0.24015825914935707
993,0,0.06666666666666667,0.05333333333333334,0.06666666666666667,0.08,0.10666666666666667,0.07517702523227833,0.11277594616342865,0.24015825914935707
994,1,0.39,0.38666666666666666,0.37,0.3566666666666667,0.38666666666666666,0.3507947770509538,0.2918539929442319,0.24015825914935707
995,0,0.36666666666666664,0.4,0.37666666666666665,0.3933333333333333,0.35333333333333333,0.3431455995775296,0.2947746275153752,0.24015825914935707
996,0,0.33,0.3933333333333333,0.38333333333333336,0.37666666666666665,0.30666666666666664,0.34865130592589244,0.22822464435541887,0.26138507140932365
997,0,0.31333333333333335,0.38,0.35333333333333333,0.32,0.29,0.33201175306620184,0.37485598245813867,0.37055837563451777
998,1,0.23,0.24,0.22,0.25666666666666665,0.15666666666666668,0.2172429554574168,0.19022562705350352,0.26138507140932365
999,0,0.3,0.29333333333333333,0.23666666666666666,0.2633333333333333,0.20666666666666667,0.23320336508826037,0.19478897520638472,0.26138507140932365
1000,0,0.46,0.41333333333333333,0.38,0.44333333333333336,0.43,0.43917173372466595,0.32582354126283647,0.36155419222903884
1001,0,0.17666666666666667,0.23,0.21666666666666667,0.20333333333333334,0.15,0.19869285556830815,0.2640656224049783,0.24015825914935707
1002,0,0.19,0.20333333333333334,0.18,0.17333333333333334,0.26,0.2161679765092424,0.2388093159852975,0.24015825914935707
1003,0,0.2966666666666667,0.31666666666666665,0.2966666666666667,0.28,0.35,0.26115183923057733,0.2729635282628867,0.26138507140932365
1004,0,0.21666666666666667,0.2966666666666667,0.2966666666666667,0.25666666666666665,0.19,0.26493442432779435,0.21816885750487605,0.26138507140932365
1005,0,0.23666666666666666,0.18333333333333332,0.19666666666666666,0.19,0.18333333333333332,0.1822006591024528,0.2128914088862743,0.24015825914935707
1006,1,0.3566666666666667,0.3466666666666667,0.35,0.31,0.3233333333333333,0.34413819981149657,0.38766691980743134,0.37055837563451777
1007,1,0.30666666666666664,0.35,0.4,0.37333333333333335,0.25666666666666665,0.3367097248047119,0.2613526642552866,0.24015825914935707
1008,1,0.2833333333333333,0.23333333333333334,0.29333333333333333,0.24333333333333335,0.3,0.25335501131604776,0.2061375068861393,0.26138507140932365
1009,0,0.13,0.16666666666666666,0.14333333333333334,0.13,0.16333333333333333,0.15397494506790768,0.1625262423269393,0.26138507140932365
1010,0,0.2966666666666667,0.37333333333333335,0.35333333333333333,0.3466666666666667,0.3333333333333333,0.29768129664774307,0.22351372081634296,0.24015825914935707
1011,0,0.23,0.2633333333333333,0.2966666666666667,0.26666666666666666,0.31,0.2850212174989231,0.24847551108432797,0.24015825914935707
1012,0,0.26666666666666666,0.24,0.27666666666666667,0.17,0.14666666666666667,0.19238835877130536,0.25354075836922496,0.26138507140932365
1013,0,0.29333333333333333,0.2833333333333333,0.24333333333333335,0.25,0.17333333333333334,0.2544408771072433,0.2640656224049783,0.24015825914935707
1014,0,0.31333333333333335,0.3333333333333333,0.3233333333333333,0.2733333333333333,0.3466666666666667,0.2948316428839521,0.2784282843022545,0.24015825914935707
1015,0,0.36333333333333334,0.37666666666666665,0.38333333333333336,0.36333333333333334,0.34,0.4015289089853967,0.3140143391721174,0.37055837563451777
1016,0,0.08,0.11666666666666667,0.09666666666666666,0.15,0.10333333333333333,0.13028279712862656,0.1596217043462663,0.24015825914935707
1017,1,0.19333333333333333,0.19,0.15666666666666668,0.16666666666666666,0.10666666666666667,0.18194788820305544,0.2562167075222563,0.26138507140932365
1018,1,0.41333333333333333,0.46,0.37,0.4633333333333333,0.32,0.41375198917725287,0.2927355513268112,0.24015825914935707
1019,0,0.22333333333333333,0.21666666666666667,0.21333333333333335,0.18,0.24333333333333335,0.2207847800235474,0.2165155277954629,0.26138507140932365
1020,1,0.28,0.24333333333333335,0.22333333333333333,0.26,0.16666666666666666,0.24799525505081302,0.3569586074699923,0.36155419222903884
1021,0,0.32,0.3433333333333333,0.32666666666666666,0.33,0.29333333333333333,0.33978990768835365,0.3350374477581962,0.36155419222903884
1022,1,0.25666666666666665,0.17333333333333334,0.25,0.23666666666666666,0.17333333333333334,0.22131602163596284,0.2760878000862964,0.24015825914935707
1023,0,0.14666666666666667,0.11,0.08333333333333333,0.11333333333333333,0.11666666666666667,0.1341491268594125,0.23165161808414692,0.26138507140932365
1024,1,0.3233333333333333,0.37333333333333335,0.39,0.43666666666666665,0.26666666666666666,0.3473650087313861,0.3381651116826154,0.36155419222903884
1025,0,0.25666666666666665,0.15,0.24,0.22666666666666666,0.24,0.23968628184572888,0.2935266127655691,0.26138507140932365
1026,1,0.31,0.38666666666666666,0.33666666666666667,0.3466666666666667,0.2733333333333333,0.29864934006386185,0.2128914088862743,0.24015825914935707
1027,0,0.16666666666666666,0.07666666666666666,0.12,0.11333333333333333,0.15,0.14608699320575122,0.16152089184530022,0.24015825914935707
1028,0,0.13333333333333333,0.11666666666666667,0.13666666666666666,0.14666666666666667,0.15333333333333332,0.16422623729050514,0.2935266127655691,0.26138507140932365
1029,0,0.09,0.11666666666666667,0.08333333333333333,0.07666666666666666,0.07,0.09758372760891823,0.11351897129689217,0.26138507140932365
1030,1,0.26666666666666666,0.18333333333333332,0.23333333333333334,0.21333333333333335,0.25333333333333335,0.20163490234163026,0.209353219188077,0.26138507140932365
1031,0,0.27,0.27666666666666667,0.33,0.28,0.24,0.26213373888798525,0.31154540926161534,0.26138507140932365
1032,0,0.21,0.25666666666666665,0.25666666666666665,0.2966666666666667,0.25333333333333335,0.2095047143637265,0.23244557836968993,0.26138507140932365
1033,0,0.15333333333333332,0.17333333333333334,0.12666666666666668,0.12,0.13333333333333333,0.18306048049296703,0.2614667660342561,0.24015825914935707
1034,1,0.12666666666666668,0.09666666666666666,0.11333333333333333,0.13666666666666666,0.09,0.13865711981605378,0.2970271224114387,0.36155419222903884
1035,0,0.3466666666666667,0.35,0.34,0.31,0.30666666666666664,0.3597958306837447,0.3381651116826154,0.36155419222903884
1036,0,0.36,0.44333333333333336,0.4533333333333333,0.43,0.2833333333333333,0.40983600139226123,0.35939535149688207,0.26138507140932365
1037,0,0.3,0.25,0.27,0.25,0.31,0.25574750601975643,0.2128914088862743,0.24015825914935707
1038,0,0.24666666666666667,0.31,0.3333333333333333,0.33,0.25,0.27413123068882334,0.2956613245318437,0.24015825914935707
1039,0,0.20333333333333334,0.23666666666666666,0.19,0.20333333333333334,0.21333333333333335,0.23073304004114864,0.1756321770549091,0.24015825914935707
1040,1,0.37,0.32,0.3333333333333333,0.33666666666666667,0.4066666666666667,0.3936627233150948,0.27123507722729484,0.26138507140932365
1041,0,0.16,0.22333333333333333,0.2,0.24333333333333335,0.25,0.21086630637995477,0.1596217043462663,0.24015825914935707
1042,1,0.22333333333333333,0.22,0.27666666666666667,0.21666666666666667,0.17,0.20320773921349816,0.2508990661548346,0.26138507140932365
1043,0,0.36,0.3,0.27666666666666667,0.26666666666666666,0.20333333333333334,0.28569184862437175,0.2934040785446578,0.26138507140932365
1044,0,0.17666666666666667,0.21,0.2,0.19666666666666666,0.2,0.1827698227534526,0.2174411439436932,0.26138507140932365
1045,0,0.14666666666666667,0.15666666666666668,0.18,0.15333333333333332,0.18333333333333332,0.1577862926347704,0.14989090692512572,0.26138507140932365
1046,1,0.4,0.4033333333333333,0.3933333333333333,0.36,0.33666666666666667,0.3931537133140488,0.3090465688470764,0.24015825914935707
1047,1,0.2,0.24333333333333335,0.23333333333333334,0.21666666666666667,0.22,0.23459528268237903,0.2678800709051542,0.24015825914935707
1048,0,0.17333333333333334,0.19666666666666666,0.20666666666666667,0.2,0.18333333333333332,0.1711657178150527,0.1784667236087363,0.24015825914935707
1049,0,0.25,0.31666666666666665,0.24333333333333335,0.2,0.17,0.22462815374969544,0.2502079546893044,0.26138507140932365
1050,0,0.12666666666666668,0.19333333333333333,0.17,0.20333333333333334,0.17,0.14601540076284905,0.18054196023846567,0.24015825914935707
1051,0,0.15,0.21666666666666667,0.23333333333333334,0.16333333333333333,0.2,0.19587175364563703,0.2003007600785594,0.26138507140932365
1052,1,0.38333333333333336,0.42,0.4033333333333333,0.4633333333333333,0.33666666666666667,0.38421209845868365,0.3665719560558939,0.36155419222903884
1053,1,0.23666666666666666,0.19666666666666666,0.23333333333333334,0.20333333333333334,0.15,0.19761740691655996,0.2935266127655691,0.26138507140932365
1054,0,0.24333333333333335,0.27,0.2633333333333333,0.25333333333333335,0.22,0.23590318660263326,0.1725654980938095,0.26138507140932365
1055,1,0.25333333333333335,0.3,0.34,0.36,0.24333333333333335,0.29660272482477534,0.22649979049560354,0.26138507140932365
1056,1,0.48,0.43666666666666665,0.5033333333333333,0.47,0.37,0.4516640362851088,0.37255559376833336,0.26138507140932365
1057,0,0.2733333333333333,0.25666666666666665,0.26,0.27,0.14,0.22903395072077035,0.36885711799119586,0.36155419222903884
1058,0,0.28,0.31333333333333335,0.27666666666666667,0.32,0.19666666666666666,0.28710131480339446,0.28263044576402363,0.26138507140932365
1059,1,0.38333333333333336,0.37666666666666665,0.27,0.33666666666666667,0.38333333333333336,0.3821758837461371,0.25686647262428014,0.24015825914935707
1060,0,0.21333333333333335,0.18333333333333332,0.23333333333333334,0.19,0.21,0.20222492890608382,0.22692301590519084,0.24015825914935707
1061,0,0.22,0.27,0.24666666666666667,0.18,0.20333333333333334,0.2469556673684808,0.28669458812536247,0.24015825914935707
1062,0,0.32,0.45666666666666667,0.42,0.4166666666666667,0.3433333333333333,0.3799576993905939,0.30776449923531707,0.26138507140932365
1063,1,0.41,0.38666666666666666,0.43333333333333335,0.47333333333333333,0.36666666666666664,0.42561394500072014,0.33682113017805787,0.37055837563451777
1064,1,0.23,0.17666666666666667,0.20666666666666667,0.15666666666666668,0.13,0.20066596298245773,0.24847551108432797,0.24015825914935707
1065,1,0.33666666666666667,0.39666666666666667,0.4,0.43666666666666665,0.35333333333333333,0.3447218468351971,0.2521419161634637,0.24015825914935707
1066,1,0.3333333333333333,0.33,0.33,0.33666666666666667,0.4,0.33450027839128,0.22351372081634296,0.24015825914935707
1067,0,0.2866666666666667,0.23,0.2,0.22666666666666666,0.16333333333333333,0.22046460077238375,0.3419654785798354,0.36155419222903884
1068,0,0.17,0.11333333333333333,0.12,0.13,0.08,0.12250277969021094,0.20195286890385464,0.24015825914935707
1069,0,0.24,0.29333333333333333,0.2966666666666667,0.29333333333333333,0.27,0.20629710522976835,0.18520617772773038,0.26138507140932365
1070,0,0.44333333333333336,0.43,0.35333333333333333,0.44666666666666666,0.37333333333333335,0.42449655234892236,0.36885711799119586,0.36155419222903884
1071,0,0.17333333333333334,0.13333333333333333,0.15333333333333332,0.11666666666666667,0.13333333333333333,0.16437203349579962,0.19174272018790878,0.26138507140932365
1072,0,0.27,0.33,0.30666666666666664,0.31666666666666665,0.17333333333333334,0.2528642205950584,0.3061892063043738,0.24015825914935707
1073,0,0.42,0.3566666666666667,0.38,0.4,0.39,0.367881682209722,0.35939535149688207,0.26138507140932365
1074,0,0.27,0.25333333333333335,0.24666666666666667,0.29333333333333333,0.31333333333333335,0.22804761675841595,0.19545981357324124,0.26138507140932365
1075,0,0.21333333333333335,0.23,0.23,0.2633333333333333,0.14666666666666667,0.17508058999469817,0.19258846374618285,0.26138507140932365
1076,1,0.36333333333333334,0.42333333333333334,0.36666666666666664,0.4033333333333333,0.31333333333333335,0.4325251707967569,0.3698302768684884,0.36155419222903884
1077,0,0.26666666666666666,0.26666666666666666,0.26666666666666666,0.25333333333333335,0.3,0.24885980581044817,0.22446068351418602,0.24015825914935707
1078,0,0.22333333333333333,0.23333333333333334,0.19,0.22,0.16,0.21293288093319496,0.24093827671977266,0.26138507140932365
1079,1,0.22,0.24,0.19,0.2,0.23,0.2490978937484915,0.2648965555867191,0.24015825914935707
1080,1,0.34,0.3233333333333333,0.25333333333333335,0.29333333333333333,0.21333333333333335,0.3105293835762864,0.39168765079838325,0.36155419222903884
1081,1,0.5,0.4533333333333333,0.4266666666666667,0.49666666666666665,0.35333333333333333,0.48774444910285275,0.4714615435432226,0.36155419222903884
1082,1,0.30333333333333334,0.35,0.32,0.37333333333333335,0.22333333333333333,0.3398918077505894,0.30738805874413416,0.26138507140932365
1083,0,0.27666666666666667,0.2733333333333333,0.25666666666666665,0.25333333333333335,0.23333333333333334,0.2719907772501562,0.2521419161634637,0.24015825914935707
1084,0,0.27666666666666667,0.26,0.23333333333333334,0.20666666666666667,0.22333333333333333,0.195992396801132,0.23980106866697767,0.24015825914935707
1085,0,0.24333333333333335,0.2633333333333333,0.22333333333333333,0.2633333333333333,0.24,0.21403984651065494,0.2388093159852975,0.24015825914935707
1086,1,0.31333333333333335,0.3433333333333333,0.3333333333333333,0.3566666666666667,0.38,0.30244940928974445,0.23980106866697767,0.24015825914935707
1087,0,0.23333333333333334,0.21333333333333335,0.21,0.2,0.18,0.1936215605156378,0.20126532051558177,0.24015825914935707
1088,0,0.2,0.17666666666666667,0.16333333333333333,0.19,0.18,0.1530675510031111,0.24847551108432797,0.24015825914935707
1089,1,0.39666666666666667,0.39,0.4033333333333333,0.41333333333333333,0.37333333333333335,0.4207387131774017,0.2841898074838542,0.24015825914935707
1090,0,0.19666666666666666,0.19666666666666666,0.20666666666666667,0.19333333333333333,0.22666666666666666,0.20246462635648066,0.2237325296082427,0.24015825914935707
1091,0,0.2,0.19666666666666666,0.14666666666666667,0.17333333333333334,0.17333333333333334,0.19245070181386634,0.16788971846088727,0.26138507140932365
1092,0,0.32666666666666666,0.2733333333333333,0.22666666666666666,0.23333333333333334,0.32,0.26313356450569564,0.2314749832500635,0.26138507140932365
1093,0,0.11,0.1,0.15333333333333332,0.15,0.08333333333333333,0.11501399837753426,0.19969149816016254,0.24015825914935707
1094,0,0.29333333333333333,0.27,0.25,0.2733333333333333,0.28,0.26603784947145104,0.27089476298013004,0.36155419222903884
1095,1,0.31666666666666665,0.29,0.33666666666666667,0.26666666666666666,0.2,0.2675469589382271,0.2806055707473324,0.36155419222903884
1096,0,0.19333333333333333,0.16,0.19,0.20333333333333334,0.17666666666666667,0.18647447885342616,0.20994265947547353,0.24015825914935707
1097,0,0.19,0.16,0.16,0.13666666666666666,0.20333333333333334,0.1838133601678395,0.16979350364170975,0.26138507140932365
1098,0,0.41,0.39,0.36333333333333334,0.38333333333333336,0.35333333333333333,0.4020318497996826,0.3381651116826154,0.36155419222903884
1099,1,0.31,0.25,0.28,0.30666666666666664,0.2833333333333333,0.3333173507708444,0.33025978210039886,0.26138507140932365
1100,0,0.2733333333333333,0.3,0.23,0.25666666666666665,0.16,0.20602784584079697,0.3103780857991747,0.26138507140932365
1101,1,0.35333333333333333,0.4033333333333333,0.38666666666666666,0.3933333333333333,0.39,0.3492807092938118,0.2834972929775092,0.26138507140932365
1102,0,0.25,0.23666666666666666,0.27666666666666667,0.29333333333333333,0.2,0.2549862527916628,0.2648965555867191,0.24015825914935707
1103,1,0.37666666666666665,0.4,0.42333333333333334,0.38,0.36333333333333334,0.39967514856160347,0.3145755625133301,0.26138507140932365
1104,0,0.15,0.21333333333333335,0.16,0.16,0.12666666666666668,0.1582908297001953,0.2811315545492706,0.24015825914935707
1105,0,0.22,0.22666666666666666,0.2,0.22333333333333333,0.15333333333333332,0.15853579978733381,0.2636129968168579,0.26138507140932365
1106,0,0.12333333333333334,0.09666666666666666,0.15333333333333332,0.13333333333333333,0.1,0.10525888581961514,0.18843353007552982,0.24015825914935707
1107,0,0.30333333333333334,0.2733333333333333,0.26,0.24333333333333335,0.31,0.24378838486272983,0.28858266231706936,0.26138507140932365
1108,0,0.33,0.34,0.3233333333333333,0.3333333333333333,0.33,0.3583554335955951,0.3153105850859049,0.36155419222903884
1109,0,0.4633333333333333,0.4033333333333333,0.42,0.48,0.37,0.4462187999760469,0.3884759307198648,0.36155419222903884
1110,0,0.39666666666666667,0.3933333333333333,0.44,0.42333333333333334,0.39666666666666667,0.4114873748504757,0.37485598245813867,0.37055837563451777
1111,0,0.4666666666666667,0.48,0.44333333333333336,0.42,0.36,0.45922778935310055,0.3153105850859049,0.36155419222903884
1112,0,0.2866666666666667,0.25333333333333335,0.30333333333333334,0.31666666666666665,0.25333333333333335,0.27530541651433404,0.23625742228973878,0.24015825914935707
1113,0,0.12,0.13,0.11333333333333333,0.12,0.10333333333333333,0.14568717425729225,0.21470869818944857,0.24015825914935707
1114,0,0.32666666666666666,0.36666666666666664,0.4066666666666667,0.38333333333333336,0.3566666666666667,0.3293210298403147,0.2562167075222563,0.26138507140932365
1115,1,0.41333333333333333,0.41,0.43666666666666665,0.42,0.2633333333333333,0.3667446588280677,0.22897788743627895,0.26138507140932365
1116,0,0.39,0.39666666666666667,0.37666666666666665,0.38666666666666666,0.36333333333333334,0.3528852808744657,0.2648965555867191,0.24015825914935707
1117,0,0.24666666666666667,0.3,0.2633333333333333,0.2733333333333333,0.21666666666666667,0.2777882755251905,0.31154540926161534,0.26138507140932365
1118,0,0.3566666666666667,0.3466666666666667,0.41,0.37333333333333335,0.38666666666666666,0.37708932040922144,0.3350374477581962,0.36155419222903884
1119,0,0.47333333333333333,0.39666666666666667,0.44333333333333336,0.4066666666666667,0.42333333333333334,0.4235711203026223,0.3381651116826154,0.36155419222903884
1120,0,0.25333333333333335,0.20666666666666667,0.21333333333333335,0.27,0.21,0.24850062982228466,0.29427302515861054,0.26138507140932365
1121,0,0.39,0.45,0.37333333333333335,0.4266666666666667,0.35,0.4466629519248929,0.39168765079838325,0.36155419222903884
1122,0,0.17666666666666667,0.24333333333333335,0.23666666666666666,0.25,0.14666666666666667,0.19249169499387508,0.2640656224049783,0.24015825914935707
1123,0,0.29333333333333333,0.2866666666666667,0.27666666666666667,0.26666666666666666,0.2633333333333333,0.27324171767412503,0.2935266127655691,0.26138507140932365
1124,0,0.37,0.3333333333333333,0.3433333333333333,0.29,0.25333333333333335,0.36141823253686844,0.34078327246629003,0.26138507140932365
1125,0,0.30666666666666664,0.30666666666666664,0.2866666666666667,0.3233333333333333,0.24,0.35677451431207063,0.39087622657056803,0.37055837563451777
1126,1,0.4166666666666667,0.39666666666666667,0.36333333333333334,0.3566666666666667,0.37,0.3529965793283452,0.20994265947547353,0.24015825914935707
1127,0,0.31333333333333335,0.3566666666666667,0.36,0.36333333333333334,0.26,0.347115250749141,0.3854696899114028,0.36155419222903884
1128,0,0.20333333333333334,0.26666666666666666,0.24,0.20333333333333334,0.15333333333333332,0.17816964732837487,0.24015794398221083,0.26138507140932365
1129,1,0.38666666666666666,0.4533333333333333,0.48333333333333334,0.41333333333333333,0.27666666666666667,0.42855382207164966,0.320377453106168,0.24015825914935707
1130,0,0.22666666666666666,0.2,0.24666666666666667,0.30333333333333334,0.25333333333333335,0.23805844319338865,0.15987019596965416,0.24015825914935707
1131,0,0.39,0.39666666666666667,0.3933333333333333,0.4,0.29,0.35734640175580445,0.2918539929442319,0.24015825914935707
1132,0,0.2833333333333333,0.24333333333333335,0.28,0.28,0.13,0.22109534273260006,0.3398431229305702,0.37055837563451777
1133,0,0.2833333333333333,0.20333333333333334,0.23333333333333334,0.22,0.22666666666666666,0.24530149807927826,0.2947746275153752,0.24015825914935707
1134,0,0.08333333333333333,0.08333333333333333,0.07,0.06333333333333334,0.07,0.07811535754603555,0.11813244480500412,0.24015825914935707
1135,0,0.11333333333333333,0.17333333333333334,0.14333333333333334,0.15,0.11666666666666667,0.13843049259605314,0.1717889760640705,0.26138507140932365
1136,1,0.43,0.39,0.42,0.38666666666666666,0.33,0.4322727321311257,0.4208307093354709,0.36155419222903884
1137,0,0.22,0.21,0.22666666666666666,0.24,0.18,0.19752321518233396,0.2771998571629701,0.24015825914935707
1138,0,0.36666666666666664,0.27,0.29,0.27666666666666667,0.30666666666666664,0.2754811328204241,0.21940198113728415,0.26138507140932365
1139,0,0.42333333333333334,0.41333333333333333,0.3933333333333333,0.36666666666666664,0.35333333333333333,0.4378004312213926,0.3049077953845557,0.36155419222903884
1140,0,0.24666666666666667,0.24666666666666667,0.24,0.25666666666666665,0.15333333333333332,0.23494762943328676,0.2691033009110516,0.26138507140932365
1141,1,0.29,0.24666666666666667,0.28,0.27666666666666667,0.14,0.23265619555529649,0.3350374477581962,0.36155419222903884
1142,1,0.46,0.4866666666666667,0.4066666666666667,0.4633333333333333,0.38,0.4077496142744084,0.3504250090504435,0.36155419222903884
1143,1,0.33,0.4033333333333333,0.38333333333333336,0.36666666666666664,0.3333333333333333,0.356767429993155,0.2970271224114387,0.36155419222903884
1144,0,0.21,0.19666666666666666,0.19666666666666666,0.22333333333333333,0.13666666666666666,0.18579620636112323,0.25354075836922496,0.26138507140932365
1145,0,0.24,0.2633333333333333,0.24,0.2733333333333333,0.15,0.22886575755393865,0.2314749832500635,0.26138507140932365
1146,0,0.29,0.29,0.3,0.30333333333333334,0.2966666666666667,0.31902776589578097,0.2934040785446578,0.26138507140932365
1147,1,0.35333333333333333,0.35,0.3433333333333333,0.2966666666666667,0.2733333333333333,0.3300327666271702,0.3359688769253456,0.24015825914935707
1148,0,0.35333333333333333,0.36,0.38666666666666666,0.41,0.36666666666666664,0.36642294941118186,0.23702903478331502,0.24015825914935707
1149,0,0.5466666666666666,0.48333333333333334,0.51,0.47333333333333333,0.4066666666666667,0.48774444910285275,0.4714615435432226,0.36155419222903884
1150,0,0.2633333333333333,0.31,0.2866666666666667,0.31333333333333335,0.22333333333333333,0.29893519027819443,0.2562167075222563,0.26138507140932365
1151,0,0.32,0.37,0.36,0.3333333333333333,0.30333333333333334,0.3207536495342423,0.2640656224049783,0.24015825914935707
1152,0,0.30666666666666664,0.22333333333333333,0.2633333333333333,0.2633333333333333,0.20666666666666667,0.24554595544611732,0.2947746275153752,0.24015825914935707
1153,1,0.4066666666666667,0.38666666666666666,0.3433333333333333,0.43,0.36666666666666664,0.41359905566136834,0.3162313554731408,0.36155419222903884
1154,0,0.12,0.17666666666666667,0.18666666666666668,0.16,0.12666666666666668,0.15471763082095405,0.2771998571629701,0.24015825914935707
1155,0,0.17333333333333334,0.18,0.17333333333333334,0.13333333333333333,0.08333333333333333,0.14140122213521683,0.2295798967796086,0.24015825914935707
1156,0,0.31333333333333335,0.24333333333333335,0.31,0.2733333333333333,0.30333333333333334,0.29816199900653473,0.288967642249189,0.24015825914935707
1157,1,0.3566666666666667,0.35333333333333333,0.34,0.3333333333333333,0.27,0.33286271077706314,0.3854696899114028,0.36155419222903884
1158,0,0.19333333333333333,0.24,0.2,0.25333333333333335,0.21,0.2181274395023722,0.29427302515861054,0.26138507140932365
1159,0,0.19,0.16333333333333333,0.23,0.17,0.16666666666666666,0.1751953147701718,0.22554672701415687,0.26138507140932365
1160,0,0.23333333333333334,0.29333333333333333,0.30666666666666664,0.31,0.21333333333333335,0.26951088849005533,0.22109222166125206,0.24015825914935707
1161,0,0.2866666666666667,0.33666666666666667,0.31666666666666665,0.38333333333333336,0.30666666666666664,0.30976904103370306,0.2527490125155198,0.26138507140932365
1162,1,0.12,0.13333333333333333,0.17,0.12666666666666668,0.17333333333333334,0.1387082959538956,0.16119421159919672,0.26138507140932365
1163,1,0.38333333333333336,0.36,0.42333333333333334,0.38666666666666666,0.39666666666666667,0.412092902453624,0.3381651116826154,0.36155419222903884
1164,0,0.22333333333333333,0.2733333333333333,0.25,0.30333333333333334,0.18333333333333332,0.2716699717131597,0.3504250090504435,0.36155419222903884
1165,0,0.30666666666666664,0.3233333333333333,0.34,0.30333333333333334,0.24,0.3343195605857592,0.30283079751085085,0.24015825914935707
1166,0,0.20666666666666667,0.23,0.21333333333333335,0.23,0.23333333333333334,0.226312812202676,0.27440227398480777,0.24015825914935707
1167,0,0.44,0.47333333333333333,0.4866666666666667,0.45666666666666667,0.37666666666666665,0.4854373362982274,0.4474010339802737,0.36155419222903884
1168,0,0.19666666666666666,0.16666666666666666,0.18666666666666668,0.17,0.17333333333333334,0.17317330548340618,0.24847551108432797,0.24015825914935707
1169,0,0.26,0.20333333333333334,0.29333333333333333,0.2833333333333333,0.17666666666666667,0.24668955672807305,0.2771998571629701,0.24015825914935707
1170,0,0.17333333333333334,0.15,0.15333333333333332,0.12333333333333334,0.16,0.20363780092568148,0.18958138369789906,0.26138507140932365
1171,0,0.22333333333333333,0.27,0.22333333333333333,0.23,0.13666666666666666,0.19249553824141166,0.30283079751085085,0.24015825914935707
1172,0,0.32666666666666666,0.39666666666666667,0.36333333333333334,0.36,0.29333333333333333,0.3800452477648475,0.33857873263665667,0.26138507140932365
1173,1,0.36666666666666664,0.4033333333333333,0.35333333333333333,0.32666666666666666,0.2633333333333333,0.38232992232817925,0.30283079751085085,0.24015825914935707
1174,1,0.38333333333333336,0.35333333333333333,0.4533333333333333,0.43666666666666665,0.33,0.38616025485932187,0.2550316152661988,0.24015825914935707
1175,0,0.30666666666666664,0.30666666666666664,0.21333333333333335,0.25,0.2833333333333333,0.2772653028633394,0.18291339464259918,0.26138507140932365
1176,0,0.24333333333333335,0.21,0.22333333333333333,0.25333333333333335,0.18333333333333332,0.24197647014086476,0.25686647262428014,0.24015825914935707
1177,0,0.34,0.3933333333333333,0.34,0.36666666666666664,0.38666666666666666,0.35062213275249393,0.24093827671977266,0.26138507140932365
1178,0,0.4866666666666667,0.43333333333333335,0.43333333333333335,0.43666666666666665,0.39,0.48016211559211286,0.4208307093354709,0.36155419222903884
1179,0,0.37,0.41,0.39666666666666667,0.36,0.31,0.362908520618046,0.3124602022134065,0.26138507140932365
1180,0,0.31666666666666665,0.29333333333333333,0.28,0.3,0.33,0.2934523426818741,0.2970271224114387,0.36155419222903884
1181,0,0.17666666666666667,0.16333333333333333,0.2,0.18333333333333332,0.15666666666666668,0.16983653100825769,0.2389898071098169,0.24015825914935707
1182,0,0.24333333333333335,0.24333333333333335,0.26,0.19666666666666666,0.14666666666666667,0.23016773025752518,0.22043316997450332,0.24015825914935707
1183,1,0.25333333333333335,0.22666666666666666,0.23333333333333334,0.19,0.27666666666666667,0.2710914550715205,0.27089476298013004,0.36155419222903884
1184,1,0.36,0.37,0.4066666666666667,0.37666666666666665,0.2633333333333333,0.39624490098661036,0.3665719560558939,0.36155419222903884
1185,0,0.21666666666666667,0.31,0.27666666666666667,0.31333333333333335,0.27,0.22977386095751287,0.23112534019061864,0.24015825914935707
1186,1,0.33,0.38,0.37666666666666665,0.3433333333333333,0.23,0.38388650668809954,0.4068310622732451,0.37055837563451777
1187,1,0.30666666666666664,0.24333333333333335,0.2866666666666667,0.27,0.22666666666666666,0.2652015030613574,0.2640656224049783,0.24015825914935707
1188,0,0.20666666666666667,0.23666666666666666,0.21333333333333335,0.20333333333333334,0.14,0.21072999093295774,0.2947746275153752,0.24015825914935707
1189,1,0.43333333333333335,0.43333333333333335,0.41,0.44666666666666666,0.36,0.39552152057015827,0.29631627537685995,0.26138507140932365
1190,0,0.08666666666666667,0.09333333333333334,0.10666666666666667,0.10333333333333333,0.14,0.10956832018014999,0.12632314219568097,0.24015825914935707
1191,0,0.15333333333333332,0.14666666666666667,0.17666666666666667,0.16666666666666666,0.14666666666666667,0.16533203516271103,0.16979350364170975,0.26138507140932365
1192,1,0.25,0.24333333333333335,0.26666666666666666,0.26666666666666666,0.25666666666666665,0.26633234410190576,0.3228652439593705,0.36155419222903884
1193,1,0.24666666666666667,0.23333333333333334,0.25,0.26666666666666666,0.17,0.22723642299521643,0.27440227398480777,0.24015825914935707
1194,1,0.1,0.11666666666666667,0.13,0.08,0.09,0.14531243736171576,0.2006887095788808,0.26138507140932365
1195,1,0.3,0.36333333333333334,0.39666666666666667,0.35,0.27,0.3678908672453409,0.3049077953845557,0.36155419222903884
1196,0,0.46,0.4266666666666667,0.43,0.4666666666666667,0.36666666666666664,0.48774444910285275,0.4714615435432226,0.36155419222903884
1197,1,0.13666666666666666,0.1,0.09,0.08,0.12666666666666668,0.12722508583598832,0.14506721791334348,0.26138507140932365
1198,0,0.19333333333333333,0.20666666666666667,0.18,0.12666666666666668,0.16333333333333333,0.16459021081994413,0.2784282843022545,0.24015825914935707
1199,1,0.32666666666666666,0.30333333333333334,0.33666666666666667,0.32,0.2733333333333333,0.30803350730317913,0.3350374477581962,0.36155419222903884
1200,0,0.22666666666666666,0.23333333333333334,0.21333333333333335,0.26,0.21333333333333335,0.2484686335828392,0.22043316997450332,0.24015825914935707
1201,0,0.21666666666666667,0.15666666666666668,0.15333333333333332,0.19,0.12333333333333334,0.1490610730663059,0.3234348277145749,0.24015825914935707
1202,0,0.21666666666666667,0.21333333333333335,0.26,0.22666666666666666,0.15666666666666668,0.1952677270288224,0.24586921136501827,0.24015825914935707
1203,0,0.19666666666666666,0.25666666666666665,0.21666666666666667,0.24,0.21666666666666667,0.22823864919630923,0.32599511748307464,0.26138507140932365
1204,0,0.43333333333333335,0.5,0.4266666666666667,0.4633333333333333,0.31,0.4337635063165702,0.3660124547206031,0.36155419222903884
1205,0,0.35333333333333333,0.42333333333333334,0.37666666666666665,0.4533333333333333,0.30333333333333334,0.38104709803917164,0.3359688769253456,0.24015825914935707
1206,0,0.18666666666666668,0.18333333333333332,0.17333333333333334,0.16666666666666666,0.15333333333333332,0.16569917697650477,0.2521419161634637,0.24015825914935707
1207,0,0.4066666666666667,0.36333333333333334,0.36666666666666664,0.38666666666666666,0.38666666666666666,0.3646816272253264,0.30040642297623166,0.26138507140932365
1208,0,0.15666666666666668,0.15,0.12333333333333334,0.12666666666666668,0.18333333333333332,0.1581865871960871,0.17507817734471545,0.24015825914935707
1209,0,0.24666666666666667,0.2866666666666667,0.29333333333333333,0.28,0.25333333333333335,0.29467317268247095,0.250662267900863,0.26138507140932365
1210,1,0.24333333333333335,0.23,0.24666666666666667,0.23666666666666666,0.22,0.24586472997072154,0.2970271224114387,0.36155419222903884
1211,0,0.36333333333333334,0.38,0.37,0.32,0.39,0.3446793271782138,0.2782927534040111,0.24015825914935707
1212,0,0.41333333333333333,0.4866666666666667,0.44666666666666666,0.44666666666666666,0.32666666666666666,0.4190502269655602,0.42000059576552096,0.37055837563451777
1213,1,0.47,0.4166666666666667,0.45666666666666667,0.39666666666666667,0.44333333333333336,0.4515187372919967,0.3234348277145749,0.24015825914935707
1214,0,0.14,0.13333333333333333,0.16666666666666666,0.15,0.07333333333333333,0.14146605555074093,0.22692301590519084,0.24015825914935707
1215,0,0.35,0.3333333333333333,0.3933333333333333,0.41,0.25,0.3519197794188657,0.375855184758263,0.37055837563451777
1216,1,0.14666666666666667,0.19666666666666666,0.18333333333333332,0.24333333333333335,0.13,0.16885166534648724,0.20126532051558177,0.24015825914935707
1217,1,0.53,0.41333333333333333,0.49666666666666665,0.38,0.39666666666666667,0.4295689128287992,0.3140143391721174,0.37055837563451777
1218,1,0.37333333333333335,0.47,0.4633333333333333,0.3933333333333333,0.42,0.44522723354694405,0.35350399619623046,0.36155419222903884
1219,1,0.14333333333333334,0.15,0.11333333333333333,0.08333333333333333,0.07333333333333333,0.13430186314041992,0.24093827671977266,0.26138507140932365
1220,0,0.24,0.25,0.25333333333333335,0.25333333333333335,0.27666666666666667,0.27859801059485445,0.2521419161634637,0.24015825914935707
1221,0,0.09666666666666666,0.07666666666666666,0.1,0.09333333333333334,0.09333333333333334,0.11798841270311804,0.20543937936866058,0.26138507140932365
1222,0,0.30333333333333334,0.3333333333333333,0.3333333333333333,0.36666666666666664,0.27,0.332289113519783,0.3061892063043738,0.24015825914935707
1223,0,0.12666666666666668,0.12,0.11,0.12333333333333334,0.08,0.12673391305011278,0.21470869818944857,0.24015825914935707
1224,0,0.22666666666666666,0.23333333333333334,0.18,0.24,0.21,0.21327651361272973,0.2295798967796086,0.24015825914935707
1225,0,0.37333333333333335,0.31666666666666665,0.35333333333333333,0.3433333333333333,0.30666666666666664,0.3724461119071718,0.37485598245813867,0.37055837563451777
1226,0,0.32666666666666666,0.31,0.33666666666666667,0.35,0.25,0.30833180458475345,0.2691033009110516,0.26138507140932365
1227,1,0.24333333333333335,0.30333333333333334,0.21666666666666667,0.2633333333333333,0.2633333333333333,0.24003396169064145,0.23625742228973878,0.24015825914935707
1228,0,0.32666666666666666,0.14,0.27,0.22666666666666666,0.21,0.23623203272371446,0.22646650266530663,0.24015825914935707
1229,0,0.22,0.27,0.2633333333333333,0.22333333333333333,0.21666666666666667,0.26903183020544696,0.2154608725234475,0.24015825914935707
1230,0,0.24,0.29333333333333333,0.2966666666666667,0.2966666666666667,0.21,0.2664331707393333,0.2691033009110516,0.26138507140932365
1231,0,0.21,0.15,0.18333333333333332,0.15666666666666668,0.15333333333333332,0.17509714264810486,0.22457815574874954,0.24015825914935707
1232,0,0.20333333333333334,0.25666666666666665,0.22,0.20333333333333334,0.17333333333333334,0.2261924667044409,0.2918539929442319,0.24015825914935707
1233,0,0.13333333333333333,0.16333333333333333,0.11666666666666667,0.13333333333333333,0.11666666666666667,0.13985566678941103,0.22446068351418602,0.24015825914935707
1234,0,0.26,0.27,0.30666666666666664,0.25,0.21666666666666667,0.24407614125436458,0.28263044576402363,0.26138507140932365
1235,0,0.34,0.37333333333333335,0.35,0.29333333333333333,0.22333333333333333,0.3402669223912792,0.3381651116826154,0.36155419222903884
1236,0,0.30666666666666664,0.29,0.31,0.29333333333333333,0.19666666666666666,0.2690278568457128,0.2811315545492706,0.24015825914935707
1237,0,0.2633333333333333,0.28,0.3,0.2633333333333333,0.16,0.2306475294776976,0.35617700326769625,0.26138507140932365
1238,1,0.4166666666666667,0.42333333333333334,0.44666666666666666,0.4166666666666667,0.3333333333333333,0.43940461122478425,0.34174130109589973,0.26138507140932365
1239,0,0.21666666666666667,0.2966666666666667,0.27666666666666667,0.27,0.18666666666666668,0.20302216627775063,0.2513373126252292,0.24015825914935707
1240,0,0.35333333333333333,0.3566666666666667,0.31333333333333335,0.2866666666666667,0.2633333333333333,0.3177094239669462,0.26216190592306277,0.24015825914935707
1241,1,0.31,0.2966666666666667,0.31,0.30333333333333334,0.3,0.3168918677273829,0.3350374477581962,0.36155419222903884
1242,0,0.3933333333333333,0.37333333333333335,0.38,0.37,0.37333333333333335,0.3421091733435599,0.2165155277954629,0.26138507140932365
1243,0,0.21666666666666667,0.23333333333333334,0.24,0.21333333333333335,0.19666666666666666,0.22394103467963944,0.2502079546893044,0.26138507140932365
1244,0,0.2733333333333333,0.2733333333333333,0.19333333333333333,0.24333333333333335,0.20333333333333334,0.25199635418827965,0.25686647262428014,0.24015825914935707
1245,0,0.4866666666666667,0.47,0.47,0.4866666666666667,0.4166666666666667,0.5046451165355625,0.4714615435432226,0.36155419222903884
1246,0,0.3,0.35333333333333333,0.4066666666666667,0.36666666666666664,0.35,0.36655174419392966,0.2947746275153752,0.24015825914935707
1247,0,0.31333333333333335,0.32,0.33,0.36333333333333334,0.3433333333333333,0.31367231612610025,0.32050614254890125,0.36155419222903884
1248,0,0.22333333333333333,0.29,0.31333333333333335,0.31666666666666665,0.26,0.24916952965033334,0.3090465688470764,0.24015825914935707
1249,0,0.16666666666666666,0.19333333333333333,0.19666666666666666,0.13666666666666666,0.16,0.2121508461994309,0.24586921136501827,0.24015825914935707
1250,1,0.21666666666666667,0.16,0.2,0.23,0.18,0.1798123103492683,0.19210171916015853,0.24015825914935707
1251,1,0.14,0.19,0.18,0.18,0.24,0.21176791017416052,0.2562167075222563,0.26138507140932365
1252,0,0.38333333333333336,0.42333333333333334,0.48333333333333334,0.43666666666666665,0.34,0.42524329643641856,0.3825745689179372,0.36155419222903884
1253,1,0.11,0.10666666666666667,0.15333333333333332,0.08666666666666667,0.12,0.10758096669073636,0.1890876206531208,0.24015825914935707
1254,0,0.19,0.25,0.19,0.21666666666666667,0.13666666666666666,0.1830032067927494,0.30738805874413416,0.26138507140932365
1255,1,0.37666666666666665,0.4,0.36666666666666664,0.38333333333333336,0.38,0.4192971119520806,0.37485598245813867,0.37055837563451777
1256,0,0.30666666666666664,0.31333333333333335,0.31,0.3333333333333333,0.24333333333333335,0.35083005972323983,0.32383924742999354,0.26138507140932365
1257,1,0.4633333333333333,0.44666666666666666,0.43,0.38,0.39666666666666667,0.49108329735326695,0.4602534183510434,0.37055837563451777
1258,0,0.20333333333333334,0.18666666666666668,0.2633333333333333,0.24333333333333335,0.2,0.22133479405821516,0.16579312925350426,0.26138507140932365
1259,1,0.38333333333333336,0.35,0.42333333333333334,0.41,0.4066666666666667,0.43697335865445947,0.2947746275153752,0.24015825914935707
1260,0,0.38333333333333336,0.31333333333333335,0.35,0.39,0.35,0.40607858808363223,0.29947089947066163,0.26138507140932365
1261,1,0.2733333333333333,0.36,0.36,0.32666666666666666,0.2733333333333333,0.29604783909874816,0.1695178627391783,0.24015825914935707
1262,0,0.37,0.36333333333333334,0.31666666666666665,0.3333333333333333,0.29,0.34113203373771694,0.3667091888368304,0.36155419222903884
1263,0,0.38,0.2866666666666667,0.29,0.27,0.3466666666666667,0.27417511145196516,0.2648965555867191,0.24015825914935707
1264,1,0.09666666666666666,0.13,0.15,0.15,0.14333333333333334,0.12423094694881441,0.14308834204676799,0.24015825914935707
1265,0,0.27666666666666667,0.28,0.24,0.21,0.20666666666666667,0.2727398863466201,0.33682113017805787,0.37055837563451777
1266,1,0.48333333333333334,0.39,0.38333333333333336,0.38666666666666666,0.38666666666666666,0.38286424937676405,0.32674410286653693,0.36155419222903884
1267,1,0.37333333333333335,0.44666666666666666,0.3933333333333333,0.4033333333333333,0.36,0.447569099202734,0.39168765079838325,0.36155419222903884
1268,1,0.4066666666666667,0.39666666666666667,0.46,0.48,0.32666666666666666,0.41125681681046083,0.39871429319568563,0.36155419222903884
1269,1,0.3,0.2,0.23666666666666666,0.27,0.22,0.28338879942424533,0.29631627537685995,0.26138507140932365
1270,0,0.13333333333333333,0.11666666666666667,0.12,0.09666666666666666,0.07666666666666666,0.12748777619849067,0.20264217015810185,0.24015825914935707
1271,0,0.2966666666666667,0.27,0.29333333333333333,0.27,0.19333333333333333,0.2410194410782769,0.30776449923531707,0.26138507140932365
1272,0,0.3,0.3,0.31,0.3,0.26666666666666666,0.34937821053605567,0.3569586074699923,0.36155419222903884
1273,0,0.2833333333333333,0.24666666666666667,0.26666666666666666,0.29,0.19333333333333333,0.24620508148527748,0.22109222166125206,0.24015825914935707
1274,1,0.16666666666666666,0.17,0.14333333333333334,0.15666666666666668,0.19666666666666666,0.1937931425644517,0.25686647262428014,0.24015825914935707
1275,0,0.2,0.12666666666666668,0.18,0.2,0.14,0.19337468030818383,0.3065730159911468,0.26138507140932365
1276,1,0.2,0.25333333333333335,0.22333333333333333,0.23333333333333334,0.18666666666666668,0.21209038879234182,0.29947089947066163,0.26138507140932365
1277,0,0.3333333333333333,0.29,0.2733333333333333,0.29,0.22,0.2908318573377333,0.39168765079838325,0.36155419222903884
1278,0,0.2833333333333333,0.31333333333333335,0.31666666666666665,0.22333333333333333,0.26,0.26820405431865096,0.27017620748533366,0.26138507140932365
1279,0,0.25666666666666665,0.3333333333333333,0.3,0.2866666666666667,0.30333333333333334,0.2602518449624448,0.20126532051558177,0.24015825914935707
1280,1,0.25,0.17666666666666667,0.16333333333333333,0.21333333333333335,0.26666666666666666,0.22233065175620215,0.24847551108432797,0.24015825914935707
1281,1,0.45,0.31,0.36333333333333334,0.37333333333333335,0.42333333333333334,0.335889839177848,0.24847551108432797,0.24015825914935707
1282,1,0.19,0.18666666666666668,0.21,0.24666666666666667,0.19666666666666666,0.2338912974724928,0.2640656224049783,0.24015825914935707
1283,0,0.48,0.45666666666666667,0.44333333333333336,0.49333333333333335,0.4,0.46836304927167294,0.4381590203455499,0.36155419222903884
1284,0,0.14,0.15,0.19666666666666666,0.17666666666666667,0.09666666666666666,0.16268260195531611,0.3234348277145749,0.24015825914935707
1285,0,0.25666666666666665,0.27,0.27,0.26,0.23,0.27497774773575495,0.367458881142241,0.37055837563451777
1286,1,0.3433333333333333,0.39666666666666667,0.44666666666666666,0.4266666666666667,0.36666666666666664,0.361075348171541,0.27991837484801163,0.26138507140932365
1287,0,0.45,0.44333333333333336,0.45,0.3933333333333333,0.32666666666666666,0.4259933788865256,0.32640201523708656,0.26138507140932365
1288,1,0.14666666666666667,0.18666666666666668,0.16333333333333333,0.18,0.16333333333333333,0.19496471345204056,0.29577357074107885,0.37055837563451777
1289,0,0.27666666666666667,0.2866666666666667,0.33666666666666667,0.30333333333333334,0.26666666666666666,0.31205916401307093,0.26216190592306277,0.24015825914935707
1290,1,0.24,0.20666666666666667,0.27666666666666667,0.24666666666666667,0.21,0.24589846515355065,0.2388093159852975,0.24015825914935707
1291,0,0.3566666666666667,0.33,0.3433333333333333,0.3233333333333333,0.25666666666666665,0.35051059552148656,0.2389898071098169,0.24015825914935707
1292,0,0.26,0.21333333333333335,0.24666666666666667,0.19,0.21333333333333335,0.27706174212155354,0.32768228233868973,0.36155419222903884
1293,1,0.3566666666666667,0.44666666666666666,0.42,0.32666666666666666,0.23,0.3780740297815508,0.44064509585710243,0.37055837563451777
1294,0,0.33666666666666667,0.37,0.33,0.37333333333333335,0.36333333333333334,0.3786200111354682,0.22554672701415687,0.26138507140932365
1295,1,0.39,0.41,0.42333333333333334,0.38,0.3933333333333333,0.4447883325808238,0.36018006712549516,0.36155419222903884
1296,0,0.19333333333333333,0.2966666666666667,0.28,0.26,0.26,0.27960375663736325,0.3145755625133301,0.26138507140932365
1297,0,0.21666666666666667,0.19,0.19666666666666666,0.20333333333333334,0.24333333333333335,0.22259143198815043,0.1991173009629692,0.24015825914935707
1298,1,0.19,0.23666666666666666,0.25666666666666665,0.3,0.23666666666666666,0.24170604810733012,0.19746245217220945,0.24015825914935707
1299,1,0.20666666666666667,0.19,0.21,0.19333333333333333,0.12666666666666668,0.187080481182482,0.30776449923531707,0.26138507140932365
1300,0,0.4066666666666667,0.37666666666666665,0.44,0.42,0.41333333333333333,0.4439398753235406,0.38867903895813516,0.37055837563451777
1301,0,0.2866666666666667,0.25,0.25333333333333335,0.26666666666666666,0.22,0.2484443178986061,0.24452965277925676,0.26138507140932365
1302,1,0.42,0.39,0.41,0.43666666666666665,0.3566666666666667,0.41997146703334576,0.3572905572863312,0.37055837563451777
1303,0,0.35333333333333333,0.36,0.36333333333333334,0.3566666666666667,0.36333333333333334,0.36104047625440644,0.22692301590519084,0.24015825914935707
1304,0,0.2833333333333333,0.32666666666666666,0.32,0.31666666666666665,0.3,0.32058526581326635,0.3020543181984557,0.36155419222903884
1305,0,0.20333333333333334,0.18333333333333332,0.24666666666666667,0.17333333333333334,0.19,0.21638864369945074,0.21117349428073792,0.26138507140932365
1306,0,0.22333333333333333,0.23,0.23,0.24,0.21333333333333335,0.23215114255893307,0.24949424902571704,0.24015825914935707
1307,1,0.4533333333333333,0.41333333333333333,0.37666666666666665,0.38333333333333336,0.35,0.38023114073742376,0.3153105850859049,0.36155419222903884
1308,0,0.26666666666666666,0.29,0.31666666666666665,0.32,0.22,0.3121665615919686,0.2680116812332717,0.26138507140932365
1309,1,0.26666666666666666,0.30333333333333334,0.2833333333333333,0.29333333333333333,0.24,0.3160545581770719,0.2970271224114387,0.36155419222903884
1310,1,0.31666666666666665,0.2833333333333333,0.2733333333333333,0.31,0.19666666666666666,0.2737682557689441,0.3381651116826154,0.36155419222903884
1311,0,0.3,0.27666666666666667,0.32666666666666666,0.31333333333333335,0.2833333333333333,0.30774541780767445,0.22383624221339543,0.26138507140932365
1312,1,0.33666666666666667,0.38333333333333336,0.35333333333333333,0.38333333333333336,0.36666666666666664,0.3218362648549271,0.24193606064238943,0.26138507140932365
1313,0,0.14,0.15666666666666668,0.14,0.15666666666666668,0.11333333333333333,0.18115721937889015,0.22351372081634296,0.24015825914935707
1314,0,0.2,0.18333333333333332,0.16,0.20666666666666667,0.15333333333333332,0.1844086683997771,0.19022562705350352,0.26138507140932365
1315,0,0.21,0.20333333333333334,0.21333333333333335,0.19,0.12666666666666668,0.17984215437524378,0.2174411439436932,0.26138507140932365
1316,0,0.23,0.21333333333333335,0.23333333333333334,0.21333333333333335,0.14,0.19226433302543153,0.25946161065336815,0.24015825914935707
1317,0,0.16666666666666666,0.25,0.19666666666666666,0.18,0.16,0.19794712273446127,0.18054196023846567,0.24015825914935707
1318,0,0.21,0.22333333333333333,0.17666666666666667,0.21333333333333335,0.17333333333333334,0.19917126080950998,0.27673318417552534,0.26138507140932365
1319,0,0.32,0.39666666666666667,0.38666666666666666,0.33666666666666667,0.32,0.3397995616404099,0.26670286018451606,0.26138507140932365
1320,0,0.33,0.3466666666666667,0.36666666666666664,0.33,0.3566666666666667,0.3140229387823804,0.1890876206531208,0.24015825914935707
1321,0,0.31,0.27,0.31666666666666665,0.3233333333333333,0.2633333333333333,0.3302517989078566,0.2841898074838542,0.24015825914935707
1322,1,0.11333333333333333,0.2,0.15666666666666668,0.14,0.07666666666666666,0.14523878830834638,0.18291339464259918,0.26138507140932365
1323,0,0.18,0.21333333333333335,0.20666666666666667,0.21,0.17,0.21159206279008466,0.22351372081634296,0.24015825914935707
1324,0,0.13,0.12333333333333334,0.1,0.13,0.13666666666666666,0.12007660372272405,0.14070933018291107,0.24015825914935707
1325,0,0.45666666666666667,0.4,0.46,0.4,0.35333333333333333,0.45819702779617005,0.40357755082912206,0.37055837563451777
1326,0,0.16333333333333333,0.14666666666666667,0.16333333333333333,0.15,0.08,0.1494456529804706,0.2947746275153752,0.24015825914935707
1327,1,0.4166666666666667,0.4033333333333333,0.4066666666666667,0.4033333333333333,0.34,0.389123059944825,0.3569586074699923,0.36155419222903884
1328,0,0.2866666666666667,0.20333333333333334,0.26,0.23666666666666666,0.20333333333333334,0.3078468248521278,0.35097387368585414,0.36155419222903884
1329,1,0.33,0.36,0.4,0.36333333333333334,0.3233333333333333,0.33293029764916526,0.2811315545492706,0.24015825914935707
1330,1,0.17,0.17333333333333334,0.15666666666666668,0.16333333333333333,0.09333333333333334,0.1561739063255886,0.3381651116826154,0.36155419222903884
1331,1,0.20333333333333334,0.2633333333333333,0.17333333333333334,0.18333333333333332,0.15666666666666668,0.17207169668026703,0.26634095786530554,0.26138507140932365
1332,0,0.18666666666666668,0.16,0.18666666666666668,0.2,0.12666666666666668,0.1557933518642596,0.22692301590519084,0.24015825914935707
1333,0,0.2833333333333333,0.22333333333333333,0.2733333333333333,0.23333333333333334,0.23,0.29385261247476324,0.19022562705350352,0.26138507140932365
1334,0,0.21666666666666667,0.22,0.26666666666666666,0.21666666666666667,0.23,0.2209799680811902,0.23244557836968993,0.26138507140932365
1335,0,0.13333333333333333,0.11666666666666667,0.10666666666666667,0.16,0.08333333333333333,0.1209450720211811,0.2031489063561832,0.26138507140932365
1336,0,0.25666666666666665,0.29,0.25333333333333335,0.26,0.19333333333333333,0.27840163374768995,0.29631627537685995,0.26138507140932365
1337,0,0.4766666666666667,0.44666666666666666,0.44666666666666666,0.42333333333333334,0.3566666666666667,0.4417263514847395,0.367458881142241,0.37055837563451777
1338,0,0.11333333333333333,0.12333333333333334,0.14666666666666667,0.09,0.11333333333333333,0.1188030507992791,0.2128914088862743,0.24015825914935707
1339,0,0.06,0.09333333333333334,0.09,0.09,0.07666666666666666,0.11521622173530234,0.15467153650866153,0.24015825914935707
1340,0,0.37,0.4033333333333333,0.35333333333333333,0.36666666666666664,0.3,0.391763100020542,0.4052822667951281,0.36155419222903884
1341,1,0.15666666666666668,0.14333333333333334,0.19,0.17333333333333334,0.14666666666666667,0.15407609502700367,0.11179722735549329,0.24015825914935707
1342,0,0.29,0.32666666666666666,0.31666666666666665,0.35333333333333333,0.24666666666666667,0.3594489699286795,0.3057960670900827,0.24015825914935707
1343,0,0.2733333333333333,0.3333333333333333,0.25333333333333335,0.23,0.25666666666666665,0.25308346627266604,0.22692301590519084,0.24015825914935707
1344,1,0.30333333333333334,0.4,0.35333333333333333,0.29333333333333333,0.33666666666666667,0.3455559929716566,0.26634095786530554,0.26138507140932365
1345,0,0.23333333333333334,0.2833333333333333,0.23333333333333334,0.30666666666666664,0.31333333333333335,0.2618100333493258,0.22275606597535358,0.24015825914935707
1346,0,0.2,0.23333333333333334,0.23666666666666666,0.24,0.17666666666666667,0.2468235585600791,0.32050532918600705,0.26138507140932365
1347,1,0.42333333333333334,0.41,0.41333333333333333,0.39,0.37333333333333335,0.40446329466818587,0.2640656224049783,0.24015825914935707
1348,0,0.31333333333333335,0.37,0.31666666666666665,0.4166666666666667,0.32666666666666666,0.38586382164646105,0.2918539929442319,0.24015825914935707
1349,0,0.4866666666666667,0.43333333333333335,0.4666666666666667,0.5,0.38666666666666666,0.452396342709214,0.3611627502942744,0.36155419222903884
1350,1,0.23666666666666666,0.27,0.31,0.3233333333333333,0.28,0.2753368132833993,0.3153105850859049,0.36155419222903884
1351,1,0.14333333333333334,0.16666666666666666,0.16333333333333333,0.12666666666666668,0.17333333333333334,0.15986341518095176,0.14506721791334348,0.26138507140932365
1352,1,0.21,0.24666666666666667,0.2833333333333333,0.2866666666666667,0.19666666666666666,0.28023795844179594,0.2614667660342561,0.24015825914935707
1353,0,0.33,0.28,0.19,0.22333333333333333,0.23333333333333334,0.25287149757140814,0.29809862966578066,0.26138507140932365
1354,0,0.43666666666666665,0.33666666666666667,0.32666666666666666,0.32666666666666666,0.31,0.357006717672298,0.3103780857991747,0.26138507140932365
1355,1,0.27666666666666667,0.3433333333333333,0.3466666666666667,0.3333333333333333,0.32,0.2991106631843828,0.17458669714909908,0.26138507140932365
1356,0,0.38,0.4,0.4266666666666667,0.36666666666666664,0.34,0.42710894857967113,0.3359688769253456,0.24015825914935707
1357,1,0.24,0.2833333333333333,0.24333333333333335,0.27,0.12,0.20802802120866437,0.27440227398480777,0.24015825914935707
1358,0,0.16,0.19666666666666666,0.18,0.22,0.12333333333333334,0.1732573985116935,0.18630089712962858,0.24015825914935707
1359,1,0.33,0.28,0.29,0.25333333333333335,0.34,0.2749211062117046,0.17856566705184165,0.24015825914935707
1360,1,0.2833333333333333,0.31333333333333335,0.27666666666666667,0.33,0.2633333333333333,0.29070865078777947,0.2640656224049783,0.24015825914935707
1361,0,0.21333333333333335,0.24666666666666667,0.26,0.21666666666666667,0.28,0.28878984159563187,0.2752368656275317,0.24015825914935707
1362,0,0.19666666666666666,0.16666666666666666,0.15333333333333332,0.17,0.1,0.16183710119335487,0.36018006712549516,0.36155419222903884
1363,0,0.48,0.45666666666666667,0.4533333333333333,0.41333333333333333,0.3466666666666667,0.4643037364388407,0.38823925220188243,0.37055837563451777
1364,0,0.18,0.21,0.15333333333333332,0.21333333333333335,0.16,0.19600846633933514,0.17039647604592958,0.26138507140932365
1365,0,0.31666666666666665,0.3233333333333333,0.3566666666666667,0.31333333333333335,0.25,0.32502496936322345,0.3153105850859049,0.36155419222903884
1366,0,0.26666666666666666,0.30666666666666664,0.2866666666666667,0.30666666666666664,0.2633333333333333,0.29822728657238534,0.3657200538281107,0.36155419222903884
1367,1,0.32,0.29,0.31666666666666665,0.33,0.28,0.3197563800066671,0.35939535149688207,0.26138507140932365
1368,0,0.33666666666666667,0.37,0.36,0.37,0.35,0.35428425994752555,0.22897788743627895,0.26138507140932365
1369,0,0.35333333333333333,0.34,0.3433333333333333,0.39,0.38,0.3890072728825817,0.3049077953845557,0.36155419222903884
1370,0,0.32666666666666666,0.36666666666666664,0.3333333333333333,0.37333333333333335,0.31,0.31877033275753774,0.2508990661548346,0.26138507140932365
1371,0,0.3233333333333333,0.26666666666666666,0.26,0.25666666666666665,0.2866666666666667,0.3569143321736928,0.27673318417552534,0.26138507140932365
1372,0,0.25333333333333335,0.18,0.19,0.19666666666666666,0.21666666666666667,0.19233324466897359,0.2086470633370252,0.26138507140932365
1373,0,0.3466666666666667,0.3433333333333333,0.33,0.32666666666666666,0.32,0.3220360913448237,0.3381651116826154,0.36155419222903884
1374,0,0.22666666666666666,0.19,0.22,0.22666666666666666,0.15666666666666668,0.21756319486519157,0.3228652439593705,0.36155419222903884
1375,0,0.25666666666666665,0.22666666666666666,0.23333333333333334,0.23333333333333334,0.25333333333333335,0.21716638025276372,0.24882137100236737,0.24015825914935707
1376,0,0.26666666666666666,0.23666666666666666,0.24,0.21,0.27666666666666667,0.2500254649952979,0.22897788743627895,0.26138507140932365
1377,0,0.10333333333333333,0.1,0.09333333333333334,0.07,0.09333333333333334,0.1145213779946562,0.20791237217561903,0.26138507140932365
1378,0,0.21,0.2,0.18666666666666668,0.20333333333333334,0.15666666666666668,0.18655905555292285,0.24015794398221083,0.26138507140932365
1379,0,0.25666666666666665,0.24,0.24,0.21,0.17,0.24401703522247092,0.2330808689573151,0.24015825914935707
1380,1,0.29,0.29,0.28,0.31,0.32,0.27305586126276543,0.22649979049560354,0.26138507140932365
1381,0,0.15,0.16666666666666666,0.13,0.14,0.17,0.16848306246947065,0.2174411439436932,0.26138507140932365
1382,1,0.25,0.30333333333333334,0.2866666666666667,0.29333333333333333,0.23333333333333334,0.31063963061263666,0.3250756471749829,0.26138507140932365
1383,0,0.3333333333333333,0.38333333333333336,0.3933333333333333,0.42,0.34,0.3316611642029794,0.35350399619623046,0.36155419222903884
1384,1,0.28,0.37,0.2966666666666667,0.24666666666666667,0.19666666666666666,0.30022934505477905,0.3381651116826154,0.36155419222903884
1385,1,0.17,0.23666666666666666,0.18333333333333332,0.22666666666666666,0.23333333333333334,0.21291861197828152,0.21217652129993653,0.24015825914935707
1386,1,0.16333333333333333,0.21,0.19,0.18333333333333332,0.21,0.21850900193824785,0.18843353007552982,0.24015825914935707
1387,0,0.22666666666666666,0.22666666666666666,0.23,0.2833333333333333,0.21,0.21544712830308527,0.21308863295995245,0.24015825914935707
1388,0,0.3933333333333333,0.42,0.4033333333333333,0.4,0.37666666666666665,0.3729564774815206,0.2918539929442319,0.24015825914935707
1389,0,0.15666666666666668,0.18333333333333332,0.17666666666666667,0.19666666666666666,0.12666666666666668,0.18727761217565644,0.21618378951692266,0.24015825914935707
1390,0,0.24333333333333335,0.27,0.2966666666666667,0.31,0.24666666666666667,0.3145741637308628,0.27440227398480777,0.24015825914935707
1391,1,0.42333333333333334,0.4266666666666667,0.44,0.4766666666666667,0.38333333333333336,0.46798893046000234,0.4414849539260038,0.36155419222903884
1392,1,0.4166666666666667,0.41,0.4633333333333333,0.4033333333333333,0.36,0.4068036782826482,0.40866268133756667,0.36155419222903884
1393,0,0.4033333333333333,0.34,0.30333333333333334,0.3433333333333333,0.35,0.3203612402508166,0.2061375068861393,0.26138507140932365
1394,0,0.36333333333333334,0.3466666666666667,0.33666666666666667,0.36,0.3466666666666667,0.376198133715149,0.2640656224049783,0.24015825914935707
1395,0,0.5033333333333333,0.42,0.4166666666666667,0.43666666666666665,0.4266666666666667,0.430645963347549,0.35097387368585414,0.36155419222903884
1396,1,0.22333333333333333,0.24333333333333335,0.31333333333333335,0.26666666666666666,0.17666666666666667,0.2590146358167559,0.3234348277145749,0.24015825914935707
1397,0,0.2,0.21666666666666667,0.12,0.19,0.13666666666666666,0.18864038633020586,0.27123507722729484,0.26138507140932365
1398,1,0.2633333333333333,0.25333333333333335,0.2733333333333333,0.30666666666666664,0.24,0.3032604944031065,0.2771998571629701,0.24015825914935707
1399,1,0.45,0.5033333333333333,0.49333333333333335,0.45,0.33,0.4643416543667874,0.4474010339802737,0.36155419222903884
1400,1,0.3233333333333333,0.32,0.31666666666666665,0.32666666666666666,0.20333333333333334,0.2858943543697225,0.38158818160938895,0.36155419222903884
1401,0,0.52,0.4666666666666667,0.47,0.41333333333333333,0.39,0.48713007980540035,0.4205878761036968,0.37055837563451777
1402,0,0.27,0.25666666666666665,0.18666666666666668,0.22666666666666666,0.23333333333333334,0.21535232370805169,0.2648965555867191,0.24015825914935707
1403,0,0.34,0.3566666666666667,0.30333333333333334,0.32,0.22666666666666666,0.2631730489362571,0.23244557836968993,0.26138507140932365
1404,0,0.32666666666666666,0.44333333333333336,0.37333333333333335,0.4,0.35333333333333333,0.3612145108933424,0.288967642249189,0.24015825914935707
1405,0,0.22666666666666666,0.24,0.2833333333333333,0.25666666666666665,0.26,0.2111190045691791,0.1936301968399856,0.24015825914935707
1406,0,0.12666666666666668,0.13333333333333333,0.14666666666666667,0.11666666666666667,0.11,0.11791361634579511,0.2521419161634637,0.24015825914935707
1407,0,0.4033333333333333,0.4,0.43666666666666665,0.44,0.37,0.42021802324984703,0.3854696899114028,0.36155419222903884
1408,1,0.23666666666666666,0.2633333333333333,0.24666666666666667,0.21333333333333335,0.18,0.20948151973207407,0.30738805874413416,0.26138507140932365
1409,0,0.07666666666666666,0.08666666666666667,0.09333333333333334,0.09333333333333334,0.13,0.11377857022365657,0.17677092418781917,0.26138507140932365
1410,0,0.25,0.31333333333333335,0.28,0.20666666666666667,0.26666666666666666,0.2716635427494198,0.18438544974953833,0.26138507140932365
1411,1,0.38666666666666666,0.4166666666666667,0.48,0.37333333333333335,0.39,0.45252632536934057,0.40357755082912206,0.37055837563451777
1412,0,0.2,0.21666666666666667,0.25333333333333335,0.23333333333333334,0.16333333333333333,0.2371992857445298,0.23625742228973878,0.24015825914935707
1413,0,0.35,0.26666666666666666,0.27,0.22333333333333333,0.28,0.25927220140575064,0.2388093159852975,0.24015825914935707
1414,0,0.31,0.33,0.3,0.31333333333333335,0.30333333333333334,0.32081877075267096,0.32599511748307464,0.26138507140932365
1415,0,0.16333333333333333,0.16666666666666666,0.19,0.17666666666666667,0.24333333333333335,0.1839056375649272,0.13534947695267754,0.26138507140932365
1416,0,0.49,0.44,0.4266666666666667,0.46,0.45666666666666667,0.4728408034498681,0.3894888185424804,0.36155419222903884
1417,0,0.33,0.31333333333333335,0.2866666666666667,0.2966666666666667,0.25333333333333335,0.29672252666694365,0.3067014989421257,0.24015825914935707
1418,0,0.15,0.14333333333333334,0.09666666666666666,0.14666666666666667,0.11333333333333333,0.14990099187707182,0.16628571895689115,0.24015825914935707
1419,0,0.17333333333333334,0.19666666666666666,0.15666666666666668,0.13,0.09,0.1501132703971824,0.2918539929442319,0.24015825914935707
1420,0,0.11,0.12666666666666668,0.17,0.15,0.19333333333333333,0.12281187565690575,0.1401936573639332,0.24015825914935707
1421,0,0.3333333333333333,0.43333333333333335,0.42,0.4666666666666667,0.31333333333333335,0.4030068205329373,0.39087622657056803,0.37055837563451777
1422,0,0.25666666666666665,0.31333333333333335,0.33,0.31333333333333335,0.22666666666666666,0.28030277000539544,0.33682113017805787,0.37055837563451777
1423,0,0.19666666666666666,0.17333333333333334,0.14666666666666667,0.16333333333333333,0.14666666666666667,0.16703747513129993,0.20226840488358072,0.26138507140932365
1424,0,0.2833333333333333,0.31333333333333335,0.33,0.31,0.24,0.28353108773196767,0.3234348277145749,0.24015825914935707
1425,0,0.38666666666666666,0.3466666666666667,0.32666666666666666,0.3566666666666667,0.36666666666666664,0.3511315523342966,0.3381651116826154,0.36155419222903884
1426,0,0.37333333333333335,0.3233333333333333,0.33666666666666667,0.36333333333333334,0.27666666666666667,0.3596474715516394,0.34078327246629003,0.26138507140932365
1427,0,0.3233333333333333,0.21333333333333335,0.25333333333333335,0.2733333333333333,0.4033333333333333,0.262119215614276,0.1936301968399856,0.24015825914935707
1428,0,0.2866666666666667,0.22333333333333333,0.2633333333333333,0.28,0.20666666666666667,0.23026020558167748,0.3350374477581962,0.36155419222903884
1429,0,0.28,0.25,0.30333333333333334,0.32,0.2866666666666667,0.30482788809850897,0.35097387368585414,0.36155419222903884
1430,0,0.13666666666666666,0.16,0.11666666666666667,0.15,0.11333333333333333,0.12221765158234894,0.23168435578328883,0.26138507140932365
1431,0,0.4033333333333333,0.30666666666666664,0.32666666666666666,0.3933333333333333,0.29,0.3717797205960536,0.3657200538281107,0.36155419222903884
1432,0,0.38333333333333336,0.31666666666666665,0.37666666666666665,0.31333333333333335,0.4633333333333333,0.3379530075129809,0.26700718107428245,0.24015825914935707
1433,1,0.30333333333333334,0.28,0.2866666666666667,0.25,0.26666666666666666,0.34633544977829617,0.29947089947066163,0.26138507140932365
1434,1,0.27,0.28,0.2633333333333333,0.30333333333333334,0.17666666666666667,0.21619228181317562,0.2502079546893044,0.26138507140932365
1435,0,0.17,0.16,0.15333333333333332,0.16333333333333333,0.13,0.1571591296623757,0.25686647262428014,0.24015825914935707
1436,0,0.2,0.18666666666666668,0.16333333333333333,0.15333333333333332,0.14333333333333334,0.180468893673657,0.3153105850859049,0.36155419222903884
1437,1,0.27666666666666667,0.37,0.37,0.36666666666666664,0.23666666666666666,0.2955475337032993,0.3359688769253456,0.24015825914935707
1438,0,0.35333333333333333,0.34,0.31,0.2733333333333333,0.3233333333333333,0.2956929026533678,0.3082803514346718,0.26138507140932365
1439,1,0.3466666666666667,0.29,0.3233333333333333,0.29,0.2633333333333333,0.2809666199216687,0.37485598245813867,0.37055837563451777
1440,0,0.14666666666666667,0.17666666666666667,0.18,0.22666666666666666,0.15333333333333332,0.20157746648643488,0.17909385210797943,0.24015825914935707
1441,1,0.28,0.3566666666666667,0.2966666666666667,0.43,0.24333333333333335,0.30008788724517604,0.3442212681599235,0.26138507140932365
1442,1,0.38333333333333336,0.36666666666666664,0.32666666666666666,0.3933333333333333,0.27,0.4007345181021089,0.4414849539260038,0.36155419222903884
1443,1,0.2,0.17,0.18,0.21333333333333335,0.15,0.20460331798905967,0.2947746275153752,0.24015825914935707
1444,1,0.4066666666666667,0.2966666666666667,0.34,0.33666666666666667,0.2966666666666667,0.35848845352221437,0.3988451414023116,0.37055837563451777
1445,0,0.16333333333333333,0.19333333333333333,0.17,0.14333333333333334,0.16,0.18789399645287258,0.21470869818944857,0.24015825914935707
1446,0,0.41,0.42333333333333334,0.44666666666666666,0.44,0.4166666666666667,0.44234953987462994,0.4414849539260038,0.36155419222903884
1447,1,0.39,0.43,0.44333333333333336,0.42333333333333334,0.37,0.433263610454401,0.36885711799119586,0.36155419222903884
1448,0,0.45666666666666667,0.42,0.44,0.5033333333333333,0.34,0.48774444910285275,0.4714615435432226,0.36155419222903884
1449,0,0.18666666666666668,0.16,0.20333333333333334,0.21333333333333335,0.12666666666666668,0.16040253027271084,0.27017620748533366,0.26138507140932365
1450,0,0.4,0.36333333333333334,0.3466666666666667,0.39,0.36,0.3435516504327849,0.2909892441242809,0.24015825914935707
1451,1,0.4766666666666667,0.4633333333333333,0.47333333333333333,0.44333333333333336,0.39666666666666667,0.45273835954907676,0.40165209768576543,0.36155419222903884
1452,0,0.24666666666666667,0.29,0.3333333333333333,0.2833333333333333,0.24666666666666667,0.32106492445649304,0.25354075836922496,0.26138507140932365
1453,1,0.14333333333333334,0.17,0.14333333333333334,0.15,0.1,0.1374268595657727,0.2174411439436932,0.26138507140932365
1454,0,0.14,0.14,0.11666666666666667,0.17,0.11,0.14893860288739075,0.20195286890385464,0.24015825914935707
1455,0,0.31333333333333335,0.37666666666666665,0.37666666666666665,0.37333333333333335,0.3466666666666667,0.3402790394524206,0.2882120141624682,0.24015825914935707
1456,0,0.26666666666666666,0.30666666666666664,0.3,0.3,0.2833333333333333,0.2936392001948159,0.2782927534040111,0.24015825914935707
1457,0,0.24666666666666667,0.20666666666666667,0.16333333333333333,0.19,0.24333333333333335,0.1933732505904891,0.20195286890385464,0.24015825914935707
1458,0,0.17333333333333334,0.21,0.22,0.22666666666666666,0.21666666666666667,0.21026510124941986,0.20692701039623657,0.24015825914935707
1459,0,0.18,0.20666666666666667,0.18,0.17666666666666667,0.2,0.20782002778213154,0.1922712463724687,0.24015825914935707
1460,0,0.4033333333333333,0.32,0.36,0.3566666666666667,0.2866666666666667,0.32315095833111745,0.3057960670900827,0.24015825914935707
1461,0,0.3333333333333333,0.36666666666666664,0.34,0.31333333333333335,0.27666666666666667,0.3273338959137389,0.3243680832021866,0.24015825914935707
1462,0,0.29,0.29,0.2733333333333333,0.29333333333333333,0.27,0.3035123630748549,0.3061892063043738,0.24015825914935707
1463,0,0.27,0.26,0.27,0.2866666666666667,0.3,0.27356020219549626,0.18786112597232357,0.24015825914935707
1464,0,0.4866666666666667,0.41333333333333333,0.4,0.42333333333333334,0.37,0.44178519090618634,0.3894888185424804,0.36155419222903884
1465,0,0.43333333333333335,0.45666666666666667,0.44333333333333336,0.37333333333333335,0.3333333333333333,0.4064230374194111,0.35350399619623046,0.36155419222903884
1466,0,0.24,0.2733333333333333,0.25666666666666665,0.27,0.28,0.2808236262211008,0.20984465363398194,0.24015825914935707
1467,0,0.44333333333333336,0.4066666666666667,0.46,0.43333333333333335,0.37333333333333335,0.44713697310665856,0.3698302768684884,0.36155419222903884
1468,0,0.23333333333333334,0.23,0.22333333333333333,0.21666666666666667,0.14666666666666667,0.23085331311342497,0.32674410286653693,0.36155419222903884
1469,1,0.4066666666666667,0.36333333333333334,0.44,0.38333333333333336,0.4166666666666667,0.3959519115009105,0.29947089947066163,0.26138507140932365
1470,0,0.09,0.15,0.12333333333333334,0.12666666666666668,0.07333333333333333,0.1355256894117022,0.2516869688461568,0.26138507140932365
1471,0,0.46,0.4033333333333333,0.44666666666666666,0.4866666666666667,0.38666666666666666,0.44234953987462994,0.4414849539260038,0.36155419222903884
1472,0,0.4033333333333333,0.36666666666666664,0.37333333333333335,0.38333333333333336,0.2966666666666667,0.4028757783869886,0.3290986294756818,0.26138507140932365
1473,0,0.34,0.33666666666666667,0.38,0.33666666666666667,0.36,0.37085285832200693,0.25703156862163196,0.26138507140932365
1474,0,0.2966666666666667,0.30333333333333334,0.26666666666666666,0.2966666666666667,0.2633333333333333,0.3270164387490302,0.23645169976328173,0.24015825914935707
1475,0,0.2966666666666667,0.38666666666666666,0.33666666666666667,0.31333333333333335,0.32,0.3244106784064844,0.23625742228973878,0.24015825914935707
1476,0,0.24333333333333335,0.26666666666666666,0.27666666666666667,0.2733333333333333,0.30333333333333334,0.25212399226665344,0.20599603735599503,0.24015825914935707
1477,0,0.39,0.42333333333333334,0.44,0.36666666666666664,0.43333333333333335,0.3872984132358495,0.2614667660342561,0.24015825914935707
1478,1,0.22666666666666666,0.24333333333333335,0.21666666666666667,0.19,0.15333333333333332,0.23164422241176746,0.32674410286653693,0.36155419222903884
1479,0,0.47333333333333333,0.4033333333333333,0.37,0.3433333333333333,0.37666666666666665,0.45169969739152854,0.36885711799119586,0.36155419222903884
1480,1,0.3566666666666667,0.2833333333333333,0.33,0.33666666666666667,0.26666666666666666,0.33308642176109743,0.3376437470564093,0.26138507140932365
1481,1,0.4,0.4,0.48333333333333334,0.44666666666666666,0.36666666666666664,0.44186396107902143,0.42000059576552096,0.37055837563451777
1482,0,0.27666666666666667,0.3333333333333333,0.36333333333333334,0.3333333333333333,0.19333333333333333,0.34062148549630983,0.40357755082912206,0.37055837563451777
1483,0,0.48333333333333334,0.47333333333333333,0.4266666666666667,0.46,0.32,0.49108329735326695,0.4602534183510434,0.37055837563451777
1484,0,0.3333333333333333,0.31,0.35333333333333333,0.37333333333333335,0.2833333333333333,0.3216541869693008,0.3090465688470764,0.24015825914935707
1485,1,0.10666666666666667,0.08333333333333333,0.08333333333333333,0.11,0.09333333333333334,0.12139980835248086,0.1717889760640705,0.26138507140932365
1486,0,0.21,0.26,0.24,0.22666666666666666,0.15666666666666668,0.17124870112583537,0.1725654980938095,0.26138507140932365
1487,1,0.5133333333333333,0.43333333333333335,0.44333333333333336,0.48,0.3566666666666667,0.492833493036125,0.397823777018456,0.37055837563451777
1488,0,0.33,0.38666666666666666,0.41,0.4,0.2866666666666667,0.3062770871434879,0.2678800709051542,0.24015825914935707
1489,0,0.19666666666666666,0.16666666666666666,0.17666666666666667,0.16666666666666666,0.19,0.1876906632290245,0.22554672701415687,0.26138507140932365
1490,1,0.26,0.25333333333333335,0.2633333333333333,0.25666666666666665,0.21666666666666667,0.28685296489484435,0.29631627537685995,0.26138507140932365
1491,0,0.09,0.1,0.11666666666666667,0.09,0.10666666666666667,0.11003509792888158,0.08598320620640887,0.27978670221629726
1492,0,0.43,0.31333333333333335,0.3,0.31,0.2966666666666667,0.3271670545799838,0.2970271224114387,0.36155419222903884
1493,1,0.16333333333333333,0.22333333333333333,0.23333333333333334,0.18666666666666668,0.12,0.19843732122369293,0.25686647262428014,0.24015825914935707
1494,0,0.25666666666666665,0.24333333333333335,0.2733333333333333,0.27666666666666667,0.21333333333333335,0.26537559104318276,0.29631627537685995,0.26138507140932365
1495,1,0.17333333333333334,0.11666666666666667,0.12333333333333334,0.12,0.16666666666666666,0.1389444888030311,0.1596217043462663,0.24015825914935707
1496,0,0.28,0.3433333333333333,0.36,0.35333333333333333,0.2833333333333333,0.3339176946572819,0.2388093159852975,0.24015825914935707
1497,0,0.39,0.43666666666666665,0.48333333333333334,0.4266666666666667,0.3466666666666667,0.4197359109056568,0.36885711799119586,0.36155419222903884
1498,0,0.29333333333333333,0.34,0.3466666666666667,0.3233333333333333,0.22333333333333333,0.31236754015736246,0.3391195663485373,0.36155419222903884
1499,0,0.32666666666666666,0.32666666666666666,0.35333333333333333,0.34,0.25,0.3297963502048436,0.2918539929442319,0.24015825914935707
1500,0,0.2966666666666667,0.31666666666666665,0.3466666666666667,0.39,0.27,0.34012853171333385,0.3698302768684884,0.36155419222903884
1501,0,0.16,0.20333333333333334,0.19666666666666666,0.18,0.25,0.20281430468414888,0.18054196023846567,0.24015825914935707
1502,0,0.18333333333333332,0.22666666666666666,0.26666666666666666,0.25666666666666665,0.22,0.2780609322805388,0.30363535027617855,0.37055837563451777
1503,0,0.29,0.3333333333333333,0.29333333333333333,0.32,0.31333333333333335,0.30593561363097427,0.29631627537685995,0.26138507140932365
1504,0,0.38,0.23,0.2866666666666667,0.28,0.35333333333333333,0.28565922535026367,0.23625742228973878,0.24015825914935707
1505,1,0.4,0.39,0.41333333333333333,0.4533333333333333,0.38,0.4425305079792462,0.4208307093354709,0.36155419222903884
1506,0,0.3466666666666667,0.37,0.39,0.42,0.36,0.393422699914062,0.3234348277145749,0.24015825914935707
1507,0,0.37,0.35,0.36666666666666664,0.3566666666666667,0.26,0.38354835770527584,0.3477899962759508,0.36155419222903884
1508,0,0.26666666666666666,0.22666666666666666,0.24333333333333335,0.24,0.23333333333333334,0.26601216922784887,0.3243680832021866,0.24015825914935707
1509,0,0.23666666666666666,0.26,0.27,0.2733333333333333,0.21333333333333335,0.27192669428318955,0.23625742228973878,0.24015825914935707
1510,1,0.37666666666666665,0.41,0.39666666666666667,0.43333333333333335,0.32,0.3840262593289288,0.30709528726303825,0.24015825914935707
1511,0,0.3333333333333333,0.2733333333333333,0.36,0.2833333333333333,0.19666666666666666,0.3085895348860782,0.3529090806219547,0.36155419222903884
1512,0,0.15,0.17,0.16666666666666666,0.18333333333333332,0.11666666666666667,0.14421351177763259,0.16520320262076857,0.26138507140932365
1513,0,0.11333333333333333,0.14666666666666667,0.10333333333333333,0.16,0.056666666666666664,0.11783889744173905,0.24847551108432797,0.24015825914935707
1514,0,0.33,0.3433333333333333,0.36333333333333334,0.33666666666666667,0.31,0.33772199477312076,0.2771998571629701,0.24015825914935707
1515,0,0.15,0.25,0.22,0.24,0.21333333333333335,0.2286061770228043,0.26700718107428245,0.24015825914935707
1516,0,0.13,0.14,0.14,0.11666666666666667,0.12333333333333334,0.15479145581737194,0.2295798967796086,0.24015825914935707
1517,0,0.36333333333333334,0.39,0.35333333333333333,0.3566666666666667,0.45666666666666667,0.3803741833829949,0.3103780857991747,0.26138507140932365
1518,0,0.34,0.37666666666666665,0.42333333333333334,0.45,0.3466666666666667,0.3892955170589559,0.2811315545492706,0.24015825914935707
1519,0,0.18666666666666668,0.17,0.21,0.22,0.21666666666666667,0.19449614240449245,0.2389898071098169,0.24015825914935707
1520,1,0.27666666666666667,0.23,0.25,0.21,0.13,0.19913219358574225,0.26700718107428245,0.24015825914935707
1521,0,0.12666666666666668,0.12333333333333334,0.14333333333333334,0.11666666666666667,0.1,0.1262144696242141,0.2521419161634637,0.24015825914935707
1522,0,0.25333333333333335,0.31666666666666665,0.28,0.32,0.23666666666666666,0.3132933697153182,0.3384472372722324,0.24015825914935707
1523,0,0.35333333333333333,0.28,0.3433333333333333,0.32666666666666666,0.17666666666666667,0.2669283653902805,0.3442212681599235,0.26138507140932365
1524,1,0.38,0.39,0.32,0.36666666666666664,0.26,0.36438442959722733,0.3359688769253456,0.24015825914935707
1525,0,0.36333333333333334,0.36666666666666664,0.38333333333333336,0.33,0.35333333333333333,0.3848199174872778,0.3103780857991747,0.26138507140932365
1526,0,0.23,0.21666666666666667,0.22333333333333333,0.22333333333333333,0.18,0.2227104964035301,0.22554672701415687,0.26138507140932365
1527,0,0.14,0.10333333333333333,0.11666666666666667,0.09666666666666666,0.17,0.1392476722336663,0.13357271965068426,0.26138507140932365
1528,1,0.14333333333333334,0.11666666666666667,0.13333333333333333,0.11666666666666667,0.10666666666666667,0.11791361634579511,0.2521419161634637,0.24015825914935707
1529,0,0.39,0.33666666666666667,0.31666666666666665,0.3,0.3333333333333333,0.28915900926897226,0.2314749832500635,0.26138507140932365
1530,0,0.16666666666666666,0.15666666666666668,0.16,0.14666666666666667,0.15666666666666668,0.15224483892623403,0.1991173009629692,0.24015825914935707
1531,0,0.36,0.34,0.31333333333333335,0.32666666666666666,0.25,0.36212407855047213,0.35083622948151333,0.37055837563451777
1532,1,0.15666666666666668,0.18,0.18666666666666668,0.21666666666666667,0.13666666666666666,0.21177177809182154,0.25251105682788105,0.26138507140932365
1533,0,0.26,0.27666666666666667,0.28,0.24333333333333335,0.25,0.21410432843458194,0.16579312925350426,0.26138507140932365
1534,0,0.36333333333333334,0.31333333333333335,0.35333333333333333,0.32666666666666666,0.27666666666666667,0.3689687529503984,0.36018006712549516,0.36155419222903884
1535,0,0.26666666666666666,0.24,0.21666666666666667,0.27,0.16666666666666666,0.22053016790404467,0.2671764515128648,0.26138507140932365
1536,0,0.18333333333333332,0.18333333333333332,0.22,0.20333333333333334,0.18,0.1634656667670688,0.24452965277925676,0.26138507140932365
1537,0,0.23666666666666666,0.21666666666666667,0.22,0.23666666666666666,0.19333333333333333,0.2240297020973047,0.2736401384636537,0.24015825914935707
1538,1,0.4033333333333333,0.30333333333333334,0.2733333333333333,0.26,0.2966666666666667,0.28101446226097254,0.22457815574874954,0.24015825914935707
1539,0,0.16,0.17,0.18666666666666668,0.14666666666666667,0.22333333333333333,0.17956950924494824,0.2174411439436932,0.26138507140932365
1540,1,0.34,0.32666666666666666,0.38666666666666666,0.33,0.23666666666666666,0.3482144640588531,0.36018006712549516,0.36155419222903884
1541,0,0.26666666666666666,0.2633333333333333,0.23,0.21666666666666667,0.17,0.23052556295957258,0.2388093159852975,0.24015825914935707
1542,1,0.33666666666666667,0.42333333333333334,0.4,0.41333333333333333,0.3433333333333333,0.37858707725511226,0.3090465688470764,0.24015825914935707
1543,0,0.3233333333333333,0.3466666666666667,0.37,0.4066666666666667,0.27666666666666667,0.38671239762204246,0.3376437470564093,0.26138507140932365
1544,1,0.4,0.43333333333333335,0.42,0.39666666666666667,0.34,0.3648261966131319,0.2383707573907293,0.26138507140932365
1545,0,0.2966666666666667,0.24333333333333335,0.25333333333333335,0.25666666666666665,0.20666666666666667,0.26320250862786776,0.26618837879660545,0.36155419222903884
1546,0,0.19666666666666666,0.23666666666666666,0.24,0.27,0.15666666666666668,0.22950200165263773,0.29427302515861054,0.26138507140932365
1547,0,0.13333333333333333,0.19333333333333333,0.18333333333333332,0.16,0.18,0.17251171511590946,0.20126532051558177,0.24015825914935707
1548,1,0.25,0.19,0.22333333333333333,0.22666666666666666,0.18333333333333332,0.23713260438094846,0.2642748543232439,0.24015825914935707
1549,0,0.14666666666666667,0.15,0.17333333333333334,0.17666666666666667,0.12666666666666668,0.18368269664088807,0.2451874199907993,0.24015825914935707
1550,1,0.4066666666666667,0.39,0.41333333333333333,0.39666666666666667,0.3566666666666667,0.43311982191111487,0.4052822667951281,0.36155419222903884
1551,0,0.15333333333333332,0.13666666666666666,0.12,0.17,0.12666666666666668,0.15979241243049133,0.15856987365486186,0.26138507140932365
1552,1,0.32,0.32666666666666666,0.33,0.3466666666666667,0.2733333333333333,0.31579074117863665,0.2771998571629701,0.24015825914935707
1553,1,0.21,0.23333333333333334,0.14666666666666667,0.21333333333333335,0.22,0.21335542534295196,0.2391471107722114,0.26138507140932365
1554,0,0.3233333333333333,0.35,0.31,0.3333333333333333,0.36,0.3641393602466875,0.2970271224114387,0.36155419222903884
1555,0,0.38666666666666666,0.33,0.4066666666666667,0.38666666666666666,0.2733333333333333,0.4007345181021089,0.4414849539260038,0.36155419222903884
1556,0,0.2966666666666667,0.29,0.3,0.32,0.23333333333333334,0.256458486676502,0.2599578269863675,0.26138507140932365
1557,0,0.15666666666666668,0.15333333333333332,0.17666666666666667,0.16,0.13333333333333333,0.1364784088816765,0.22692301590519084,0.24015825914935707
1558,0,0.14,0.17666666666666667,0.15666666666666668,0.14,0.17333333333333334,0.19590192672557705,0.2640656224049783,0.24015825914935707
1559,0,0.2,0.19333333333333333,0.23666666666666666,0.2733333333333333,0.21,0.235102185225654,0.1725654980938095,0.26138507140932365
1560,1,0.3333333333333333,0.39666666666666667,0.3233333333333333,0.31333333333333335,0.2833333333333333,0.3299012898218908,0.3049077953845557,0.36155419222903884
1561,0,0.1,0.16,0.11666666666666667,0.12666666666666668,0.12333333333333334,0.14390314088336506,0.21470869818944857,0.24015825914935707
1562,1,0.29333333333333333,0.32,0.2833333333333333,0.27,0.24333333333333335,0.30600698563975753,0.2644267318002985,0.26138507140932365
1563,1,0.27,0.25,0.22666666666666666,0.21333333333333335,0.20333333333333334,0.24207921575462987,0.27089476298013004,0.36155419222903884
1564,0,0.30666666666666664,0.37666666666666665,0.32666666666666666,0.31333333333333335,0.34,0.3252789122083682,0.28263044576402363,0.26138507140932365
1565,0,0.14333333333333334,0.17666666666666667,0.17,0.16333333333333333,0.18666666666666668,0.1648996833596843,0.2388093159852975,0.24015825914935707
1566,0,0.45,0.36,0.36,0.43666666666666665,0.36666666666666664,0.3938205133121372,0.3419654785798354,0.36155419222903884
1567,1,0.42,0.42333333333333334,0.48,0.4533333333333333,0.37333333333333335,0.4735896946687715,0.3821571405464693,0.36155419222903884
1568,0,0.2866666666666667,0.21666666666666667,0.20333333333333334,0.20666666666666667,0.24666666666666667,0.26513627185858063,0.2970271224114387,0.36155419222903884
1569,1,0.4166666666666667,0.4,0.41,0.38,0.35,0.4423402953215129,0.3974112467514279,0.36155419222903884
1570,0,0.11333333333333333,0.13333333333333333,0.12333333333333334,0.15,0.15,0.1342057644717643,0.18520617772773038,0.26138507140932365
1571,0,0.41,0.35,0.37333333333333335,0.39,0.36333333333333334,0.4115302237442258,0.32582354126283647,0.36155419222903884
1572,0,0.16,0.18333333333333332,0.19333333333333333,0.21,0.13666666666666666,0.17980146974157013,0.2922367534005965,0.24015825914935707
1573,0,0.11666666666666667,0.17,0.13,0.12,0.11333333333333333,0.14916260983105123,0.16875225775556754,0.24015825914935707
1574,0,0.2633333333333333,0.24,0.23333333333333334,0.25666666666666665,0.25333333333333335,0.25341740285862313,0.2640656224049783,0.24015825914935707
1575,0,0.12333333333333334,0.14333333333333334,0.12,0.13666666666666666,0.09,0.14399840046245105,0.22181423791653568,0.24015825914935707
1576,0,0.14333333333333334,0.16666666666666666,0.09333333333333334,0.13,0.10666666666666667,0.12317659915466449,0.2640656224049783,0.24015825914935707
1577,0,0.28,0.27,0.23666666666666666,0.21666666666666667,0.2633333333333333,0.27766966426133144,0.2128914088862743,0.24015825914935707
1578,1,0.44333333333333336,0.41,0.47333333333333333,0.4533333333333333,0.35,0.431534974560438,0.3153105850859049,0.36155419222903884
1579,0,0.30666666666666664,0.33,0.2866666666666667,0.31666666666666665,0.20333333333333334,0.29870566127386994,0.36885711799119586,0.36155419222903884
1580,0,0.4066666666666667,0.3333333333333333,0.31666666666666665,0.3433333333333333,0.32666666666666666,0.36216176423803176,0.3419654785798354,0.36155419222903884
1581,0,0.25333333333333335,0.29,0.29,0.22,0.25666666666666665,0.27723336077358696,0.3529090806219547,0.36155419222903884
1582,1,0.38666666666666666,0.43,0.48,0.4633333333333333,0.3433333333333333,0.4469353966937933,0.3698302768684884,0.36155419222903884
1583,0,0.3566666666666667,0.42333333333333334,0.4066666666666667,0.44,0.39,0.42889794631632894,0.3504250090504435,0.36155419222903884
1584,0,0.37333333333333335,0.36,0.33,0.31333333333333335,0.23333333333333334,0.3262773648679087,0.38766691980743134,0.37055837563451777
1585,0,0.16666666666666666,0.12333333333333334,0.12,0.13,0.12333333333333334,0.14526926660709405,0.2771998571629701,0.24015825914935707
1586,1,0.38333333333333336,0.4533333333333333,0.4266666666666667,0.42333333333333334,0.42333333333333334,0.42264865986694977,0.3884759307198648,0.36155419222903884
1587,0,0.43666666666666665,0.4266666666666667,0.44,0.38333333333333336,0.39666666666666667,0.407306349676454,0.39168765079838325,0.36155419222903884
1588,0,0.36,0.3233333333333333,0.38333333333333336,0.37,0.2866666666666667,0.3544841246445929,0.3984121848761094,0.36155419222903884
1589,0,0.18666666666666668,0.21,0.21333333333333335,0.2,0.21666666666666667,0.22953866749775448,0.2128914088862743,0.24015825914935707
1590,0,0.27666666666666667,0.24333333333333335,0.25666666666666665,0.24,0.22666666666666666,0.28888807125700877,0.35083622948151333,0.37055837563451777
1591,1,0.17,0.17666666666666667,0.16,0.18666666666666668,0.16,0.18231434694413629,0.24015794398221083,0.26138507140932365
1592,0,0.18,0.15333333333333332,0.16,0.14666666666666667,0.17333333333333334,0.16848471637139548,0.1988222430277996,0.24015825914935707
1593,1,0.13333333333333333,0.14666666666666667,0.12,0.10666666666666667,0.10333333333333333,0.15444574003554087,0.2451595486735126,0.24015825914935707
1594,1,0.27,0.29,0.27666666666666667,0.31,0.2,0.2826963482506952,0.367458881142241,0.37055837563451777
1595,0,0.14666666666666667,0.19,0.18666666666666668,0.20333333333333334,0.18,0.17491707709118826,0.2918539929442319,0.24015825914935707
1596,0,0.37333333333333335,0.4533333333333333,0.49333333333333335,0.44333333333333336,0.30333333333333334,0.4300378953071443,0.4144653218831908,0.36155419222903884
1597,0,0.21666666666666667,0.24333333333333335,0.28,0.24,0.3,0.2954465585032877,0.24847551108432797,0.24015825914935707
1598,0,0.4,0.45,0.43666666666666665,0.43666666666666665,0.33,0.42777579857402925,0.3984121848761094,0.36155419222903884
1599,0,0.38,0.38,0.41333333333333333,0.3566666666666667,0.38333333333333336,0.3746150332298948,0.32674410286653693,0.36155419222903884
1600,1,0.43,0.38,0.39666666666666667,0.36333333333333334,0.42,0.3503352540613136,0.2648965555867191,0.24015825914935707
1601,0,0.30333333333333334,0.22666666666666666,0.2833333333333333,0.30333333333333334,0.20666666666666667,0.24298527256089583,0.3020543181984557,0.36155419222903884
1602,0,0.43333333333333335,0.48333333333333334,0.42333333333333334,0.45666666666666667,0.38333333333333336,0.45794053466205986,0.3529090806219547,0.36155419222903884
1603,1,0.2966666666666667,0.37333333333333335,0.3466666666666667,0.25,0.27,0.29450523184773825,0.3571356382493906,0.26138507140932365
1604,1,0.24,0.29333333333333333,0.25,0.25333333333333335,0.22666666666666666,0.262670161617923,0.2811315545492706,0.24015825914935707
1605,0,0.38666666666666666,0.38666666666666666,0.37,0.37666666666666665,0.38333333333333336,0.38837662713286214,0.2951588448286593,0.26138507140932365
1606,0,0.14,0.16333333333333333,0.12,0.16,0.12333333333333334,0.1902279681655949,0.26700718107428245,0.24015825914935707
1607,0,0.32666666666666666,0.30666666666666664,0.31,0.31,0.25,0.34971744171995506,0.3381651116826154,0.36155419222903884
1608,0,0.39,0.39666666666666667,0.44333333333333336,0.46,0.36,0.3660898841001366,0.36885711799119586,0.36155419222903884
1609,1,0.3933333333333333,0.44,0.44666666666666666,0.4166666666666667,0.3433333333333333,0.4201127807873766,0.37485598245813867,0.37055837563451777
1610,1,0.20666666666666667,0.19666666666666666,0.21333333333333335,0.22,0.11666666666666667,0.18844745979688507,0.2922367534005965,0.24015825914935707
1611,0,0.31333333333333335,0.31666666666666665,0.32666666666666666,0.31,0.2,0.30515174461780725,0.40357755082912206,0.37055837563451777
1612,0,0.30666666666666664,0.33666666666666667,0.31,0.2833333333333333,0.20666666666666667,0.2540996497584963,0.3660124547206031,0.36155419222903884
1613,0,0.22,0.20666666666666667,0.23333333333333334,0.19,0.19333333333333333,0.2192022086591716,0.22181423791653568,0.24015825914935707
1614,0,0.14333333333333334,0.14333333333333334,0.15333333333333332,0.15,0.10666666666666667,0.14407087398072865,0.2640656224049783,0.24015825914935707
1615,0,0.29,0.2866666666666667,0.26,0.27666666666666667,0.31333333333333335,0.22992835068860526,0.17352220100938293,0.24015825914935707
1616,0,0.30666666666666664,0.31,0.29,0.31333333333333335,0.22,0.26859705135276746,0.3237106748690185,0.24015825914935707
1617,0,0.3233333333333333,0.3333333333333333,0.3333333333333333,0.37666666666666665,0.27666666666666667,0.3347315820943604,0.32599511748307464,0.26138507140932365
1618,1,0.2966666666666667,0.2866666666666667,0.29333333333333333,0.26,0.22333333333333333,0.28979630253875677,0.22109222166125206,0.24015825914935707
1619,0,0.34,0.3466666666666667,0.3,0.36333333333333334,0.2633333333333333,0.3587126166534103,0.36885711799119586,0.36155419222903884
1620,0,0.33,0.27666666666666667,0.23333333333333334,0.28,0.19,0.2553397709456604,0.2970271224114387,0.36155419222903884
1621,0,0.21333333333333335,0.17666666666666667,0.19,0.20666666666666667,0.15,0.2079475189853069,0.2795453760264602,0.26138507140932365
1622,0,0.24,0.15,0.21333333333333335,0.21666666666666667,0.17333333333333334,0.18404184316257782,0.27673318417552534,0.26138507140932365
1623,1,0.19,0.17666666666666667,0.17333333333333334,0.19666666666666666,0.15666666666666668,0.19029550727665515,0.24127701358131806,0.26138507140932365
1624,0,0.3933333333333333,0.41,0.41,0.4,0.3433333333333333,0.44922624102418196,0.4362927388044305,0.37055837563451777
1625,0,0.2733333333333333,0.24666666666666667,0.31,0.29,0.27,0.27644974525609417,0.2640656224049783,0.24015825914935707
1626,1,0.3,0.25,0.3433333333333333,0.27666666666666667,0.18666666666666668,0.254734669751833,0.2513373126252292,0.24015825914935707
1627,0,0.42,0.36333333333333334,0.4533333333333333,0.36666666666666664,0.44333333333333336,0.4180918387039852,0.2691033009110516,0.26138507140932365
1628,0,0.14666666666666667,0.14666666666666667,0.15333333333333332,0.18,0.07666666666666666,0.14691268194790025,0.2771998571629701,0.24015825914935707
1629,0,0.15666666666666668,0.27666666666666667,0.21666666666666667,0.21666666666666667,0.19333333333333333,0.19817793971945427,0.19969149816016254,0.24015825914935707
1630,0,0.12333333333333334,0.11333333333333333,0.1,0.12333333333333334,0.08333333333333333,0.13159371239462048,0.18227586111631933,0.26138507140932365
1631,0,0.3233333333333333,0.30666666666666664,0.3233333333333333,0.36333333333333334,0.26,0.33036223475195003,0.3477899962759508,0.36155419222903884
1632,1,0.20333333333333334,0.24333333333333335,0.22,0.19666666666666666,0.17666666666666667,0.198075766047764,0.1890876206531208,0.24015825914935707
1633,0,0.2733333333333333,0.2866666666666667,0.19,0.23,0.16333333333333333,0.22710105138527661,0.2613526642552866,0.24015825914935707
1634,0,0.12666666666666668,0.1,0.11666666666666667,0.07666666666666666,0.08,0.12098642183987801,0.22554672701415687,0.26138507140932365
1635,1,0.22333333333333333,0.19,0.19333333333333333,0.18333333333333332,0.16333333333333333,0.1889300615817913,0.1631084775048691,0.26138507140932365
1636,1,0.18333333333333332,0.2633333333333333,0.21,0.19666666666666666,0.13666666666666666,0.21185070662546143,0.3504250090504435,0.36155419222903884
1637,1,0.42,0.42,0.38,0.41,0.3233333333333333,0.39207182496609355,0.3751513674752073,0.26138507140932365
1638,1,0.39,0.3,0.33666666666666667,0.33,0.23333333333333334,0.3492114733528098,0.37008116927957085,0.36155419222903884
1639,0,0.12333333333333334,0.14333333333333334,0.13333333333333333,0.11333333333333333,0.16,0.14401643097640246,0.14070933018291107,0.24015825914935707
1640,0,0.06666666666666667,0.07,0.08,0.07333333333333333,0.08333333333333333,0.11247540786063295,0.13357271965068426,0.26138507140932365
1641,0,0.15666666666666668,0.2,0.14666666666666667,0.19666666666666666,0.15333333333333332,0.18850501731454639,0.29577357074107885,0.37055837563451777
1642,1,0.19,0.22,0.14333333333333334,0.2,0.13666666666666666,0.15931425654848358,0.1690121047557736,0.24015825914935707
1643,0,0.12666666666666668,0.08,0.13333333333333333,0.11333333333333333,0.08333333333333333,0.12937140786382667,0.254350019300435,0.26138507140932365
1644,1,0.44,0.42,0.38333333333333336,0.38333333333333336,0.36666666666666664,0.3857949001820993,0.3290986294756818,0.26138507140932365
1645,0,0.2833333333333333,0.2733333333333333,0.28,0.25666666666666665,0.18333333333333332,0.25424178079820137,0.29631627537685995,0.26138507140932365
1646,0,0.31333333333333335,0.2966666666666667,0.29,0.26,0.27666666666666667,0.2853126391724699,0.2841898074838542,0.24015825914935707
1647,0,0.17666666666666667,0.16,0.17,0.17666666666666667,0.25,0.19221346918905674,0.18843353007552982,0.24015825914935707
1648,0,0.31666666666666665,0.3333333333333333,0.30333333333333334,0.31333333333333335,0.2,0.2558912487972115,0.3234348277145749,0.24015825914935707
1649,1,0.47,0.44333333333333336,0.44,0.47333333333333333,0.44,0.4734459720341252,0.40866268133756667,0.36155419222903884
1650,0,0.19666666666666666,0.23666666666666666,0.23333333333333334,0.18666666666666668,0.17333333333333334,0.24077283292102614,0.2640656224049783,0.24015825914935707
1651,0,0.31666666666666665,0.24,0.26,0.23333333333333334,0.33,0.2633550744185442,0.18438544974953833,0.26138507140932365
1652,0,0.18333333333333332,0.22,0.21,0.22666666666666666,0.14,0.16221530051221822,0.1596217043462663,0.24015825914935707
1653,0,0.29333333333333333,0.29333333333333333,0.32,0.23666666666666666,0.27,0.24501491967052805,0.1890876206531208,0.24015825914935707
1654,0,0.33,0.37666666666666665,0.37,0.42,0.31666666666666665,0.29529159158643375,0.21984830105046355,0.26138507140932365
1655,1,0.26,0.21666666666666667,0.25333333333333335,0.21333333333333335,0.20666666666666667,0.27901094560254014,0.32768228233868973,0.36155419222903884
1656,1,0.16666666666666666,0.21,0.20666666666666667,0.17666666666666667,0.16333333333333333,0.19798710917352272,0.2451874199907993,0.24015825914935707
1657,0,0.3433333333333333,0.3933333333333333,0.45,0.38666666666666666,0.38333333333333336,0.42246051684766833,0.3657200538281107,0.36155419222903884
1658,1,0.43666666666666665,0.37666666666666665,0.4166666666666667,0.44,0.33,0.4172946818929705,0.34078327246629003,0.26138507140932365
1659,0,0.27,0.25333333333333335,0.24333333333333335,0.2633333333333333,0.31333333333333335,0.2776738171867713,0.18227586111631933,0.26138507140932365
1660,1,0.42,0.35,0.36333333333333334,0.4266666666666667,0.30666666666666664,0.36634949379871784,0.2918539929442319,0.24015825914935707
1661,1,0.3566666666666667,0.35,0.35,0.38666666666666666,0.25333333333333335,0.3956433891622167,0.3715794921443768,0.37055837563451777
1662,0,0.37,0.43333333333333335,0.4033333333333333,0.4266666666666667,0.28,0.4175020216145774,0.29631627537685995,0.26138507140932365
1663,0,0.17,0.22,0.18,0.11,0.16666666666666666,0.1756410225336608,0.20599603735599503,0.24015825914935707
1664,0,0.13666666666666666,0.11666666666666667,0.12666666666666668,0.12333333333333334,0.14,0.12426602780401214,0.12605694786280233,0.26138507140932365
1665,0,0.31666666666666665,0.34,0.29333333333333333,0.33,0.22666666666666666,0.32389586706190426,0.36885711799119586,0.36155419222903884
1666,0,0.30333333333333334,0.2866666666666667,0.31,0.2966666666666667,0.3466666666666667,0.289313461697856,0.21816885750487605,0.26138507140932365
1667,1,0.5133333333333333,0.4633333333333333,0.4533333333333333,0.42333333333333334,0.44,0.49470826087837433,0.34078327246629003,0.26138507140932365
1668,0,0.22333333333333333,0.25,0.2633333333333333,0.29,0.16333333333333333,0.25463659934157595,0.2834972929775092,0.26138507140932365
1669,0,0.35333333333333333,0.37666666666666665,0.38666666666666666,0.38,0.42333333333333334,0.355657459580707,0.3234348277145749,0.24015825914935707
1670,0,0.08,0.09666666666666666,0.13,0.12333333333333334,0.13333333333333333,0.10684337579421921,0.11768817991801445,0.24015825914935707
1671,0,0.21,0.20333333333333334,0.19666666666666666,0.19333333333333333,0.17333333333333334,0.20482007557996115,0.25946161065336815,0.24015825914935707
1672,0,0.22,0.21333333333333335,0.2,0.24333333333333335,0.19666666666666666,0.19362218443634538,0.2174411439436932,0.26138507140932365
1673,1,0.18333333333333332,0.21666666666666667,0.24333333333333335,0.24666666666666667,0.20666666666666667,0.2287438043967874,0.2665872982283078,0.26138507140932365
1674,0,0.11333333333333333,0.17666666666666667,0.15,0.15666666666666668,0.09666666666666666,0.1335726995856818,0.23980106866697767,0.24015825914935707
1675,0,0.4766666666666667,0.44,0.49,0.41,0.4066666666666667,0.47168876349694694,0.40357755082912206,0.37055837563451777
1676,0,0.4633333333333333,0.43666666666666665,0.47,0.4266666666666667,0.35,0.47677804136341245,0.397823777018456,0.37055837563451777
1677,1,0.42333333333333334,0.47,0.5033333333333333,0.49,0.29333333333333333,0.43642271649281467,0.4310112455175577,0.36155419222903884
1678,0,0.39,0.37333333333333335,0.39666666666666667,0.36333333333333334,0.4033333333333333,0.3660422043513328,0.3020543181984557,0.36155419222903884
1679,0,0.21,0.24,0.28,0.25,0.17,0.25003381824657783,0.2508990661548346,0.26138507140932365
1680,0,0.3566666666666667,0.37,0.3233333333333333,0.39,0.29,0.3466178939477678,0.2918539929442319,0.24015825914935707
1681,0,0.44,0.41333333333333333,0.48,0.55,0.37666666666666665,0.4024725447888675,0.2882120141624682,0.24015825914935707
1682,0,0.20666666666666667,0.23333333333333334,0.21666666666666667,0.23333333333333334,0.17333333333333334,0.20380427641118773,0.24882137100236737,0.24015825914935707
1683,0,0.14333333333333334,0.12333333333333334,0.11,0.14,0.17,0.13222849955906618,0.15193359861571074,0.26138507140932365
1684,1,0.3933333333333333,0.33,0.30333333333333334,0.36333333333333334,0.31666666666666665,0.35465093078143706,0.2771998571629701,0.24015825914935707
1685,0,0.18,0.21,0.21666666666666667,0.20666666666666667,0.20333333333333334,0.21787788639038352,0.24882137100236737,0.24015825914935707
1686,0,0.14333333333333334,0.18333333333333332,0.15333333333333332,0.19333333333333333,0.13666666666666666,0.19445754368641727,0.25686647262428014,0.24015825914935707
1687,0,0.37666666666666665,0.4266666666666667,0.44333333333333336,0.39,0.4166666666666667,0.36747984719914517,0.2947746275153752,0.24015825914935707
1688,1,0.2833333333333333,0.24,0.25,0.24333333333333335,0.20666666666666667,0.29669337632840725,0.35083622948151333,0.37055837563451777
1689,0,0.44666666666666666,0.45666666666666667,0.4,0.41,0.3566666666666667,0.4035209924315625,0.32050614254890125,0.36155419222903884
1690,1,0.37666666666666665,0.45666666666666667,0.45,0.4666666666666667,0.36666666666666664,0.4124949724057615,0.35350399619623046,0.36155419222903884
1691,0,0.2,0.22,0.19,0.23,0.17,0.24035224896295357,0.3234348277145749,0.24015825914935707
1692,1,0.3233333333333333,0.3333333333333333,0.35,0.37,0.19333333333333333,0.3353781852499347,0.3667091888368304,0.36155419222903884
1693,0,0.23333333333333334,0.23,0.22,0.22666666666666666,0.19,0.2455131418816036,0.25686647262428014,0.24015825914935707
1694,0,0.23,0.22333333333333333,0.17,0.24,0.21,0.23571960570006892,0.3283935618667886,0.37055837563451777
1695,0,0.20333333333333334,0.19,0.17,0.19,0.11333333333333333,0.16647203990598253,0.2128914088862743,0.24015825914935707
1696,0,0.38666666666666666,0.41333333333333333,0.42333333333333334,0.4066666666666667,0.3933333333333333,0.3847631435175742,0.2636129968168579,0.26138507140932365
1697,0,0.25666666666666665,0.31666666666666665,0.22,0.29333333333333333,0.2,0.24815068856270756,0.3544593977371018,0.24015825914935707
1698,0,0.2966666666666667,0.27,0.30333333333333334,0.26,0.17666666666666667,0.22224020761252095,0.35350399619623046,0.36155419222903884
1699,0,0.23,0.18,0.15666666666666668,0.18333333333333332,0.16,0.2211360701965588,0.3381651116826154,0.36155419222903884
1700,0,0.36333333333333334,0.3933333333333333,0.38666666666666666,0.41333333333333333,0.29333333333333333,0.3645792176201212,0.31064791027339567,0.26138507140932365
1701,0,0.43666666666666665,0.45,0.42,0.4166666666666667,0.33666666666666667,0.42779179960756336,0.2934040785446578,0.26138507140932365
1702,0,0.24666666666666667,0.2633333333333333,0.22333333333333333,0.25,0.2733333333333333,0.22887799627259023,0.19325354256119986,0.26138507140932365
1703,1,0.19333333333333333,0.19,0.14,0.21,0.12333333333333334,0.17903608576966448,0.32599511748307464,0.26138507140932365
1704,1,0.4,0.38666666666666666,0.42333333333333334,0.38333333333333336,0.33666666666666667,0.40068968092965696,0.3698302768684884,0.36155419222903884
1705,1,0.37333333333333335,0.35,0.36333333333333334,0.36666666666666664,0.30666666666666664,0.3307413116315897,0.40866268133756667,0.36155419222903884
1706,1,0.16333333333333333,0.12666666666666668,0.11666666666666667,0.14,0.14,0.15725426209990417,0.23625742228973878,0.24015825914935707
1707,0,0.2733333333333333,0.26666666666666666,0.2833333333333333,0.32,0.18,0.27030146121657656,0.3504250090504435,0.36155419222903884
1708,0,0.3433333333333333,0.28,0.27,0.31,0.31,0.3279407507930148,0.3140143391721174,0.37055837563451777
1709,0,0.2,0.19666666666666666,0.17666666666666667,0.20333333333333334,0.18,0.17372424481169357,0.18227586111631933,0.26138507140932365
1710,0,0.2733333333333333,0.27666666666666667,0.26666666666666666,0.23,0.25333333333333335,0.2683828241766328,0.2451595486735126,0.24015825914935707
1711,1,0.17333333333333334,0.13666666666666666,0.11,0.11666666666666667,0.15,0.17256752320224267,0.21053986736797287,0.24015825914935707
1712,1,0.25333333333333335,0.23,0.19666666666666666,0.21,0.15666666666666668,0.18494560610312444,0.288967642249189,0.24015825914935707
1713,0,0.22333333333333333,0.23333333333333334,0.22,0.20333333333333334,0.11,0.19546301342919528,0.3504250090504435,0.36155419222903884
1714,0,0.4,0.29333333333333333,0.33666666666666667,0.36666666666666664,0.24666666666666667,0.3703376504015124,0.4052822667951281,0.36155419222903884
1715,1,0.36666666666666664,0.3933333333333333,0.3466666666666667,0.36333333333333334,0.38666666666666666,0.40218099141990254,0.2752368656275317,0.24015825914935707
1716,0,0.27666666666666667,0.2866666666666667,0.25333333333333335,0.30333333333333334,0.18,0.2700874727940475,0.3290986294756818,0.26138507140932365
1717,1,0.29,0.35,0.3333333333333333,0.2733333333333333,0.28,0.33097115784715425,0.3429251018136098,0.36155419222903884
1718,1,0.21666666666666667,0.20333333333333334,0.21666666666666667,0.19666666666666666,0.11333333333333333,0.18586844773032427,0.3020543181984557,0.36155419222903884
1719,1,0.2633333333333333,0.2733333333333333,0.25666666666666665,0.22666666666666666,0.22333333333333333,0.21014057004245687,0.23625742228973878,0.24015825914935707
1720,0,0.15333333333333332,0.19666666666666666,0.19333333333333333,0.17,0.15333333333333332,0.15046884804608338,0.19143966367958234,0.24015825914935707
1721,0,0.36,0.3466666666666667,0.38333333333333336,0.35333333333333333,0.43,0.37883968829440523,0.2947746275153752,0.24015825914935707
1722,0,0.32666666666666666,0.3433333333333333,0.29,0.3566666666666667,0.13666666666666666,0.25972762422137,0.3657200538281107,0.36155419222903884
1723,0,0.19,0.19,0.21333333333333335,0.19333333333333333,0.2,0.1959740784112589,0.26700718107428245,0.24015825914935707
1724,0,0.2866666666666667,0.31,0.2733333333333333,0.3333333333333333,0.2733333333333333,0.3200143162956606,0.3057960670900827,0.24015825914935707
1725,0,0.27666666666666667,0.21666666666666667,0.2633333333333333,0.24666666666666667,0.18333333333333332,0.22118578694789082,0.2795453760264602,0.26138507140932365
1726,0,0.4,0.38,0.37333333333333335,0.4,0.3566666666666667,0.3700343576295472,0.3103780857991747,0.26138507140932365
1727,1,0.11,0.12,0.15333333333333332,0.14333333333333334,0.07333333333333333,0.14331795246210358,0.26670286018451606,0.26138507140932365
1728,0,0.25,0.24666666666666667,0.30666666666666664,0.25333333333333335,0.25333333333333335,0.256941446455844,0.2086470633370252,0.26138507140932365
1729,0,0.37333333333333335,0.4,0.43666666666666665,0.4,0.31,0.3981758071702208,0.35350399619623046,0.36155419222903884
1730,1,0.44,0.30666666666666664,0.3566666666666667,0.4033333333333333,0.38666666666666666,0.39839747588756064,0.3381651116826154,0.36155419222903884
1731,1,0.24,0.28,0.23666666666666666,0.22666666666666666,0.17666666666666667,0.2086229061680327,0.2508990661548346,0.26138507140932365
1732,1,0.33666666666666667,0.3333333333333333,0.39666666666666667,0.36333333333333334,0.39666666666666667,0.327296884970984,0.27475434341209426,0.24015825914935707
1733,1,0.12666666666666668,0.17333333333333334,0.18333333333333332,0.13,0.09333333333333334,0.1464119898289683,0.17458669714909908,0.26138507140932365
1734,0,0.42333333333333334,0.4,0.38333333333333336,0.39666666666666667,0.38333333333333336,0.40396852203116856,0.3221208958580813,0.26138507140932365
1735,0,0.4,0.39666666666666667,0.42,0.38333333333333336,0.3466666666666667,0.38917995332537597,0.397823777018456,0.37055837563451777
1736,0,0.28,0.25,0.24,0.25,0.21,0.25760563404972897,0.2935266127655691,0.26138507140932365
1737,0,0.45,0.47,0.51,0.45,0.38666666666666666,0.4667846249690317,0.4240049359370206,0.37055837563451777
1738,0,0.3,0.35333333333333333,0.3433333333333333,0.3233333333333333,0.21333333333333335,0.31536082298436197,0.32128781827989816,0.24015825914935707
1739,0,0.34,0.31,0.35333333333333333,0.31,0.2,0.26803701013109416,0.24237909126117535,0.24015825914935707
1740,0,0.26,0.16666666666666666,0.19,0.19,0.08,0.1782468004663598,0.2882120141624682,0.24015825914935707
1741,1,0.3566666666666667,0.31666666666666665,0.34,0.34,0.22666666666666666,0.28924414265203785,0.3884759307198648,0.36155419222903884
1742,0,0.2,0.19,0.16666666666666666,0.19333333333333333,0.19666666666666666,0.18513733476952948,0.1725654980938095,0.26138507140932365
1743,0,0.36666666666666664,0.36333333333333334,0.36666666666666664,0.3566666666666667,0.39,0.3679030250708569,0.2927355513268112,0.24015825914935707
1744,0,0.25,0.16666666666666666,0.16333333333333333,0.15,0.12,0.20641445361306893,0.25251105682788105,0.26138507140932365
1745,0,0.25666666666666665,0.2833333333333333,0.26,0.23666666666666666,0.17,0.2113423301323914,0.3384472372722324,0.24015825914935707
1746,0,0.31,0.26666666666666666,0.27666666666666667,0.3,0.25666666666666665,0.2916952499121353,0.3153105850859049,0.36155419222903884
1747,1,0.26666666666666666,0.2733333333333333,0.31,0.24,0.32,0.29400756879800466,0.2648965555867191,0.24015825914935707
1748,0,0.20666666666666667,0.21333333333333335,0.20666666666666667,0.21333333333333335,0.20333333333333334,0.2287593203184219,0.2934040785446578,0.26138507140932365
1749,0,0.2866666666666667,0.30333333333333334,0.3433333333333333,0.2866666666666667,0.31333333333333335,0.2559477139025904,0.2599578269863675,0.26138507140932365
1750,1,0.36333333333333334,0.27,0.29,0.36666666666666664,0.32,0.34665111100835017,0.38491781009928383,0.37055837563451777
1751,0,0.4033333333333333,0.36333333333333334,0.30333333333333334,0.3466666666666667,0.2966666666666667,0.3477453134415528,0.2841898074838542,0.24015825914935707
1752,1,0.2866666666666667,0.35,0.3466666666666667,0.3433333333333333,0.2833333333333333,0.32933194758894613,0.2909892441242809,0.24015825914935707
1753,0,0.043333333333333335,0.04666666666666667,0.08,0.08666666666666667,0.07666666666666666,0.08631170420963975,0.1596217043462663,0.24015825914935707
1754,0,0.23333333333333334,0.20666666666666667,0.22,0.19,0.13666666666666666,0.23073428422233686,0.32599511748307464,0.26138507140932365
1755,0,0.33666666666666667,0.32,0.31333333333333335,0.31333333333333335,0.27666666666666667,0.32221606469036784,0.3381651116826154,0.36155419222903884
1756,0,0.11,0.11,0.11333333333333333,0.11666666666666667,0.07666666666666666,0.14003574952060527,0.24093827671977266,0.26138507140932365
1757,0,0.29,0.3333333333333333,0.3,0.34,0.22333333333333333,0.2969449017638411,0.35350399619623046,0.36155419222903884
1758,1,0.28,0.32,0.31,0.24,0.26666666666666666,0.27071308563286844,0.269298587798734,0.26138507140932365
1759,0,0.21666666666666667,0.23333333333333334,0.22333333333333333,0.20666666666666667,0.18,0.23035333676342806,0.2970271224114387,0.36155419222903884
1760,0,0.22,0.25,0.24666666666666667,0.23666666666666666,0.19333333333333333,0.229163461976562,0.2640656224049783,0.24015825914935707
1761,0,0.37,0.4633333333333333,0.4866666666666667,0.4666666666666667,0.31666666666666665,0.41461088572179194,0.38158818160938895,0.36155419222903884
1762,0,0.20666666666666667,0.20333333333333334,0.21333333333333335,0.25666666666666665,0.16,0.1984668285883948,0.2388093159852975,0.24015825914935707
1763,0,0.20333333333333334,0.20666666666666667,0.16333333333333333,0.17,0.10333333333333333,0.16757164945476702,0.36018006712549516,0.36155419222903884
1764,0,0.2866666666666667,0.26,0.28,0.26666666666666666,0.2966666666666667,0.2742287018141659,0.26216190592306277,0.24015825914935707
1765,0,0.15333333333333332,0.09,0.11,0.13333333333333333,0.08333333333333333,0.12652098319503816,0.22554672701415687,0.26138507140932365
1766,0,0.37333333333333335,0.37,0.35,0.35333333333333333,0.2633333333333333,0.32944807231860745,0.33543135019995807,0.24015825914935707
1767,0,0.44666666666666666,0.4066666666666667,0.44666666666666666,0.4666666666666667,0.38666666666666666,0.4783800896752976,0.4414849539260038,0.36155419222903884
1768,0,0.24666666666666667,0.39,0.35333333333333333,0.34,0.33,0.32946463884165195,0.2562167075222563,0.26138507140932365
1769,0,0.15666666666666668,0.14,0.17666666666666667,0.15666666666666668,0.09,0.12671054420402011,0.24452965277925676,0.26138507140932365
1770,1,0.33666666666666667,0.38333333333333336,0.37,0.38,0.35333333333333333,0.38317364377292634,0.2947746275153752,0.24015825914935707
1771,0,0.24666666666666667,0.19666666666666666,0.23333333333333334,0.23333333333333334,0.22333333333333333,0.20577882522166852,0.19902307560720517,0.24015825914935707
1772,0,0.27,0.22666666666666666,0.26666666666666666,0.22666666666666666,0.17333333333333334,0.20260285719884155,0.24847551108432797,0.24015825914935707
1773,1,0.33666666666666667,0.38,0.4266666666666667,0.38666666666666666,0.37,0.3635474349243854,0.3153105850859049,0.36155419222903884
1774,1,0.13666666666666666,0.11,0.15,0.13,0.16333333333333333,0.165295118169746,0.2614667660342561,0.24015825914935707
1775,1,0.31,0.16666666666666666,0.22666666666666666,0.22,0.15666666666666668,0.21162636389092332,0.23822899865552202,0.24015825914935707
1776,1,0.2866666666666667,0.3233333333333333,0.34,0.3433333333333333,0.2966666666666667,0.31972808321272295,0.3657200538281107,0.36155419222903884
1777,0,0.2633333333333333,0.28,0.29,0.26,0.18666666666666668,0.25576005752996506,0.3023200787191135,0.24015825914935707
1778,0,0.15666666666666668,0.18,0.17333333333333334,0.18333333333333332,0.16,0.18478899381406919,0.24664651943805588,0.24015825914935707
1779,0,0.13333333333333333,0.19333333333333333,0.17,0.17333333333333334,0.12666666666666668,0.17403806257616888,0.28263044576402363,0.26138507140932365
1780,0,0.35333333333333333,0.4033333333333333,0.38,0.37,0.35333333333333333,0.43431344856388243,0.3398431229305702,0.37055837563451777
1781,0,0.09666666666666666,0.09666666666666666,0.10333333333333333,0.09333333333333334,0.13333333333333333,0.11717259553614441,0.14840915787618558,0.24015825914935707
1782,0,0.21,0.21666666666666667,0.21,0.18333333333333332,0.13,0.2142443239242845,0.22897788743627895,0.26138507140932365
1783,0,0.22333333333333333,0.23666666666666666,0.25333333333333335,0.24,0.21333333333333335,0.21701045674419508,0.20195286890385464,0.24015825914935707
1784,1,0.31666666666666665,0.44,0.4033333333333333,0.4166666666666667,0.33,0.38664270185058053,0.2882120141624682,0.24015825914935707
1785,0,0.2966666666666667,0.33,0.2833333333333333,0.29333333333333333,0.29333333333333333,0.2709147986286801,0.2562167075222563,0.26138507140932365
1786,0,0.43,0.44,0.46,0.45,0.38666666666666666,0.44993818919714895,0.3234348277145749,0.24015825914935707
1787,0,0.24666666666666667,0.27,0.25,0.2966666666666667,0.13666666666666666,0.22676452559423302,0.24115352301839657,0.26138507140932365
1788,1,0.16333333333333333,0.12666666666666668,0.14333333333333334,0.11666666666666667,0.13,0.13415088250603605,0.2128914088862743,0.24015825914935707
1789,1,0.24333333333333335,0.31,0.3,0.27666666666666667,0.18,0.25585647172766085,0.2691033009110516,0.26138507140932365
1790,0,0.20666666666666667,0.21,0.23333333333333334,0.15333333333333332,0.17666666666666667,0.18602421451704299,0.12932679037599115,0.26138507140932365
1791,1,0.3233333333333333,0.42333333333333334,0.38666666666666666,0.3566666666666667,0.27666666666666667,0.32515923290789517,0.2834972929775092,0.26138507140932365
1792,0,0.19,0.18333333333333332,0.18333333333333332,0.18,0.15666666666666668,0.1916130109197738,0.22554672701415687,0.26138507140932365
1793,0,0.20666666666666667,0.20666666666666667,0.20333333333333334,0.14666666666666667,0.21666666666666667,0.20512131532400943,0.18227586111631933,0.26138507140932365
1794,0,0.35333333333333333,0.30333333333333334,0.3,0.2866666666666667,0.19666666666666666,0.30777410387526527,0.36885711799119586,0.36155419222903884
1795,0,0.4533333333333333,0.39666666666666667,0.45666666666666667,0.41,0.38,0.4320927074529608,0.4414849539260038,0.36155419222903884
1796,1,0.21666666666666667,0.25,0.2,0.24,0.16,0.22890100794103263,0.2691033009110516,0.26138507140932365
1797,0,0.20666666666666667,0.20333333333333334,0.19666666666666666,0.19666666666666666,0.13,0.20692474059961555,0.2771998571629701,0.24015825914935707
1798,1,0.42333333333333334,0.45666666666666667,0.4666666666666667,0.36666666666666664,0.3433333333333333,0.4178610447396625,0.38158818160938895,0.36155419222903884
1799,0,0.27,0.21666666666666667,0.27666666666666667,0.23,0.28,0.28969158751967755,0.22897788743627895,0.26138507140932365
1800,0,0.15333333333333332,0.20666666666666667,0.15333333333333332,0.14333333333333334,0.15,0.17697909413992288,0.20384124718098126,0.26138507140932365
1801,1,0.31666666666666665,0.2966666666666667,0.3466666666666667,0.3,0.18,0.269480557170567,0.31653863946088695,0.36155419222903884
1802,0,0.25,0.25333333333333335,0.27,0.28,0.21,0.27030025415735986,0.22692301590519084,0.24015825914935707
1803,1,0.2833333333333333,0.25333333333333335,0.25333333333333335,0.26,0.31,0.30639760968890417,0.2648965555867191,0.24015825914935707
1804,0,0.23666666666666666,0.25,0.29333333333333333,0.26,0.18333333333333332,0.25766586247728446,0.3221208958580813,0.26138507140932365
1805,0,0.21,0.29333333333333333,0.27666666666666667,0.27666666666666667,0.26666666666666666,0.26276488947126003,0.22897788743627895,0.26138507140932365
1806,0,0.30666666666666664,0.30666666666666664,0.3,0.25333333333333335,0.26666666666666666,0.2747292349745106,0.2451595486735126,0.24015825914935707
1807,1,0.25,0.36,0.36666666666666664,0.39666666666666667,0.21,0.3113085754717366,0.30040642297623166,0.26138507140932365
1808,1,0.30333333333333334,0.2866666666666667,0.32,0.32,0.21666666666666667,0.2694261208728282,0.3020543181984557,0.36155419222903884
1809,0,0.08,0.07666666666666666,0.09,0.07,0.12666666666666668,0.10650951805473603,0.11813244480500412,0.24015825914935707
1810,0,0.32666666666666666,0.3,0.25666666666666665,0.25333333333333335,0.2866666666666667,0.2887649460234041,0.22646650266530663,0.24015825914935707
1811,0,0.18333333333333332,0.16333333333333333,0.19,0.19,0.14666666666666667,0.15042149893280019,0.1988222430277996,0.24015825914935707
1812,1,0.31333333333333335,0.36666666666666664,0.38333333333333336,0.3333333333333333,0.31,0.3510437738337565,0.2909892441242809,0.24015825914935707
1813,0,0.08333333333333333,0.09333333333333334,0.09666666666666666,0.08333333333333333,0.11,0.11080337185975223,0.14242163219297524,0.24015825914935707
1814,1,0.34,0.22333333333333333,0.26,0.25666666666666665,0.21,0.2714441609673289,0.3311085555733136,0.36155419222903884
1815,1,0.32,0.32666666666666666,0.37666666666666665,0.3466666666666667,0.3433333333333333,0.35741663300022136,0.26634095786530554,0.26138507140932365
1816,1,0.27,0.32,0.26,0.2633333333333333,0.3233333333333333,0.25354002162634737,0.25686647262428014,0.24015825914935707
1817,0,0.11333333333333333,0.11333333333333333,0.11666666666666667,0.13,0.12,0.11468742476330084,0.17317626104501843,0.26138507140932365
1818,0,0.5366666666666666,0.47,0.44666666666666666,0.4533333333333333,0.4533333333333333,0.47361849685189833,0.3974112467514279,0.36155419222903884
1819,0,0.15,0.08333333333333333,0.10333333333333333,0.11666666666666667,0.07,0.12340777429574878,0.1890876206531208,0.24015825914935707
1820,0,0.21333333333333335,0.21666666666666667,0.21666666666666667,0.19666666666666666,0.22333333333333333,0.26023474568568866,0.22181423791653568,0.24015825914935707
1821,0,0.18,0.19333333333333333,0.18333333333333332,0.21,0.15666666666666668,0.19971355380922123,0.2811315545492706,0.24015825914935707
1822,0,0.15333333333333332,0.17666666666666667,0.16333333333333333,0.21333333333333335,0.25,0.182499106417479,0.1596217043462663,0.24015825914935707
1823,0,0.35333333333333333,0.31,0.3233333333333333,0.33666666666666667,0.31,0.34842762365299157,0.39168765079838325,0.36155419222903884
1824,1,0.2733333333333333,0.25666666666666665,0.25,0.32666666666666666,0.19666666666666666,0.26102281966717406,0.3391195663485373,0.36155419222903884
1825,0,0.13333333333333333,0.21666666666666667,0.19333333333333333,0.18333333333333332,0.09666666666666666,0.1522116223603359,0.1991173009629692,0.24015825914935707
1826,0,0.28,0.22666666666666666,0.30666666666666664,0.2833333333333333,0.24333333333333335,0.26284614580165333,0.22043316997450332,0.24015825914935707
1827,0,0.37666666666666665,0.49333333333333335,0.4633333333333333,0.4033333333333333,0.35,0.402207936716563,0.37012404635501506,0.24015825914935707
1828,0,0.29333333333333333,0.35333333333333333,0.33,0.33,0.30333333333333334,0.3298064797953531,0.2795453760264602,0.26138507140932365
1829,0,0.28,0.23333333333333334,0.32,0.21666666666666667,0.22666666666666666,0.2091746319395212,0.1362722264089902,0.24015825914935707
1830,1,0.39,0.36666666666666664,0.35,0.33666666666666667,0.36,0.34845172702820143,0.21668396583455257,0.26138507140932365
1831,1,0.3233333333333333,0.3466666666666667,0.25333333333333335,0.27,0.24,0.2788442562053461,0.29045226888840775,0.36155419222903884
1832,0,0.15666666666666668,0.13666666666666666,0.15666666666666668,0.18666666666666668,0.06666666666666667,0.12821441344300563,0.2678800709051542,0.24015825914935707
1833,1,0.39,0.43,0.43333333333333335,0.38333333333333336,0.3333333333333333,0.36761385998370544,0.2918539929442319,0.24015825914935707
1834,0,0.39,0.5033333333333333,0.4533333333333333,0.45,0.32,0.4383320380407693,0.37485598245813867,0.37055837563451777
1835,0,0.17666666666666667,0.28,0.18666666666666668,0.26,0.22666666666666666,0.1966404655382477,0.2237325296082427,0.24015825914935707
1836,1,0.32666666666666666,0.30666666666666664,0.32,0.25,0.2733333333333333,0.2811342386229984,0.3234348277145749,0.24015825914935707
1837,0,0.19,0.17666666666666667,0.24333333333333335,0.21666666666666667,0.17333333333333334,0.23586982151353963,0.2795453760264602,0.26138507140932365
1838,0,0.27,0.29,0.26666666666666666,0.26,0.17333333333333334,0.28605006078977296,0.3698302768684884,0.36155419222903884
1839,0,0.44,0.48,0.42333333333333334,0.43333333333333335,0.35333333333333333,0.4734459720341252,0.40866268133756667,0.36155419222903884
1840,0,0.18333333333333332,0.16333333333333333,0.20333333333333334,0.17333333333333334,0.17666666666666667,0.20319875256401185,0.29947089947066163,0.26138507140932365
1841,0,0.4166666666666667,0.35333333333333333,0.3333333333333333,0.30333333333333334,0.30333333333333334,0.34461499878726715,0.2691033009110516,0.26138507140932365
1842,0,0.08,0.12666666666666668,0.09333333333333334,0.10666666666666667,0.11,0.11755888477055876,0.12692564492107083,0.24015825914935707
1843,0,0.21333333333333335,0.18666666666666668,0.14666666666666667,0.24666666666666667,0.22,0.24981390374333942,0.2970271224114387,0.36155419222903884
1844,0,0.13,0.15,0.09333333333333334,0.14333333333333334,0.11333333333333333,0.11955107764036872,0.13019383415888833,0.24015825914935707
1845,0,0.2866666666666667,0.2633333333333333,0.24,0.24666666666666667,0.25333333333333335,0.2587381907396301,0.3061892063043738,0.24015825914935707
1846,1,0.4066666666666667,0.38666666666666666,0.38666666666666666,0.39,0.36666666666666664,0.3820078401761999,0.2795453760264602,0.26138507140932365
1847,0,0.36666666666666664,0.45,0.4266666666666667,0.38,0.3333333333333333,0.3577033400649158,0.32169164480689233,0.24015825914935707
1848,1,0.44666666666666666,0.4766666666666667,0.4033333333333333,0.4866666666666667,0.3433333333333333,0.46555403336117185,0.45375891139773705,0.37055837563451777
1849,1,0.25666666666666665,0.25666666666666665,0.25666666666666665,0.22666666666666666,0.19333333333333333,0.22749696525837346,0.2947746275153752,0.24015825914935707
1850,0,0.36666666666666664,0.33666666666666667,0.36333333333333334,0.42,0.22666666666666666,0.3522546936610323,0.3854696899114028,0.36155419222903884
1851,0,0.35333333333333333,0.34,0.30333333333333334,0.32,0.37,0.35415614743512613,0.1890876206531208,0.24015825914935707
1852,0,0.4666666666666667,0.37666666666666665,0.44,0.44666666666666666,0.30666666666666664,0.4289363490542504,0.3359688769253456,0.24015825914935707
1853,0,0.14333333333333334,0.09333333333333334,0.13,0.15333333333333332,0.10333333333333333,0.12398894857861616,0.22446068351418602,0.24015825914935707
1854,1,0.26,0.30666666666666664,0.3,0.24666666666666667,0.26666666666666666,0.29314407517728736,0.22897788743627895,0.26138507140932365
1855,0,0.29,0.23,0.22333333333333333,0.25333333333333335,0.26,0.28724374867172064,0.29720770748859093,0.26138507140932365
1856,0,0.2633333333333333,0.19666666666666666,0.20666666666666667,0.21666666666666667,0.13,0.19077356326066888,0.2389898071098169,0.24015825914935707
1857,0,0.13333333333333333,0.07666666666666666,0.12,0.09666666666666666,0.14666666666666667,0.13571616878645315,0.11915918417717974,0.24015825914935707
1858,1,0.5166666666666667,0.46,0.43333333333333335,0.47333333333333333,0.3933333333333333,0.4442608073584079,0.4144653218831908,0.36155419222903884
1859,0,0.13666666666666666,0.15333333333333332,0.15,0.15666666666666668,0.15666666666666668,0.16900851374106318,0.26634095786530554,0.26138507140932365
1860,0,0.19666666666666666,0.19,0.22,0.16666666666666666,0.16666666666666666,0.18737896386726965,0.3057960670900827,0.24015825914935707
1861,0,0.16,0.14,0.12333333333333334,0.13333333333333333,0.12333333333333334,0.16130527558250946,0.20384124718098126,0.26138507140932365
1862,1,0.35,0.37,0.2833333333333333,0.36,0.31666666666666665,0.3540148914234595,0.3504250090504435,0.36155419222903884
1863,0,0.38,0.31666666666666665,0.34,0.3333333333333333,0.36333333333333334,0.39386957007516404,0.22109222166125206,0.24015825914935707
1864,0,0.2866666666666667,0.36666666666666664,0.31666666666666665,0.30333333333333334,0.24666666666666667,0.2855496273084126,0.3067014989421257,0.24015825914935707
1865,1,0.45666666666666667,0.42333333333333334,0.35333333333333333,0.39,0.3333333333333333,0.405255645227568,0.3311085555733136,0.36155419222903884
1866,0,0.19666666666666666,0.14,0.24,0.21,0.16,0.19959594864234564,0.23980106866697767,0.24015825914935707
1867,0,0.46,0.43333333333333335,0.37,0.47,0.36666666666666664,0.3969263546634268,0.3504250090504435,0.36155419222903884
1868,0,0.39,0.33666666666666667,0.34,0.36,0.2733333333333333,0.36933674870830346,0.32674410286653693,0.36155419222903884
1869,0,0.13,0.09666666666666666,0.07,0.08,0.1,0.10305767492074268,0.1381602123799904,0.26138507140932365
1870,0,0.25666666666666665,0.30666666666666664,0.24333333333333335,0.25666666666666665,0.29333333333333333,0.2971571508900086,0.24586921136501827,0.24015825914935707
1871,1,0.16,0.20333333333333334,0.17,0.2,0.18666666666666668,0.21480202899732279,0.22310953124584454,0.26138507140932365
1872,1,0.09,0.07666666666666666,0.09666666666666666,0.09,0.11333333333333333,0.10496841716206222,0.15339209024084668,0.24015825914935707
1873,0,0.23,0.23333333333333334,0.27666666666666667,0.2633333333333333,0.24333333333333335,0.2564086874506011,0.19969149816016254,0.24015825914935707
1874,0,0.12333333333333334,0.09333333333333334,0.17,0.12333333333333334,0.13333333333333333,0.1376445833806847,0.15367027983950074,0.26138507140932365
1875,0,0.4766666666666667,0.38666666666666666,0.41,0.39666666666666667,0.4266666666666667,0.40698846500306934,0.2614667660342561,0.24015825914935707
1876,1,0.45666666666666667,0.48333333333333334,0.43333333333333335,0.41333333333333333,0.45666666666666667,0.47900852633835816,0.37485598245813867,0.37055837563451777
1877,0,0.11333333333333333,0.14,0.12333333333333334,0.11,0.13,0.1308365532931012,0.2295798967796086,0.24015825914935707
1878,0,0.20333333333333334,0.23,0.24333333333333335,0.20666666666666667,0.14333333333333334,0.22351014089798818,0.32128781827989816,0.24015825914935707
1879,1,0.16,0.15666666666666668,0.15333333333333332,0.17666666666666667,0.25,0.2001559185087724,0.19240557433127983,0.26138507140932365
1880,0,0.31666666666666665,0.41,0.35333333333333333,0.34,0.3233333333333333,0.30223842546539853,0.24871092918758064,0.24015825914935707
1881,0,0.11,0.13666666666666666,0.17,0.17,0.14333333333333334,0.16361186392918675,0.11813244480500412,0.24015825914935707
1882,1,0.45,0.43333333333333335,0.43,0.42,0.4033333333333333,0.4361534202991588,0.36018006712549516,0.36155419222903884
1883,0,0.19,0.23333333333333334,0.22333333333333333,0.18666666666666668,0.22666666666666666,0.203333416314393,0.19815600968694674,0.24015825914935707
1884,0,0.27666666666666667,0.24666666666666667,0.31333333333333335,0.31666666666666665,0.20333333333333334,0.2564514578359334,0.2811315545492706,0.24015825914935707
1885,0,0.4033333333333333,0.33666666666666667,0.33,0.27666666666666667,0.31333333333333335,0.32667812448837835,0.2295798967796086,0.24015825914935707
1886,1,0.43333333333333335,0.4166666666666667,0.45666666666666667,0.44666666666666666,0.38333333333333336,0.44172546817156566,0.38766691980743134,0.37055837563451777
1887,0,0.1,0.1,0.13333333333333333,0.11666666666666667,0.16,0.13340585942320568,0.14242163219297524,0.24015825914935707
1888,0,0.12666666666666668,0.15666666666666668,0.15,0.14666666666666667,0.09,0.15424804378950352,0.1988222430277996,0.24015825914935707
1889,0,0.23666666666666666,0.22666666666666666,0.23,0.21333333333333335,0.2,0.19834967262059253,0.3229250925161457,0.26138507140932365
1890,0,0.10333333333333333,0.12,0.10666666666666667,0.09666666666666666,0.15333333333333332,0.12565051454370962,0.18227586111631933,0.26138507140932365
1891,1,0.32666666666666666,0.3466666666666667,0.36,0.38333333333333336,0.38,0.3038785651815307,0.22863089413749174,0.24015825914935707
1892,0,0.3466666666666667,0.35333333333333333,0.3566666666666667,0.41,0.22333333333333333,0.3727829490653497,0.3715794921443768,0.37055837563451777
1893,0,0.14666666666666667,0.09666666666666666,0.13333333333333333,0.08333333333333333,0.12333333333333334,0.14015767243991228,0.1978425884354041,0.26138507140932365
1894,0,0.23,0.19333333333333333,0.21666666666666667,0.18666666666666668,0.22333333333333333,0.22601320439493813,0.21618378951692266,0.24015825914935707
1895,0,0.38666666666666666,0.44666666666666666,0.41333333333333333,0.42,0.35,0.40336584029718303,0.3719923230105255,0.26138507140932365
1896,0,0.16666666666666666,0.21666666666666667,0.13,0.14666666666666667,0.15666666666666668,0.15981094956352915,0.21816885750487605,0.26138507140932365
1897,0,0.35333333333333333,0.23333333333333334,0.27666666666666667,0.23333333333333334,0.35,0.23295565136117513,0.13613380004152997,0.24015825914935707
1898,0,0.13666666666666666,0.17,0.13333333333333333,0.13666666666666666,0.12666666666666668,0.16302935045667122,0.20599603735599503,0.24015825914935707
1899,0,0.2,0.22666666666666666,0.23,0.19666666666666666,0.20666666666666667,0.21010220329476217,0.18227586111631933,0.26138507140932365
1900,1,0.37666666666666665,0.33,0.3433333333333333,0.33,0.3433333333333333,0.3794632259383907,0.2691033009110516,0.26138507140932365
1901,0,0.17333333333333334,0.2833333333333333,0.23666666666666666,0.20666666666666667,0.20333333333333334,0.2023080227054159,0.21117349428073792,0.26138507140932365
1902,0,0.14,0.16333333333333333,0.16333333333333333,0.17333333333333334,0.11,0.1574698081620819,0.21217652129993653,0.24015825914935707
1903,0,0.11333333333333333,0.13666666666666666,0.13333333333333333,0.16,0.11,0.1289214720489361,0.2771998571629701,0.24015825914935707
1904,0,0.38333333333333336,0.38333333333333336,0.37,0.41,0.36,0.402214722634594,0.3518074371219171,0.37055837563451777
1905,0,0.23666666666666666,0.23,0.23333333333333334,0.2633333333333333,0.15666666666666668,0.2531036566204598,0.2614667660342561,0.24015825914935707
1906,0,0.25,0.2733333333333333,0.33666666666666667,0.25666666666666665,0.27666666666666667,0.3002601265270951,0.32367041163350774,0.36155419222903884
1907,1,0.35,0.38666666666666666,0.4033333333333333,0.43333333333333335,0.4033333333333333,0.3859648522871501,0.320377453106168,0.24015825914935707
1908,0,0.32,0.24666666666666667,0.17,0.22666666666666666,0.32666666666666666,0.29169379406473356,0.22897788743627895,0.26138507140932365
1909,0,0.19333333333333333,0.19333333333333333,0.15333333333333332,0.14333333333333334,0.14,0.13419073620801217,0.16875225775556754,0.24015825914935707
1910,1,0.13,0.15,0.15666666666666668,0.16333333333333333,0.12333333333333334,0.13715044070483062,0.18227586111631933,0.26138507140932365
1911,1,0.33,0.3,0.31666666666666665,0.31333333333333335,0.2,0.2997275590259877,0.37485598245813867,0.37055837563451777
1912,0,0.29,0.20666666666666667,0.25,0.25,0.24333333333333335,0.25255814478469446,0.27089476298013004,0.36155419222903884
1913,0,0.45,0.45,0.4533333333333333,0.48,0.38,0.49002221216940733,0.45710691881921506,0.37055837563451777
1914,1,0.5,0.37,0.4033333333333333,0.43,0.48,0.3998830796401066,0.3221208958580813,0.26138507140932365
1915,0,0.22333333333333333,0.25666666666666665,0.19333333333333333,0.21666666666666667,0.11333333333333333,0.20750403881948587,0.33543135019995807,0.24015825914935707
1916,1,0.24333333333333335,0.24666666666666667,0.24,0.24333333333333335,0.18333333333333332,0.22450505449159397,0.2259496055468205,0.24015825914935707
1917,0,0.2733333333333333,0.20666666666666667,0.21,0.22,0.25666666666666665,0.21940193086121335,0.3057960670900827,0.24015825914935707
1918,0,0.15333333333333332,0.14,0.12666666666666668,0.13666666666666666,0.10333333333333333,0.12768821375500097,0.2648965555867191,0.24015825914935707
1919,0,0.28,0.26666666666666666,0.2633333333333333,0.29,0.18333333333333332,0.2555979923867244,0.262899155055048,0.26138507140932365
1920,0,0.24666666666666667,0.17666666666666667,0.14333333333333334,0.17333333333333334,0.26,0.18841127538244604,0.15339209024084668,0.24015825914935707
1921,1,0.38,0.38,0.43666666666666665,0.39666666666666667,0.3466666666666667,0.3508987831234237,0.2388093159852975,0.24015825914935707
1922,1,0.4166666666666667,0.37,0.3466666666666667,0.3566666666666667,0.42,0.3943169506341487,0.32050614254890125,0.36155419222903884
1923,0,0.43666666666666665,0.4066666666666667,0.4266666666666667,0.4033333333333333,0.4,0.414721588198595,0.37485598245813867,0.37055837563451777
1924,1,0.2833333333333333,0.25333333333333335,0.2633333333333333,0.30666666666666664,0.23333333333333334,0.2905392498509351,0.34078327246629003,0.26138507140932365
1925,0,0.16666666666666666,0.16,0.19333333333333333,0.18333333333333332,0.09666666666666666,0.151789715840534,0.2128914088862743,0.24015825914935707
1926,0,0.38,0.2866666666666667,0.3,0.2966666666666667,0.2733333333333333,0.3697410995017019,0.3381651116826154,0.36155419222903884
1927,0,0.30666666666666664,0.32666666666666666,0.33,0.31333333333333335,0.2833333333333333,0.2999956756832622,0.3411992843618868,0.26138507140932365
1928,1,0.31333333333333335,0.41,0.36666666666666664,0.36,0.32666666666666666,0.3668429665443081,0.3719923230105255,0.26138507140932365
1929,1,0.47333333333333333,0.36,0.30666666666666664,0.38666666666666666,0.43333333333333335,0.403644225525396,0.35939535149688207,0.26138507140932365
1930,1,0.2,0.21,0.18333333333333332,0.19666666666666666,0.15666666666666668,0.189214656145429,0.23583718703667628,0.26138507140932365
1931,0,0.30333333333333334,0.29333333333333333,0.23666666666666666,0.24,0.2866666666666667,0.2928208481020267,0.20195286890385464,0.24015825914935707
1932,1,0.44333333333333336,0.4066666666666667,0.3433333333333333,0.37333333333333335,0.4066666666666667,0.40505394096078035,0.3228652439593705,0.36155419222903884
1933,0,0.35,0.3433333333333333,0.3566666666666667,0.31666666666666665,0.37,0.33538816886308426,0.2521419161634637,0.24015825914935707
1934,0,0.35333333333333333,0.36333333333333334,0.38,0.34,0.36666666666666664,0.35471902271638306,0.3153105850859049,0.36155419222903884
1935,0,0.22,0.19333333333333333,0.22666666666666666,0.21666666666666667,0.21666666666666667,0.2419090704042055,0.26634095786530554,0.26138507140932365
1936,1,0.25333333333333335,0.37,0.33666666666666667,0.38333333333333336,0.3566666666666667,0.362596265153017,0.32050614254890125,0.36155419222903884
1937,0,0.3433333333333333,0.3,0.3233333333333333,0.2966666666666667,0.35333333333333333,0.30557445975244585,0.2678800709051542,0.24015825914935707
1938,0,0.23,0.17666666666666667,0.16333333333333333,0.16333333333333333,0.14666666666666667,0.21582659935211376,0.2947746275153752,0.24015825914935707
1939,0,0.3466666666666667,0.42333333333333334,0.41333333333333333,0.4166666666666667,0.33666666666666667,0.36092034765749015,0.2729635282628867,0.26138507140932365
1940,0,0.22,0.3,0.33,0.29333333333333333,0.3,0.2947655556714817,0.3067014989421257,0.24015825914935707
1941,0,0.19,0.2,0.25333333333333335,0.20333333333333334,0.16,0.18332448310645175,0.20384124718098126,0.26138507140932365
1942,0,0.05333333333333334,0.06333333333333334,0.07333333333333333,0.07333333333333333,0.11,0.07591555840588297,0.11960824923568728,0.24015825914935707
1943,0,0.2,0.24666666666666667,0.23333333333333334,0.23666666666666666,0.19,0.22439228933040503,0.20195286890385464,0.24015825914935707
1944,0,0.15,0.2,0.2,0.23666666666666666,0.2,0.1643076226217324,0.1570181753756805,0.24015825914935707
1945,0,0.5266666666666666,0.45,0.41,0.5,0.42333333333333334,0.4432510499342766,0.38158818160938895,0.36155419222903884
1946,0,0.18,0.19,0.17333333333333334,0.2,0.09666666666666666,0.1644180491622326,0.32640201523708656,0.26138507140932365
1947,0,0.19,0.18333333333333332,0.17,0.19666666666666666,0.23666666666666666,0.23158864168717097,0.27123507722729484,0.26138507140932365
1948,0,0.16,0.18,0.15333333333333332,0.16333333333333333,0.12666666666666668,0.15601751151078724,0.19478897520638472,0.26138507140932365
1949,1,0.45,0.43333333333333335,0.4866666666666667,0.41,0.35,0.42819822254189277,0.3974112467514279,0.36155419222903884
1950,0,0.4266666666666667,0.46,0.4766666666666667,0.42,0.35,0.48013227880243076,0.39087622657056803,0.37055837563451777
1951,0,0.29333333333333333,0.26,0.27666666666666667,0.24333333333333335,0.2866666666666667,0.24541174910257774,0.19599610112434857,0.24015825914935707
1952,0,0.2,0.14666666666666667,0.13666666666666666,0.15,0.1,0.16855072720709927,0.2841898074838542,0.24015825914935707
1953,0,0.35,0.27,0.3333333333333333,0.37,0.36333333333333334,0.3477549110362975,0.20543937936866058,0.26138507140932365
1954,1,0.31666666666666665,0.29,0.27666666666666667,0.2833333333333333,0.20666666666666667,0.2586869617411618,0.36885711799119586,0.36155419222903884
1955,0,0.13333333333333333,0.17666666666666667,0.14,0.19666666666666666,0.12333333333333334,0.13680684535655888,0.23625742228973878,0.24015825914935707
1956,1,0.33,0.36333333333333334,0.3466666666666667,0.33666666666666667,0.24,0.33947288752869065,0.31154540926161534,0.26138507140932365
1957,1,0.33,0.36,0.41,0.43666666666666665,0.32,0.3762672620579234,0.2909892441242809,0.24015825914935707
1958,0,0.17333333333333334,0.2633333333333333,0.28,0.24333333333333335,0.23333333333333334,0.17759424658830134,0.13765238506270008,0.26138507140932365
1959,0,0.31,0.24666666666666667,0.25333333333333335,0.29,0.27666666666666667,0.29137756397789444,0.1972628065640116,0.24015825914935707
1960,1,0.16,0.13666666666666666,0.11666666666666667,0.12333333333333334,0.1,0.1471933582071316,0.22351372081634296,0.24015825914935707
1961,0,0.4033333333333333,0.36666666666666664,0.36333333333333334,0.36666666666666664,0.38,0.39508628267035056,0.38823925220188243,0.37055837563451777
1962,0,0.11666666666666667,0.15333333333333332,0.17333333333333334,0.14333333333333334,0.09666666666666666,0.1333261538445377,0.2548081412097959,0.24015825914935707
1963,1,0.31666666666666665,0.2633333333333333,0.2966666666666667,0.30333333333333334,0.3566666666666667,0.33646010182029484,0.3178367758781197,0.26138507140932365
1964,1,0.32666666666666666,0.4266666666666667,0.42,0.44,0.2733333333333333,0.3859670745560481,0.3854696899114028,0.36155419222903884
1965,0,0.19333333333333333,0.20333333333333334,0.2633333333333333,0.24,0.14,0.18286831194641306,0.22576694735460057,0.26138507140932365
1966,0,0.11666666666666667,0.21333333333333335,0.14333333333333334,0.15,0.12333333333333334,0.15984623751753385,0.16979350364170975,0.26138507140932365
1967,0,0.2633333333333333,0.2633333333333333,0.22666666666666666,0.25333333333333335,0.33,0.24892164041900264,0.23702903478331502,0.24015825914935707
1968,0,0.17,0.12666666666666668,0.15333333333333332,0.14666666666666667,0.13,0.14268978908951888,0.21178724146586198,0.26138507140932365
1969,0,0.20333333333333334,0.24,0.20333333333333334,0.22333333333333333,0.22333333333333333,0.25526560330624243,0.3603770996016221,0.26138507140932365
1970,0,0.22,0.18333333333333332,0.19,0.22,0.22,0.21424865206665364,0.2314749832500635,0.26138507140932365
1971,0,0.15,0.17,0.13333333333333333,0.13,0.12666666666666668,0.14543237964733027,0.20423331302387407,0.24015825914935707
1972,0,0.20333333333333334,0.23666666666666666,0.28,0.29,0.20666666666666667,0.25292353629663683,0.2640656224049783,0.24015825914935707
1973,0,0.23666666666666666,0.22,0.23666666666666666,0.19666666666666666,0.19,0.2132960773681796,0.25251105682788105,0.26138507140932365
1974,0,0.2833333333333333,0.35333333333333333,0.32666666666666666,0.32666666666666666,0.32666666666666666,0.3105375680257446,0.27991837484801163,0.26138507140932365
1975,0,0.17,0.20666666666666667,0.14333333333333334,0.21,0.12666666666666668,0.16909734044153607,0.2165155277954629,0.26138507140932365
1976,0,0.27666666666666667,0.3,0.2733333333333333,0.31,0.20333333333333334,0.2752403238653726,0.36885711799119586,0.36155419222903884
1977,0,0.3,0.3233333333333333,0.24333333333333335,0.31666666666666665,0.18,0.25889234462467936,0.262899155055048,0.26138507140932365
1978,0,0.2633333333333333,0.27666666666666667,0.27666666666666667,0.2966666666666667,0.25333333333333335,0.2655190870799414,0.2918539929442319,0.24015825914935707
1979,0,0.23666666666666666,0.19,0.20333333333333334,0.21,0.16666666666666666,0.26961337713109523,0.2958680826931045,0.24015825914935707
1980,1,0.2966666666666667,0.31,0.2633333333333333,0.29333333333333333,0.21666666666666667,0.30125543195513577,0.22897788743627895,0.26138507140932365
1981,1,0.45666666666666667,0.3233333333333333,0.4266666666666667,0.37,0.37666666666666665,0.4607698424768445,0.32367041163350774,0.36155419222903884
1982,1,0.30666666666666664,0.31,0.2966666666666667,0.37,0.26666666666666666,0.3281368087580393,0.2811315545492706,0.24015825914935707
1983,0,0.3333333333333333,0.32666666666666666,0.33666666666666667,0.35,0.35333333333333333,0.3196125777931243,0.21217652129993653,0.24015825914935707
1984,0,0.36,0.41333333333333333,0.3466666666666667,0.30333333333333334,0.2633333333333333,0.3518356014965875,0.3103780857991747,0.26138507140932365
1985,1,0.23333333333333334,0.24333333333333335,0.24666666666666667,0.25,0.16333333333333333,0.2448947910972644,0.2811315545492706,0.24015825914935707
1986,0,0.15,0.12,0.14,0.13333333333333333,0.07,0.10842796576878588,0.23625742228973878,0.24015825914935707
1987,0,0.19,0.21,0.19666666666666666,0.22,0.13,0.15782590978582003,0.2562167075222563,0.26138507140932365
1988,0,0.19,0.2,0.24333333333333335,0.17666666666666667,0.16666666666666666,0.2172968919665965,0.29411085932016606,0.36155419222903884
1989,0,0.09666666666666666,0.06666666666666667,0.09333333333333334,0.11,0.09,0.10685585369890638,0.16678495587808742,0.24015825914935707
1990,0,0.12,0.14333333333333334,0.12,0.12,0.15333333333333332,0.13539497082676905,0.16841388953276537,0.26138507140932365
1991,0,0.35,0.33,0.31333333333333335,0.31333333333333335,0.23333333333333334,0.32538629969461064,0.3229250925161457,0.26138507140932365
1992,0,0.24666666666666667,0.2,0.26,0.28,0.23,0.2639020937105746,0.25686647262428014,0.24015825914935707
1993,1,0.39,0.43333333333333335,0.31,0.3566666666666667,0.31666666666666665,0.36111711166679106,0.2771998571629701,0.24015825914935707
1994,0,0.44666666666666666,0.43,0.48,0.4633333333333333,0.31,0.49284272043843325,0.4414849539260038,0.36155419222903884
1995,0,0.4533333333333333,0.39666666666666667,0.4,0.37666666666666665,0.36333333333333334,0.4144816336458862,0.32674410286653693,0.36155419222903884
1996,0,0.31,0.36,0.3433333333333333,0.39,0.18666666666666668,0.3490109341313588,0.34078327246629003,0.26138507140932365
1997,1,0.42333333333333334,0.35333333333333333,0.33666666666666667,0.38,0.30333333333333334,0.3582260046933926,0.3698302768684884,0.36155419222903884
1998,0,0.15333333333333332,0.2,0.19333333333333333,0.17,0.16333333333333333,0.18433396191058815,0.2031489063561832,0.26138507140932365
1999,0,0.36,0.39,0.4666666666666667,0.43333333333333335,0.33666666666666667,0.3924439213915683,0.3090465688470764,0.24015825914935707
2000,0,0.18,0.17333333333333334,0.18,0.14333333333333334,0.14333333333333334,0.18012969039538998,0.3020543181984557,0.36155419222903884
2001,1,0.32,0.34,0.33,0.2966666666666667,0.21,0.27395399555427175,0.2614667660342561,0.24015825914935707
2002,1,0.36,0.3333333333333333,0.32666666666666666,0.3333333333333333,0.27666666666666667,0.3486363153034471,0.35083622948151333,0.37055837563451777
2003,0,0.08,0.08333333333333333,0.06666666666666667,0.08333333333333333,0.09666666666666666,0.09196249146491688,0.09963908946670998,0.24015825914935707
2004,0,0.37333333333333335,0.42,0.46,0.41333333333333333,0.31666666666666665,0.4037409348940709,0.3243680832021866,0.24015825914935707
2005,1,0.35333333333333333,0.36666666666666664,0.38666666666666666,0.3566666666666667,0.29333333333333333,0.3723299543124857,0.4381590203455499,0.36155419222903884
2006,0,0.18,0.17,0.15333333333333332,0.14,0.11666666666666667,0.1751845438060241,0.25251105682788105,0.26138507140932365
2007,0,0.37333333333333335,0.34,0.36,0.41,0.30333333333333334,0.3546484851118257,0.3381651116826154,0.36155419222903884
2008,0,0.30666666666666664,0.3466666666666667,0.31666666666666665,0.32,0.2833333333333333,0.30816528192187476,0.3611627502942744,0.36155419222903884
2009,0,0.17333333333333334,0.13666666666666666,0.17333333333333334,0.16,0.06333333333333334,0.1365768033109582,0.24093827671977266,0.26138507140932365
2010,0,0.37666666666666665,0.29,0.34,0.35,0.24,0.34484592571746175,0.35939535149688207,0.26138507140932365
2011,1,0.41,0.41,0.42333333333333334,0.38,0.3566666666666667,0.44582922057996777,0.3902563828223345,0.37055837563451777
2012,1,0.5066666666666667,0.4866666666666667,0.43,0.5133333333333333,0.36666666666666664,0.4390218116410913,0.35939535149688207,0.26138507140932365
2013,1,0.10666666666666667,0.16,0.18666666666666668,0.16,0.09666666666666666,0.13358824444295786,0.22692301590519084,0.24015825914935707
2014,0,0.37666666666666665,0.3933333333333333,0.38666666666666666,0.32,0.38666666666666666,0.37126608483436435,0.2562167075222563,0.26138507140932365
2015,0,0.3233333333333333,0.35333333333333333,0.3233333333333333,0.37,0.33666666666666667,0.3312256571465841,0.2187819449507233,0.24015825914935707
2016,1,0.14,0.18,0.17666666666666667,0.15,0.15,0.1507771345354037,0.12605694786280233,0.26138507140932365
2017,0,0.27,0.3,0.30666666666666664,0.2966666666666667,0.2633333333333333,0.3043451675638161,0.32599511748307464,0.26138507140932365
2018,0,0.29333333333333333,0.27,0.2966666666666667,0.30666666666666664,0.2733333333333333,0.3046983497898718,0.2165155277954629,0.26138507140932365
2019,0,0.37333333333333335,0.4633333333333333,0.4866666666666667,0.45,0.30333333333333334,0.4424940007525817,0.3974112467514279,0.36155419222903884
2020,0,0.33666666666666667,0.31666666666666665,0.32666666666666666,0.31666666666666665,0.24333333333333335,0.37337345129722693,0.34078327246629003,0.26138507140932365
2021,0,0.26666666666666666,0.26666666666666666,0.27,0.32,0.16666666666666666,0.23720761692133438,0.35350399619623046,0.36155419222903884
2022,0,0.24666666666666667,0.19333333333333333,0.22666666666666666,0.18,0.23666666666666666,0.19319276826691553,0.19599610112434857,0.24015825914935707
2023,0,0.24666666666666667,0.19333333333333333,0.22,0.21,0.2,0.21213209885013415,0.26700718107428245,0.24015825914935707
2024,0,0.39,0.45,0.39666666666666667,0.4533333333333333,0.35333333333333333,0.4151197424421844,0.29631627537685995,0.26138507140932365
2025,1,0.49,0.43333333333333335,0.44666666666666666,0.4866666666666667,0.41333333333333333,0.47503778316337825,0.40866268133756667,0.36155419222903884
2026,0,0.42333333333333334,0.4,0.44666666666666666,0.4533333333333333,0.36,0.407306349676454,0.39168765079838325,0.36155419222903884
2027,0,0.47333333333333333,0.4,0.5233333333333333,0.4666666666666667,0.37,0.48774444910285275,0.4714615435432226,0.36155419222903884
2028,0,0.25,0.31333333333333335,0.2966666666666667,0.37333333333333335,0.23333333333333334,0.30677666650721047,0.3085491681941375,0.26138507140932365
2029,0,0.17333333333333334,0.12,0.14666666666666667,0.13,0.18666666666666668,0.16366115740044399,0.20543937936866058,0.26138507140932365
2030,1,0.28,0.32666666666666666,0.32666666666666666,0.31,0.21,0.32020870564282333,0.34078327246629003,0.26138507140932365
2031,1,0.48,0.4066666666666667,0.44666666666666666,0.39666666666666667,0.33,0.4778182860339611,0.44782689147680405,0.37055837563451777
2032,1,0.22666666666666666,0.29,0.31333333333333335,0.26666666666666666,0.19333333333333333,0.23672276232400566,0.2640656224049783,0.24015825914935707
2033,0,0.3,0.25333333333333335,0.27666666666666667,0.27666666666666667,0.2733333333333333,0.30956404752046823,0.2165155277954629,0.26138507140932365
2034,1,0.17666666666666667,0.17666666666666667,0.17666666666666667,0.19666666666666666,0.19333333333333333,0.22025904638518332,0.2334038660178052,0.26138507140932365
2035,0,0.35,0.29333333333333333,0.3333333333333333,0.31666666666666665,0.36333333333333334,0.29957212240900066,0.16875225775556754,0.24015825914935707
2036,0,0.4166666666666667,0.37,0.31666666666666665,0.3466666666666667,0.3933333333333333,0.38319533254029237,0.3103780857991747,0.26138507140932365
2037,1,0.37,0.36333333333333334,0.42333333333333334,0.3233333333333333,0.3433333333333333,0.4115302237442258,0.32582354126283647,0.36155419222903884
2038,0,0.38,0.4033333333333333,0.4,0.37666666666666665,0.38333333333333336,0.42586036166182656,0.32582354126283647,0.36155419222903884
2039,1,0.41333333333333333,0.39666666666666667,0.39,0.31333333333333335,0.30666666666666664,0.34782971656892764,0.35939535149688207,0.26138507140932365
2040,0,0.10333333333333333,0.13333333333333333,0.12666666666666668,0.11666666666666667,0.05333333333333334,0.10845164252774875,0.11960824923568728,0.24015825914935707
2041,0,0.2966666666666667,0.19333333333333333,0.2733333333333333,0.2733333333333333,0.21333333333333335,0.23943092483232215,0.16875225775556754,0.24015825914935707
2042,0,0.21,0.16,0.22333333333333333,0.19,0.23333333333333334,0.1821962272708457,0.2006887095788808,0.26138507140932365
2043,0,0.24,0.29,0.25,0.29,0.13,0.24357678821739168,0.2927355513268112,0.24015825914935707
2044,1,0.24333333333333335,0.30666666666666664,0.29,0.25,0.25,0.23005241854173217,0.26512572957530967,0.24015825914935707
2045,0,0.17666666666666667,0.18,0.18666666666666668,0.18,0.17,0.18326003317940803,0.29631627537685995,0.26138507140932365
2046,1,0.19,0.15333333333333332,0.15333333333333332,0.17,0.16333333333333333,0.1679583675198711,0.21413484577555464,0.26138507140932365
2047,0,0.42333333333333334,0.42333333333333334,0.45666666666666667,0.41333333333333333,0.33666666666666667,0.43600472925395906,0.3665719560558939,0.36155419222903884
2048,0,0.09333333333333334,0.09,0.1,0.11,0.07333333333333333,0.1074127985997767,0.18456245792239934,0.26138507140932365
2049,0,0.37,0.43333333333333335,0.4166666666666667,0.42333333333333334,0.31666666666666665,0.3920316528998474,0.3660124547206031,0.36155419222903884
2050,0,0.34,0.35,0.4,0.3466666666666667,0.43,0.36075362660661936,0.21217652129993653,0.24015825914935707
2051,1,0.39,0.38333333333333336,0.41,0.3566666666666667,0.43,0.3490468247000669,0.24871092918758064,0.24015825914935707
2052,0,0.23,0.21666666666666667,0.22333333333333333,0.18333333333333332,0.21333333333333335,0.2520835578993008,0.2736401384636537,0.24015825914935707
2053,1,0.4266666666666667,0.37333333333333335,0.4,0.4066666666666667,0.35333333333333333,0.39999804802178196,0.32582354126283647,0.36155419222903884
2054,0,0.09,0.1,0.08333333333333333,0.09666666666666666,0.12,0.1000979924942838,0.15089549210115732,0.24015825914935707
2055,0,0.34,0.39,0.42,0.4066666666666667,0.32666666666666666,0.37176243120600805,0.35097387368585414,0.36155419222903884
2056,0,0.18666666666666668,0.14333333333333334,0.15,0.10666666666666667,0.15333333333333332,0.15942686596303,0.18117477287989145,0.24015825914935707
2057,0,0.37,0.3333333333333333,0.36,0.33666666666666667,0.4,0.37863270126685783,0.26700718107428245,0.24015825914935707
2058,1,0.41,0.42,0.43,0.4166666666666667,0.42333333333333334,0.460771462685229,0.3854696899114028,0.36155419222903884
2059,0,0.21,0.25666666666666665,0.23333333333333334,0.24,0.12,0.18470398850365946,0.288967642249189,0.24015825914935707
2060,0,0.16666666666666666,0.18333333333333332,0.18333333333333332,0.18,0.18,0.19760712639415184,0.2970271224114387,0.36155419222903884
2061,1,0.36666666666666664,0.29333333333333333,0.30333333333333334,0.27,0.2866666666666667,0.30926024113904477,0.2389898071098169,0.24015825914935707
2062,0,0.3,0.42,0.36333333333333334,0.3933333333333333,0.32,0.3229434157595836,0.27745244278871645,0.24015825914935707
2063,0,0.23333333333333334,0.28,0.20333333333333334,0.23,0.20333333333333334,0.22157812577159494,0.3250756471749829,0.26138507140932365
2064,1,0.42,0.3933333333333333,0.42333333333333334,0.38,0.35,0.3692790228968773,0.32674410286653693,0.36155419222903884
2065,0,0.39666666666666667,0.4666666666666667,0.43666666666666665,0.43333333333333335,0.37666666666666665,0.4530423454221724,0.367458881142241,0.37055837563451777
2066,0,0.11666666666666667,0.15,0.17666666666666667,0.12333333333333334,0.13333333333333333,0.1395544215987493,0.1936301968399856,0.24015825914935707
2067,1,0.27,0.29,0.24666666666666667,0.32666666666666666,0.2966666666666667,0.2491675883877563,0.2332067860503699,0.26138507140932365
2068,0,0.1,0.12333333333333334,0.13,0.12333333333333334,0.10333333333333333,0.13034822531989418,0.2165155277954629,0.26138507140932365
2069,0,0.12333333333333334,0.11,0.10666666666666667,0.09333333333333334,0.13,0.10488059190255276,0.1622600932305157,0.24015825914935707
2070,1,0.35333333333333333,0.30333333333333334,0.2966666666666667,0.4,0.33,0.33382086212125717,0.2562167075222563,0.26138507140932365
2071,0,0.2633333333333333,0.28,0.31,0.27666666666666667,0.20666666666666667,0.2659637467335242,0.3504250090504435,0.36155419222903884
2072,0,0.23333333333333334,0.22666666666666666,0.19,0.17333333333333334,0.2,0.22754056011451793,0.21668396583455257,0.26138507140932365
2073,1,0.13666666666666666,0.11333333333333333,0.13,0.14333333333333334,0.12,0.12930608226712592,0.1370069540315011,0.26138507140932365
2074,0,0.12,0.16333333333333333,0.11,0.11666666666666667,0.12333333333333334,0.1422923955581304,0.2648965555867191,0.24015825914935707
2075,0,0.15333333333333332,0.22333333333333333,0.20666666666666667,0.13666666666666666,0.16333333333333333,0.15791536435740838,0.13585014678135018,0.26138507140932365
2076,0,0.35,0.37,0.39666666666666667,0.28,0.34,0.3345529686753636,0.2710173467505937,0.26138507140932365
2077,1,0.20666666666666667,0.25,0.25,0.23,0.15,0.20131776992918118,0.23761130432495925,0.26138507140932365
2078,0,0.31666666666666665,0.3,0.2833333333333333,0.24666666666666667,0.25,0.302919902808382,0.25686647262428014,0.24015825914935707
2079,0,0.18666666666666668,0.17,0.15,0.19333333333333333,0.15666666666666668,0.19951614969073936,0.24093827671977266,0.26138507140932365
2080,0,0.2,0.22666666666666666,0.2,0.19666666666666666,0.19,0.20486192645604143,0.20195286890385464,0.24015825914935707
2081,0,0.4,0.37333333333333335,0.35,0.36666666666666664,0.36666666666666664,0.4121453911063924,0.3311085555733136,0.36155419222903884
2082,1,0.42333333333333334,0.51,0.42,0.47,0.37333333333333335,0.43346459151357797,0.3544593977371018,0.24015825914935707
2083,0,0.12333333333333334,0.1,0.13333333333333333,0.14,0.1,0.11056768536565544,0.21470869818944857,0.24015825914935707
2084,0,0.24333333333333335,0.23666666666666666,0.24333333333333335,0.2833333333333333,0.24333333333333335,0.2403050348416949,0.2521419161634637,0.24015825914935707
2085,1,0.23666666666666666,0.3,0.24666666666666667,0.27666666666666667,0.21333333333333335,0.21410668136990044,0.2128914088862743,0.24015825914935707
2086,0,0.15333333333333332,0.13666666666666666,0.13333333333333333,0.13333333333333333,0.10666666666666667,0.12076030045656413,0.20195286890385464,0.24015825914935707
2087,1,0.24666666666666667,0.21,0.21666666666666667,0.24333333333333335,0.24666666666666667,0.23286924135619708,0.18054196023846567,0.24015825914935707
2088,1,0.35333333333333333,0.38333333333333336,0.41333333333333333,0.4166666666666667,0.3333333333333333,0.3127540440018832,0.286608626024147,0.26138507140932365
2089,0,0.2833333333333333,0.20666666666666667,0.22,0.24333333333333335,0.24666666666666667,0.2388932928083154,0.23761130432495925,0.26138507140932365
2090,0,0.24333333333333335,0.23333333333333334,0.24666666666666667,0.2833333333333333,0.2,0.25349613806222004,0.3145755625133301,0.26138507140932365
2091,0,0.39,0.35,0.38666666666666666,0.39666666666666667,0.21666666666666667,0.38857010146542464,0.4177451287264537,0.36155419222903884
2092,0,0.22666666666666666,0.22666666666666666,0.24,0.22666666666666666,0.20333333333333334,0.24142136063244998,0.2771998571629701,0.24015825914935707
2093,0,0.12,0.13333333333333333,0.14666666666666667,0.13,0.08666666666666667,0.1304986390953886,0.21217652129993653,0.24015825914935707
2094,1,0.4066666666666667,0.43333333333333335,0.41333333333333333,0.4166666666666667,0.29,0.3772967781291131,0.3381651116826154,0.36155419222903884
2095,0,0.38333333333333336,0.37666666666666665,0.36333333333333334,0.36666666666666664,0.37333333333333335,0.36311301719079575,0.3563125335581392,0.37055837563451777
2096,1,0.39,0.36666666666666664,0.3566666666666667,0.35333333333333333,0.45,0.35414754171340523,0.21413484577555464,0.26138507140932365
2097,0,0.42,0.26666666666666666,0.24666666666666667,0.26,0.36666666666666664,0.2663519977923154,0.2548081412097959,0.24015825914935707
2098,1,0.43333333333333335,0.45,0.43,0.41333333333333333,0.38,0.41071527215044834,0.3698302768684884,0.36155419222903884
2099,1,0.10666666666666667,0.13666666666666666,0.15666666666666668,0.18333333333333332,0.14666666666666667,0.13137513709796983,0.1988222430277996,0.24015825914935707
2100,0,0.24333333333333335,0.23666666666666666,0.23666666666666666,0.28,0.17,0.23588563965036757,0.3020543181984557,0.36155419222903884
2101,0,0.2633333333333333,0.25333333333333335,0.27,0.23333333333333334,0.21333333333333335,0.24416882261950493,0.27475434341209426,0.24015825914935707
2102,0,0.43666666666666665,0.49666666666666665,0.44666666666666666,0.4766666666666667,0.34,0.48774444910285275,0.4714615435432226,0.36155419222903884
2103,1,0.3466666666666667,0.41333333333333333,0.43,0.39666666666666667,0.41333333333333333,0.4348354432862906,0.3234348277145749,0.24015825914935707
2104,0,0.22333333333333333,0.30666666666666664,0.2733333333333333,0.2833333333333333,0.22333333333333333,0.2542158624376485,0.3381651116826154,0.36155419222903884
2105,0,0.27666666666666667,0.24666666666666667,0.25,0.27666666666666667,0.24,0.2606840813988653,0.29720770748859093,0.26138507140932365
2106,0,0.29333333333333333,0.3233333333333333,0.2733333333333333,0.32,0.24333333333333335,0.3399432383326812,0.2752368656275317,0.24015825914935707
2107,0,0.41333333333333333,0.39,0.38333333333333336,0.3433333333333333,0.36,0.4024047673622197,0.3049077953845557,0.36155419222903884
2108,0,0.17333333333333334,0.15666666666666668,0.18,0.20333333333333334,0.19333333333333333,0.26406098595032346,0.26700718107428245,0.24015825914935707
2109,0,0.25333333333333335,0.20333333333333334,0.2633333333333333,0.23666666666666666,0.21333333333333335,0.2390517433085627,0.2640656224049783,0.24015825914935707
2110,0,0.15333333333333332,0.12,0.11333333333333333,0.18,0.1,0.12564058453905325,0.13613380004152997,0.24015825914935707
2111,0,0.15,0.15,0.15,0.15,0.14666666666666667,0.15512968106780842,0.20543937936866058,0.26138507140932365
2112,0,0.27666666666666667,0.23666666666666666,0.27666666666666667,0.24666666666666667,0.26666666666666666,0.2783314704201621,0.29720770748859093,0.26138507140932365
2113,0,0.22666666666666666,0.17666666666666667,0.21666666666666667,0.17666666666666667,0.17666666666666667,0.20134760842364827,0.24093827671977266,0.26138507140932365
2114,0,0.2866666666666667,0.21333333333333335,0.27,0.26,0.3233333333333333,0.3040064110327598,0.2295798967796086,0.24015825914935707
2115,0,0.38666666666666666,0.3933333333333333,0.37666666666666665,0.38666666666666666,0.36666666666666664,0.36598411728677166,0.2811315545492706,0.24015825914935707
2116,0,0.39666666666666667,0.3466666666666667,0.44333333333333336,0.4033333333333333,0.36666666666666664,0.4134594643278243,0.3049077953845557,0.36155419222903884
2117,0,0.11333333333333333,0.12333333333333334,0.12666666666666668,0.13333333333333333,0.09666666666666666,0.141840347754031,0.2811315545492706,0.24015825914935707
2118,0,0.16333333333333333,0.11666666666666667,0.15666666666666668,0.18,0.25,0.17114660022389377,0.15019878149804913,0.24015825914935707
2119,1,0.21333333333333335,0.29,0.2866666666666667,0.2966666666666667,0.23,0.23353122205659868,0.18843353007552982,0.24015825914935707
2120,1,0.36666666666666664,0.38,0.3933333333333333,0.33,0.36666666666666664,0.35573421177597114,0.20543937936866058,0.26138507140932365
2121,0,0.37,0.29,0.2866666666666667,0.25333333333333335,0.33666666666666667,0.2786514200846994,0.25354075836922496,0.26138507140932365
2122,0,0.17666666666666667,0.22666666666666666,0.24333333333333335,0.27,0.20666666666666667,0.26081122540724405,0.25251105682788105,0.26138507140932365
2123,0,0.26,0.19666666666666666,0.2,0.18666666666666668,0.21333333333333335,0.2457010358538341,0.18779394853582934,0.24015825914935707
2124,0,0.20666666666666667,0.24,0.23333333333333334,0.19333333333333333,0.15,0.21488670180197028,0.2513373126252292,0.24015825914935707
2125,0,0.16,0.17666666666666667,0.15666666666666668,0.14333333333333334,0.18666666666666668,0.1718208997137035,0.2148545321022055,0.26138507140932365
2126,0,0.13333333333333333,0.16666666666666666,0.16333333333333333,0.14,0.09333333333333334,0.1324536989587907,0.1393335188767553,0.26138507140932365
2127,1,0.41,0.30666666666666664,0.41333333333333333,0.39666666666666667,0.31666666666666665,0.36998474845725954,0.27440227398480777,0.24015825914935707
2128,0,0.36666666666666664,0.32,0.2733333333333333,0.3333333333333333,0.24,0.3530733706364314,0.3569586074699923,0.36155419222903884
2129,0,0.26,0.2633333333333333,0.21666666666666667,0.24333333333333335,0.13666666666666666,0.1895877013006576,0.22897788743627895,0.26138507140932365
2130,0,0.20333333333333334,0.2,0.25333333333333335,0.20333333333333334,0.21,0.23025559336489881,0.2882120141624682,0.24015825914935707
2131,1,0.4066666666666667,0.49333333333333335,0.42,0.43666666666666665,0.37333333333333335,0.46111611377447864,0.35617700326769625,0.26138507140932365
2132,0,0.17333333333333334,0.23666666666666666,0.2,0.24666666666666667,0.20333333333333334,0.1967362389819142,0.19545981357324124,0.26138507140932365
2133,1,0.38333333333333336,0.37666666666666665,0.41,0.39666666666666667,0.2966666666666667,0.38707308152755643,0.27475434341209426,0.24015825914935707
2134,0,0.13666666666666666,0.17333333333333334,0.14333333333333334,0.15666666666666668,0.13333333333333333,0.15767518367518701,0.20543937936866058,0.26138507140932365
2135,1,0.38,0.35,0.36,0.42333333333333334,0.3333333333333333,0.36808940504332693,0.22554672701415687,0.26138507140932365
2136,0,0.13666666666666666,0.16333333333333333,0.16666666666666666,0.17333333333333334,0.18,0.165471629798566,0.1972628065640116,0.24015825914935707
2137,0,0.14333333333333334,0.13333333333333333,0.09333333333333334,0.12,0.09666666666666666,0.11448358660945512,0.20195286890385464,0.24015825914935707
2138,0,0.13666666666666666,0.16333333333333333,0.14666666666666667,0.15333333333333332,0.08666666666666667,0.13070956958881408,0.2513373126252292,0.24015825914935707
2139,1,0.33,0.36333333333333334,0.38333333333333336,0.31666666666666665,0.37333333333333335,0.33124906631490675,0.2970271224114387,0.36155419222903884
2140,0,0.3233333333333333,0.31333333333333335,0.24666666666666667,0.25666666666666665,0.22333333333333333,0.286350120409952,0.2970271224114387,0.36155419222903884
2141,0,0.14333333333333334,0.15666666666666668,0.17333333333333334,0.15,0.14666666666666667,0.17696908730304678,0.24847551108432797,0.24015825914935707
2142,0,0.27666666666666667,0.26,0.23666666666666666,0.27,0.17,0.24565289209296348,0.22139676222007387,0.24015825914935707
2143,0,0.21,0.15666666666666668,0.19,0.18666666666666668,0.21,0.20844192312022297,0.22897788743627895,0.26138507140932365
2144,0,0.18,0.15666666666666668,0.16666666666666666,0.16,0.16666666666666666,0.1850759133275703,0.25686647262428014,0.24015825914935707
2145,1,0.21666666666666667,0.26,0.2833333333333333,0.26666666666666666,0.2,0.2813397213098621,0.32582354126283647,0.36155419222903884
2146,0,0.43666666666666665,0.4266666666666667,0.3933333333333333,0.43,0.35333333333333333,0.3843867037293221,0.32693219070451063,0.26138507140932365
2147,0,0.2966666666666667,0.33,0.35,0.33,0.25666666666666665,0.3142669125368218,0.3442212681599235,0.26138507140932365
2148,0,0.17333333333333334,0.13333333333333333,0.14,0.13,0.09666666666666666,0.16302590191208552,0.2947746275153752,0.24015825914935707
2149,0,0.31666666666666665,0.38333333333333336,0.42333333333333334,0.42333333333333334,0.3233333333333333,0.4295468639566241,0.35939535149688207,0.26138507140932365
2150,1,0.38666666666666666,0.36,0.36666666666666664,0.37333333333333335,0.4033333333333333,0.33245112622284434,0.21413484577555464,0.26138507140932365
2151,1,0.25,0.23666666666666666,0.25333333333333335,0.23,0.20333333333333334,0.23406121040755415,0.2295798967796086,0.24015825914935707
2152,0,0.08666666666666667,0.12,0.09666666666666666,0.10333333333333333,0.10666666666666667,0.10367075342475215,0.20126532051558177,0.24015825914935707
2153,1,0.27,0.29333333333333333,0.26666666666666666,0.35333333333333333,0.23333333333333334,0.2931341518465333,0.3660124547206031,0.36155419222903884
2154,0,0.39666666666666667,0.37,0.38666666666666666,0.35,0.3466666666666667,0.37774771762584647,0.2935266127655691,0.26138507140932365
2155,0,0.37,0.3466666666666667,0.30666666666666664,0.33,0.22666666666666666,0.3042201658747001,0.3974112467514279,0.36155419222903884
2156,0,0.17333333333333334,0.18,0.2,0.18333333333333332,0.14666666666666667,0.18332291492417682,0.20089095475867094,0.26138507140932365
2157,1,0.30333333333333334,0.32,0.3233333333333333,0.3466666666666667,0.2633333333333333,0.3137771954598958,0.3611627502942744,0.36155419222903884
2158,1,0.38333333333333336,0.4166666666666667,0.43333333333333335,0.43666666666666665,0.29333333333333333,0.4181095701919765,0.3825745689179372,0.36155419222903884
2159,1,0.2633333333333333,0.3,0.3566666666666667,0.36666666666666664,0.23666666666666666,0.28385610650805054,0.2614667660342561,0.24015825914935707
2160,1,0.32,0.30333333333333334,0.33666666666666667,0.3233333333333333,0.24666666666666667,0.2896968768140442,0.22692301590519084,0.24015825914935707
2161,0,0.3333333333333333,0.3,0.2733333333333333,0.27666666666666667,0.20333333333333334,0.3141354186708426,0.3350374477581962,0.36155419222903884
2162,0,0.2866666666666667,0.4033333333333333,0.37,0.41333333333333333,0.31666666666666665,0.30642947837900003,0.2437414235338797,0.26138507140932365
2163,1,0.18,0.25666666666666665,0.21,0.23666666666666666,0.15666666666666668,0.21211033550982678,0.29427302515861054,0.26138507140932365
2164,0,0.31,0.3,0.2633333333333333,0.25333333333333335,0.2633333333333333,0.27897561404495985,0.20703047998862611,0.26138507140932365
2165,1,0.3933333333333333,0.34,0.38333333333333336,0.4266666666666667,0.38,0.37946570901545057,0.28858266231706936,0.26138507140932365
2166,0,0.11,0.10666666666666667,0.10333333333333333,0.12,0.09666666666666666,0.12168593275292883,0.16119421159919672,0.26138507140932365
2167,0,0.2966666666666667,0.3,0.3,0.2866666666666667,0.20333333333333334,0.2699993034354776,0.3234348277145749,0.24015825914935707
2168,0,0.23333333333333334,0.23,0.25,0.22,0.12333333333333334,0.19147358078605317,0.24193606064238943,0.26138507140932365
2169,0,0.34,0.25666666666666665,0.3,0.3466666666666667,0.28,0.3609949822580172,0.32931783774934376,0.26138507140932365
2170,0,0.3333333333333333,0.39666666666666667,0.42,0.36,0.31333333333333335,0.38538319523999576,0.35097387368585414,0.36155419222903884
2171,0,0.25666666666666665,0.28,0.2966666666666667,0.2833333333333333,0.25,0.20966582898829794,0.29631627537685995,0.26138507140932365
2172,1,0.2733333333333333,0.29,0.35,0.32666666666666666,0.21333333333333335,0.2785674435788359,0.2616940290922305,0.24015825914935707
2173,0,0.16,0.16333333333333333,0.18666666666666668,0.20333333333333334,0.13,0.19853073672649488,0.1988222430277996,0.24015825914935707
2174,0,0.26666666666666666,0.2733333333333333,0.24,0.2633333333333333,0.19666666666666666,0.26534089887031814,0.27089476298013004,0.36155419222903884
2175,1,0.37333333333333335,0.43333333333333335,0.41,0.37,0.3466666666666667,0.396406217821524,0.3544593977371018,0.24015825914935707
2176,0,0.2833333333333333,0.24333333333333335,0.23,0.24333333333333335,0.15333333333333332,0.18350736359939968,0.18227586111631933,0.26138507140932365
2177,1,0.32666666666666666,0.33666666666666667,0.32,0.32,0.25,0.2880309138949709,0.3657200538281107,0.36155419222903884
2178,0,0.2833333333333333,0.2833333333333333,0.2866666666666667,0.27,0.2866666666666667,0.3017624859148297,0.29411085932016606,0.36155419222903884
2179,0,0.2633333333333333,0.2833333333333333,0.31666666666666665,0.3,0.2833333333333333,0.2730370109108204,0.29631627537685995,0.26138507140932365
2180,0,0.08,0.09333333333333334,0.10333333333333333,0.11333333333333333,0.08666666666666667,0.09472230200429778,0.12039018086601394,0.26138507140932365
2181,0,0.30333333333333334,0.33,0.3233333333333333,0.3566666666666667,0.30333333333333334,0.3556624559339332,0.3821571405464693,0.36155419222903884
2182,0,0.16666666666666666,0.18666666666666668,0.23666666666666666,0.22,0.14,0.17138850757525617,0.22649979049560354,0.26138507140932365
2183,0,0.15666666666666668,0.17,0.16666666666666666,0.19666666666666666,0.08666666666666667,0.17131812383231662,0.32931783774934376,0.26138507140932365
2184,0,0.3466666666666667,0.3433333333333333,0.35,0.38,0.39666666666666667,0.33124906631490675,0.2970271224114387,0.36155419222903884
2185,0,0.12,0.12666666666666668,0.16666666666666666,0.13333333333333333,0.07333333333333333,0.12930950569853414,0.2752368656275317,0.24015825914935707
2186,0,0.46,0.36333333333333334,0.3566666666666667,0.38,0.44,0.40505394096078035,0.3228652439593705,0.36155419222903884
2187,1,0.23,0.21,0.16,0.25,0.19666666666666666,0.20485816906628068,0.22554672701415687,0.26138507140932365
2188,0,0.19,0.21,0.19,0.18333333333333332,0.16666666666666666,0.18459408821533013,0.18198439837649993,0.24015825914935707
2189,0,0.16,0.19,0.19,0.16,0.20666666666666667,0.1788020969533729,0.21217652129993653,0.24015825914935707
2190,0,0.15333333333333332,0.10666666666666667,0.12666666666666668,0.12333333333333334,0.1,0.1368236025531301,0.21816885750487605,0.26138507140932365
2191,1,0.2,0.18333333333333332,0.17333333333333334,0.17,0.15,0.1633858518415991,0.2613526642552866,0.24015825914935707
2192,0,0.43666666666666665,0.34,0.39666666666666667,0.36333333333333334,0.35,0.3838256550430093,0.2388093159852975,0.24015825914935707
2193,0,0.3933333333333333,0.46,0.4533333333333333,0.41333333333333333,0.37333333333333335,0.43401355919208096,0.3250756471749829,0.26138507140932365
2194,0,0.25666666666666665,0.3333333333333333,0.31333333333333335,0.3466666666666667,0.22333333333333333,0.2907515594085092,0.3061892063043738,0.24015825914935707
2195,0,0.36333333333333334,0.42,0.45,0.4266666666666667,0.31666666666666665,0.3528604504292504,0.3099573278775962,0.24015825914935707
2196,0,0.20333333333333334,0.20333333333333334,0.20666666666666667,0.21666666666666667,0.16333333333333333,0.2434986867081354,0.3020543181984557,0.36155419222903884
2197,0,0.21,0.22333333333333333,0.22666666666666666,0.21,0.17666666666666667,0.22910688182546932,0.21806135199417576,0.24015825914935707
2198,0,0.20333333333333334,0.2,0.21666666666666667,0.17,0.11,0.1813654557147264,0.2811315545492706,0.24015825914935707
2199,0,0.21666666666666667,0.20666666666666667,0.22,0.28,0.20666666666666667,0.21938092352615976,0.2613526642552866,0.24015825914935707
2200,0,0.19,0.16666666666666666,0.23666666666666666,0.20333333333333334,0.16333333333333333,0.22591882198098448,0.2795453760264602,0.26138507140932365
2201,0,0.23666666666666666,0.30666666666666664,0.2866666666666667,0.27,0.22,0.26405612394412464,0.3103780857991747,0.26138507140932365
2202,0,0.15666666666666668,0.14333333333333334,0.21333333333333335,0.18666666666666668,0.15666666666666668,0.19412851650508,0.26355986177186813,0.36155419222903884
2203,1,0.33666666666666667,0.39666666666666667,0.3466666666666667,0.3333333333333333,0.31333333333333335,0.36370282943995025,0.31154540926161534,0.26138507140932365
2204,1,0.3233333333333333,0.31,0.3,0.35333333333333333,0.2,0.29521178095800815,0.3974112467514279,0.36155419222903884
2205,0,0.23333333333333334,0.27666666666666667,0.2733333333333333,0.29333333333333333,0.21,0.2607715420847799,0.32050614254890125,0.36155419222903884
2206,0,0.11333333333333333,0.15666666666666668,0.16333333333333333,0.16,0.18333333333333332,0.15571437179817343,0.21053986736797287,0.24015825914935707
2207,0,0.23666666666666666,0.2866666666666667,0.27666666666666667,0.32,0.21,0.22709571609967363,0.26670286018451606,0.26138507140932365
2208,0,0.23,0.21,0.23666666666666666,0.19333333333333333,0.13666666666666666,0.18797022096512092,0.3049077953845557,0.36155419222903884
2209,1,0.19333333333333333,0.19,0.19666666666666666,0.24,0.13,0.16319178262807496,0.22446068351418602,0.24015825914935707
2210,0,0.32,0.37333333333333335,0.34,0.31666666666666665,0.24666666666666667,0.34102578028166236,0.28858266231706936,0.26138507140932365
2211,0,0.33,0.26,0.22,0.23,0.22666666666666666,0.2708469941407118,0.32050614254890125,0.36155419222903884
2212,1,0.16333333333333333,0.15333333333333332,0.17,0.15,0.16666666666666666,0.1750229754959315,0.2640656224049783,0.24015825914935707
2213,0,0.39666666666666667,0.37,0.3433333333333333,0.36666666666666664,0.41333333333333333,0.3969325981399946,0.32599511748307464,0.26138507140932365
2214,0,0.43666666666666665,0.4633333333333333,0.49,0.44,0.38333333333333336,0.46753488954175776,0.4381590203455499,0.36155419222903884
2215,0,0.38666666666666666,0.29,0.33666666666666667,0.3333333333333333,0.2866666666666667,0.3355359041826088,0.3563125335581392,0.37055837563451777
2216,0,0.20666666666666667,0.21666666666666667,0.24,0.23666666666666666,0.19333333333333333,0.21844840458802145,0.21217652129993653,0.24015825914935707
2217,0,0.20333333333333334,0.25666666666666665,0.22,0.20666666666666667,0.17,0.18382648576066027,0.21238726725404664,0.24015825914935707
2218,0,0.30666666666666664,0.30666666666666664,0.2966666666666667,0.3233333333333333,0.2633333333333333,0.3180943808554581,0.25703156862163196,0.26138507140932365
2219,0,0.26,0.31666666666666665,0.37,0.3433333333333333,0.27666666666666667,0.2910451623846203,0.25354075836922496,0.26138507140932365
2220,0,0.33666666666666667,0.37333333333333335,0.37,0.3933333333333333,0.27666666666666667,0.37493888910153944,0.24882137100236737,0.24015825914935707
2221,0,0.4266666666666667,0.46,0.38666666666666666,0.47333333333333333,0.38,0.41496156144291735,0.3020543181984557,0.36155419222903884
2222,0,0.22333333333333333,0.2633333333333333,0.23333333333333334,0.22333333333333333,0.19,0.22741370817613013,0.2949810252932471,0.24015825914935707
2223,1,0.5166666666666667,0.43333333333333335,0.4533333333333333,0.4166666666666667,0.36333333333333334,0.4827407834358869,0.36018006712549516,0.36155419222903884
2224,0,0.31666666666666665,0.24666666666666667,0.25,0.28,0.29333333333333333,0.261127492389278,0.21858091513162656,0.24015825914935707
2225,0,0.24666666666666667,0.18333333333333332,0.2,0.18333333333333332,0.16,0.22530022475645373,0.2771998571629701,0.24015825914935707
2226,0,0.26666666666666666,0.25666666666666665,0.2866666666666667,0.30333333333333334,0.28,0.2853206421918887,0.3067014989421257,0.24015825914935707
2227,0,0.17666666666666667,0.18666666666666668,0.20333333333333334,0.17333333333333334,0.17666666666666667,0.22348450961683214,0.2771998571629701,0.24015825914935707
2228,0,0.20666666666666667,0.21,0.19666666666666666,0.18,0.21,0.1978607976596525,0.19478897520638472,0.26138507140932365
2229,1,0.22333333333333333,0.25666666666666665,0.24,0.22,0.18333333333333332,0.18488210787908993,0.21178724146586198,0.26138507140932365
2230,0,0.31666666666666665,0.36,0.3933333333333333,0.35333333333333333,0.32666666666666666,0.3989643132516331,0.29631627537685995,0.26138507140932365
2231,1,0.30666666666666664,0.37666666666666665,0.3233333333333333,0.30333333333333334,0.2633333333333333,0.30632276999717756,0.3657200538281107,0.36155419222903884
2232,1,0.45,0.4766666666666667,0.45,0.43333333333333335,0.36,0.4442608073584079,0.4144653218831908,0.36155419222903884
2233,0,0.24333333333333335,0.18,0.16666666666666666,0.21,0.20666666666666667,0.24676250296344054,0.250662267900863,0.26138507140932365
2234,0,0.23,0.3,0.21333333333333335,0.24666666666666667,0.22333333333333333,0.2643039655166492,0.3228652439593705,0.36155419222903884
2235,0,0.2833333333333333,0.30333333333333334,0.2833333333333333,0.2733333333333333,0.29,0.2997881000790887,0.2947746275153752,0.24015825914935707
2236,0,0.11333333333333333,0.06666666666666667,0.11666666666666667,0.10333333333333333,0.06666666666666667,0.1182456955605139,0.17039647604592958,0.26138507140932365
2237,0,0.3566666666666667,0.3933333333333333,0.39,0.3466666666666667,0.22,0.3051663027980574,0.3513956945277207,0.36155419222903884
2238,0,0.34,0.4066666666666667,0.4266666666666667,0.4066666666666667,0.33,0.37091575830160683,0.26634095786530554,0.26138507140932365
2239,1,0.47333333333333333,0.4266666666666667,0.41333333333333333,0.47,0.3933333333333333,0.4057169524326028,0.3145755625133301,0.26138507140932365
2240,0,0.31333333333333335,0.23666666666666666,0.30666666666666664,0.2866666666666667,0.21,0.2651110095773737,0.32674410286653693,0.36155419222903884
2241,1,0.24,0.19666666666666666,0.23666666666666666,0.22333333333333333,0.15333333333333332,0.2173487024373321,0.2841898074838542,0.24015825914935707
2242,0,0.08333333333333333,0.12666666666666668,0.12,0.11,0.11333333333333333,0.11912549268525244,0.13222719334586813,0.24015825914935707
2243,0,0.3466666666666667,0.32,0.33666666666666667,0.36333333333333334,0.27,0.34064431041928117,0.23625742228973878,0.24015825914935707
2244,1,0.12,0.11,0.06666666666666667,0.1,0.07666666666666666,0.11606897785936236,0.16678495587808742,0.24015825914935707
2245,0,0.25,0.31333333333333335,0.38666666666666666,0.36333333333333334,0.21,0.3300247449665871,0.3698302768684884,0.36155419222903884
2246,0,0.31,0.33,0.33,0.3466666666666667,0.25666666666666665,0.3149643123658513,0.37255559376833336,0.26138507140932365
2247,0,0.48333333333333334,0.4666666666666667,0.41333333333333333,0.45666666666666667,0.43,0.4651744189187046,0.3381651116826154,0.36155419222903884
2248,0,0.38333333333333336,0.37333333333333335,0.41,0.3566666666666667,0.26666666666666666,0.36993093391817156,0.3854696899114028,0.36155419222903884
2249,0,0.3,0.26,0.27,0.31333333333333335,0.29333333333333333,0.33686468576643397,0.24987650187015964,0.26138507140932365
2250,0,0.4166666666666667,0.4033333333333333,0.38666666666666666,0.38333333333333336,0.38666666666666666,0.4263578696214227,0.37485598245813867,0.37055837563451777
2251,0,0.11666666666666667,0.10333333333333333,0.08,0.12333333333333334,0.08333333333333333,0.11769873129621886,0.2388093159852975,0.24015825914935707
2252,1,0.21,0.19666666666666666,0.17666666666666667,0.18666666666666668,0.14,0.19361496827350622,0.23761130432495925,0.26138507140932365
2253,0,0.19333333333333333,0.13,0.10666666666666667,0.13,0.09333333333333334,0.12152050210789686,0.18054196023846567,0.24015825914935707
2254,1,0.42333333333333334,0.3933333333333333,0.42,0.4066666666666667,0.36,0.3757225855377294,0.2834972929775092,0.26138507140932365
2255,0,0.21666666666666667,0.22333333333333333,0.2,0.23,0.19333333333333333,0.23699256464454596,0.22554672701415687,0.26138507140932365
2256,0,0.25333333333333335,0.23,0.2633333333333333,0.2633333333333333,0.16,0.22962442797249205,0.34078327246629003,0.26138507140932365
2257,0,0.23666666666666666,0.2833333333333333,0.19,0.25,0.13666666666666666,0.19652201288537247,0.2909892441242809,0.24015825914935707
2258,0,0.18333333333333332,0.17333333333333334,0.18333333333333332,0.15333333333333332,0.13666666666666666,0.15637951995012606,0.24847551108432797,0.24015825914935707
2259,1,0.36666666666666664,0.42,0.4166666666666667,0.47,0.31666666666666665,0.4259808730665862,0.35617700326769625,0.26138507140932365
2260,0,0.29,0.31333333333333335,0.2966666666666667,0.30333333333333334,0.23,0.2616343122229044,0.19143966367958234,0.24015825914935707
2261,0,0.24666666666666667,0.2833333333333333,0.2966666666666667,0.2733333333333333,0.2833333333333333,0.24133436854559764,0.2128914088862743,0.24015825914935707
2262,0,0.44333333333333336,0.44666666666666666,0.3933333333333333,0.45,0.37,0.4783800896752976,0.4414849539260038,0.36155419222903884
2263,0,0.22666666666666666,0.23333333333333334,0.22,0.23666666666666666,0.24333333333333335,0.232257710347495,0.2736401384636537,0.24015825914935707
2264,0,0.2866666666666667,0.27,0.30333333333333334,0.2833333333333333,0.29,0.24703576132182534,0.20423331302387407,0.24015825914935707
2265,1,0.33,0.4266666666666667,0.38,0.3933333333333333,0.32666666666666666,0.3320195075395466,0.3090465688470764,0.24015825914935707
2266,0,0.15,0.16,0.13333333333333333,0.15333333333333332,0.1,0.13049773639051923,0.2599578269863675,0.26138507140932365
2267,1,0.36,0.32666666666666666,0.32666666666666666,0.35,0.4,0.36376474218200305,0.36018006712549516,0.36155419222903884
2268,1,0.31666666666666665,0.27,0.26,0.25666666666666665,0.21666666666666667,0.2830594320995191,0.3049077953845557,0.36155419222903884
2269,0,0.22333333333333333,0.2866666666666667,0.29,0.2633333333333333,0.24333333333333335,0.23435143003089645,0.2128914088862743,0.24015825914935707
2270,1,0.27666666666666667,0.32,0.27666666666666667,0.35,0.20666666666666667,0.2405996063234468,0.2187819449507233,0.24015825914935707
2271,0,0.13666666666666666,0.12666666666666668,0.14,0.11666666666666667,0.12666666666666668,0.14443180378567852,0.18291339464259918,0.26138507140932365
2272,0,0.2633333333333333,0.20333333333333334,0.22,0.21333333333333335,0.21,0.2226567993487459,0.19240557433127983,0.26138507140932365
2273,1,0.25,0.21666666666666667,0.24666666666666667,0.24333333333333335,0.23666666666666666,0.2621531813053783,0.2536684717763588,0.26138507140932365
2274,0,0.20666666666666667,0.24333333333333335,0.25,0.27,0.22666666666666666,0.26275899460581387,0.2614667660342561,0.24015825914935707
2275,0,0.23333333333333334,0.25666666666666665,0.2833333333333333,0.26,0.21666666666666667,0.27538668768051466,0.3311085555733136,0.36155419222903884
2276,1,0.22666666666666666,0.24333333333333335,0.19,0.20666666666666667,0.17,0.23875457095023983,0.3020543181984557,0.36155419222903884
2277,0,0.37666666666666665,0.2966666666666667,0.34,0.3433333333333333,0.32,0.36550236572631983,0.3057960670900827,0.24015825914935707
2278,1,0.43666666666666665,0.49333333333333335,0.43666666666666665,0.38333333333333336,0.39,0.4309732804851276,0.3311085555733136,0.36155419222903884
2279,0,0.26,0.21666666666666667,0.23666666666666666,0.2833333333333333,0.16333333333333333,0.2031876477542944,0.2909892441242809,0.24015825914935707
2280,0,0.13666666666666666,0.1,0.13,0.14,0.12333333333333334,0.1420702175689262,0.25686647262428014,0.24015825914935707
2281,1,0.45666666666666667,0.43666666666666665,0.42333333333333334,0.4666666666666667,0.38333333333333336,0.4463541350040166,0.3657200538281107,0.36155419222903884
2282,0,0.44666666666666666,0.4033333333333333,0.42,0.4,0.33,0.4084911939566316,0.2811315545492706,0.24015825914935707
2283,0,0.25666666666666665,0.35,0.29333333333333333,0.27666666666666667,0.12666666666666668,0.22298049754978694,0.320377453106168,0.24015825914935707
2284,0,0.44333333333333336,0.38,0.45666666666666667,0.43666666666666665,0.41,0.42550536644869424,0.3442212681599235,0.26138507140932365
2285,0,0.31,0.31,0.25333333333333335,0.33666666666666667,0.28,0.2970584069543959,0.3037135846733426,0.24015825914935707
2286,0,0.4166666666666667,0.44333333333333336,0.4,0.47333333333333333,0.3933333333333333,0.4350223199440405,0.3854696899114028,0.36155419222903884
2287,1,0.41,0.3466666666666667,0.41,0.43333333333333335,0.38,0.39393212734790195,0.32599511748307464,0.26138507140932365
2288,0,0.3333333333333333,0.29,0.32666666666666666,0.33,0.20333333333333334,0.31267438040722334,0.4362927388044305,0.37055837563451777
2289,0,0.22666666666666666,0.18333333333333332,0.17666666666666667,0.22666666666666666,0.19666666666666666,0.213263014497219,0.19240557433127983,0.26138507140932365
2290,1,0.3233333333333333,0.34,0.3566666666666667,0.34,0.41,0.3933422967952898,0.2691033009110516,0.26138507140932365
2291,0,0.36666666666666664,0.35333333333333333,0.36333333333333334,0.38666666666666666,0.23666666666666666,0.3059458592367941,0.3363820106190068,0.24015825914935707
2292,0,0.25,0.27,0.21666666666666667,0.2733333333333333,0.15,0.23250382520351434,0.2613526642552866,0.24015825914935707
2293,1,0.42333333333333334,0.36,0.42,0.38,0.3333333333333333,0.4015934957510058,0.32050614254890125,0.36155419222903884
2294,1,0.51,0.47333333333333333,0.49333333333333335,0.45,0.37333333333333335,0.4632101872587034,0.3821571405464693,0.36155419222903884
2295,1,0.2733333333333333,0.2633333333333333,0.23666666666666666,0.25666666666666665,0.17,0.21574751159078365,0.35350399619623046,0.36155419222903884
2296,1,0.42333333333333334,0.38666666666666666,0.39666666666666667,0.43333333333333335,0.41,0.4609179113715754,0.3628752203822803,0.37055837563451777
2297,1,0.35333333333333333,0.39,0.38666666666666666,0.36333333333333334,0.33666666666666667,0.3119765668728104,0.22897788743627895,0.26138507140932365
2298,0,0.17,0.12333333333333334,0.13333333333333333,0.11666666666666667,0.12333333333333334,0.13895276384945196,0.18117477287989145,0.24015825914935707
2299,0,0.18666666666666668,0.17666666666666667,0.17333333333333334,0.19333333333333333,0.24333333333333335,0.22162997594357065,0.22554672701415687,0.26138507140932365
2300,0,0.49,0.46,0.4533333333333333,0.4666666666666667,0.3233333333333333,0.4791024128361416,0.4177451287264537,0.36155419222903884
2301,0,0.39666666666666667,0.4,0.37333333333333335,0.38333333333333336,0.4266666666666667,0.3671158287881437,0.2165155277954629,0.26138507140932365
2302,1,0.2833333333333333,0.23333333333333334,0.3233333333333333,0.3,0.27666666666666667,0.23209162516357928,0.1936301968399856,0.24015825914935707
2303,0,0.36666666666666664,0.4533333333333333,0.4066666666666667,0.44333333333333336,0.38666666666666666,0.38601779058399255,0.37485598245813867,0.37055837563451777
2304,1,0.2,0.25333333333333335,0.29333333333333333,0.27666666666666667,0.22666666666666666,0.18865981924947123,0.20195286890385464,0.24015825914935707
2305,0,0.38333333333333336,0.3933333333333333,0.38666666666666666,0.37,0.37666666666666665,0.41690089103984146,0.40866268133756667,0.36155419222903884
2306,0,0.2833333333333333,0.32,0.29333333333333333,0.34,0.29333333333333333,0.3094893653182792,0.320377453106168,0.24015825914935707
2307,1,0.3433333333333333,0.29,0.25333333333333335,0.25,0.26,0.31117468625049893,0.397823777018456,0.37055837563451777
2308,0,0.45,0.5266666666666666,0.44,0.47333333333333333,0.38333333333333336,0.45865576943518266,0.3984121848761094,0.36155419222903884
2309,0,0.24,0.30333333333333334,0.31666666666666665,0.26666666666666666,0.27,0.23035900675636076,0.24237909126117535,0.24015825914935707
2310,0,0.24333333333333335,0.22666666666666666,0.24333333333333335,0.23333333333333334,0.3,0.24851923676741383,0.24093827671977266,0.26138507140932365
2311,1,0.39,0.37333333333333335,0.4033333333333333,0.3566666666666667,0.39,0.3809152907079036,0.2934040785446578,0.26138507140932365
2312,0,0.2633333333333333,0.23666666666666666,0.25666666666666665,0.25333333333333335,0.21333333333333335,0.2496764483005227,0.32674410286653693,0.36155419222903884
2313,0,0.48,0.5,0.49,0.46,0.37,0.4866744563430257,0.4240049359370206,0.37055837563451777
2314,0,0.38,0.36,0.37,0.3233333333333333,0.32666666666666666,0.4294713013168268,0.3057960670900827,0.24015825914935707
2315,1,0.26666666666666666,0.28,0.22,0.23,0.16333333333333333,0.2271771154275869,0.32367041163350774,0.36155419222903884
2316,0,0.16,0.18,0.18666666666666668,0.2,0.18333333333333332,0.22572162284403643,0.1960198346533413,0.24015825914935707
2317,1,0.31666666666666665,0.2966666666666667,0.33,0.31333333333333335,0.34,0.31883984422771217,0.3657200538281107,0.36155419222903884
2318,0,0.24666666666666667,0.22333333333333333,0.25333333333333335,0.22333333333333333,0.15,0.1914501364853697,0.23625742228973878,0.24015825914935707
2319,0,0.27666666666666667,0.27666666666666667,0.33,0.3333333333333333,0.23333333333333334,0.29444032452568575,0.2220318587275761,0.24015825914935707
2320,0,0.32,0.24333333333333335,0.31333333333333335,0.31333333333333335,0.27,0.296932594721492,0.27440227398480777,0.24015825914935707
2321,0,0.36333333333333334,0.3233333333333333,0.35333333333333333,0.36,0.2733333333333333,0.3318961671125281,0.3854696899114028,0.36155419222903884
2322,0,0.39,0.43,0.35333333333333333,0.36666666666666664,0.4,0.41353333498851685,0.2947746275153752,0.24015825914935707
2323,1,0.43666666666666665,0.38333333333333336,0.39,0.4166666666666667,0.38,0.3530051386368895,0.25686647262428014,0.24015825914935707
2324,1,0.44666666666666666,0.41333333333333333,0.4766666666666667,0.4866666666666667,0.45,0.47869008696570314,0.3381651116826154,0.36155419222903884
2325,1,0.3933333333333333,0.36666666666666664,0.3433333333333333,0.34,0.30666666666666664,0.3663857346047012,0.3569586074699923,0.36155419222903884
2326,0,0.3,0.36,0.33666666666666667,0.37333333333333335,0.35,0.3500975431819229,0.22692301590519084,0.24015825914935707
2327,1,0.27666666666666667,0.2733333333333333,0.24,0.22333333333333333,0.19333333333333333,0.2773092139562827,0.2841898074838542,0.24015825914935707
2328,0,0.2866666666666667,0.3333333333333333,0.30333333333333334,0.25666666666666665,0.27666666666666667,0.31014565717371123,0.3234348277145749,0.24015825914935707
2329,1,0.31333333333333335,0.2833333333333333,0.31333333333333335,0.25666666666666665,0.23333333333333334,0.2918857561467957,0.32674410286653693,0.36155419222903884
2330,0,0.12666666666666668,0.22333333333333333,0.16666666666666666,0.16333333333333333,0.15333333333333332,0.19626970718833178,0.2388093159852975,0.24015825914935707
2331,1,0.44666666666666666,0.37,0.34,0.32666666666666666,0.32,0.38589731336967575,0.38823925220188243,0.37055837563451777
2332,1,0.45,0.4066666666666667,0.42,0.44666666666666666,0.38333333333333336,0.394658396852724,0.35097387368585414,0.36155419222903884
2333,1,0.41,0.32,0.4,0.36,0.27666666666666667,0.3394571500065764,0.3884759307198648,0.36155419222903884
2334,0,0.18666666666666668,0.17333333333333334,0.16,0.13666666666666666,0.14,0.18710522239601288,0.2970271224114387,0.36155419222903884
2335,0,0.34,0.4,0.36666666666666664,0.41333333333333333,0.2833333333333333,0.3553345701294446,0.320377453106168,0.24015825914935707
2336,0,0.22666666666666666,0.21,0.20333333333333334,0.17333333333333334,0.13666666666666666,0.18433530378322283,0.3153105850859049,0.36155419222903884
2337,0,0.3233333333333333,0.28,0.22333333333333333,0.29,0.20666666666666667,0.2966082445228832,0.36018006712549516,0.36155419222903884
2338,1,0.42,0.4033333333333333,0.38333333333333336,0.4,0.34,0.40017412331573776,0.29045226888840775,0.36155419222903884
2339,1,0.3,0.28,0.29333333333333333,0.30666666666666664,0.22666666666666666,0.2968824658993217,0.26618837879660545,0.36155419222903884
2340,0,0.17333333333333334,0.21,0.17666666666666667,0.19,0.14333333333333334,0.15383155595037096,0.2031489063561832,0.26138507140932365
2341,0,0.15666666666666668,0.17333333333333334,0.15,0.16333333333333333,0.13666666666666666,0.13796599806501084,0.31154540926161534,0.26138507140932365
2342,0,0.13666666666666666,0.15,0.17,0.19666666666666666,0.16666666666666666,0.1716432447548831,0.13448524004298423,0.24015825914935707
2343,0,0.23,0.2,0.18666666666666668,0.22666666666666666,0.19666666666666666,0.20193089898979863,0.2752368656275317,0.24015825914935707
2344,0,0.16333333333333333,0.17,0.15,0.16333333333333333,0.12333333333333334,0.1520893008001737,0.2652572048631762,0.24015825914935707
2345,1,0.19333333333333333,0.17666666666666667,0.23333333333333334,0.18666666666666668,0.11666666666666667,0.19268616917588874,0.3020543181984557,0.36155419222903884
2346,0,0.36333333333333334,0.3333333333333333,0.32666666666666666,0.38666666666666666,0.18,0.2865130996077293,0.3657200538281107,0.36155419222903884
2347,0,0.37,0.4766666666666667,0.41333333333333333,0.4166666666666667,0.24666666666666667,0.4424940007525817,0.3974112467514279,0.36155419222903884
2348,1,0.2866666666666667,0.29333333333333333,0.33,0.3,0.26,0.28338935642452234,0.2548081412097959,0.24015825914935707
2349,0,0.26,0.20666666666666667,0.18,0.19,0.20666666666666667,0.23463402800721553,0.22554672701415687,0.26138507140932365
2350,1,0.32666666666666666,0.36333333333333334,0.3433333333333333,0.37666666666666665,0.35333333333333333,0.3705703490068787,0.24987650187015964,0.26138507140932365
2351,0,0.30666666666666664,0.31,0.32666666666666666,0.27,0.24,0.26519882088476066,0.24882137100236737,0.24015825914935707
2352,1,0.19333333333333333,0.16333333333333333,0.19,0.22333333333333333,0.15333333333333332,0.1870076618263886,0.16019552464437903,0.24015825914935707
2353,0,0.36666666666666664,0.38,0.37,0.38333333333333336,0.33,0.3974302335547193,0.3250756471749829,0.26138507140932365
2354,0,0.3566666666666667,0.4033333333333333,0.37,0.4033333333333333,0.36333333333333334,0.35371084588220314,0.2513373126252292,0.24015825914935707
2355,1,0.5,0.45,0.44,0.45,0.34,0.4783800896752976,0.4414849539260038,0.36155419222903884
2356,0,0.44,0.46,0.44,0.47333333333333333,0.37333333333333335,0.432602959403487,0.4177451287264537,0.36155419222903884
2357,0,0.23,0.24333333333333335,0.24333333333333335,0.23333333333333334,0.21666666666666667,0.2256352100570206,0.3103780857991747,0.26138507140932365
2358,0,0.29,0.33666666666666667,0.31333333333333335,0.32,0.34,0.33218540993129914,0.22554672701415687,0.26138507140932365
2359,0,0.31333333333333335,0.2966666666666667,0.30333333333333334,0.31333333333333335,0.24,0.28925226093014644,0.33682113017805787,0.37055837563451777
2360,0,0.33666666666666667,0.30666666666666664,0.25666666666666665,0.27,0.28,0.309087795115251,0.2671764515128648,0.26138507140932365
2361,1,0.35,0.33,0.3466666666666667,0.35,0.28,0.30049803788399865,0.2882120141624682,0.24015825914935707
2362,0,0.32666666666666666,0.37,0.3466666666666667,0.37666666666666665,0.37,0.3451289875514321,0.22587026382274367,0.26138507140932365
2363,0,0.27,0.2633333333333333,0.2733333333333333,0.29333333333333333,0.23666666666666666,0.2581965125059738,0.2882120141624682,0.24015825914935707
2364,0,0.17333333333333334,0.16,0.19,0.17333333333333334,0.17,0.20676310168461237,0.2771998571629701,0.24015825914935707
2365,0,0.19,0.18,0.16,0.2,0.14666666666666667,0.17722793157760156,0.26634095786530554,0.26138507140932365
2366,0,0.15,0.14,0.17,0.12333333333333334,0.15666666666666668,0.17687780519728508,0.25251105682788105,0.26138507140932365
2367,0,0.42,0.33666666666666667,0.3933333333333333,0.30666666666666664,0.4,0.39661730501521775,0.3290986294756818,0.26138507140932365
2368,0,0.26,0.31666666666666665,0.2833333333333333,0.30666666666666664,0.21,0.24278408564506185,0.3090465688470764,0.24015825914935707
2369,0,0.34,0.3566666666666667,0.35333333333333333,0.3333333333333333,0.3433333333333333,0.373466252062565,0.36018006712549516,0.36155419222903884
2370,1,0.36,0.31,0.3333333333333333,0.35,0.35,0.30418709076369804,0.3057960670900827,0.24015825914935707
2371,1,0.21666666666666667,0.19,0.18666666666666668,0.18333333333333332,0.21333333333333335,0.21135940656764982,0.2407801677291894,0.24015825914935707
2372,0,0.2,0.24666666666666667,0.18333333333333332,0.23666666666666666,0.18333333333333332,0.18417745892939416,0.24847551108432797,0.24015825914935707
2373,0,0.27666666666666667,0.3,0.2833333333333333,0.2866666666666667,0.31333333333333335,0.2537493535049787,0.22897788743627895,0.26138507140932365
2374,0,0.27666666666666667,0.26,0.22,0.2833333333333333,0.26666666666666666,0.25354583116910967,0.22520512882162672,0.24015825914935707
2375,0,0.06666666666666667,0.08666666666666667,0.09666666666666666,0.09,0.12,0.10374438228829369,0.12039018086601394,0.26138507140932365
2376,0,0.19,0.20666666666666667,0.23333333333333334,0.19,0.15333333333333332,0.23602527304006407,0.21343097051280585,0.26138507140932365
2377,0,0.29,0.33666666666666667,0.33666666666666667,0.35,0.23666666666666666,0.27458937119514454,0.3300402553716049,0.26138507140932365
2378,1,0.4033333333333333,0.4066666666666667,0.35333333333333333,0.4266666666666667,0.38333333333333336,0.4236012986838701,0.36885711799119586,0.36155419222903884
2379,1,0.4166666666666667,0.43666666666666665,0.38333333333333336,0.4166666666666667,0.33666666666666667,0.4253837280246416,0.2591016158849744,0.26138507140932365
2380,0,0.22333333333333333,0.2833333333333333,0.27,0.2633333333333333,0.24,0.2545645261996203,0.24127701358131806,0.26138507140932365
2381,0,0.20333333333333334,0.24333333333333335,0.14666666666666667,0.17,0.19,0.1756571605292409,0.21217652129993653,0.24015825914935707
2382,0,0.21,0.22666666666666666,0.19,0.17333333333333334,0.23666666666666666,0.2120076033157231,0.2491590942215592,0.26138507140932365
2383,0,0.34,0.36333333333333334,0.36666666666666664,0.3566666666666667,0.30333333333333334,0.3479359954313151,0.3536382143665867,0.26138507140932365
2384,1,0.5433333333333333,0.48333333333333334,0.5166666666666667,0.4266666666666667,0.37666666666666665,0.4674782517830676,0.4310112455175577,0.36155419222903884
2385,0,0.3566666666666667,0.4266666666666667,0.43333333333333335,0.41,0.33,0.3794652705198634,0.2882120141624682,0.24015825914935707
2386,0,0.32666666666666666,0.3,0.30333333333333334,0.27,0.30333333333333334,0.32961219734863356,0.286571022091575,0.26138507140932365
2387,1,0.13666666666666666,0.15,0.17666666666666667,0.16333333333333333,0.12,0.13098105107013078,0.2063301142518452,0.26138507140932365
2388,0,0.25,0.27,0.2733333333333333,0.26666666666666666,0.15333333333333332,0.20818831779692093,0.2782927534040111,0.24015825914935707
2389,0,0.27666666666666667,0.29333333333333333,0.2733333333333333,0.23,0.19,0.2605229957610443,0.3563125335581392,0.37055837563451777
2390,0,0.11,0.13666666666666666,0.08333333333333333,0.13666666666666666,0.15333333333333332,0.14831533983277195,0.17039647604592958,0.26138507140932365
2391,0,0.28,0.19,0.24666666666666667,0.18666666666666668,0.22,0.19853343665988712,0.17151076496079423,0.24015825914935707
2392,0,0.25666666666666665,0.26,0.19333333333333333,0.27,0.19666666666666666,0.2473957971683413,0.2451874199907993,0.24015825914935707
2393,1,0.32,0.30333333333333334,0.35333333333333333,0.32666666666666666,0.25666666666666665,0.3166787517925878,0.3698302768684884,0.36155419222903884
2394,0,0.42,0.37666666666666665,0.37666666666666665,0.36333333333333334,0.37,0.4057623363021498,0.3381651116826154,0.36155419222903884
2395,0,0.15,0.14333333333333334,0.12666666666666668,0.13,0.08333333333333333,0.11705907209053794,0.12849529471838053,0.24015825914935707
2396,1,0.30333333333333334,0.42333333333333334,0.38,0.30333333333333334,0.37666666666666665,0.3773482999873825,0.24093827671977266,0.26138507140932365
2397,1,0.39,0.38666666666666666,0.35333333333333333,0.37333333333333335,0.39,0.39506500307862136,0.31653863946088695,0.36155419222903884
2398,0,0.15,0.13,0.12,0.14333333333333334,0.15,0.1337757976911208,0.2128914088862743,0.24015825914935707
2399,0,0.21333333333333335,0.24666666666666667,0.25666666666666665,0.24333333333333335,0.21333333333333335,0.25429628436717877,0.18227586111631933,0.26138507140932365
2400,1,0.2633333333333333,0.2966666666666667,0.29,0.26,0.17666666666666667,0.27193866165382163,0.24769433409817312,0.24015825914935707
2401,0,0.3,0.2,0.2,0.23333333333333334,0.22333333333333333,0.27750536570874085,0.2795453760264602,0.26138507140932365
2402,0,0.12,0.13333333333333333,0.16,0.14666666666666667,0.08333333333333333,0.14902371410923898,0.2811315545492706,0.24015825914935707
2403,1,0.45,0.43666666666666665,0.43333333333333335,0.45,0.33,0.380976821770129,0.2947746275153752,0.24015825914935707
2404,1,0.27,0.3,0.30666666666666664,0.28,0.32,0.25297624728770957,0.22897788743627895,0.26138507140932365
2405,0,0.17333333333333334,0.18,0.17333333333333334,0.15333333333333332,0.09333333333333334,0.13828240930533284,0.20195286890385464,0.24015825914935707
2406,0,0.17666666666666667,0.22333333333333333,0.21666666666666667,0.16333333333333333,0.22333333333333333,0.25432725733127476,0.28858266231706936,0.26138507140932365
2407,0,0.23333333333333334,0.19333333333333333,0.17,0.18333333333333332,0.17,0.22353564345865176,0.1960198346533413,0.24015825914935707
2408,0,0.11666666666666667,0.13333333333333333,0.10333333333333333,0.15666666666666668,0.08666666666666667,0.12934772619674098,0.20703047998862611,0.26138507140932365
2409,0,0.27666666666666667,0.2633333333333333,0.3233333333333333,0.26666666666666666,0.19,0.2421656715123956,0.32693219070451063,0.26138507140932365
2410,1,0.39,0.39,0.44333333333333336,0.44,0.37333333333333335,0.3799576486631223,0.3657200538281107,0.36155419222903884
2411,0,0.10333333333333333,0.08666666666666667,0.12666666666666668,0.09,0.09333333333333334,0.12204521644103425,0.18453477945294322,0.26138507140932365
2412,1,0.36333333333333334,0.34,0.4033333333333333,0.4066666666666667,0.31333333333333335,0.3451967168868757,0.2947746275153752,0.24015825914935707
2413,0,0.35,0.38,0.3433333333333333,0.33666666666666667,0.3333333333333333,0.3247330426763061,0.2355026204023639,0.24015825914935707
2414,0,0.21666666666666667,0.25333333333333335,0.22,0.22,0.13,0.20860108141754563,0.24769433409817312,0.24015825914935707
2415,1,0.38666666666666666,0.4033333333333333,0.39,0.43666666666666665,0.34,0.36379384061003506,0.25249116486246187,0.24015825914935707
2416,0,0.23666666666666666,0.27,0.26,0.21333333333333335,0.21333333333333335,0.228496978832402,0.2652572048631762,0.24015825914935707
2417,0,0.24666666666666667,0.2733333333333333,0.2733333333333333,0.22666666666666666,0.17333333333333334,0.221763208055086,0.3250756471749829,0.26138507140932365
2418,1,0.35,0.3566666666666667,0.39,0.36666666666666664,0.31333333333333335,0.3770341671000024,0.27089476298013004,0.36155419222903884
2419,1,0.24333333333333335,0.20333333333333334,0.22666666666666666,0.19333333333333333,0.23666666666666666,0.2150516153921358,0.24847551108432797,0.24015825914935707
2420,0,0.17,0.15333333333333332,0.17666666666666667,0.19333333333333333,0.19666666666666666,0.21328671209388686,0.20195286890385464,0.24015825914935707
2421,0,0.18,0.22333333333333333,0.19666666666666666,0.19,0.11666666666666667,0.19218731390400762,0.2562167075222563,0.26138507140932365
2422,0,0.29,0.3333333333333333,0.3333333333333333,0.29333333333333333,0.27666666666666667,0.2889557242605302,0.2838734871700684,0.26138507140932365
2423,1,0.16666666666666666,0.25,0.21666666666666667,0.2,0.21,0.21701045674419508,0.20195286890385464,0.24015825914935707
2424,0,0.30333333333333334,0.26666666666666666,0.33,0.32,0.36666666666666664,0.29266346467449134,0.1631084775048691,0.26138507140932365
2425,0,0.17,0.14666666666666667,0.16333333333333333,0.19,0.18333333333333332,0.16915964624921448,0.19059777412375917,0.24015825914935707
2426,0,0.4,0.36666666666666664,0.38666666666666666,0.34,0.3333333333333333,0.3531853492036643,0.3234348277145749,0.24015825914935707
2427,0,0.11666666666666667,0.14,0.15,0.15333333333333332,0.19666666666666666,0.1477537526752523,0.17090466178802188,0.24015825914935707
2428,0,0.2966666666666667,0.31333333333333335,0.32,0.32666666666666666,0.15333333333333332,0.27887079197985326,0.35350399619623046,0.36155419222903884
2429,0,0.27666666666666667,0.31,0.2733333333333333,0.26,0.14666666666666667,0.2038138398224536,0.3384472372722324,0.24015825914935707
2430,0,0.38666666666666666,0.33666666666666667,0.3466666666666667,0.36,0.29,0.40063283759748725,0.3376437470564093,0.26138507140932365
2431,0,0.22,0.23666666666666666,0.25,0.20333333333333334,0.20666666666666667,0.23551314520428546,0.2388093159852975,0.24015825914935707
2432,0,0.36,0.34,0.32666666666666666,0.38666666666666666,0.35,0.3744281776792155,0.3715794921443768,0.37055837563451777
2433,0,0.41333333333333333,0.48333333333333334,0.48333333333333334,0.4266666666666667,0.37666666666666665,0.45068981855387463,0.4310112455175577,0.36155419222903884
2434,0,0.5066666666666667,0.3933333333333333,0.4266666666666667,0.4066666666666667,0.37666666666666665,0.44234953987462994,0.4414849539260038,0.36155419222903884
2435,1,0.20333333333333334,0.20333333333333334,0.21666666666666667,0.20333333333333334,0.12,0.19529835399707726,0.2614667660342561,0.24015825914935707
2436,0,0.29333333333333333,0.38,0.4266666666666667,0.39,0.33,0.3088874762543638,0.2909892441242809,0.24015825914935707
2437,1,0.32,0.30333333333333334,0.27666666666666667,0.3,0.25,0.3200446823820728,0.24847551108432797,0.24015825914935707
2438,1,0.30666666666666664,0.45666666666666667,0.4033333333333333,0.4,0.3,0.3620120464601631,0.33543135019995807,0.24015825914935707
2439,0,0.2833333333333333,0.25,0.28,0.25333333333333335,0.2,0.25767147586589995,0.3145755625133301,0.26138507140932365
2440,1,0.43,0.41333333333333333,0.44666666666666666,0.47,0.38,0.40717324437214736,0.38158818160938895,0.36155419222903884
2441,0,0.19,0.18666666666666668,0.22333333333333333,0.17666666666666667,0.2,0.21010632029775686,0.18164005570042951,0.26138507140932365
2442,0,0.2833333333333333,0.23,0.2633333333333333,0.27666666666666667,0.14,0.23053453967602844,0.34078327246629003,0.26138507140932365
2443,1,0.30333333333333334,0.33,0.4,0.3333333333333333,0.35333333333333333,0.3354442996445219,0.26634095786530554,0.26138507140932365
2444,0,0.4066666666666667,0.44,0.47333333333333333,0.44,0.37666666666666665,0.44223201610115637,0.3311085555733136,0.36155419222903884
2445,0,0.43,0.4166666666666667,0.45,0.45666666666666667,0.37,0.44178519090618634,0.3894888185424804,0.36155419222903884
2446,0,0.35333333333333333,0.36666666666666664,0.34,0.3433333333333333,0.35,0.38680855698209093,0.29947089947066163,0.26138507140932365
2447,0,0.3233333333333333,0.35,0.32,0.3433333333333333,0.31333333333333335,0.33675180291344675,0.3513956945277207,0.36155419222903884
2448,0,0.28,0.21,0.21,0.23333333333333334,0.2633333333333333,0.23332438071119269,0.3090465688470764,0.24015825914935707
2449,1,0.21,0.16666666666666666,0.21333333333333335,0.18666666666666668,0.22,0.21451315309497104,0.19010535354783561,0.24015825914935707
2450,0,0.32,0.25,0.27,0.2866666666666667,0.17666666666666667,0.24766574870623173,0.31653863946088695,0.36155419222903884
2451,0,0.31333333333333335,0.32,0.28,0.35333333333333333,0.26,0.3166787517925878,0.3698302768684884,0.36155419222903884
2452,0,0.30333333333333334,0.30333333333333334,0.2966666666666667,0.2833333333333333,0.28,0.2916905475933636,0.3020543181984557,0.36155419222903884
2453,0,0.36333333333333334,0.3333333333333333,0.34,0.33666666666666667,0.29333333333333333,0.3636086014717004,0.40866268133756667,0.36155419222903884
2454,1,0.09,0.10333333333333333,0.12,0.15,0.07666666666666666,0.11488004777282033,0.2031489063561832,0.26138507140932365
2455,1,0.42,0.42,0.42,0.4266666666666667,0.38,0.44388467146644023,0.4443659591571714,0.37055837563451777
2456,1,0.4033333333333333,0.35,0.36333333333333334,0.41,0.32666666666666666,0.3667173677570938,0.35617700326769625,0.26138507140932365
2457,0,0.26666666666666666,0.23,0.20666666666666667,0.22333333333333333,0.21333333333333335,0.23828875655065226,0.32768228233868973,0.36155419222903884
2458,1,0.3,0.27,0.29,0.24,0.21333333333333335,0.2753932912329065,0.27123507722729484,0.26138507140932365
2459,0,0.37666666666666665,0.39,0.4033333333333333,0.41333333333333333,0.3233333333333333,0.3506566703026686,0.25354075836922496,0.26138507140932365
2460,0,0.36,0.37666666666666665,0.3566666666666667,0.36,0.38,0.33842126931122013,0.2314749832500635,0.26138507140932365
2461,0,0.12333333333333334,0.11333333333333333,0.10666666666666667,0.14666666666666667,0.09666666666666666,0.11715243782337069,0.174304908724302,0.24015825914935707
2462,0,0.30333333333333334,0.31333333333333335,0.2633333333333333,0.21,0.3466666666666667,0.23924109303588093,0.19022562705350352,0.26138507140932365
2463,1,0.25333333333333335,0.20333333333333334,0.24,0.2633333333333333,0.26666666666666666,0.247376756273988,0.2334038660178052,0.26138507140932365
2464,1,0.32666666666666666,0.33,0.28,0.32666666666666666,0.30333333333333334,0.3132598335510018,0.2811315545492706,0.24015825914935707
2465,1,0.3333333333333333,0.3933333333333333,0.36,0.3566666666666667,0.36333333333333334,0.3975254592182216,0.3419654785798354,0.36155419222903884
2466,0,0.38,0.3233333333333333,0.30666666666666664,0.30333333333333334,0.3,0.33692878891645617,0.3162313554731408,0.36155419222903884
2467,1,0.25333333333333335,0.3333333333333333,0.36333333333333334,0.32,0.20666666666666667,0.2770192514107706,0.2922367534005965,0.24015825914935707
2468,0,0.22,0.2633333333333333,0.2633333333333333,0.25333333333333335,0.14666666666666667,0.20989919204659307,0.23373942048107035,0.24015825914935707
2469,0,0.23333333333333334,0.25666666666666665,0.26666666666666666,0.25,0.20666666666666667,0.23575108815599505,0.22649979049560354,0.26138507140932365
2470,1,0.41,0.46,0.4533333333333333,0.47,0.38333333333333336,0.45488191966176694,0.4144653218831908,0.36155419222903884
2471,0,0.25666666666666665,0.3933333333333333,0.30666666666666664,0.31333333333333335,0.24666666666666667,0.3485248609567291,0.3536382143665867,0.26138507140932365
2472,0,0.32666666666666666,0.28,0.32,0.29333333333333333,0.20333333333333334,0.28119142134054925,0.3569586074699923,0.36155419222903884
2473,1,0.5133333333333333,0.53,0.43333333333333335,0.43333333333333335,0.36333333333333334,0.4571826358091813,0.40357755082912206,0.37055837563451777
2474,0,0.14,0.10333333333333333,0.11333333333333333,0.12333333333333334,0.15,0.1251030547353105,0.16875225775556754,0.24015825914935707
2475,1,0.26,0.2,0.22,0.23,0.22,0.24423130909283833,0.2148545321022055,0.26138507140932365
2476,0,0.2633333333333333,0.36333333333333334,0.32,0.30333333333333334,0.24666666666666667,0.31462869093967855,0.32599511748307464,0.26138507140932365
2477,0,0.18666666666666668,0.16333333333333333,0.15333333333333332,0.21333333333333335,0.24666666666666667,0.19823950485509878,0.22181423791653568,0.24015825914935707
2478,0,0.16333333333333333,0.19,0.18,0.18666666666666668,0.18666666666666668,0.2069199710288786,0.18054196023846567,0.24015825914935707
2479,1,0.18666666666666668,0.17,0.2,0.18333333333333332,0.16666666666666666,0.16960028786999146,0.25354075836922496,0.26138507140932365
2480,0,0.26666666666666666,0.24666666666666667,0.27,0.27,0.35333333333333333,0.2671116699819596,0.22043316997450332,0.24015825914935707
2481,0,0.36666666666666664,0.36666666666666664,0.43666666666666665,0.4066666666666667,0.38333333333333336,0.3945867759489187,0.32599511748307464,0.26138507140932365
2482,1,0.21333333333333335,0.14,0.18666666666666668,0.18,0.18,0.16359581821682165,0.14385369886652133,0.26138507140932365
2483,0,0.23,0.30333333333333334,0.3433333333333333,0.34,0.26,0.25281250043530407,0.2473609665480465,0.26138507140932365
2484,0,0.22,0.20333333333333334,0.16666666666666666,0.21,0.13333333333333333,0.1772161858377031,0.36018006712549516,0.36155419222903884
2485,1,0.21666666666666667,0.22666666666666666,0.23666666666666666,0.23333333333333334,0.14666666666666667,0.20570942921164004,0.23625742228973878,0.24015825914935707
2486,1,0.33666666666666667,0.3433333333333333,0.41333333333333333,0.4066666666666667,0.32,0.35425197855887336,0.2882120141624682,0.24015825914935707
2487,0,0.41333333333333333,0.39666666666666667,0.5566666666666666,0.43333333333333335,0.31333333333333335,0.4300378953071443,0.4144653218831908,0.36155419222903884
2488,1,0.11333333333333333,0.15333333333333332,0.08333333333333333,0.12,0.14,0.14748878528731274,0.21940198113728415,0.26138507140932365
2489,1,0.37,0.36666666666666664,0.38666666666666666,0.36333333333333334,0.31333333333333335,0.33889548240581346,0.2513373126252292,0.24015825914935707
2490,1,0.41,0.3233333333333333,0.37666666666666665,0.3233333333333333,0.2966666666666667,0.3579163047823583,0.375855184758263,0.37055837563451777
2491,0,0.20333333333333334,0.17666666666666667,0.21333333333333335,0.22,0.19333333333333333,0.16675749417321845,0.18054196023846567,0.24015825914935707
2492,0,0.3,0.24333333333333335,0.27666666666666667,0.24,0.17666666666666667,0.2048434187489127,0.2295798967796086,0.24015825914935707
2493,0,0.3333333333333333,0.36666666666666664,0.3433333333333333,0.32,0.24,0.2834373675696801,0.27991837484801163,0.26138507140932365
2494,0,0.3566666666666667,0.38666666666666666,0.41,0.38,0.3433333333333333,0.364612065332921,0.3057960670900827,0.24015825914935707
2495,0,0.35333333333333333,0.36,0.4166666666666667,0.39,0.2966666666666667,0.3057676563155243,0.22692301590519084,0.24015825914935707
2496,1,0.32666666666666666,0.35333333333333333,0.2833333333333333,0.25,0.24666666666666667,0.30802129330889255,0.29631627537685995,0.26138507140932365
2497,0,0.21,0.21333333333333335,0.23,0.21666666666666667,0.28,0.23208748673938975,0.25251105682788105,0.26138507140932365
2498,1,0.33,0.28,0.2866666666666667,0.29333333333333333,0.2733333333333333,0.2888311817821998,0.30283079751085085,0.24015825914935707
2499,0,0.39,0.4033333333333333,0.47,0.43666666666666665,0.31,0.390748621348671,0.320377453106168,0.24015825914935707
2500,1,0.2733333333333333,0.21666666666666667,0.2833333333333333,0.24666666666666667,0.24333333333333335,0.26808735595868394,0.22383624221339543,0.26138507140932365
2501,1,0.2,0.24,0.26,0.2966666666666667,0.24333333333333335,0.23868197270774721,0.1936301968399856,0.24015825914935707
2502,0,0.2966666666666667,0.32666666666666666,0.3566666666666667,0.32,0.2733333333333333,0.3494534974567724,0.32128781827989816,0.24015825914935707
2503,1,0.36666666666666664,0.38333333333333336,0.36,0.35333333333333333,0.30333333333333334,0.3510263234738366,0.40460376190657066,0.37055837563451777
2504,0,0.3,0.2733333333333333,0.34,0.37333333333333335,0.22,0.32195807886352173,0.2795453760264602,0.26138507140932365
2505,0,0.31,0.31333333333333335,0.3466666666666667,0.31,0.2966666666666667,0.3146752871146469,0.2562167075222563,0.26138507140932365
2506,0,0.4066666666666667,0.37333333333333335,0.36,0.37333333333333335,0.31666666666666665,0.40546196043997124,0.3178367758781197,0.26138507140932365
2507,1,0.39,0.43,0.36,0.3933333333333333,0.2866666666666667,0.37878882582575346,0.2784282843022545,0.24015825914935707
2508,0,0.3466666666666667,0.39,0.39,0.34,0.3566666666666667,0.3135547442516506,0.25686647262428014,0.24015825914935707
2509,0,0.3466666666666667,0.38666666666666666,0.35,0.39,0.37666666666666665,0.3174153436420953,0.18520617772773038,0.26138507140932365
2510,1,0.29,0.39,0.39,0.36,0.4,0.3117735326190068,0.24193606064238943,0.26138507140932365
2511,1,0.32666666666666666,0.31,0.25333333333333335,0.31333333333333335,0.2733333333333333,0.29328863003095484,0.24847551108432797,0.24015825914935707
2512,0,0.19,0.19333333333333333,0.19,0.21333333333333335,0.27666666666666667,0.20843366515105727,0.20264217015810185,0.24015825914935707
2513,0,0.2633333333333333,0.27,0.30333333333333334,0.31666666666666665,0.27,0.3142239151627385,0.3290986294756818,0.26138507140932365
2514,0,0.18,0.22,0.23,0.21333333333333335,0.15333333333333332,0.2297151512807322,0.2591016158849744,0.26138507140932365
2515,0,0.43666666666666665,0.38333333333333336,0.4066666666666667,0.4066666666666667,0.36,0.3333039432854517,0.2909892441242809,0.24015825914935707
2516,0,0.42,0.3566666666666667,0.36,0.33,0.27,0.39077585569646467,0.4068310622732451,0.37055837563451777
2517,0,0.21,0.23666666666666666,0.25333333333333335,0.22333333333333333,0.27,0.20147910288323673,0.1936301968399856,0.24015825914935707
2518,0,0.2966666666666667,0.23333333333333334,0.23666666666666666,0.24333333333333335,0.23666666666666666,0.2257887621005841,0.2148545321022055,0.26138507140932365
2519,0,0.20333333333333334,0.16333333333333333,0.23666666666666666,0.26666666666666666,0.14666666666666667,0.2057901878614782,0.3290986294756818,0.26138507140932365
2520,0,0.3566666666666667,0.43333333333333335,0.44,0.4,0.3433333333333333,0.4164988673062884,0.3381651116826154,0.36155419222903884
2521,0,0.31666666666666665,0.2833333333333333,0.2833333333333333,0.2966666666666667,0.19666666666666666,0.2806809983298479,0.27870274371556963,0.26138507140932365
2522,1,0.39,0.4066666666666667,0.4,0.38666666666666666,0.2633333333333333,0.3763522759542152,0.3090465688470764,0.24015825914935707
2523,0,0.33,0.24333333333333335,0.23,0.24333333333333335,0.22666666666666666,0.2759134873729819,0.21470869818944857,0.24015825914935707
2524,1,0.44333333333333336,0.37666666666666665,0.37333333333333335,0.4166666666666667,0.35333333333333333,0.4065709426150361,0.32674410286653693,0.36155419222903884
2525,0,0.16333333333333333,0.20333333333333334,0.21333333333333335,0.22333333333333333,0.20666666666666667,0.1952003154838843,0.20384124718098126,0.26138507140932365
2526,0,0.16333333333333333,0.15666666666666668,0.19,0.23333333333333334,0.20666666666666667,0.18785530583353965,0.2165155277954629,0.26138507140932365
2527,0,0.28,0.31,0.3933333333333333,0.31666666666666665,0.23666666666666666,0.3198255054641872,0.3182411925229007,0.24015825914935707
2528,0,0.30666666666666664,0.2966666666666667,0.30666666666666664,0.32666666666666666,0.24333333333333335,0.3044119284087041,0.35097387368585414,0.36155419222903884
2529,0,0.3433333333333333,0.36333333333333334,0.3466666666666667,0.35333333333333333,0.25666666666666665,0.37838566497336246,0.3350374477581962,0.36155419222903884
2530,0,0.29,0.27,0.2866666666666667,0.2833333333333333,0.25333333333333335,0.3374351930606923,0.3715794921443768,0.37055837563451777
2531,0,0.12666666666666668,0.12333333333333334,0.14,0.13333333333333333,0.10666666666666667,0.13515556926492273,0.2128914088862743,0.24015825914935707
2532,1,0.37,0.4066666666666667,0.41,0.4166666666666667,0.31666666666666665,0.39329739313884166,0.38158818160938895,0.36155419222903884
2533,1,0.25,0.3,0.33,0.31666666666666665,0.24666666666666667,0.29158164435029105,0.3061892063043738,0.24015825914935707
2534,0,0.23666666666666666,0.29333333333333333,0.2833333333333333,0.24666666666666667,0.14333333333333334,0.2318788885824199,0.2513373126252292,0.24015825914935707
2535,0,0.2733333333333333,0.27,0.3333333333333333,0.29,0.22,0.29527430772928337,0.2128914088862743,0.24015825914935707
2536,0,0.35,0.36333333333333334,0.3466666666666667,0.33,0.30666666666666664,0.3840835808608312,0.35097387368585414,0.36155419222903884
2537,0,0.29,0.17666666666666667,0.25,0.20333333333333334,0.19333333333333333,0.2625132067371402,0.2795453760264602,0.26138507140932365
2538,0,0.23333333333333334,0.21,0.29333333333333333,0.27,0.15333333333333332,0.17865782878340836,0.2513373126252292,0.24015825914935707
2539,0,0.23333333333333334,0.2833333333333333,0.24666666666666667,0.2633333333333333,0.2,0.2721782352372366,0.27991837484801163,0.26138507140932365
2540,1,0.26666666666666666,0.23666666666666666,0.23666666666666666,0.26666666666666666,0.2966666666666667,0.27705868014561363,0.20822123289280844,0.24015825914935707
2541,0,0.27,0.3233333333333333,0.32,0.31,0.20666666666666667,0.2680772114649861,0.35350399619623046,0.36155419222903884
2542,1,0.5033333333333333,0.4066666666666667,0.43666666666666665,0.4033333333333333,0.44333333333333336,0.4499712343825942,0.39168765079838325,0.36155419222903884
2543,0,0.37,0.4266666666666667,0.37,0.3233333333333333,0.36,0.3740930359410624,0.2934040785446578,0.26138507140932365
2544,0,0.25333333333333335,0.22333333333333333,0.28,0.2966666666666667,0.31,0.26971594339013144,0.21816885750487605,0.26138507140932365
2545,0,0.12,0.12333333333333334,0.15666666666666668,0.15,0.16666666666666666,0.1578743904507102,0.1681539243310513,0.24015825914935707
2546,0,0.30666666666666664,0.26666666666666666,0.2633333333333333,0.30666666666666664,0.29333333333333333,0.2779129933084475,0.23771837683628705,0.26138507140932365
2547,1,0.38666666666666666,0.35,0.37,0.35333333333333333,0.27,0.3402092171258572,0.3628752203822803,0.37055837563451777
2548,0,0.20333333333333334,0.31666666666666665,0.36666666666666664,0.2966666666666667,0.22666666666666666,0.2782050378589587,0.3293584613901623,0.26138507140932365
2549,0,0.37333333333333335,0.41,0.41333333333333333,0.36666666666666664,0.36333333333333334,0.43000774877079423,0.3974112467514279,0.36155419222903884
2550,0,0.19666666666666666,0.19333333333333333,0.18333333333333332,0.19,0.19,0.20656901749105794,0.2613526642552866,0.24015825914935707
2551,1,0.3,0.3466666666666667,0.3933333333333333,0.4066666666666667,0.33,0.31020529744381053,0.27745244278871645,0.24015825914935707
2552,0,0.30333333333333334,0.2866666666666667,0.23333333333333334,0.28,0.16333333333333333,0.24665915664566687,0.32931783774934376,0.26138507140932365
2553,1,0.16666666666666666,0.19,0.20333333333333334,0.21,0.15333333333333332,0.19576052076387046,0.1890876206531208,0.24015825914935707
2554,0,0.12333333333333334,0.09,0.13333333333333333,0.13,0.10333333333333333,0.12489310250819749,0.1972628065640116,0.24015825914935707
2555,0,0.19,0.26,0.22,0.16333333333333333,0.18333333333333332,0.2116848171175018,0.2648965555867191,0.24015825914935707
2556,1,0.2733333333333333,0.25,0.26666666666666666,0.2866666666666667,0.2833333333333333,0.2693734463796207,0.24847551108432797,0.24015825914935707
2557,0,0.3333333333333333,0.33,0.37,0.37,0.3566666666666667,0.3481788258807299,0.29427302515861054,0.26138507140932365
2558,0,0.31,0.37333333333333335,0.36,0.34,0.31666666666666665,0.3136559783219472,0.1725654980938095,0.26138507140932365
2559,0,0.3433333333333333,0.35,0.33,0.37666666666666665,0.3333333333333333,0.3226155206303079,0.2174411439436932,0.26138507140932365
2560,0,0.43,0.43666666666666665,0.4033333333333333,0.42,0.41333333333333333,0.38462484097275107,0.2562167075222563,0.26138507140932365
2561,0,0.3933333333333333,0.39,0.4033333333333333,0.3433333333333333,0.33666666666666667,0.38554360536400456,0.26700718107428245,0.24015825914935707
2562,0,0.43333333333333335,0.43333333333333335,0.4166666666666667,0.44666666666666666,0.27,0.39338625221795737,0.3103780857991747,0.26138507140932365
2563,0,0.2733333333333333,0.31333333333333335,0.3233333333333333,0.30666666666666664,0.21333333333333335,0.2867375230231015,0.33710270561573724,0.26138507140932365
2564,1,0.3233333333333333,0.2866666666666667,0.29333333333333333,0.32666666666666666,0.30333333333333334,0.3148495596868014,0.3381651116826154,0.36155419222903884
2565,0,0.14333333333333334,0.16666666666666666,0.14666666666666667,0.18,0.12333333333333334,0.15064792684751901,0.20195286890385464,0.24015825914935707
2566,1,0.36,0.41333333333333333,0.4533333333333333,0.4666666666666667,0.31,0.388594143498101,0.3513956945277207,0.36155419222903884
2567,0,0.27,0.2866666666666667,0.26,0.26,0.2966666666666667,0.2905780277651936,0.2295798967796086,0.24015825914935707
2568,0,0.34,0.31,0.30333333333333334,0.3333333333333333,0.2633333333333333,0.3147906996254882,0.32599511748307464,0.26138507140932365
2569,0,0.31,0.35,0.3,0.31666666666666665,0.24,0.2889119538511694,0.3013028229069087,0.26138507140932365
2570,1,0.4866666666666667,0.4533333333333333,0.4633333333333333,0.52,0.4066666666666667,0.48774444910285275,0.4714615435432226,0.36155419222903884
2571,1,0.3,0.30333333333333334,0.36,0.33666666666666667,0.33,0.33846966470090134,0.24093827671977266,0.26138507140932365
2572,0,0.25666666666666665,0.33666666666666667,0.30333333333333334,0.24666666666666667,0.25666666666666665,0.29784982578820296,0.2640656224049783,0.24015825914935707
2573,1,0.38333333333333336,0.2966666666666667,0.3333333333333333,0.39666666666666667,0.30333333333333334,0.3257710617986068,0.24847551108432797,0.24015825914935707
2574,0,0.33,0.26666666666666666,0.29,0.27,0.3,0.31804414664961134,0.26700718107428245,0.24015825914935707
2575,0,0.24666666666666667,0.27,0.24666666666666667,0.2733333333333333,0.24,0.24746181436405112,0.17520309901963171,0.26138507140932365
2576,0,0.39666666666666667,0.39666666666666667,0.43666666666666665,0.41,0.26666666666666666,0.39410670950739624,0.3250756471749829,0.26138507140932365
2577,0,0.13666666666666666,0.16666666666666666,0.15333333333333332,0.15333333333333332,0.08666666666666667,0.13150111185383784,0.20195286890385464,0.24015825914935707
2578,0,0.24333333333333335,0.41,0.29,0.30666666666666664,0.2633333333333333,0.29850499147814413,0.2513373126252292,0.24015825914935707
2579,0,0.15333333333333332,0.23666666666666666,0.23,0.22333333333333333,0.22333333333333333,0.19687156088038815,0.2521419161634637,0.24015825914935707
2580,0,0.3433333333333333,0.3566666666666667,0.3566666666666667,0.38333333333333336,0.3566666666666667,0.3656909517296023,0.3061892063043738,0.24015825914935707
2581,0,0.17666666666666667,0.16666666666666666,0.18666666666666668,0.26,0.19,0.2196742065684315,0.20994265947547353,0.24015825914935707
2582,0,0.2,0.18,0.19,0.17,0.14,0.19414227723552885,0.23373942048107035,0.24015825914935707
2583,0,0.16666666666666666,0.12666666666666668,0.10666666666666667,0.12,0.15,0.1494110699148527,0.17677092418781917,0.26138507140932365
2584,0,0.35,0.4,0.38,0.4266666666666667,0.3233333333333333,0.3715208057460809,0.26670286018451606,0.26138507140932365
2585,0,0.33,0.27,0.27666666666666667,0.2633333333333333,0.27,0.3210397583626198,0.24987650187015964,0.26138507140932365
2586,0,0.33666666666666667,0.37,0.3566666666666667,0.32,0.2633333333333333,0.35011249664601535,0.3090465688470764,0.24015825914935707
2587,0,0.20333333333333334,0.22333333333333333,0.22,0.23666666666666666,0.16333333333333333,0.2332795527849908,0.254350019300435,0.26138507140932365
2588,0,0.17,0.22,0.15666666666666668,0.17333333333333334,0.23333333333333334,0.2160571948827583,0.19545981357324124,0.26138507140932365
2589,0,0.25666666666666665,0.2833333333333333,0.25666666666666665,0.24333333333333335,0.23333333333333334,0.24727187728303807,0.35097387368585414,0.36155419222903884
2590,0,0.23,0.26,0.20666666666666667,0.27666666666666667,0.20333333333333334,0.2589367758875667,0.31653863946088695,0.36155419222903884
2591,0,0.5066666666666667,0.43333333333333335,0.4666666666666667,0.47,0.37666666666666665,0.4740134305512503,0.4474010339802737,0.36155419222903884
2592,0,0.36333333333333334,0.3466666666666667,0.31333333333333335,0.36666666666666664,0.30666666666666664,0.3487331436112706,0.3821571405464693,0.36155419222903884
2593,0,0.19333333333333333,0.18,0.19,0.23,0.2,0.2362835900251493,0.2165155277954629,0.26138507140932365
2594,1,0.23333333333333334,0.29,0.29333333333333333,0.26666666666666666,0.22666666666666666,0.24967971487101875,0.24871092918758064,0.24015825914935707
2595,1,0.39666666666666667,0.4066666666666667,0.44,0.43666666666666665,0.38666666666666666,0.3999307495257895,0.3657200538281107,0.36155419222903884
2596,0,0.21,0.19666666666666666,0.23666666666666666,0.16,0.22666666666666666,0.21485855092092565,0.1796543775345324,0.26138507140932365
2597,0,0.29333333333333333,0.23333333333333334,0.25,0.25666666666666665,0.21666666666666667,0.2632430626691687,0.22351372081634296,0.24015825914935707
2598,0,0.24666666666666667,0.23333333333333334,0.23,0.23666666666666666,0.16333333333333333,0.18826211447171132,0.23373942048107035,0.24015825914935707
2599,0,0.30666666666666664,0.30666666666666664,0.34,0.3466666666666667,0.20666666666666667,0.3396117652405509,0.4602534183510434,0.37055837563451777
2600,0,0.23333333333333334,0.23,0.2,0.23,0.14666666666666667,0.22277586239087746,0.3884759307198648,0.36155419222903884
2601,1,0.23,0.26,0.22666666666666666,0.22333333333333333,0.12666666666666668,0.21236711804129457,0.29411085932016606,0.36155419222903884
2602,1,0.44666666666666666,0.35333333333333333,0.43,0.4033333333333333,0.37333333333333335,0.41655357342697397,0.2841898074838542,0.24015825914935707
2603,1,0.3466666666666667,0.31,0.38,0.31333333333333335,0.25666666666666665,0.3739010253399737,0.3854696899114028,0.36155419222903884
2604,0,0.22666666666666666,0.23,0.23666666666666666,0.23333333333333334,0.24,0.2219976963941791,0.3099573278775962,0.24015825914935707
2605,0,0.24666666666666667,0.26666666666666666,0.24666666666666667,0.31,0.22333333333333333,0.26777832479829866,0.3221208958580813,0.26138507140932365
2606,0,0.18666666666666668,0.14,0.17666666666666667,0.18666666666666668,0.12,0.19712508459313818,0.32050614254890125,0.36155419222903884
2607,1,0.49,0.45,0.4266666666666667,0.4166666666666667,0.42333333333333334,0.4192841971194757,0.3290986294756818,0.26138507140932365
2608,1,0.25333333333333335,0.19333333333333333,0.24666666666666667,0.20333333333333334,0.22,0.21083040997626573,0.20264217015810185,0.24015825914935707
2609,0,0.22,0.20333333333333334,0.17333333333333334,0.18666666666666668,0.19333333333333333,0.1970357227332289,0.22351372081634296,0.24015825914935707
2610,0,0.3466666666666667,0.31666666666666665,0.4066666666666667,0.2966666666666667,0.33666666666666667,0.34892306041952803,0.20126532051558177,0.24015825914935707
2611,1,0.2833333333333333,0.32666666666666666,0.2833333333333333,0.2733333333333333,0.2,0.26974075074177045,0.2388093159852975,0.24015825914935707
2612,0,0.32,0.3233333333333333,0.31666666666666665,0.32666666666666666,0.25333333333333335,0.31048971631527394,0.3234348277145749,0.24015825914935707
2613,1,0.43666666666666665,0.45666666666666667,0.4533333333333333,0.42,0.39,0.43173669202026504,0.3719923230105255,0.26138507140932365
2614,1,0.39666666666666667,0.37333333333333335,0.4166666666666667,0.43666666666666665,0.36666666666666664,0.39414175905678384,0.3391195663485373,0.36155419222903884
2615,0,0.43333333333333335,0.42333333333333334,0.38333333333333336,0.4266666666666667,0.32666666666666666,0.37288250323016525,0.2795453760264602,0.26138507140932365
2616,1,0.23333333333333334,0.24333333333333335,0.29,0.23666666666666666,0.23333333333333334,0.25580684833871875,0.22822464435541887,0.26138507140932365
2617,0,0.2733333333333333,0.24333333333333335,0.31666666666666665,0.2833333333333333,0.16666666666666666,0.28105249423009804,0.35097387368585414,0.36155419222903884
2618,1,0.38666666666666666,0.39,0.3433333333333333,0.4066666666666667,0.3566666666666667,0.423994928584396,0.3504250090504435,0.36155419222903884
2619,0,0.35333333333333333,0.37666666666666665,0.3933333333333333,0.44666666666666666,0.42,0.39580370310594987,0.3290986294756818,0.26138507140932365
2620,0,0.31333333333333335,0.2866666666666667,0.2966666666666667,0.24666666666666667,0.16,0.2786695632815178,0.32599511748307464,0.26138507140932365
2621,0,0.19,0.18666666666666668,0.20666666666666667,0.20666666666666667,0.24333333333333335,0.19131561094647387,0.22649979049560354,0.26138507140932365
2622,1,0.38,0.41,0.37333333333333335,0.4166666666666667,0.39666666666666667,0.4055854647814458,0.35097387368585414,0.36155419222903884
2623,0,0.25,0.24666666666666667,0.27,0.25,0.19,0.2568312701180934,0.3234348277145749,0.24015825914935707
2624,0,0.17,0.16,0.16333333333333333,0.19333333333333333,0.15333333333333332,0.18085156347828998,0.20994265947547353,0.24015825914935707
2625,0,0.44333333333333336,0.42333333333333334,0.4,0.38666666666666666,0.35,0.4080599465515501,0.3103780857991747,0.26138507140932365
2626,0,0.17666666666666667,0.2,0.15333333333333332,0.18666666666666668,0.12666666666666668,0.15095431429220782,0.20984465363398194,0.24015825914935707
2627,0,0.19333333333333333,0.16666666666666666,0.13666666666666666,0.23666666666666666,0.11333333333333333,0.15584189144764793,0.21444654556265103,0.26138507140932365
2628,1,0.25,0.31666666666666665,0.28,0.26,0.14333333333333334,0.21615622074647078,0.2237325296082427,0.24015825914935707
2629,0,0.27666666666666667,0.26,0.31,0.31,0.24,0.2334693866695197,0.3234348277145749,0.24015825914935707
2630,0,0.23666666666666666,0.24,0.23666666666666666,0.2,0.15,0.1810838933023678,0.2640656224049783,0.24015825914935707
2631,0,0.42,0.37,0.32,0.41333333333333333,0.42,0.4211429592193964,0.3657200538281107,0.36155419222903884
2632,0,0.3333333333333333,0.32,0.37333333333333335,0.31666666666666665,0.23333333333333334,0.3493205547962211,0.3300402553716049,0.26138507140932365
2633,1,0.26,0.27,0.22666666666666666,0.22666666666666666,0.13666666666666666,0.2012500482216818,0.23761130432495925,0.26138507140932365
2634,0,0.36,0.35,0.36,0.3433333333333333,0.32666666666666666,0.3244642477113902,0.24882137100236737,0.24015825914935707
2635,1,0.21333333333333335,0.2733333333333333,0.23333333333333334,0.25,0.27,0.2811013478839404,0.1988222430277996,0.24015825914935707
2636,0,0.13333333333333333,0.20666666666666667,0.16,0.15666666666666668,0.1,0.1497209561459731,0.23625742228973878,0.24015825914935707
2637,0,0.46,0.42333333333333334,0.44333333333333336,0.4033333333333333,0.3933333333333333,0.442167780097167,0.3049077953845557,0.36155419222903884
2638,0,0.37,0.41,0.37333333333333335,0.41333333333333333,0.3933333333333333,0.4029781138840388,0.2811315545492706,0.24015825914935707
2639,0,0.39,0.4033333333333333,0.3933333333333333,0.33666666666666667,0.3566666666666667,0.40237230653623046,0.34078327246629003,0.26138507140932365
2640,0,0.10333333333333333,0.14,0.14666666666666667,0.14333333333333334,0.09666666666666666,0.11495424394326227,0.2521419161634637,0.24015825914935707
2641,0,0.38666666666666666,0.39,0.4266666666666667,0.37666666666666665,0.36333333333333334,0.4115302237442258,0.32582354126283647,0.36155419222903884
2642,0,0.09333333333333334,0.14666666666666667,0.13,0.09666666666666666,0.15666666666666668,0.12381405142285674,0.16520320262076857,0.26138507140932365
2643,1,0.33,0.35333333333333333,0.2966666666666667,0.31666666666666665,0.17333333333333334,0.3151048229194581,0.4208307093354709,0.36155419222903884
2644,0,0.14333333333333334,0.17666666666666667,0.17,0.12333333333333334,0.15666666666666668,0.16551092551261917,0.2640656224049783,0.24015825914935707
2645,0,0.28,0.2733333333333333,0.24666666666666667,0.22666666666666666,0.24666666666666667,0.2491515262928511,0.20225139994505775,0.24015825914935707
2646,1,0.29,0.27666666666666667,0.30666666666666664,0.3233333333333333,0.2733333333333333,0.3305075922301402,0.24093827671977266,0.26138507140932365
2647,0,0.33,0.30333333333333334,0.29,0.23333333333333334,0.2,0.2635431696238833,0.4068310622732451,0.37055837563451777
2648,1,0.14666666666666667,0.13,0.17666666666666667,0.16333333333333333,0.12,0.18470852444108068,0.22446068351418602,0.24015825914935707
2649,0,0.22,0.15333333333333332,0.18333333333333332,0.16666666666666666,0.16666666666666666,0.18156580222351165,0.2642748543232439,0.24015825914935707
2650,0,0.17,0.16,0.18,0.2,0.17333333333333334,0.20212735196424658,0.3020543181984557,0.36155419222903884
2651,0,0.25666666666666665,0.27666666666666667,0.25666666666666665,0.25,0.23,0.20034476545307048,0.13585014678135018,0.26138507140932365
2652,0,0.09333333333333334,0.08,0.09666666666666666,0.08666666666666667,0.08333333333333333,0.10986812726250864,0.1890876206531208,0.24015825914935707
2653,1,0.2733333333333333,0.21333333333333335,0.22,0.15666666666666668,0.24,0.22535690620719637,0.17317626104501843,0.26138507140932365
2654,0,0.38333333333333336,0.4266666666666667,0.37333333333333335,0.39,0.38,0.36790192106960024,0.3178367758781197,0.26138507140932365
2655,0,0.3433333333333333,0.33,0.30333333333333334,0.3333333333333333,0.34,0.3365615350038215,0.3153105850859049,0.36155419222903884
2656,0,0.23666666666666666,0.27,0.22333333333333333,0.25333333333333335,0.21666666666666667,0.278501900789629,0.26634095786530554,0.26138507140932365
2657,0,0.33,0.42,0.3933333333333333,0.38666666666666666,0.32666666666666666,0.35436216711944457,0.3894888185424804,0.36155419222903884
2658,1,0.18666666666666668,0.16,0.19666666666666666,0.16,0.13666666666666666,0.163045392645991,0.25354075836922496,0.26138507140932365
2659,0,0.17333333333333334,0.21,0.20333333333333334,0.19,0.16666666666666666,0.17143620545937416,0.22109222166125206,0.24015825914935707
2660,0,0.21333333333333335,0.21333333333333335,0.21,0.2633333333333333,0.19666666666666666,0.24388253085318934,0.27089476298013004,0.36155419222903884
2661,1,0.44666666666666666,0.4066666666666667,0.4633333333333333,0.47,0.4,0.43382776061469913,0.3384472372722324,0.24015825914935707
2662,1,0.21666666666666667,0.20333333333333334,0.21666666666666667,0.2,0.18333333333333332,0.23617707928147344,0.23503409458362673,0.36155419222903884
2663,0,0.2833333333333333,0.27,0.28,0.2733333333333333,0.29333333333333333,0.2851064645599659,0.34078327246629003,0.26138507140932365
2664,0,0.3,0.38666666666666666,0.30666666666666664,0.3333333333333333,0.26,0.32878331549517065,0.254350019300435,0.26138507140932365
2665,1,0.28,0.3,0.3,0.3566666666666667,0.25666666666666665,0.2552057761105384,0.21618378951692266,0.24015825914935707
2666,0,0.20666666666666667,0.2633333333333333,0.27666666666666667,0.22333333333333333,0.20666666666666667,0.23820995528690325,0.2918539929442319,0.24015825914935707
2667,0,0.22333333333333333,0.24,0.23666666666666666,0.19666666666666666,0.15333333333333332,0.23838334164303135,0.33149012212089146,0.37055837563451777
2668,1,0.18,0.19333333333333333,0.17,0.19333333333333333,0.2,0.21132516091476697,0.1801570100412181,0.24015825914935707
2669,0,0.18666666666666668,0.20666666666666667,0.20333333333333334,0.19333333333333333,0.2,0.19334661536037698,0.1707225595438635,0.24015825914935707
2670,1,0.35333333333333333,0.43,0.4266666666666667,0.48,0.36333333333333334,0.44245639324405894,0.34078327246629003,0.26138507140932365
2671,1,0.44,0.43,0.4766666666666667,0.49,0.33666666666666667,0.3867023426715323,0.3575607847913727,0.26138507140932365
2672,1,0.38666666666666666,0.35,0.35,0.38,0.35,0.3861096776038894,0.26216190592306277,0.24015825914935707
2673,0,0.4633333333333333,0.37,0.3933333333333333,0.38,0.31333333333333335,0.411767934790653,0.477865661629285,0.37055837563451777
2674,0,0.41,0.31666666666666665,0.37666666666666665,0.39666666666666667,0.4066666666666667,0.37221116145493915,0.2841898074838542,0.24015825914935707
2675,1,0.27,0.32,0.35,0.4066666666666667,0.20333333333333334,0.33303882668385315,0.2613526642552866,0.24015825914935707
2676,1,0.09333333333333334,0.12666666666666668,0.11,0.12666666666666668,0.11,0.11403690038532974,0.14242163219297524,0.24015825914935707
2677,1,0.4066666666666667,0.3,0.34,0.3333333333333333,0.37666666666666665,0.2993920838973785,0.19059777412375917,0.24015825914935707
2678,1,0.28,0.31666666666666665,0.3,0.31,0.25666666666666665,0.2852817002624193,0.288967642249189,0.24015825914935707
2679,1,0.44666666666666666,0.4266666666666667,0.49,0.4066666666666667,0.3333333333333333,0.48171511609925405,0.43040913825912647,0.37055837563451777
2680,0,0.22333333333333333,0.17333333333333334,0.18333333333333332,0.16666666666666666,0.23,0.22813079546144133,0.26634095786530554,0.26138507140932365
2681,0,0.14,0.19333333333333333,0.14,0.17,0.19,0.18597809097149393,0.1988222430277996,0.24015825914935707
2682,1,0.3233333333333333,0.39,0.37666666666666665,0.37,0.21,0.3627856803972708,0.40165209768576543,0.36155419222903884
2683,0,0.26666666666666666,0.31333333333333335,0.30333333333333334,0.33,0.2866666666666667,0.33671505175534494,0.2648965555867191,0.24015825914935707
2684,0,0.24,0.26666666666666666,0.26,0.26666666666666666,0.2733333333333333,0.30523046131317305,0.2795453760264602,0.26138507140932365
2685,0,0.30666666666666664,0.32,0.32,0.28,0.27,0.28319415335045084,0.2760878000862964,0.24015825914935707
2686,0,0.23333333333333334,0.23666666666666666,0.25666666666666665,0.23666666666666666,0.16,0.18951319967480912,0.22446068351418602,0.24015825914935707
2687,1,0.36333333333333334,0.27,0.26666666666666666,0.30333333333333334,0.27666666666666667,0.2895772864192561,0.17909385210797943,0.24015825914935707
2688,0,0.25333333333333335,0.18333333333333332,0.24333333333333335,0.25333333333333335,0.22666666666666666,0.2329971571402219,0.2548081412097959,0.24015825914935707
2689,1,0.5233333333333333,0.48333333333333334,0.43666666666666665,0.4533333333333333,0.37333333333333335,0.4716254428082656,0.4271028371161226,0.37055837563451777
2690,1,0.21666666666666667,0.21666666666666667,0.23,0.21333333333333335,0.25,0.23958005986282258,0.20692701039623657,0.24015825914935707
2691,0,0.3233333333333333,0.31333333333333335,0.34,0.29,0.36333333333333334,0.2828720390922641,0.18227586111631933,0.26138507140932365
2692,0,0.31,0.31,0.33666666666666667,0.36,0.2833333333333333,0.31979433792018863,0.32143496231331714,0.36155419222903884
2693,1,0.41333333333333333,0.37666666666666665,0.36,0.31333333333333335,0.42333333333333334,0.42616306443756086,0.3228652439593705,0.36155419222903884
2694,0,0.21,0.17,0.19333333333333333,0.16333333333333333,0.17666666666666667,0.1973049319106389,0.1890876206531208,0.24015825914935707
2695,1,0.35,0.42333333333333334,0.4266666666666667,0.4166666666666667,0.3233333333333333,0.3978604235958066,0.3359688769253456,0.24015825914935707
2696,1,0.31,0.30333333333333334,0.2733333333333333,0.25,0.22666666666666666,0.2885567328631183,0.2784282843022545,0.24015825914935707
2697,1,0.23,0.22666666666666666,0.23333333333333334,0.25666666666666665,0.24666666666666667,0.2622087666752064,0.3049077953845557,0.36155419222903884
2698,0,0.3566666666666667,0.31,0.35333333333333333,0.34,0.31,0.32847470349127866,0.3421578754851564,0.26138507140932365
2699,0,0.35333333333333333,0.36333333333333334,0.29333333333333333,0.3566666666666667,0.3433333333333333,0.35956117023733014,0.32674410286653693,0.36155419222903884
2700,0,0.37333333333333335,0.32666666666666666,0.37,0.3933333333333333,0.37,0.3665165786461632,0.27991837484801163,0.26138507140932365
2701,0,0.20666666666666667,0.22,0.20666666666666667,0.19,0.22,0.22223037056053843,0.2548081412097959,0.24015825914935707
2702,0,0.29333333333333333,0.32666666666666666,0.30333333333333334,0.2966666666666667,0.2633333333333333,0.28267811272233845,0.2795453760264602,0.26138507140932365
2703,0,0.16,0.17,0.11666666666666667,0.16666666666666666,0.11666666666666667,0.14797287575689133,0.2388093159852975,0.24015825914935707
2704,0,0.22333333333333333,0.20666666666666667,0.17,0.21666666666666667,0.2,0.2192398083782101,0.23625742228973878,0.24015825914935707
2705,0,0.45666666666666667,0.41,0.41333333333333333,0.36333333333333334,0.4166666666666667,0.4462484212759365,0.37485598245813867,0.37055837563451777
2706,1,0.49,0.41,0.4666666666666667,0.42333333333333334,0.37333333333333335,0.4288266574078067,0.4177451287264537,0.36155419222903884
2707,0,0.27,0.2833333333333333,0.25666666666666665,0.29,0.20333333333333334,0.2795660866603138,0.3228652439593705,0.36155419222903884
2708,0,0.2,0.2,0.21666666666666667,0.22666666666666666,0.16666666666666666,0.1941049297298679,0.21217652129993653,0.24015825914935707
2709,0,0.22666666666666666,0.24333333333333335,0.20666666666666667,0.17,0.09666666666666666,0.17344939365310394,0.2562167075222563,0.26138507140932365
2710,1,0.4,0.4166666666666667,0.42333333333333334,0.38333333333333336,0.38,0.42844888205449755,0.36018006712549516,0.36155419222903884
2711,0,0.14333333333333334,0.22666666666666666,0.12666666666666668,0.15666666666666668,0.13666666666666666,0.155238137382063,0.17151076496079423,0.24015825914935707
2712,0,0.21333333333333335,0.18,0.13666666666666666,0.17333333333333334,0.13333333333333333,0.19261317003421322,0.29720770748859093,0.26138507140932365
2713,1,0.2,0.21,0.21666666666666667,0.21,0.19666666666666666,0.23853225340369635,0.30738805874413416,0.26138507140932365
2714,0,0.23,0.20666666666666667,0.24333333333333335,0.23333333333333334,0.13333333333333333,0.20114769446311126,0.22554672701415687,0.26138507140932365
2715,0,0.24666666666666667,0.18666666666666668,0.20333333333333334,0.19333333333333333,0.15,0.2341608935400527,0.37485598245813867,0.37055837563451777
2716,0,0.31333333333333335,0.39666666666666667,0.37333333333333335,0.39666666666666667,0.32666666666666666,0.3232801807227922,0.2154608725234475,0.24015825914935707
2717,0,0.3,0.26666666666666666,0.2966666666666667,0.29,0.25,0.3087086240499869,0.2648965555867191,0.24015825914935707
2718,1,0.44666666666666666,0.3566666666666667,0.44,0.41333333333333333,0.36,0.42204048897711377,0.3563125335581392,0.37055837563451777
2719,1,0.38333333333333336,0.35,0.3433333333333333,0.36666666666666664,0.28,0.36265000429221517,0.40357755082912206,0.37055837563451777
2720,0,0.25,0.31,0.28,0.26666666666666666,0.23666666666666666,0.26161941564334595,0.2513373126252292,0.24015825914935707
2721,0,0.26666666666666666,0.2833333333333333,0.25666666666666665,0.33,0.22333333333333333,0.29946635399146604,0.3103780857991747,0.26138507140932365
2722,0,0.24666666666666667,0.16666666666666666,0.19,0.19333333333333333,0.23666666666666666,0.232135355243203,0.23822899865552202,0.24015825914935707
2723,0,0.10333333333333333,0.18333333333333332,0.14333333333333334,0.14,0.09333333333333334,0.12409483120030512,0.21217652129993653,0.24015825914935707
2724,0,0.14666666666666667,0.18666666666666668,0.23,0.19666666666666666,0.20333333333333334,0.20755271885593557,0.18164005570042951,0.26138507140932365
2725,0,0.27666666666666667,0.27,0.2866666666666667,0.3,0.21666666666666667,0.2917490240284016,0.2640656224049783,0.24015825914935707
2726,0,0.33,0.25666666666666665,0.25666666666666665,0.30666666666666664,0.22,0.3241268778124134,0.37485598245813867,0.37055837563451777
2727,1,0.28,0.2966666666666667,0.3333333333333333,0.2966666666666667,0.23666666666666666,0.2657298466295132,0.31064791027339567,0.26138507140932365
2728,1,0.3,0.36333333333333334,0.31333333333333335,0.3466666666666667,0.2633333333333333,0.3471900212684619,0.320377453106168,0.24015825914935707
2729,1,0.18666666666666668,0.23666666666666666,0.23666666666666666,0.25666666666666665,0.2733333333333333,0.2137938213474571,0.21413484577555464,0.26138507140932365
2730,0,0.4066666666666667,0.4,0.42333333333333334,0.4033333333333333,0.37666666666666665,0.39198761876899835,0.3020543181984557,0.36155419222903884
2731,1,0.21666666666666667,0.2866666666666667,0.2733333333333333,0.2866666666666667,0.24,0.2565290614402358,0.3057960670900827,0.24015825914935707
2732,0,0.24,0.19666666666666666,0.23333333333333334,0.22666666666666666,0.18666666666666668,0.185094214964765,0.22520512882162672,0.24015825914935707
2733,0,0.4166666666666667,0.42,0.38,0.3333333333333333,0.36,0.39759898917139413,0.2909892441242809,0.24015825914935707
2734,0,0.2966666666666667,0.33666666666666667,0.29,0.29,0.28,0.2983065525539842,0.26216190592306277,0.24015825914935707
2735,1,0.38,0.36,0.38,0.38333333333333336,0.29,0.38339752379767833,0.3103780857991747,0.26138507140932365
2736,0,0.34,0.38666666666666666,0.39,0.36666666666666664,0.33,0.3718053302326992,0.33543135019995807,0.24015825914935707
2737,0,0.26,0.24666666666666667,0.2633333333333333,0.2866666666666667,0.23666666666666666,0.25398167850072895,0.35939535149688207,0.26138507140932365
2738,1,0.18333333333333332,0.25666666666666665,0.29,0.28,0.22666666666666666,0.20101116900581195,0.17228629102124055,0.24015825914935707
2739,0,0.21333333333333335,0.23666666666666666,0.20666666666666667,0.24,0.21666666666666667,0.21250055108173366,0.16119421159919672,0.26138507140932365
2740,1,0.36,0.36666666666666664,0.35,0.30666666666666664,0.36333333333333334,0.3492816740223243,0.2165155277954629,0.26138507140932365
2741,0,0.19,0.14,0.16666666666666666,0.12666666666666668,0.14666666666666667,0.1589962340229391,0.17507817734471545,0.24015825914935707
2742,0,0.08333333333333333,0.07666666666666666,0.1,0.11,0.09333333333333334,0.08984401577957823,0.1596217043462663,0.24015825914935707
2743,0,0.35333333333333333,0.2966666666666667,0.37,0.3566666666666667,0.2633333333333333,0.33201175306620184,0.37485598245813867,0.37055837563451777
2744,0,0.28,0.25,0.27,0.25333333333333335,0.16666666666666666,0.24132048694181096,0.3398431229305702,0.37055837563451777
2745,0,0.29333333333333333,0.31,0.29,0.28,0.26,0.2710188772920156,0.2949810252932471,0.24015825914935707
2746,1,0.24666666666666667,0.25666666666666665,0.30333333333333334,0.3233333333333333,0.22,0.28186180489019563,0.3657200538281107,0.36155419222903884
2747,0,0.30333333333333334,0.33666666666666667,0.33,0.36,0.3466666666666667,0.30612239393003915,0.2508990661548346,0.26138507140932365
2748,1,0.4066666666666667,0.5266666666666666,0.41,0.44333333333333336,0.37666666666666665,0.40991300221834004,0.3854696899114028,0.36155419222903884
2749,0,0.19333333333333333,0.21666666666666667,0.21333333333333335,0.21333333333333335,0.21666666666666667,0.2238189924406993,0.19240557433127983,0.26138507140932365
2750,0,0.51,0.46,0.4066666666666667,0.4666666666666667,0.45666666666666667,0.46267140367408244,0.3719923230105255,0.26138507140932365
2751,1,0.2733333333333333,0.41,0.41333333333333333,0.3933333333333333,0.31666666666666665,0.3766980864825163,0.29631627537685995,0.26138507140932365
2752,0,0.24666666666666667,0.28,0.25666666666666665,0.2966666666666667,0.22333333333333333,0.22879935135141743,0.3049077953845557,0.36155419222903884
2753,0,0.08666666666666667,0.08333333333333333,0.06,0.08,0.09,0.08141387877707348,0.14574420764041512,0.26138507140932365
2754,0,0.2966666666666667,0.31666666666666665,0.3,0.29333333333333333,0.15,0.25235326984391987,0.35071194284421425,0.24015825914935707
2755,0,0.08,0.11333333333333333,0.16333333333333333,0.11333333333333333,0.08333333333333333,0.12980050309659588,0.21618378951692266,0.24015825914935707
2756,0,0.2833333333333333,0.25,0.24666666666666667,0.2633333333333333,0.18,0.22508983126808724,0.18843353007552982,0.24015825914935707
2757,0,0.18666666666666668,0.19,0.21,0.18,0.17,0.22102115836753694,0.2562167075222563,0.26138507140932365
2758,0,0.2866666666666667,0.27666666666666667,0.23,0.2733333333333333,0.25333333333333335,0.287722121609391,0.3381651116826154,0.36155419222903884
2759,0,0.32,0.33,0.30333333333333334,0.27,0.15666666666666668,0.24652540604775564,0.2811315545492706,0.24015825914935707
2760,0,0.15333333333333332,0.21666666666666667,0.23,0.19666666666666666,0.18,0.1793740955291148,0.22520512882162672,0.24015825914935707
2761,0,0.3233333333333333,0.25,0.34,0.35333333333333333,0.35,0.32730208145779693,0.22181423791653568,0.24015825914935707
2762,1,0.26666666666666666,0.19333333333333333,0.2633333333333333,0.20666666666666667,0.16,0.22055637429770683,0.3381651116826154,0.36155419222903884
2763,1,0.31,0.31333333333333335,0.37,0.31333333333333335,0.3,0.31086195070211964,0.3126051654548455,0.26138507140932365
2764,0,0.29333333333333333,0.31666666666666665,0.33666666666666667,0.2833333333333333,0.2966666666666667,0.334281785458463,0.37335229707802425,0.36155419222903884
2765,0,0.19333333333333333,0.19,0.23333333333333334,0.21333333333333335,0.10333333333333333,0.18708271535780432,0.2771998571629701,0.24015825914935707
2766,0,0.21333333333333335,0.19,0.22333333333333333,0.17,0.15333333333333332,0.18878923792527633,0.32674410286653693,0.36155419222903884
2767,0,0.31,0.3233333333333333,0.3566666666666667,0.33,0.3566666666666667,0.3342469800896686,0.21413484577555464,0.26138507140932365
2768,0,0.39,0.36333333333333334,0.35,0.37333333333333335,0.3566666666666667,0.35075575063192005,0.2951588448286593,0.26138507140932365
2769,1,0.2866666666666667,0.23333333333333334,0.25666666666666665,0.25666666666666665,0.16333333333333333,0.23680122767264347,0.32599511748307464,0.26138507140932365
2770,1,0.24333333333333335,0.24666666666666667,0.22333333333333333,0.24,0.13,0.21625551057013698,0.3563125335581392,0.37055837563451777
2771,1,0.42333333333333334,0.4033333333333333,0.43666666666666665,0.4633333333333333,0.3233333333333333,0.394004812492975,0.3384472372722324,0.24015825914935707
2772,0,0.39,0.39,0.43333333333333335,0.38333333333333336,0.41333333333333333,0.425023662038037,0.31154540926161534,0.26138507140932365
2773,0,0.4033333333333333,0.42333333333333334,0.4633333333333333,0.45,0.35,0.41654434564671944,0.3660124547206031,0.36155419222903884
2774,0,0.16666666666666666,0.18333333333333332,0.19666666666666666,0.19333333333333333,0.16,0.19432260826676756,0.18372904628797862,0.26138507140932365
2775,1,0.2966666666666667,0.26666666666666666,0.26,0.31666666666666665,0.21666666666666667,0.2682899047402002,0.2970271224114387,0.36155419222903884
2776,0,0.24333333333333335,0.31333333333333335,0.3433333333333333,0.2966666666666667,0.21666666666666667,0.3291197833627967,0.2797992715605562,0.26138507140932365
2777,1,0.19333333333333333,0.16,0.2,0.20333333333333334,0.17333333333333334,0.18995792055508923,0.14627682357272334,0.26138507140932365
2778,0,0.16666666666666666,0.13666666666666666,0.12333333333333334,0.13666666666666666,0.15333333333333332,0.14932106180608454,0.20195286890385464,0.24015825914935707
2779,0,0.4,0.52,0.43333333333333335,0.43666666666666665,0.36,0.45362255822874403,0.38158818160938895,0.36155419222903884
2780,0,0.43333333333333335,0.44333333333333336,0.42333333333333334,0.49333333333333335,0.36333333333333334,0.46038429414190035,0.42000059576552096,0.37055837563451777
2781,0,0.33,0.30333333333333334,0.28,0.27666666666666667,0.15,0.29725566325656094,0.3974112467514279,0.36155419222903884
2782,1,0.17333333333333334,0.18666666666666668,0.17666666666666667,0.19,0.16,0.1732633434785966,0.19143966367958234,0.24015825914935707
2783,1,0.38,0.37333333333333335,0.39,0.38666666666666666,0.3433333333333333,0.3638413955745305,0.3099573278775962,0.24015825914935707
2784,0,0.19666666666666666,0.17,0.11,0.19,0.23666666666666666,0.1741589927918816,0.1370069540315011,0.26138507140932365
2785,1,0.2733333333333333,0.22,0.23,0.25,0.23333333333333334,0.23257297939319774,0.18843353007552982,0.24015825914935707
2786,0,0.4033333333333333,0.4166666666666667,0.4,0.41333333333333333,0.3566666666666667,0.4403285204372642,0.3667091888368304,0.36155419222903884
2787,0,0.43333333333333335,0.44666666666666666,0.4533333333333333,0.45666666666666667,0.3433333333333333,0.4755647373508521,0.45710691881921506,0.37055837563451777
2788,0,0.23,0.22666666666666666,0.23,0.22333333333333333,0.14666666666666667,0.18430324631926331,0.2613526642552866,0.24015825914935707
2789,0,0.3933333333333333,0.4033333333333333,0.42333333333333334,0.4,0.30666666666666664,0.37379315066750535,0.3698302768684884,0.36155419222903884
2790,1,0.29333333333333333,0.3933333333333333,0.36333333333333334,0.31666666666666665,0.36333333333333334,0.34635474716266806,0.2513373126252292,0.24015825914935707
2791,1,0.49,0.5066666666666667,0.44333333333333336,0.44666666666666666,0.39,0.4562505603074602,0.44064509585710243,0.37055837563451777
2792,0,0.30666666666666664,0.3566666666666667,0.36333333333333334,0.31,0.24666666666666667,0.3388749117336956,0.36885711799119586,0.36155419222903884
2793,1,0.3333333333333333,0.41333333333333333,0.33,0.4033333333333333,0.36333333333333334,0.37480165592837367,0.2947746275153752,0.24015825914935707
2794,1,0.2733333333333333,0.30333333333333334,0.27,0.32,0.19333333333333333,0.2931286428018859,0.3884759307198648,0.36155419222903884
2795,1,0.16333333333333333,0.12666666666666668,0.15,0.15666666666666668,0.14333333333333334,0.16057818004703195,0.2128914088862743,0.24015825914935707
2796,0,0.16666666666666666,0.13,0.15333333333333332,0.14,0.11,0.15128358586669283,0.2388093159852975,0.24015825914935707
2797,1,0.25666666666666665,0.3233333333333333,0.25666666666666665,0.2866666666666667,0.2733333333333333,0.29511011070619936,0.26634095786530554,0.26138507140932365
2798,0,0.37,0.38,0.33,0.36,0.41333333333333333,0.3411882467162845,0.19478897520638472,0.26138507140932365
2799,0,0.45666666666666667,0.42333333333333334,0.44666666666666666,0.4633333333333333,0.4,0.43154042703097906,0.3984121848761094,0.36155419222903884
2800,0,0.11,0.16666666666666666,0.11,0.1,0.13333333333333333,0.11957486232896383,0.14399866663190086,0.26138507140932365
2801,0,0.19,0.23,0.23333333333333334,0.2,0.18,0.2384219348089227,0.3153105850859049,0.36155419222903884
2802,0,0.16,0.12666666666666668,0.17666666666666667,0.14333333333333334,0.15666666666666668,0.14949960160142578,0.15043600815593947,0.26138507140932365
2803,0,0.2866666666666667,0.31,0.35333333333333333,0.33666666666666667,0.21666666666666667,0.2530392687779994,0.3234348277145749,0.24015825914935707
2804,1,0.25,0.29333333333333333,0.3,0.29333333333333333,0.2866666666666667,0.2678221016875599,0.2388093159852975,0.24015825914935707
2805,0,0.3,0.2866666666666667,0.31333333333333335,0.2966666666666667,0.18666666666666668,0.26261842992273426,0.3350374477581962,0.36155419222903884
2806,0,0.27666666666666667,0.22666666666666666,0.23666666666666666,0.27,0.32,0.28593069581926733,0.255720756192377,0.26138507140932365
2807,0,0.09333333333333334,0.07,0.08666666666666667,0.09333333333333334,0.11666666666666667,0.09955721118471368,0.16875225775556754,0.24015825914935707
2808,0,0.3466666666666667,0.22333333333333333,0.26,0.23,0.3466666666666667,0.28688579348106796,0.23702903478331502,0.24015825914935707
2809,0,0.13666666666666666,0.12666666666666668,0.13333333333333333,0.15666666666666668,0.06333333333333334,0.14408873790252985,0.2834972929775092,0.26138507140932365
2810,0,0.22333333333333333,0.23333333333333334,0.28,0.25,0.23666666666666666,0.23660234245823866,0.27475434341209426,0.24015825914935707
2811,0,0.19666666666666666,0.14333333333333334,0.13666666666666666,0.16666666666666666,0.16666666666666666,0.19237304625043006,0.2591016158849744,0.26138507140932365
2812,0,0.25333333333333335,0.25,0.24,0.26666666666666666,0.19,0.23568072505579687,0.2795453760264602,0.26138507140932365
2813,0,0.17,0.20333333333333334,0.17333333333333334,0.18333333333333332,0.12,0.18797418121330395,0.2388093159852975,0.24015825914935707
2814,0,0.49333333333333335,0.4033333333333333,0.43,0.36666666666666664,0.39,0.4439969835066358,0.3884759307198648,0.36155419222903884
2815,0,0.3233333333333333,0.35333333333333333,0.38666666666666666,0.4,0.38,0.36807363927466125,0.2811315545492706,0.24015825914935707
2816,0,0.20333333333333334,0.21,0.22333333333333333,0.24,0.24,0.22439133582146462,0.2548081412097959,0.24015825914935707
2817,0,0.15333333333333332,0.19666666666666666,0.22,0.20333333333333334,0.16666666666666666,0.18439806919729618,0.26634095786530554,0.26138507140932365
2818,0,0.19,0.19,0.20333333333333334,0.18,0.22666666666666666,0.24924327499928225,0.2295798967796086,0.24015825914935707
2819,0,0.25333333333333335,0.25,0.24333333333333335,0.21,0.15,0.21424079654485542,0.24586921136501827,0.24015825914935707
2820,0,0.16333333333333333,0.15666666666666668,0.15,0.16333333333333333,0.07333333333333333,0.16721321249777518,0.2648965555867191,0.24015825914935707
2821,1,0.23666666666666666,0.22333333333333333,0.23,0.22333333333333333,0.18333333333333332,0.22576593207405898,0.2970271224114387,0.36155419222903884
2822,0,0.23333333333333334,0.21333333333333335,0.21,0.19,0.14666666666666667,0.2040883540191044,0.2806055707473324,0.36155419222903884
2823,0,0.2633333333333333,0.3,0.27,0.23,0.2733333333333333,0.29552238814833337,0.3628752203822803,0.37055837563451777
2824,1,0.26,0.33666666666666667,0.31333333333333335,0.33,0.2633333333333333,0.29668514607730845,0.3061892063043738,0.24015825914935707
2825,0,0.4266666666666667,0.44,0.42333333333333334,0.48,0.33,0.4225606173485155,0.3442212681599235,0.26138507140932365
2826,1,0.32,0.33666666666666667,0.3233333333333333,0.41,0.37,0.37427979694140856,0.2389898071098169,0.24015825914935707
2827,1,0.3566666666666667,0.4166666666666667,0.41333333333333333,0.38333333333333336,0.2733333333333333,0.38761660203801634,0.37485598245813867,0.37055837563451777
2828,0,0.20666666666666667,0.21666666666666667,0.25,0.23,0.24333333333333335,0.23360326698595385,0.24292109125720834,0.26138507140932365
2829,0,0.2633333333333333,0.30666666666666664,0.23,0.2833333333333333,0.25666666666666665,0.27740811308555524,0.2771998571629701,0.24015825914935707
2830,1,0.17666666666666667,0.18333333333333332,0.18,0.19666666666666666,0.17333333333333334,0.1956308595273418,0.18574360315208457,0.24015825914935707
2831,0,0.22,0.22333333333333333,0.22333333333333333,0.17333333333333334,0.24,0.21460282181556664,0.22043316997450332,0.24015825914935707
2832,0,0.14,0.15,0.2,0.13666666666666666,0.10666666666666667,0.12755487560651405,0.2562167075222563,0.26138507140932365
2833,0,0.17,0.2,0.12333333333333334,0.21333333333333335,0.18,0.21549291964213727,0.2521419161634637,0.24015825914935707
2834,1,0.37666666666666665,0.4266666666666667,0.44333333333333336,0.44666666666666666,0.30666666666666664,0.4320778995936705,0.34078327246629003,0.26138507140932365
2835,1,0.24333333333333335,0.2,0.20666666666666667,0.20666666666666667,0.17666666666666667,0.20740778302964005,0.1988222430277996,0.24015825914935707
2836,0,0.24666666666666667,0.27666666666666667,0.25666666666666665,0.2833333333333333,0.2633333333333333,0.2267435328021649,0.18117477287989145,0.24015825914935707
2837,0,0.15333333333333332,0.17333333333333334,0.18666666666666668,0.20666666666666667,0.2,0.17978553710005557,0.16152089184530022,0.24015825914935707
2838,0,0.32666666666666666,0.27666666666666667,0.3466666666666667,0.31666666666666665,0.3233333333333333,0.345555528308226,0.24093827671977266,0.26138507140932365
2839,1,0.37666666666666665,0.29333333333333333,0.3233333333333333,0.26,0.29333333333333333,0.34314356955648956,0.26700718107428245,0.24015825914935707
2840,0,0.31666666666666665,0.32,0.31333333333333335,0.3433333333333333,0.24333333333333335,0.2926627476082739,0.3234348277145749,0.24015825914935707
2841,0,0.24333333333333335,0.23,0.27666666666666667,0.23333333333333334,0.17,0.2101204424125572,0.21053986736797287,0.24015825914935707
2842,0,0.46,0.4633333333333333,0.49333333333333335,0.4633333333333333,0.37333333333333335,0.4457586183184874,0.34078327246629003,0.26138507140932365
2843,0,0.25,0.22666666666666666,0.22,0.19666666666666666,0.22,0.2195797887061565,0.2548081412097959,0.24015825914935707
2844,0,0.19,0.17666666666666667,0.21666666666666667,0.18666666666666668,0.2,0.21095718014325845,0.2165155277954629,0.26138507140932365
2845,0,0.4533333333333333,0.44333333333333336,0.43,0.4266666666666667,0.30666666666666664,0.40110854279234415,0.2983071521420157,0.36155419222903884
2846,0,0.38666666666666666,0.27,0.3333333333333333,0.35,0.31333333333333335,0.36958137291653126,0.29809862966578066,0.26138507140932365
2847,0,0.27666666666666667,0.25,0.3,0.27666666666666667,0.25666666666666665,0.2548334441613554,0.22897788743627895,0.26138507140932365
2848,0,0.20666666666666667,0.24,0.23333333333333334,0.19333333333333333,0.14333333333333334,0.1843260149536455,0.28064392921779785,0.26138507140932365
2849,0,0.38666666666666666,0.37,0.3233333333333333,0.3566666666666667,0.39666666666666667,0.3218212701525905,0.2918539929442319,0.24015825914935707
2850,0,0.43,0.4633333333333333,0.44333333333333336,0.4266666666666667,0.37333333333333335,0.43317207603755653,0.44782689147680405,0.37055837563451777
2851,1,0.1,0.10333333333333333,0.1,0.08666666666666667,0.09333333333333334,0.10507017790142398,0.20384124718098126,0.26138507140932365
2852,1,0.41333333333333333,0.3933333333333333,0.43666666666666665,0.37333333333333335,0.36666666666666664,0.4366586665254268,0.35083622948151333,0.37055837563451777
2853,0,0.3,0.2966666666666667,0.29333333333333333,0.3,0.22,0.2774106653753254,0.32582354126283647,0.36155419222903884
2854,0,0.24333333333333335,0.25333333333333335,0.26666666666666666,0.27666666666666667,0.12,0.19717500677300118,0.29631627537685995,0.26138507140932365
2855,0,0.38333333333333336,0.36333333333333334,0.41333333333333333,0.42333333333333334,0.31333333333333335,0.3436408977270198,0.34518390097040513,0.26138507140932365
2856,0,0.29,0.27666666666666667,0.19333333333333333,0.23666666666666666,0.24333333333333335,0.27463903467480694,0.30738805874413416,0.26138507140932365
2857,0,0.37666666666666665,0.4166666666666667,0.43666666666666665,0.41333333333333333,0.39666666666666667,0.43535929163859255,0.38491781009928383,0.37055837563451777
2858,0,0.18666666666666668,0.15666666666666668,0.13666666666666666,0.15,0.18666666666666668,0.1739823882757701,0.1988222430277996,0.24015825914935707
2859,0,0.17333333333333334,0.15333333333333332,0.11,0.16,0.14666666666666667,0.14494086337006395,0.2562167075222563,0.26138507140932365
2860,0,0.22333333333333333,0.26666666666666666,0.2833333333333333,0.28,0.23,0.24617884517235883,0.33682113017805787,0.37055837563451777
2861,0,0.18333333333333332,0.18,0.19,0.18666666666666668,0.18,0.23200554091934164,0.2771998571629701,0.24015825914935707
2862,1,0.19333333333333333,0.21,0.19333333333333333,0.21,0.13333333333333333,0.1943697432534316,0.3061892063043738,0.24015825914935707
2863,0,0.33,0.31,0.32666666666666666,0.33666666666666667,0.29333333333333333,0.3008896323469214,0.25703156862163196,0.26138507140932365
2864,0,0.21333333333333335,0.17,0.14,0.14,0.17,0.15715392754570143,0.2388093159852975,0.24015825914935707
2865,0,0.14666666666666667,0.11333333333333333,0.1,0.1,0.09,0.15492504514637184,0.2451595486735126,0.24015825914935707
2866,1,0.32,0.36,0.3933333333333333,0.38,0.32666666666666666,0.35793055227344606,0.320377453106168,0.24015825914935707
2867,0,0.15333333333333332,0.21,0.25,0.22,0.11333333333333333,0.20015903116861364,0.2691033009110516,0.26138507140932365
2868,0,0.35333333333333333,0.37333333333333335,0.38,0.38333333333333336,0.4,0.34561035207100943,0.2797992715605562,0.26138507140932365
2869,1,0.46,0.4666666666666667,0.3933333333333333,0.4866666666666667,0.38666666666666666,0.46850660180476467,0.4177451287264537,0.36155419222903884
2870,1,0.2966666666666667,0.31333333333333335,0.26,0.27666666666666667,0.22333333333333333,0.28897937038361166,0.22897788743627895,0.26138507140932365
2871,1,0.2,0.21666666666666667,0.19,0.19,0.17666666666666667,0.20748539825610665,0.20283234605197575,0.24015825914935707
2872,1,0.28,0.2733333333333333,0.24,0.2633333333333333,0.25666666666666665,0.26521095133243433,0.21984830105046355,0.26138507140932365
2873,1,0.33,0.35333333333333333,0.42,0.38,0.4166666666666667,0.40203775962520416,0.38766691980743134,0.37055837563451777
2874,1,0.44,0.45,0.4633333333333333,0.46,0.38333333333333336,0.416857373369485,0.3290986294756818,0.26138507140932365
2875,1,0.37666666666666665,0.3466666666666667,0.3333333333333333,0.3433333333333333,0.29333333333333333,0.33473820996378234,0.2640656224049783,0.24015825914935707
2876,0,0.13,0.14666666666666667,0.11666666666666667,0.13,0.15,0.14631990011001156,0.20599603735599503,0.24015825914935707
2877,1,0.24333333333333335,0.32666666666666666,0.3,0.2633333333333333,0.2866666666666667,0.2724394494331542,0.2922367534005965,0.24015825914935707
2878,0,0.11333333333333333,0.15,0.12333333333333334,0.12,0.13333333333333333,0.12547153003109915,0.19059777412375917,0.24015825914935707
2879,0,0.32,0.26,0.2966666666666667,0.2866666666666667,0.16333333333333333,0.2606681999232549,0.27599713004787346,0.26138507140932365
2880,1,0.42,0.41,0.39666666666666667,0.44666666666666666,0.3433333333333333,0.4306142852435482,0.3178367758781197,0.26138507140932365
2881,1,0.41333333333333333,0.36666666666666664,0.4266666666666667,0.38666666666666666,0.32666666666666666,0.4023016871735872,0.3221208958580813,0.26138507140932365
2882,0,0.16,0.19666666666666666,0.17666666666666667,0.22,0.12666666666666668,0.17154252699154876,0.17090466178802188,0.24015825914935707
2883,0,0.2833333333333333,0.31333333333333335,0.25666666666666665,0.22666666666666666,0.19,0.220427958109125,0.2909892441242809,0.24015825914935707
2884,0,0.2,0.24,0.26666666666666666,0.24666666666666667,0.28,0.23201746233896486,0.24882137100236737,0.24015825914935707
2885,0,0.14666666666666667,0.17666666666666667,0.20333333333333334,0.19333333333333333,0.12,0.16371108314552826,0.25354075836922496,0.26138507140932365
2886,0,0.18,0.15333333333333332,0.16333333333333333,0.15666666666666668,0.14333333333333334,0.1756643567566385,0.16678495587808742,0.24015825914935707
2887,0,0.4533333333333333,0.4666666666666667,0.4066666666666667,0.38666666666666666,0.3933333333333333,0.3809041448784308,0.3234348277145749,0.24015825914935707
2888,1,0.36,0.33666666666666667,0.39,0.33666666666666667,0.29333333333333333,0.34967422603214954,0.3665719560558939,0.36155419222903884
2889,0,0.28,0.2866666666666667,0.26666666666666666,0.2633333333333333,0.27,0.27367114380625396,0.35617700326769625,0.26138507140932365
2890,0,0.37,0.36666666666666664,0.38666666666666666,0.43666666666666665,0.3433333333333333,0.38700796453208125,0.2909892441242809,0.24015825914935707
2891,0,0.27666666666666667,0.25,0.2833333333333333,0.30666666666666664,0.3333333333333333,0.3198062198660386,0.254350019300435,0.26138507140932365
2892,1,0.4066666666666667,0.41,0.4166666666666667,0.41,0.2866666666666667,0.42444268187705403,0.4144653218831908,0.36155419222903884
2893,1,0.17333333333333334,0.21666666666666667,0.20666666666666667,0.23333333333333334,0.12333333333333334,0.1845312776727148,0.3442212681599235,0.26138507140932365
2894,1,0.21,0.17666666666666667,0.17666666666666667,0.23666666666666666,0.26,0.22898200464554289,0.16152089184530022,0.24015825914935707
2895,0,0.33,0.37666666666666665,0.38333333333333336,0.3933333333333333,0.26666666666666666,0.3412720343323096,0.2838734871700684,0.26138507140932365
2896,0,0.4033333333333333,0.38,0.39666666666666667,0.4,0.32666666666666666,0.41432955716745673,0.3381651116826154,0.36155419222903884
2897,0,0.31333333333333335,0.31666666666666665,0.2733333333333333,0.29333333333333333,0.2833333333333333,0.30709501124979327,0.26298708516706193,0.24015825914935707
2898,1,0.45,0.4766666666666667,0.43666666666666665,0.4266666666666667,0.4066666666666667,0.46184713254252346,0.4381590203455499,0.36155419222903884
2899,0,0.4166666666666667,0.38333333333333336,0.36,0.44,0.4033333333333333,0.42864218420933503,0.37485598245813867,0.37055837563451777
2900,0,0.25,0.25333333333333335,0.18666666666666668,0.20666666666666667,0.2733333333333333,0.23709334437601307,0.2752368656275317,0.24015825914935707
2901,1,0.42,0.44,0.37333333333333335,0.43333333333333335,0.36333333333333334,0.40403376984924666,0.3563125335581392,0.37055837563451777
2902,1,0.37,0.4266666666666667,0.43333333333333335,0.36,0.29,0.4079552799022018,0.3381651116826154,0.36155419222903884
2903,1,0.36333333333333334,0.29333333333333333,0.27,0.32666666666666666,0.30333333333333334,0.33386867606970205,0.3587960237731711,0.37055837563451777
2904,0,0.42333333333333334,0.37666666666666665,0.38666666666666666,0.33666666666666667,0.3466666666666667,0.4192911263189333,0.32674410286653693,0.36155419222903884
2905,1,0.15666666666666668,0.14,0.14,0.11666666666666667,0.12666666666666668,0.16866467878997848,0.1678282068108508,0.26138507140932365
2906,0,0.37,0.3933333333333333,0.37666666666666665,0.4,0.4,0.31490103775717704,0.25354075836922496,0.26138507140932365
2907,0,0.27666666666666667,0.26,0.27666666666666667,0.3,0.2833333333333333,0.24426500856765224,0.2548081412097959,0.24015825914935707
2908,1,0.45666666666666667,0.43666666666666665,0.41333333333333333,0.4066666666666667,0.3466666666666667,0.387114246317397,0.40783966807616406,0.37055837563451777
2909,1,0.4033333333333333,0.38,0.38666666666666666,0.42333333333333334,0.37,0.42070771877958324,0.40357755082912206,0.37055837563451777
2910,1,0.37,0.37,0.30333333333333334,0.4266666666666667,0.37666666666666665,0.3303252673023806,0.2388093159852975,0.24015825914935707
2911,1,0.14666666666666667,0.20666666666666667,0.2,0.2,0.2,0.18097152808806435,0.16979350364170975,0.26138507140932365
2912,1,0.37,0.44,0.42,0.33,0.37,0.4192971119520806,0.37485598245813867,0.37055837563451777
2913,0,0.27,0.2,0.24333333333333335,0.2733333333333333,0.32,0.3064451110276041,0.2314749832500635,0.26138507140932365
2914,1,0.31666666666666665,0.3466666666666667,0.3233333333333333,0.3433333333333333,0.24666666666666667,0.3280676051737229,0.35097387368585414,0.36155419222903884
2915,0,0.19333333333333333,0.20333333333333334,0.19,0.17666666666666667,0.18,0.19087567205713024,0.2165155277954629,0.26138507140932365
2916,0,0.2633333333333333,0.33,0.3566666666666667,0.30666666666666664,0.23,0.2868650178244174,0.288967642249189,0.24015825914935707
2917,1,0.2966666666666667,0.27,0.31333333333333335,0.34,0.2866666666666667,0.3268400789651358,0.22897788743627895,0.26138507140932365
2918,0,0.2733333333333333,0.22666666666666666,0.22666666666666666,0.23666666666666666,0.18666666666666668,0.2619112707716737,0.27440227398480777,0.24015825914935707
2919,0,0.2866666666666667,0.2966666666666667,0.3233333333333333,0.37666666666666665,0.23,0.28774330189390385,0.320377453106168,0.24015825914935707
2920,0,0.18,0.17666666666666667,0.18666666666666668,0.19666666666666666,0.18333333333333332,0.20050290676977703,0.26634095786530554,0.26138507140932365
2921,0,0.07666666666666666,0.08333333333333333,0.09333333333333334,0.1,0.07333333333333333,0.0952907771094472,0.14254291590029022,0.24015825914935707
2922,0,0.16666666666666666,0.16666666666666666,0.14666666666666667,0.14666666666666667,0.11,0.17711179161335303,0.3153105850859049,0.36155419222903884
2923,1,0.14666666666666667,0.21666666666666667,0.19666666666666666,0.20333333333333334,0.13666666666666666,0.17689436897225244,0.21940594809697092,0.24015825914935707
2924,0,0.24666666666666667,0.31,0.26,0.3233333333333333,0.2966666666666667,0.2892962596399196,0.3057960670900827,0.24015825914935707
2925,1,0.2833333333333333,0.30333333333333334,0.3466666666666667,0.3333333333333333,0.2633333333333333,0.30811732277041143,0.3273396900406422,0.26138507140932365
2926,1,0.27,0.2833333333333333,0.29,0.23,0.20666666666666667,0.2254085846927213,0.3234348277145749,0.24015825914935707
2927,0,0.35333333333333333,0.3566666666666667,0.3233333333333333,0.3433333333333333,0.27666666666666667,0.31236280851327963,0.2949810252932471,0.24015825914935707
2928,1,0.25333333333333335,0.28,0.31,0.3233333333333333,0.18666666666666668,0.2322412638612685,0.2579526584093623,0.24015825914935707
2929,1,0.25333333333333335,0.24333333333333335,0.21,0.22666666666666666,0.13,0.20714073763902358,0.22181423791653568,0.24015825914935707
2930,0,0.16,0.09666666666666666,0.13,0.13666666666666666,0.09,0.12081815251233816,0.26216190592306277,0.24015825914935707
2931,0,0.21666666666666667,0.24,0.24666666666666667,0.21333333333333335,0.22666666666666666,0.20734339023865678,0.2640656224049783,0.24015825914935707
2932,1,0.4033333333333333,0.3933333333333333,0.42,0.47333333333333333,0.37666666666666665,0.4692300888499655,0.35350399619623046,0.36155419222903884
2933,0,0.3433333333333333,0.3433333333333333,0.39666666666666667,0.29333333333333333,0.2866666666666667,0.3187352720154681,0.2947746275153752,0.24015825914935707
2934,0,0.4033333333333333,0.5233333333333333,0.4633333333333333,0.47333333333333333,0.37333333333333335,0.3988767531391069,0.3544593977371018,0.24015825914935707
2935,0,0.14,0.17666666666666667,0.15666666666666668,0.17666666666666667,0.14333333333333334,0.18294457964403535,0.23771837683628705,0.26138507140932365
2936,0,0.09333333333333334,0.14333333333333334,0.10333333333333333,0.12333333333333334,0.09,0.12054353105958807,0.18520617772773038,0.26138507140932365
2937,1,0.35,0.3933333333333333,0.38,0.36666666666666664,0.28,0.3646843406058136,0.3398431229305702,0.37055837563451777
2938,0,0.19666666666666666,0.24666666666666667,0.21333333333333335,0.26,0.20333333333333334,0.25162039948323345,0.3145755625133301,0.26138507140932365
2939,0,0.3333333333333333,0.37666666666666665,0.36666666666666664,0.3933333333333333,0.3233333333333333,0.4192210588508321,0.38823925220188243,0.37055837563451777
2940,0,0.47,0.4166666666666667,0.43666666666666665,0.36666666666666664,0.35,0.3989191596524465,0.3290986294756818,0.26138507140932365
2941,1,0.3566666666666667,0.35333333333333333,0.30333333333333334,0.36,0.24666666666666667,0.3593519362131181,0.34174130109589973,0.26138507140932365
2942,0,0.22,0.27,0.20666666666666667,0.22666666666666666,0.23,0.22921968404510798,0.2795453760264602,0.26138507140932365
2943,1,0.44,0.37666666666666665,0.4166666666666667,0.46,0.33,0.4557671763302319,0.4414849539260038,0.36155419222903884
2944,1,0.33666666666666667,0.38333333333333336,0.3233333333333333,0.34,0.25,0.3329890080290618,0.3698302768684884,0.36155419222903884
2945,0,0.25,0.27,0.31333333333333335,0.2833333333333333,0.17666666666666667,0.253706294111847,0.2655234585422461,0.26138507140932365
2946,0,0.22,0.3566666666666667,0.2633333333333333,0.34,0.25333333333333335,0.30191780729964,0.26634095786530554,0.26138507140932365
2947,0,0.18666666666666668,0.2,0.24,0.23,0.17666666666666667,0.21806596524578664,0.22692301590519084,0.24015825914935707
2948,0,0.3466666666666667,0.35333333333333333,0.33666666666666667,0.38,0.37,0.3782297624829092,0.2614667660342561,0.24015825914935707
2949,1,0.11333333333333333,0.09333333333333334,0.14333333333333334,0.11666666666666667,0.08,0.13025809516237458,0.16875225775556754,0.24015825914935707
2950,0,0.2833333333333333,0.32666666666666666,0.2866666666666667,0.32,0.23666666666666666,0.31584412630512443,0.34078327246629003,0.26138507140932365
2951,0,0.36666666666666664,0.27666666666666667,0.26,0.24,0.36333333333333334,0.3244076237561081,0.2295798967796086,0.24015825914935707
2952,0,0.31,0.32,0.35333333333333333,0.35,0.19666666666666666,0.3098903309265739,0.3381651116826154,0.36155419222903884
2953,0,0.4266666666666667,0.4266666666666667,0.48,0.43333333333333335,0.32,0.4170948102698056,0.40165209768576543,0.36155419222903884
2954,0,0.33,0.3333333333333333,0.37,0.4033333333333333,0.35333333333333333,0.29861831093688573,0.2513373126252292,0.24015825914935707
2955,1,0.21333333333333335,0.22333333333333333,0.26,0.23,0.31333333333333335,0.2573682161866745,0.16019552464437903,0.24015825914935707
2956,0,0.33666666666666667,0.33,0.35333333333333333,0.3566666666666667,0.37,0.35068678548228865,0.2165155277954629,0.26138507140932365
2957,0,0.46,0.41333333333333333,0.43,0.41,0.3233333333333333,0.4116731011583959,0.2691033009110516,0.26138507140932365
2958,0,0.24,0.31333333333333335,0.2733333333333333,0.25666666666666665,0.14666666666666667,0.22948636708322612,0.3090465688470764,0.24015825914935707
2959,1,0.4,0.32,0.32666666666666666,0.36333333333333334,0.41333333333333333,0.38377072639466925,0.25251105682788105,0.26138507140932365
2960,0,0.25333333333333335,0.29,0.27666666666666667,0.2633333333333333,0.2966666666666667,0.2849474208188967,0.24847551108432797,0.24015825914935707
2961,0,0.31,0.33,0.3566666666666667,0.35,0.24666666666666667,0.3430542220788538,0.3359688769253456,0.24015825914935707
2962,0,0.2633333333333333,0.20666666666666667,0.26666666666666666,0.24666666666666667,0.21,0.2537930206849944,0.286571022091575,0.26138507140932365
2963,0,0.36666666666666664,0.33666666666666667,0.32666666666666666,0.31333333333333335,0.23666666666666666,0.296780621647659,0.2811315545492706,0.24015825914935707
2964,1,0.23666666666666666,0.17666666666666667,0.17333333333333334,0.19666666666666666,0.24,0.19371176677842628,0.19599610112434857,0.24015825914935707
2965,1,0.41,0.31333333333333335,0.36333333333333334,0.32,0.29,0.3383064795542797,0.3603770996016221,0.26138507140932365
2966,0,0.41,0.39666666666666667,0.4033333333333333,0.42333333333333334,0.3333333333333333,0.44582922057996777,0.3902563828223345,0.37055837563451777
2967,0,0.4166666666666667,0.47,0.47,0.4166666666666667,0.38333333333333336,0.44034639443660145,0.3234348277145749,0.24015825914935707
2968,0,0.31,0.37333333333333335,0.37666666666666665,0.39666666666666667,0.35,0.3146874434853048,0.22692301590519084,0.24015825914935707
2969,0,0.19333333333333333,0.19,0.19666666666666666,0.19666666666666666,0.21333333333333335,0.19902064924091706,0.18054196023846567,0.24015825914935707
2970,0,0.10666666666666667,0.13333333333333333,0.10333333333333333,0.15,0.14,0.13646170277577685,0.13585014678135018,0.26138507140932365
2971,1,0.41,0.37666666666666665,0.4166666666666667,0.33666666666666667,0.36666666666666664,0.39557638757484037,0.35097387368585414,0.36155419222903884
2972,0,0.43,0.36666666666666664,0.45666666666666667,0.37333333333333335,0.37,0.42785282120146334,0.2648965555867191,0.24015825914935707
2973,0,0.17333333333333334,0.17333333333333334,0.17,0.16666666666666666,0.13,0.18778887499903377,0.2562167075222563,0.26138507140932365
2974,1,0.3233333333333333,0.33666666666666667,0.31666666666666665,0.2966666666666667,0.2866666666666667,0.32081877075267096,0.32599511748307464,0.26138507140932365
2975,1,0.25,0.19333333333333333,0.24,0.20333333333333334,0.23,0.2234692619568314,0.26634095786530554,0.26138507140932365
2976,0,0.23666666666666666,0.24,0.23666666666666666,0.24333333333333335,0.18,0.20626886690896626,0.2771998571629701,0.24015825914935707
2977,0,0.3,0.24666666666666667,0.19333333333333333,0.2733333333333333,0.22,0.2446642629662964,0.20333163323381134,0.24015825914935707
2978,0,0.2633333333333333,0.21666666666666667,0.24333333333333335,0.13333333333333333,0.17333333333333334,0.20738481935917089,0.2640656224049783,0.24015825914935707
2979,0,0.38666666666666666,0.43666666666666665,0.41,0.38,0.31666666666666665,0.371213376234997,0.27440227398480777,0.24015825914935707
2980,0,0.14666666666666667,0.13,0.13,0.10333333333333333,0.09,0.1394121019204302,0.2295798967796086,0.24015825914935707
2981,0,0.2633333333333333,0.2633333333333333,0.2966666666666667,0.28,0.25,0.26818243211025394,0.18227586111631933,0.26138507140932365
2982,0,0.17666666666666667,0.19,0.20333333333333334,0.22,0.14,0.19068225818238896,0.3103780857991747,0.26138507140932365
2983,1,0.41333333333333333,0.44666666666666666,0.43666666666666665,0.4633333333333333,0.2966666666666667,0.43327682009488594,0.40783966807616406,0.37055837563451777
2984,0,0.41333333333333333,0.3566666666666667,0.4,0.37333333333333335,0.39666666666666667,0.38039603064256927,0.3381651116826154,0.36155419222903884
2985,0,0.09,0.15,0.13333333333333333,0.13666666666666666,0.08666666666666667,0.15639499464776427,0.16979350364170975,0.26138507140932365
2986,0,0.3,0.31666666666666665,0.32,0.29,0.2733333333333333,0.31423505390542694,0.3381651116826154,0.36155419222903884
2987,1,0.18333333333333332,0.19,0.22333333333333333,0.24333333333333335,0.17666666666666667,0.24210174591133535,0.2648965555867191,0.24015825914935707
2988,0,0.17,0.20333333333333334,0.16,0.18,0.09,0.1533553181902535,0.2795453760264602,0.26138507140932365
2989,0,0.36,0.3933333333333333,0.39666666666666667,0.39666666666666667,0.23333333333333334,0.3887601552114438,0.45710691881921506,0.37055837563451777
2990,1,0.51,0.49333333333333335,0.43666666666666665,0.45666666666666667,0.35333333333333333,0.430166608171362,0.3391195663485373,0.36155419222903884
2991,0,0.3433333333333333,0.4,0.39666666666666667,0.39,0.30666666666666664,0.4055116502844412,0.3974112467514279,0.36155419222903884
2992,0,0.29333333333333333,0.28,0.3433333333333333,0.31333333333333335,0.28,0.3026216627106002,0.2729635282628867,0.26138507140932365
2993,0,0.24666666666666667,0.24,0.24666666666666667,0.2733333333333333,0.22333333333333333,0.2467522832445978,0.2922367534005965,0.24015825914935707
2994,0,0.35333333333333333,0.3433333333333333,0.37333333333333335,0.39,0.3466666666666667,0.3304536018501562,0.22109222166125206,0.24015825914935707
2995,0,0.31666666666666665,0.26666666666666666,0.35333333333333333,0.2833333333333333,0.21333333333333335,0.2723353461853513,0.22351372081634296,0.24015825914935707
2996,0,0.2866666666666667,0.2633333333333333,0.26,0.24333333333333335,0.23,0.26787985823535543,0.34174130109589973,0.26138507140932365
2997,0,0.3466666666666667,0.4,0.37666666666666665,0.34,0.27,0.34497120638070256,0.2771998571629701,0.24015825914935707
2998,0,0.38,0.44,0.4033333333333333,0.44333333333333336,0.2833333333333333,0.3825022309719374,0.3513956945277207,0.36155419222903884
2999,1,0.26666666666666666,0.26,0.22666666666666666,0.24,0.18333333333333332,0.18602496844758132,0.2613526642552866,0.24015825914935707
