trajectory_id,y_true,DCHAG_full,DCHAG_technical_only,DCHAG_no_human,DCHAG_no_process,DCHAG_no_temporal,ObservationalOutcome,SEAGInspiredRisk,QualitativeRiskMatrix
0,0,0.38333333333333336,0.38333333333333336,0.37666666666666665,0.4033333333333333,0.3466666666666667,0.4032673679416075,0.35230167287402275,0.44776119402985076
1,0,0.21666666666666667,0.2633333333333333,0.26666666666666666,0.22666666666666666,0.14,0.22173490977909127,0.28469823279246276,0.3116979269496545
2,0,0.4166666666666667,0.43333333333333335,0.42,0.36666666666666664,0.2833333333333333,0.39538343764984535,0.35991733667263565,0.30956175298804783
3,0,0.25,0.22,0.28,0.31666666666666665,0.14,0.2749938596649347,0.2983776325313001,0.30956175298804783
4,0,0.23,0.21666666666666667,0.23666666666666666,0.22666666666666666,0.16333333333333333,0.23249402930223614,0.2982420938730439,0.3116979269496545
5,0,0.2,0.28,0.25333333333333335,0.3,0.19,0.2725195868210436,0.26299905018496816,0.30956175298804783
6,0,0.19333333333333333,0.19,0.18666666666666668,0.18666666666666668,0.14,0.18866901046599321,0.24915526453308215,0.30956175298804783
7,0,0.3233333333333333,0.23666666666666666,0.31333333333333335,0.3,0.22333333333333333,0.2955193717918893,0.24436614645033658,0.30956175298804783
8,0,0.34,0.45666666666666667,0.4,0.44333333333333336,0.2966666666666667,0.352308180353842,0.2843278338295616,0.30956175298804783
9,1,0.47,0.4066666666666667,0.4266666666666667,0.43,0.37333333333333335,0.4153399263660445,0.4085067133785404,0.3116979269496545
10,0,0.17333333333333334,0.18666666666666668,0.18666666666666668,0.2,0.18,0.16179076529970593,0.266697457259675,0.3116979269496545
11,0,0.3566666666666667,0.38,0.36,0.38333333333333336,0.2733333333333333,0.37068371583797755,0.33716015485257667,0.30956175298804783
12,0,0.16333333333333333,0.2,0.17666666666666667,0.16333333333333333,0.12666666666666668,0.16562010078502098,0.21360903711256912,0.3116979269496545
13,1,0.5233333333333333,0.45,0.44666666666666666,0.4266666666666667,0.38,0.5097426483771573,0.36241125657677703,0.41273476866697206
14,0,0.32666666666666666,0.36666666666666664,0.37333333333333335,0.31,0.23666666666666666,0.33535209348185485,0.4824189834885349,0.44776119402985076
15,1,0.3333333333333333,0.37,0.30666666666666664,0.36666666666666664,0.25333333333333335,0.31698264756975014,0.3182393012584209,0.30956175298804783
16,0,0.31333333333333335,0.45,0.36666666666666664,0.41333333333333333,0.2866666666666667,0.36384050441919746,0.4001626653901497,0.30956175298804783
17,0,0.34,0.4033333333333333,0.4033333333333333,0.30333333333333334,0.29333333333333333,0.37985847362577835,0.44981193097185174,0.44776119402985076
18,0,0.16333333333333333,0.18,0.13666666666666666,0.16333333333333333,0.17333333333333334,0.1913020187705166,0.22978973954077017,0.30956175298804783
19,0,0.4666666666666667,0.48333333333333334,0.4533333333333333,0.4766666666666667,0.3433333333333333,0.45856391705359567,0.4130223353805707,0.41273476866697206
20,0,0.26666666666666666,0.22333333333333333,0.2733333333333333,0.24666666666666667,0.18333333333333332,0.2443004000778281,0.3459467912318027,0.3116979269496545
21,0,0.49333333333333335,0.44,0.48333333333333334,0.44333333333333336,0.36333333333333334,0.4512173294690181,0.36174525868002533,0.41273476866697206
22,0,0.44,0.44666666666666666,0.45666666666666667,0.43,0.36333333333333334,0.4341855729489989,0.3940606351103293,0.44776119402985076
23,0,0.33666666666666667,0.42,0.37333333333333335,0.4,0.36333333333333334,0.3821207772859442,0.2983776325313001,0.30956175298804783
24,0,0.26666666666666666,0.26,0.26666666666666666,0.31,0.15,0.2243845920174853,0.2982420938730439,0.3116979269496545
25,1,0.21333333333333335,0.24333333333333335,0.2,0.21666666666666667,0.18666666666666668,0.20941428951298605,0.2753115361240666,0.30956175298804783
26,0,0.26666666666666666,0.25,0.2966666666666667,0.30666666666666664,0.17333333333333334,0.2655469492186112,0.31281823101323813,0.30956175298804783
27,1,0.43666666666666665,0.43666666666666665,0.4633333333333333,0.43333333333333335,0.3333333333333333,0.462548129517032,0.37868973408918816,0.30956175298804783
28,1,0.42333333333333334,0.41,0.38,0.4766666666666667,0.25,0.41335924677044483,0.3597681776162071,0.3116979269496545
29,1,0.36666666666666664,0.4266666666666667,0.32,0.4033333333333333,0.37666666666666665,0.36165845117345063,0.2753115361240666,0.30956175298804783
30,0,0.5033333333333333,0.38666666666666666,0.47,0.47333333333333333,0.3333333333333333,0.4830264822074892,0.4340401383348767,0.41273476866697206
31,0,0.3566666666666667,0.43,0.38,0.38333333333333336,0.26666666666666666,0.3921663308471019,0.343014783801601,0.3116979269496545
32,0,0.24666666666666667,0.2833333333333333,0.26666666666666666,0.29,0.23666666666666666,0.2784176005126791,0.2476754951905126,0.30956175298804783
33,1,0.33,0.4766666666666667,0.4666666666666667,0.4866666666666667,0.35,0.4171666528841042,0.3745597938543502,0.30956175298804783
34,1,0.4266666666666667,0.47,0.42333333333333334,0.5033333333333333,0.32666666666666666,0.4039138025566438,0.3459467912318027,0.3116979269496545
35,1,0.41,0.39666666666666667,0.39666666666666667,0.38666666666666666,0.31333333333333335,0.3631907506918448,0.33982545735011993,0.3116979269496545
36,0,0.19,0.22333333333333333,0.20333333333333334,0.18666666666666668,0.19333333333333333,0.235753291041197,0.23104734654724154,0.30956175298804783
37,1,0.49666666666666665,0.41333333333333333,0.46,0.44,0.36666666666666664,0.45789044580048766,0.44981193097185174,0.44776119402985076
38,0,0.16333333333333333,0.17666666666666667,0.21666666666666667,0.18,0.16333333333333333,0.20837357355410055,0.3000395162450365,0.30956175298804783
39,1,0.33666666666666667,0.2633333333333333,0.25666666666666665,0.27,0.22666666666666666,0.3683910478011152,0.38149438406011077,0.3116979269496545
40,0,0.32666666666666666,0.30333333333333334,0.31666666666666665,0.29333333333333333,0.3433333333333333,0.3293875408643986,0.3108295860741467,0.30956175298804783
41,0,0.5466666666666666,0.43,0.39,0.34,0.41,0.4282237569728492,0.3940606351103293,0.44776119402985076
42,1,0.2966666666666667,0.3233333333333333,0.29,0.3466666666666667,0.30666666666666664,0.2938032679371518,0.2828869077859674,0.30956175298804783
43,0,0.18,0.23,0.21333333333333335,0.19,0.13666666666666666,0.15816846988172772,0.22996428077902942,0.3116979269496545
44,0,0.37,0.4666666666666667,0.37333333333333335,0.36666666666666664,0.2966666666666667,0.3849416048669569,0.3023694355615828,0.3116979269496545
45,0,0.43,0.49666666666666665,0.4066666666666667,0.49,0.31333333333333335,0.46388323216371397,0.4672600232384708,0.3116979269496545
46,1,0.4766666666666667,0.42333333333333334,0.43333333333333335,0.39666666666666667,0.4166666666666667,0.47055492435372126,0.40704701200193283,0.41273476866697206
47,0,0.34,0.38333333333333336,0.39,0.34,0.3433333333333333,0.38698316380623093,0.3554046502608729,0.30956175298804783
48,0,0.27666666666666667,0.33,0.39,0.38333333333333336,0.28,0.2771697618052955,0.2642501106408933,0.3116979269496545
49,1,0.42333333333333334,0.4166666666666667,0.4166666666666667,0.4066666666666667,0.43333333333333335,0.44411678769656937,0.3238556953200045,0.30956175298804783
50,0,0.31666666666666665,0.34,0.30666666666666664,0.35,0.33666666666666667,0.36262923474910036,0.28145041233127904,0.30956175298804783
51,1,0.35,0.38666666666666666,0.33666666666666667,0.4,0.31333333333333335,0.3965880122051075,0.32472726918997985,0.3116979269496545
52,0,0.44666666666666666,0.41333333333333333,0.4533333333333333,0.46,0.37333333333333335,0.40248891296535994,0.3010117386091318,0.30956175298804783
53,0,0.39,0.39,0.38333333333333336,0.38,0.35333333333333333,0.4005437753345949,0.4099829589187594,0.41273476866697206
54,0,0.2833333333333333,0.28,0.37333333333333335,0.2833333333333333,0.25333333333333335,0.30937621765211126,0.3051153673461711,0.3116979269496545
55,0,0.31666666666666665,0.29,0.31,0.3,0.19,0.3101830805511707,0.3346180142364791,0.3116979269496545
56,1,0.3,0.25666666666666665,0.21,0.23333333333333334,0.19,0.28632070875024573,0.29952164753306637,0.30956175298804783
57,0,0.29,0.26,0.27,0.21666666666666667,0.14666666666666667,0.19153671534507755,0.277692747089242,0.3116979269496545
58,0,0.36666666666666664,0.36333333333333334,0.36333333333333334,0.37666666666666665,0.33,0.3684090657488296,0.28888604141041707,0.3116979269496545
59,1,0.43666666666666665,0.4866666666666667,0.44666666666666666,0.4033333333333333,0.31666666666666665,0.44118700675413647,0.4122368019554101,0.3116979269496545
60,0,0.5166666666666667,0.45,0.47333333333333333,0.4866666666666667,0.42,0.4940704896744425,0.42821631438480284,0.44776119402985076
61,1,0.19,0.18333333333333332,0.16333333333333333,0.19,0.17,0.16557495131726538,0.23964291535975055,0.3116979269496545
62,0,0.28,0.2833333333333333,0.2733333333333333,0.27,0.15333333333333332,0.22314825143941597,0.3010117386091318,0.30956175298804783
63,0,0.22666666666666666,0.24666666666666667,0.26666666666666666,0.27,0.12666666666666668,0.20794556078843954,0.2983776325313001,0.30956175298804783
64,1,0.2733333333333333,0.3333333333333333,0.24666666666666667,0.24,0.29333333333333333,0.2825727875450527,0.21572488854474825,0.3116979269496545
65,1,0.45666666666666667,0.37,0.36333333333333334,0.42,0.3333333333333333,0.4173144624692149,0.4555347820009313,0.44776119402985076
66,1,0.31666666666666665,0.35,0.37666666666666665,0.38,0.2966666666666667,0.3658470477369266,0.34439215762017517,0.30956175298804783
67,0,0.2733333333333333,0.24333333333333335,0.22666666666666666,0.18,0.21333333333333335,0.26006486200541135,0.2106274346412708,0.3116979269496545
68,0,0.23,0.26666666666666666,0.27,0.2866666666666667,0.11333333333333333,0.23093074004557487,0.3442459722794777,0.3116979269496545
69,0,0.26,0.17666666666666667,0.20666666666666667,0.25666666666666665,0.13,0.21189089782365716,0.22978973954077017,0.30956175298804783
70,0,0.22333333333333333,0.2733333333333333,0.24333333333333335,0.24666666666666667,0.16333333333333333,0.2016615989022987,0.2971008932265154,0.3116979269496545
71,1,0.4066666666666667,0.38333333333333336,0.33,0.31666666666666665,0.41,0.42955710031701233,0.35230167287402275,0.44776119402985076
72,0,0.44,0.43,0.4866666666666667,0.4866666666666667,0.41333333333333333,0.49067019898289865,0.46233084685587217,0.44776119402985076
73,0,0.4033333333333333,0.44,0.42333333333333334,0.41333333333333333,0.32,0.4228092617561398,0.34141832710661835,0.3116979269496545
74,0,0.36333333333333334,0.4266666666666667,0.4633333333333333,0.41,0.36333333333333334,0.4491956645991445,0.33997073871670147,0.30956175298804783
75,0,0.38666666666666666,0.49,0.46,0.43666666666666665,0.34,0.4239777007514596,0.34264677394248416,0.3116979269496545
76,1,0.4,0.39,0.43,0.38666666666666666,0.35,0.39754153541232967,0.3473297142104878,0.41273476866697206
77,0,0.41333333333333333,0.43333333333333335,0.41333333333333333,0.37666666666666665,0.34,0.39890759306792534,0.3238556953200045,0.30956175298804783
78,0,0.2833333333333333,0.3,0.32,0.3333333333333333,0.21,0.2657929974021929,0.29972854310201813,0.3116979269496545
79,0,0.24,0.26,0.26666666666666666,0.25666666666666665,0.17333333333333334,0.2725034841025246,0.3448031049582083,0.3116979269496545
80,0,0.4033333333333333,0.43,0.39666666666666667,0.37333333333333335,0.36666666666666664,0.4103104007506316,0.34175144503130056,0.30956175298804783
81,1,0.49333333333333335,0.42333333333333334,0.44333333333333336,0.45666666666666667,0.4,0.4587129169792002,0.39362625062188716,0.41273476866697206
82,0,0.16333333333333333,0.22666666666666666,0.2,0.21333333333333335,0.18666666666666668,0.23739167759105972,0.2309323260749458,0.3116979269496545
83,0,0.38333333333333336,0.33666666666666667,0.37333333333333335,0.3933333333333333,0.34,0.3343366707055929,0.2537256464988062,0.30956175298804783
84,0,0.32666666666666666,0.27666666666666667,0.31,0.30333333333333334,0.23666666666666666,0.3186577658537334,0.37357007804970194,0.30956175298804783
85,0,0.38333333333333336,0.4033333333333333,0.37666666666666665,0.4066666666666667,0.38,0.3676782035829488,0.2720443426868134,0.3116979269496545
86,1,0.43666666666666665,0.4766666666666667,0.48,0.45,0.36666666666666664,0.5004268588733015,0.4892402204378587,0.44776119402985076
87,0,0.38666666666666666,0.36,0.3933333333333333,0.4266666666666667,0.37,0.4308002805717492,0.36159577003421,0.3116979269496545
88,0,0.4,0.4066666666666667,0.37666666666666665,0.4,0.37,0.40968966251653416,0.2828869077859674,0.30956175298804783
89,0,0.23,0.2866666666666667,0.27,0.3233333333333333,0.22666666666666666,0.274473290888924,0.37431010942744875,0.3116979269496545
90,0,0.2,0.24333333333333335,0.21666666666666667,0.18,0.19,0.2595681065243599,0.22978973954077017,0.30956175298804783
91,0,0.16666666666666666,0.17,0.24,0.21333333333333335,0.16666666666666666,0.20470466790410707,0.21161634950174305,0.30956175298804783
92,0,0.48333333333333334,0.4166666666666667,0.46,0.4266666666666667,0.30666666666666664,0.4569265874011452,0.3816471812301103,0.41273476866697206
93,1,0.16666666666666666,0.20666666666666667,0.18333333333333332,0.19,0.19333333333333333,0.18556154345994702,0.1831847908110141,0.3116979269496545
94,0,0.19333333333333333,0.19666666666666666,0.20333333333333334,0.24666666666666667,0.18666666666666668,0.23009882753967964,0.31809883084795143,0.3116979269496545
95,0,0.44666666666666666,0.45,0.45,0.45,0.34,0.4770166791691505,0.4394072121817234,0.41273476866697206
96,0,0.24333333333333335,0.2633333333333333,0.23666666666666666,0.25333333333333335,0.20666666666666667,0.2782152485317695,0.258507892553649,0.30956175298804783
97,0,0.31,0.30333333333333334,0.30333333333333334,0.26,0.12,0.2576276985940417,0.38149438406011077,0.3116979269496545
98,1,0.43,0.48,0.4533333333333333,0.4533333333333333,0.31,0.46660258089490836,0.3831692070384672,0.3116979269496545
99,0,0.2,0.23666666666666666,0.20333333333333334,0.21,0.24333333333333335,0.20612284120371274,0.21043556278061032,0.30956175298804783
100,0,0.4166666666666667,0.43,0.43,0.4633333333333333,0.2866666666666667,0.44436493227655516,0.3816471812301103,0.41273476866697206
101,1,0.41333333333333333,0.4533333333333333,0.42333333333333334,0.47,0.37666666666666665,0.4599844997529196,0.4392477169016392,0.44776119402985076
102,0,0.32666666666666666,0.26666666666666666,0.27,0.31333333333333335,0.29,0.33224807311023125,0.30345432886433954,0.30956175298804783
103,0,0.25333333333333335,0.27,0.24666666666666667,0.2733333333333333,0.17,0.22021395733770396,0.29428179420275896,0.30956175298804783
104,0,0.44,0.4033333333333333,0.4066666666666667,0.49333333333333335,0.3466666666666667,0.44852037116084825,0.38774617140480894,0.30956175298804783
105,0,0.36666666666666664,0.32,0.45,0.38333333333333336,0.26,0.3935043125947038,0.4166043772610792,0.30956175298804783
106,0,0.26666666666666666,0.27666666666666667,0.24,0.25666666666666665,0.22,0.25748631408860423,0.3299210638798988,0.30956175298804783
107,0,0.30666666666666664,0.25,0.3333333333333333,0.2966666666666667,0.24,0.29006458744856106,0.2999035453553887,0.3116979269496545
108,0,0.4033333333333333,0.45666666666666667,0.45,0.43666666666666665,0.36333333333333334,0.43260867443133855,0.3628137881023813,0.30956175298804783
109,0,0.21,0.18,0.2,0.13333333333333333,0.16,0.1811716643724409,0.22526425815786716,0.3116979269496545
110,0,0.44,0.45,0.47,0.4533333333333333,0.3566666666666667,0.40829231873406757,0.3182393012584209,0.30956175298804783
111,0,0.5,0.4633333333333333,0.47333333333333333,0.48,0.3566666666666667,0.4908408413556596,0.4474206254151304,0.44776119402985076
112,0,0.37,0.3433333333333333,0.3466666666666667,0.37333333333333335,0.26666666666666666,0.3968692451500888,0.37868973408918816,0.30956175298804783
113,1,0.31333333333333335,0.31,0.32,0.32,0.20666666666666667,0.32117986806338805,0.39252287690854215,0.41273476866697206
114,0,0.4866666666666667,0.41,0.4633333333333333,0.43666666666666665,0.37333333333333335,0.4205357552015127,0.2828869077859674,0.30956175298804783
115,1,0.31,0.41,0.4066666666666667,0.43,0.31666666666666665,0.36351220376168186,0.35481538746108665,0.30956175298804783
116,0,0.24333333333333335,0.23,0.21,0.23666666666666666,0.17333333333333334,0.2489894763492091,0.25974511844129433,0.3116979269496545
117,0,0.48,0.42,0.45,0.4666666666666667,0.4,0.4788618773844926,0.3816471812301103,0.41273476866697206
118,1,0.43666666666666665,0.4633333333333333,0.42333333333333334,0.4633333333333333,0.37333333333333335,0.3994587837862819,0.3155224904430737,0.30956175298804783
119,1,0.48333333333333334,0.42333333333333334,0.4533333333333333,0.45,0.36666666666666664,0.49073631750444524,0.48521489402260903,0.41273476866697206
120,0,0.26666666666666666,0.27,0.24666666666666667,0.2633333333333333,0.2,0.30990954258512615,0.3182393012584209,0.30956175298804783
121,0,0.32,0.43333333333333335,0.38,0.37666666666666665,0.31333333333333335,0.38769065749562265,0.3585118252005321,0.3116979269496545
122,1,0.36333333333333334,0.37333333333333335,0.3433333333333333,0.35,0.35,0.3751400896593594,0.28572949747963944,0.3116979269496545
123,1,0.29,0.31666666666666665,0.2733333333333333,0.27666666666666667,0.27,0.25690939988834716,0.2253772828506396,0.30956175298804783
124,1,0.29,0.23333333333333334,0.22333333333333333,0.22666666666666666,0.24,0.24698525939381052,0.27554191772637043,0.3116979269496545
125,1,0.38,0.4,0.3933333333333333,0.3433333333333333,0.25666666666666665,0.3651087697699963,0.37853739612883985,0.3116979269496545
126,0,0.4166666666666667,0.44666666666666666,0.44333333333333336,0.4166666666666667,0.30666666666666664,0.4121234613872607,0.31963916906679457,0.3116979269496545
127,1,0.23,0.22666666666666666,0.18666666666666668,0.19333333333333333,0.21333333333333335,0.20559488242600288,0.19667357165131327,0.3116979269496545
128,1,0.32666666666666666,0.38333333333333336,0.42333333333333334,0.39,0.2966666666666667,0.36674452457022577,0.2680867481914914,0.3116979269496545
129,0,0.21666666666666667,0.24666666666666667,0.23666666666666666,0.24666666666666667,0.14666666666666667,0.23902772090906532,0.3223046635300258,0.30956175298804783
130,0,0.25666666666666665,0.23,0.2866666666666667,0.2633333333333333,0.20333333333333334,0.24447707578688752,0.31691596283640194,0.3116979269496545
131,1,0.4266666666666667,0.45666666666666667,0.5,0.4266666666666667,0.37,0.44931209831931257,0.39516551956293205,0.3116979269496545
132,0,0.35333333333333333,0.2866666666666667,0.30666666666666664,0.31333333333333335,0.23,0.35020913506781925,0.377091095134614,0.41273476866697206
133,1,0.27,0.29333333333333333,0.28,0.26666666666666666,0.19,0.22813999136559807,0.2843278338295616,0.30956175298804783
134,0,0.4066666666666667,0.46,0.39666666666666667,0.41,0.32,0.4052535831717477,0.3205759371351152,0.30956175298804783
135,0,0.33666666666666667,0.38666666666666666,0.39666666666666667,0.38333333333333336,0.3333333333333333,0.4200399517421571,0.465755693342288,0.41273476866697206
136,1,0.42333333333333334,0.45,0.38333333333333336,0.36666666666666664,0.31666666666666665,0.4074346513866901,0.36440535804914986,0.3116979269496545
137,0,0.35,0.36,0.33,0.31,0.28,0.32254483274595414,0.33557702861399563,0.30956175298804783
138,0,0.31666666666666665,0.3466666666666667,0.39,0.32,0.31666666666666665,0.3506882545895985,0.24324039645310405,0.3116979269496545
139,0,0.30333333333333334,0.28,0.31666666666666665,0.30666666666666664,0.20666666666666667,0.32234147988739165,0.42837486405519865,0.41273476866697206
140,1,0.43333333333333335,0.46,0.4866666666666667,0.48,0.3333333333333333,0.42268029314053435,0.3745597938543502,0.30956175298804783
141,0,0.38666666666666666,0.41333333333333333,0.38333333333333336,0.4266666666666667,0.3333333333333333,0.40877077004117746,0.4130223353805707,0.41273476866697206
142,0,0.39,0.37666666666666665,0.42,0.4266666666666667,0.3233333333333333,0.4157374505509879,0.36266410879539884,0.3116979269496545
143,0,0.38,0.4666666666666667,0.43333333333333335,0.38666666666666666,0.34,0.4397597611688988,0.3831692070384672,0.3116979269496545
144,0,0.32666666666666666,0.25666666666666665,0.25,0.25333333333333335,0.18333333333333332,0.31204135185029186,0.39252287690854215,0.41273476866697206
145,1,0.4033333333333333,0.41333333333333333,0.37666666666666665,0.42,0.35333333333333333,0.41259933530338166,0.39063461817972656,0.30956175298804783
146,0,0.41,0.44333333333333336,0.3933333333333333,0.38666666666666666,0.36,0.3869630418599529,0.39063461817972656,0.30956175298804783
147,1,0.44333333333333336,0.43666666666666665,0.4266666666666667,0.47333333333333333,0.37,0.4295153897554999,0.41346352943092124,0.44776119402985076
148,0,0.39,0.33666666666666667,0.3233333333333333,0.29,0.22,0.31606799356559484,0.3292879846413518,0.30956175298804783
149,1,0.3566666666666667,0.43,0.43666666666666665,0.41333333333333333,0.31666666666666665,0.38405201954414153,0.3010117386091318,0.30956175298804783
150,0,0.19333333333333333,0.16333333333333333,0.20333333333333334,0.2,0.12,0.1755391196237643,0.24324039645310405,0.3116979269496545
151,0,0.25666666666666665,0.23666666666666666,0.23,0.23333333333333334,0.19333333333333333,0.24300987979757946,0.22757596793559245,0.30956175298804783
152,0,0.34,0.2866666666666667,0.26666666666666666,0.2833333333333333,0.2,0.29712693592225525,0.31281823101323813,0.30956175298804783
153,0,0.31666666666666665,0.33,0.32,0.32666666666666666,0.2833333333333333,0.32148204348993425,0.35828511348270264,0.30956175298804783
154,0,0.43333333333333335,0.4166666666666667,0.43333333333333335,0.37,0.3933333333333333,0.48529767434537896,0.37558940988227213,0.3116979269496545
155,0,0.23666666666666666,0.23666666666666666,0.26666666666666666,0.30333333333333334,0.19666666666666666,0.22161968104966767,0.24687434796071195,0.3116979269496545
156,1,0.38,0.4,0.37333333333333335,0.4,0.28,0.3825234186396247,0.45783419475435194,0.44776119402985076
157,0,0.39,0.3433333333333333,0.4,0.39666666666666667,0.28,0.3558327118385726,0.3831692070384672,0.3116979269496545
158,0,0.37666666666666665,0.37666666666666665,0.37,0.4033333333333333,0.42333333333333334,0.3721109655193591,0.26437602111863706,0.30956175298804783
159,0,0.49,0.41333333333333333,0.42333333333333334,0.44,0.3333333333333333,0.4718622838138477,0.394155669387409,0.3116979269496545
160,1,0.47333333333333333,0.44666666666666666,0.47333333333333333,0.41333333333333333,0.33666666666666667,0.4293956917525758,0.343348647299647,0.30956175298804783
161,0,0.3466666666666667,0.44666666666666666,0.38,0.38333333333333336,0.25666666666666665,0.3808784614054113,0.389277207951944,0.3116979269496545
162,0,0.23,0.22333333333333333,0.18,0.23666666666666666,0.22666666666666666,0.2300499545834389,0.2397609217703519,0.30956175298804783
163,0,0.46,0.45,0.4666666666666667,0.4533333333333333,0.38333333333333336,0.45202326639655643,0.33270159171644675,0.41273476866697206
164,0,0.3566666666666667,0.34,0.33,0.30666666666666664,0.31666666666666665,0.3573475127301244,0.34279263517717123,0.30956175298804783
165,0,0.43,0.4033333333333333,0.43333333333333335,0.46,0.2733333333333333,0.4407542271673392,0.3415639371247822,0.30956175298804783
166,1,0.3333333333333333,0.33,0.33666666666666667,0.2633333333333333,0.24333333333333335,0.3371347425003208,0.36266410879539884,0.3116979269496545
167,1,0.25666666666666665,0.2833333333333333,0.25,0.29,0.22666666666666666,0.2962793154040695,0.2125284754568937,0.30956175298804783
168,0,0.33666666666666667,0.34,0.3433333333333333,0.3433333333333333,0.23666666666666666,0.3337338193969665,0.3415639371247822,0.30956175298804783
169,1,0.3,0.31666666666666665,0.36666666666666664,0.33666666666666667,0.23333333333333334,0.36593309118633577,0.37469389972131334,0.30956175298804783
170,0,0.15,0.19,0.19333333333333333,0.18,0.14,0.14673291523954268,0.21059942284610567,0.25
171,0,0.36333333333333334,0.43333333333333335,0.43333333333333335,0.4,0.34,0.42097642538871105,0.3444900457850189,0.30956175298804783
172,0,0.47333333333333333,0.49,0.4266666666666667,0.44333333333333336,0.35,0.4374422955654338,0.41458559408233364,0.44776119402985076
173,0,0.23333333333333334,0.25333333333333335,0.21666666666666667,0.25,0.11666666666666667,0.20010758780923085,0.2764019529215712,0.30956175298804783
174,0,0.4,0.5,0.4533333333333333,0.47,0.31,0.4287059594754003,0.4151210643304217,0.3116979269496545
175,1,0.30666666666666664,0.29333333333333333,0.3333333333333333,0.2966666666666667,0.18666666666666668,0.3100826784801398,0.3628137881023813,0.30956175298804783
176,1,0.42333333333333334,0.39666666666666667,0.4,0.3433333333333333,0.2966666666666667,0.3934530530989461,0.34119667545050525,0.30956175298804783
177,0,0.28,0.38,0.37666666666666665,0.34,0.2966666666666667,0.32736704889080853,0.2792478195298675,0.30956175298804783
178,0,0.25333333333333335,0.24,0.18,0.23666666666666666,0.13333333333333333,0.22535233947228928,0.29952164753306637,0.30956175298804783
179,1,0.32,0.38666666666666666,0.4166666666666667,0.4,0.35,0.3664014825172883,0.30904934042265003,0.30956175298804783
180,1,0.29333333333333333,0.29333333333333333,0.3,0.2733333333333333,0.15666666666666668,0.3075239792275531,0.3611758413542882,0.30956175298804783
181,0,0.18666666666666668,0.19333333333333333,0.14333333333333334,0.19,0.16333333333333333,0.16198399820586554,0.19555548164775002,0.3116979269496545
182,0,0.46,0.44333333333333336,0.4533333333333333,0.4666666666666667,0.38,0.44680528190482904,0.40000725066186593,0.3116979269496545
183,0,0.36,0.3433333333333333,0.36333333333333334,0.38333333333333336,0.25,0.34950161726543366,0.33997073871670147,0.30956175298804783
184,0,0.44,0.44666666666666666,0.41333333333333333,0.4633333333333333,0.3333333333333333,0.45983632707968336,0.4687803174063907,0.41273476866697206
185,0,0.2633333333333333,0.26666666666666666,0.29333333333333333,0.2866666666666667,0.19,0.2823828415533972,0.2832561725748398,0.3116979269496545
186,0,0.35333333333333333,0.33,0.39,0.31,0.29,0.3117541051165248,0.34264677394248416,0.3116979269496545
187,0,0.2633333333333333,0.32666666666666666,0.3233333333333333,0.2833333333333333,0.23666666666666666,0.28202474673671835,0.31809883084795143,0.3116979269496545
188,1,0.43,0.4533333333333333,0.4766666666666667,0.4533333333333333,0.3433333333333333,0.4670755368633626,0.44077513243136496,0.41273476866697206
189,0,0.25333333333333335,0.27666666666666667,0.29,0.32666666666666666,0.16666666666666666,0.29628634643611745,0.3628137881023813,0.30956175298804783
190,1,0.45666666666666667,0.45,0.41,0.37333333333333335,0.39,0.45475311670885227,0.41031828041560187,0.3116979269496545
191,0,0.2966666666666667,0.28,0.32,0.2633333333333333,0.17666666666666667,0.2613431369792836,0.26216560905430975,0.3116979269496545
192,0,0.24333333333333335,0.2733333333333333,0.23,0.23666666666666666,0.19333333333333333,0.30150729892434697,0.318634208616246,0.3116979269496545
193,0,0.30666666666666664,0.38333333333333336,0.36666666666666664,0.39,0.31666666666666665,0.3812687669834158,0.29972854310201813,0.3116979269496545
194,1,0.3233333333333333,0.22,0.21666666666666667,0.23,0.24333333333333335,0.299446375652281,0.25673551697922925,0.30956175298804783
195,0,0.16666666666666666,0.17666666666666667,0.15,0.18333333333333332,0.17,0.1947136363198013,0.22757596793559245,0.30956175298804783
196,0,0.36,0.37333333333333335,0.36,0.37666666666666665,0.23666666666666666,0.3339616235699687,0.2968950424611626,0.30956175298804783
197,1,0.39666666666666667,0.42,0.41,0.44,0.37666666666666665,0.3960130569236658,0.38020721752063114,0.3116979269496545
198,0,0.4666666666666667,0.44,0.44333333333333336,0.42333333333333334,0.3466666666666667,0.46217111082618867,0.3816471812301103,0.41273476866697206
199,0,0.38333333333333336,0.2833333333333333,0.25,0.31666666666666665,0.31,0.373886730287381,0.3368604179325409,0.30956175298804783
200,1,0.48,0.44,0.46,0.4666666666666667,0.3466666666666667,0.4265854210086362,0.3628137881023813,0.30956175298804783
201,1,0.24333333333333335,0.22,0.26,0.22,0.18,0.2128311276384302,0.2456780819468744,0.30956175298804783
202,0,0.31333333333333335,0.28,0.2833333333333333,0.29,0.23333333333333334,0.279639159786962,0.3010117386091318,0.30956175298804783
203,0,0.4266666666666667,0.43,0.44333333333333336,0.43,0.4,0.4180903999658712,0.3346180142364791,0.3116979269496545
204,1,0.3466666666666667,0.35,0.38333333333333336,0.4033333333333333,0.26,0.4062882051505763,0.4196579270083924,0.41273476866697206
205,0,0.17333333333333334,0.25,0.2,0.29,0.16666666666666666,0.23652016681116708,0.2947081097127856,0.30956175298804783
206,0,0.41,0.41,0.37333333333333335,0.3,0.26,0.3965163218279668,0.397311733069799,0.41273476866697206
207,0,0.39,0.3433333333333333,0.2833333333333333,0.27,0.32666666666666666,0.3297695343186627,0.3135244975760547,0.30956175298804783
208,0,0.3466666666666667,0.30666666666666664,0.36666666666666664,0.31333333333333335,0.22,0.32578982145857965,0.3628137881023813,0.30956175298804783
209,1,0.46,0.4,0.4533333333333333,0.44333333333333336,0.36333333333333334,0.5084613060490911,0.43631799991822223,0.41273476866697206
210,0,0.21,0.2833333333333333,0.24,0.24666666666666667,0.18333333333333332,0.18592879678295338,0.2593987988946102,0.3116979269496545
211,0,0.26,0.28,0.29,0.25333333333333335,0.16,0.30901869356883704,0.3238556953200045,0.30956175298804783
212,0,0.4066666666666667,0.4,0.37333333333333335,0.41,0.38333333333333336,0.41708443898780784,0.34119667545050525,0.30956175298804783
213,0,0.26666666666666666,0.25666666666666665,0.23333333333333334,0.27,0.11666666666666667,0.2527571350824626,0.3010117386091318,0.30956175298804783
214,0,0.30333333333333334,0.31333333333333335,0.2633333333333333,0.35333333333333333,0.24,0.3446151300630791,0.29496417394825225,0.30956175298804783
215,1,0.3566666666666667,0.30666666666666664,0.36333333333333334,0.33666666666666667,0.28,0.40109037188193597,0.3561572333810048,0.30956175298804783
216,0,0.3466666666666667,0.27,0.29333333333333333,0.32,0.27,0.33390440246448444,0.40860339797254736,0.3116979269496545
217,0,0.27,0.22333333333333333,0.25,0.24666666666666667,0.18666666666666668,0.2773814020737563,0.3051153673461711,0.3116979269496545
218,0,0.43,0.44333333333333336,0.48,0.49333333333333335,0.33,0.4565481870761111,0.4130223353805707,0.41273476866697206
219,1,0.4033333333333333,0.44333333333333336,0.43,0.42,0.30333333333333334,0.4134594406378529,0.3415639371247822,0.30956175298804783
220,0,0.43333333333333335,0.39666666666666667,0.41,0.44,0.37333333333333335,0.4056050641383514,0.40239195532506883,0.44776119402985076
221,0,0.38,0.26,0.2966666666666667,0.30666666666666664,0.19666666666666666,0.29788314329017496,0.3734769474351609,0.41273476866697206
222,1,0.33666666666666667,0.37333333333333335,0.3466666666666667,0.4,0.27,0.30987171245025386,0.33997073871670147,0.30956175298804783
223,0,0.26666666666666666,0.19666666666666666,0.17666666666666667,0.20333333333333334,0.21666666666666667,0.26329872989600606,0.2106274346412708,0.3116979269496545
224,0,0.19,0.24,0.22,0.20333333333333334,0.19666666666666666,0.229903024308969,0.2806342601065222,0.3116979269496545
225,1,0.4533333333333333,0.45666666666666667,0.51,0.48333333333333334,0.37,0.47769833538815504,0.5002444019833386,0.41273476866697206
226,0,0.41333333333333333,0.42,0.4166666666666667,0.4533333333333333,0.41,0.4609450181462569,0.47713508363640666,0.41273476866697206
227,0,0.22333333333333333,0.22,0.17,0.22,0.14333333333333334,0.21691389554637683,0.26299905018496816,0.30956175298804783
228,0,0.24,0.23,0.29333333333333333,0.22333333333333333,0.22333333333333333,0.29373716356491963,0.2828869077859674,0.30956175298804783
229,0,0.30333333333333334,0.41,0.3933333333333333,0.36,0.21,0.3265080729986172,0.3614033520803762,0.3116979269496545
230,0,0.4166666666666667,0.37,0.43333333333333335,0.44666666666666666,0.37333333333333335,0.4808210749720682,0.4230408543719164,0.41273476866697206
231,0,0.3933333333333333,0.47,0.44333333333333336,0.4633333333333333,0.3,0.416200357220687,0.3597681776162071,0.3116979269496545
232,0,0.19333333333333333,0.21333333333333335,0.24666666666666667,0.16333333333333333,0.19666666666666666,0.26637171255965436,0.24470228652937018,0.3116979269496545
233,0,0.29333333333333333,0.30333333333333334,0.25666666666666665,0.33,0.23,0.2963111033546057,0.33997073871670147,0.30956175298804783
234,0,0.2633333333333333,0.24666666666666667,0.21333333333333335,0.25,0.18333333333333332,0.23457145389787318,0.3238556953200045,0.30956175298804783
235,0,0.2833333333333333,0.30333333333333334,0.3,0.2733333333333333,0.20333333333333334,0.3148767057519314,0.36266410879539884,0.3116979269496545
236,1,0.4766666666666667,0.4166666666666667,0.43333333333333335,0.4266666666666667,0.43666666666666665,0.4522733227869296,0.3182393012584209,0.30956175298804783
237,1,0.4533333333333333,0.41333333333333333,0.47,0.48333333333333334,0.3233333333333333,0.4642330947499176,0.4687803174063907,0.41273476866697206
238,1,0.36,0.31,0.30333333333333334,0.3433333333333333,0.21333333333333335,0.31582740407570115,0.2828869077859674,0.30956175298804783
239,0,0.25,0.23,0.2633333333333333,0.3,0.17666666666666667,0.2178054057607051,0.3248692721678441,0.30956175298804783
240,0,0.20666666666666667,0.21,0.20333333333333334,0.2,0.10666666666666667,0.17358712946653101,0.25002150037469706,0.30956175298804783
241,0,0.2833333333333333,0.28,0.2633333333333333,0.2633333333333333,0.27666666666666667,0.2850331155948547,0.22978973954077017,0.30956175298804783
242,0,0.29,0.31666666666666665,0.31666666666666665,0.27666666666666667,0.21,0.26511208643469164,0.2882978254675335,0.3116979269496545
243,0,0.2633333333333333,0.26,0.22333333333333333,0.30666666666666664,0.14666666666666667,0.21487921175963537,0.2971008932265154,0.3116979269496545
244,0,0.36,0.4066666666666667,0.36333333333333334,0.3566666666666667,0.35333333333333333,0.39435655393685276,0.2982420938730439,0.3116979269496545
245,0,0.4,0.33,0.35,0.33666666666666667,0.3466666666666667,0.39588941066526856,0.4195002359446737,0.3116979269496545
246,0,0.24333333333333335,0.33666666666666667,0.2966666666666667,0.31666666666666665,0.19,0.258867717201265,0.3431124853593351,0.3116979269496545
247,0,0.43666666666666665,0.3466666666666667,0.4033333333333333,0.45,0.38,0.38224496795662866,0.31963916906679457,0.3116979269496545
248,0,0.2733333333333333,0.21666666666666667,0.19,0.23333333333333334,0.15666666666666668,0.18347397699975787,0.27554191772637043,0.3116979269496545
249,0,0.45,0.39666666666666667,0.44333333333333336,0.42,0.39,0.4392802517870449,0.3182393012584209,0.30956175298804783
250,0,0.2833333333333333,0.29333333333333333,0.2966666666666667,0.3333333333333333,0.2733333333333333,0.3044814414253741,0.3254106071314631,0.30956175298804783
251,1,0.46,0.41,0.4533333333333333,0.4866666666666667,0.36,0.4596014528557234,0.4719069506020713,0.41273476866697206
252,0,0.26,0.22666666666666666,0.26,0.24666666666666667,0.19333333333333333,0.2559135892375813,0.3107443377160778,0.30956175298804783
253,0,0.45,0.44666666666666666,0.3933333333333333,0.47,0.4166666666666667,0.47135579472799843,0.42821631438480284,0.44776119402985076
254,0,0.44,0.41,0.3933333333333333,0.35333333333333333,0.32666666666666666,0.4336444878777356,0.37868973408918816,0.30956175298804783
255,1,0.2,0.20333333333333334,0.21,0.18333333333333332,0.15666666666666668,0.22224102870421591,0.28145041233127904,0.30956175298804783
256,0,0.21333333333333335,0.2,0.21,0.17,0.16,0.17852776982894156,0.24335960737354914,0.30956175298804783
257,1,0.4033333333333333,0.42333333333333334,0.42,0.37333333333333335,0.31666666666666665,0.44885903891208323,0.37853739612883985,0.3116979269496545
258,0,0.23666666666666666,0.31333333333333335,0.31666666666666665,0.29,0.14666666666666667,0.24664357205676962,0.3816471812301103,0.41273476866697206
259,0,0.3333333333333333,0.2966666666666667,0.2866666666666667,0.3,0.24333333333333335,0.32039293192069085,0.3192605378692,0.44776119402985076
260,0,0.4533333333333333,0.4533333333333333,0.4,0.4666666666666667,0.39,0.43085958078021463,0.33182943454567165,0.3116979269496545
261,0,0.4033333333333333,0.37333333333333335,0.4166666666666667,0.38333333333333336,0.25333333333333335,0.39011177958320353,0.3532844593330727,0.30956175298804783
262,0,0.3433333333333333,0.31666666666666665,0.2733333333333333,0.28,0.23,0.3340982593159984,0.3894311596311012,0.30956175298804783
263,0,0.41,0.44333333333333336,0.4533333333333333,0.43666666666666665,0.3333333333333333,0.4078263559384082,0.3292879846413518,0.30956175298804783
264,0,0.38,0.3333333333333333,0.37,0.31666666666666665,0.31333333333333335,0.3181380835757061,0.33997073871670147,0.30956175298804783
265,0,0.37666666666666665,0.43333333333333335,0.4,0.4533333333333333,0.31333333333333335,0.3983284446410517,0.39246059035724434,0.30956175298804783
266,0,0.22666666666666666,0.23333333333333334,0.21666666666666667,0.2833333333333333,0.25666666666666665,0.2680028356782125,0.27133604964334446,0.30956175298804783
267,1,0.32666666666666666,0.27666666666666667,0.29,0.29,0.16,0.323426603884771,0.37868973408918816,0.30956175298804783
268,0,0.39666666666666667,0.4033333333333333,0.4066666666666667,0.38666666666666666,0.3433333333333333,0.4049207812599414,0.4099829589187594,0.41273476866697206
269,1,0.23333333333333334,0.26666666666666666,0.27,0.22333333333333333,0.24333333333333335,0.26494399615349423,0.3010117386091318,0.30956175298804783
270,1,0.29333333333333333,0.2633333333333333,0.2733333333333333,0.2833333333333333,0.21,0.243638168720211,0.34279263517717123,0.30956175298804783
271,0,0.33666666666666667,0.33,0.3433333333333333,0.35,0.25333333333333335,0.32620760402487303,0.37357007804970194,0.30956175298804783
272,0,0.2866666666666667,0.3466666666666667,0.33,0.33,0.2,0.31473216384540875,0.3628137881023813,0.30956175298804783
273,0,0.30666666666666664,0.2833333333333333,0.32,0.30666666666666664,0.13,0.23652497749329726,0.363234538340147,0.3116979269496545
274,1,0.33,0.2733333333333333,0.31,0.3233333333333333,0.21333333333333335,0.31687623731380915,0.3473297142104878,0.41273476866697206
275,0,0.30333333333333334,0.3333333333333333,0.2733333333333333,0.35,0.22666666666666666,0.3027103707505437,0.34166144034206797,0.30956175298804783
276,0,0.21,0.25333333333333335,0.22333333333333333,0.27,0.21666666666666667,0.2055769603659683,0.2695659672204694,0.3116979269496545
277,0,0.27666666666666667,0.23,0.28,0.2866666666666667,0.22333333333333333,0.2511371477851166,0.2968950424611626,0.30956175298804783
278,0,0.41,0.42,0.4633333333333333,0.43333333333333335,0.37,0.41589828873329915,0.3971538923372458,0.30956175298804783
279,0,0.39666666666666667,0.4866666666666667,0.43333333333333335,0.44666666666666666,0.4,0.4091839258484304,0.33997073871670147,0.30956175298804783
280,0,0.2833333333333333,0.20333333333333334,0.27666666666666667,0.2633333333333333,0.21,0.26340945149843353,0.2844160559732065,0.30956175298804783
281,1,0.2966666666666667,0.32,0.2866666666666667,0.33,0.21333333333333335,0.32959829967804805,0.3346180142364791,0.3116979269496545
282,0,0.4266666666666667,0.43,0.44,0.4633333333333333,0.4266666666666667,0.3909021762662204,0.3155224904430737,0.30956175298804783
283,0,0.25333333333333335,0.30333333333333334,0.26,0.21666666666666667,0.2,0.25398908041529483,0.27554191772637043,0.3116979269496545
284,0,0.25666666666666665,0.23666666666666666,0.23333333333333334,0.22333333333333333,0.18333333333333332,0.24622631956851934,0.2456780819468744,0.30956175298804783
285,1,0.44333333333333336,0.38666666666666666,0.36,0.38,0.4166666666666667,0.4060812838159838,0.26216560905430975,0.3116979269496545
286,0,0.4266666666666667,0.44,0.4866666666666667,0.4666666666666667,0.29333333333333333,0.4464133881480088,0.4534710883317292,0.44776119402985076
287,1,0.37,0.38333333333333336,0.36333333333333334,0.43666666666666665,0.3333333333333333,0.4268347415110488,0.429953667433395,0.44776119402985076
288,0,0.28,0.3566666666666667,0.36666666666666664,0.35333333333333333,0.21666666666666667,0.3135841430804966,0.2881430840680555,0.30956175298804783
289,0,0.4033333333333333,0.43666666666666665,0.4633333333333333,0.45,0.36,0.42209897672305075,0.37868973408918816,0.30956175298804783
290,0,0.18,0.17666666666666667,0.19,0.14,0.15666666666666668,0.17112365553099565,0.21043556278061032,0.30956175298804783
291,0,0.22,0.2866666666666667,0.24333333333333335,0.21333333333333335,0.21666666666666667,0.25190318751208224,0.2274621643982846,0.3116979269496545
292,1,0.2733333333333333,0.2966666666666667,0.31,0.29,0.15,0.217870301029562,0.3346180142364791,0.3116979269496545
293,0,0.20333333333333334,0.21333333333333335,0.2,0.26666666666666666,0.2,0.2348804953912886,0.19764008992835527,0.30956175298804783
294,0,0.24333333333333335,0.26666666666666666,0.27,0.2633333333333333,0.14666666666666667,0.20456177029448744,0.24899934303419113,0.30956175298804783
295,1,0.5,0.45,0.47,0.45,0.38333333333333336,0.511652306878197,0.46072924408379107,0.41273476866697206
296,1,0.55,0.46,0.46,0.44,0.34,0.5047091245204108,0.45569538526804687,0.41273476866697206
297,0,0.31666666666666665,0.30666666666666664,0.30666666666666664,0.31666666666666665,0.28,0.28398134881635845,0.31691596283640194,0.3116979269496545
298,0,0.21,0.17,0.21,0.17333333333333334,0.1,0.18856773946057365,0.2456780819468744,0.30956175298804783
299,0,0.19333333333333333,0.20333333333333334,0.18,0.26,0.13,0.19763101874876488,0.24436614645033658,0.30956175298804783
300,0,0.22,0.2633333333333333,0.2866666666666667,0.2833333333333333,0.19,0.19292218628346997,0.24335960737354914,0.30956175298804783
301,0,0.22666666666666666,0.26666666666666666,0.2833333333333333,0.2866666666666667,0.16666666666666666,0.23993287357080798,0.3628137881023813,0.30956175298804783
302,0,0.39,0.35,0.4066666666666667,0.36333333333333334,0.37333333333333335,0.43294291536776724,0.3135244975760547,0.30956175298804783
303,1,0.32666666666666666,0.32,0.31,0.28,0.29333333333333333,0.3500036153948072,0.3233157072901655,0.30956175298804783
304,0,0.46,0.4033333333333333,0.44666666666666666,0.4033333333333333,0.30666666666666664,0.42100587918039567,0.3628137881023813,0.30956175298804783
305,1,0.39666666666666667,0.46,0.4633333333333333,0.45,0.33666666666666667,0.4347316265743979,0.3238556953200045,0.30956175298804783
306,0,0.29333333333333333,0.28,0.30333333333333334,0.27,0.19666666666666666,0.24164553714027454,0.24093757855299172,0.3116979269496545
307,0,0.39,0.33666666666666667,0.36333333333333334,0.37,0.31333333333333335,0.32811223279963087,0.25974511844129433,0.3116979269496545
308,0,0.25,0.19666666666666666,0.22333333333333333,0.23666666666666666,0.17333333333333334,0.21813855017493544,0.24223700783177432,0.3116979269496545
309,1,0.30333333333333334,0.3566666666666667,0.3,0.3433333333333333,0.21333333333333335,0.2998983525835734,0.4281183485020756,0.3116979269496545
310,0,0.18666666666666668,0.22,0.24333333333333335,0.23,0.12333333333333334,0.22071450001483514,0.3059366563817777,0.30956175298804783
311,1,0.33666666666666667,0.2633333333333333,0.28,0.3333333333333333,0.21666666666666667,0.31432685848540814,0.3010117386091318,0.30956175298804783
312,0,0.31333333333333335,0.28,0.3333333333333333,0.27,0.2966666666666667,0.3368907798752246,0.3325578515606118,0.3116979269496545
313,0,0.31,0.3,0.3233333333333333,0.2833333333333333,0.2866666666666667,0.3317569584576334,0.36174525868002533,0.41273476866697206
314,1,0.49,0.41333333333333333,0.4866666666666667,0.38666666666666666,0.32,0.43039299912713785,0.3611758413542882,0.30956175298804783
315,1,0.39,0.2966666666666667,0.33,0.39666666666666667,0.27,0.3420071439859221,0.37868973408918816,0.30956175298804783
316,0,0.49333333333333335,0.4266666666666667,0.42,0.4,0.39666666666666667,0.44508922161323344,0.44981193097185174,0.44776119402985076
317,0,0.2733333333333333,0.28,0.31,0.24666666666666667,0.19666666666666666,0.34264114295015774,0.3611758413542882,0.30956175298804783
318,1,0.5,0.47333333333333333,0.41,0.48333333333333334,0.33666666666666667,0.49182297664279223,0.49050433172555663,0.44776119402985076
319,0,0.4866666666666667,0.42333333333333334,0.49333333333333335,0.48,0.3933333333333333,0.5127939989666874,0.5203854929962706,0.41273476866697206
320,0,0.35,0.36333333333333334,0.39,0.3433333333333333,0.29,0.38066119550348754,0.3251806733522119,0.3116979269496545
321,1,0.38666666666666666,0.3466666666666667,0.33,0.4033333333333333,0.36,0.40228249932225424,0.32715238131240004,0.30956175298804783
322,0,0.48333333333333334,0.4533333333333333,0.44,0.4266666666666667,0.4,0.44072504390817147,0.41458559408233364,0.44776119402985076
323,0,0.29,0.32,0.3466666666666667,0.32,0.20333333333333334,0.33797412865525084,0.3248692721678441,0.30956175298804783
324,0,0.43333333333333335,0.4033333333333333,0.4066666666666667,0.43666666666666665,0.33,0.4183416965615255,0.43119391547887365,0.44776119402985076
325,1,0.4766666666666667,0.43333333333333335,0.47333333333333333,0.44666666666666666,0.36,0.4577983343785927,0.44077513243136496,0.41273476866697206
326,0,0.29333333333333333,0.2733333333333333,0.27666666666666667,0.32,0.21333333333333335,0.3264254220266163,0.3816471812301103,0.41273476866697206
327,1,0.27,0.29333333333333333,0.3,0.22333333333333333,0.16333333333333333,0.22817985271137609,0.2843278338295616,0.30956175298804783
328,0,0.45,0.44,0.47333333333333333,0.42,0.4,0.4557569376111026,0.4196579270083924,0.41273476866697206
329,0,0.26,0.22,0.23333333333333334,0.27,0.21,0.2526855757417202,0.26829891699382147,0.30956175298804783
330,1,0.43666666666666665,0.49666666666666665,0.39,0.42,0.31,0.4270680009279301,0.3614033520803762,0.3116979269496545
331,0,0.41333333333333333,0.4033333333333333,0.4533333333333333,0.43,0.3333333333333333,0.4459941584352884,0.3831692070384672,0.3116979269496545
332,0,0.44,0.43666666666666665,0.4533333333333333,0.44333333333333336,0.2966666666666667,0.4440189315476834,0.429953667433395,0.44776119402985076
333,1,0.45,0.44,0.42333333333333334,0.4,0.34,0.4994493441542378,0.4394072121817234,0.41273476866697206
334,0,0.25333333333333335,0.23666666666666666,0.27666666666666667,0.24,0.12333333333333334,0.255479960990511,0.3567231567417164,0.41273476866697206
335,0,0.33666666666666667,0.38,0.4266666666666667,0.4,0.3466666666666667,0.35187002651089894,0.28959997112870894,0.30956175298804783
336,0,0.38,0.3933333333333333,0.42333333333333334,0.4533333333333333,0.3233333333333333,0.39541395730870127,0.39063461817972656,0.30956175298804783
337,0,0.41,0.3433333333333333,0.42,0.38666666666666666,0.37333333333333335,0.36965729367539635,0.28021717591202217,0.3116979269496545
338,0,0.19,0.29333333333333333,0.21,0.21666666666666667,0.21,0.17494069382960406,0.19469818969425357,0.3116979269496545
339,1,0.37333333333333335,0.47333333333333333,0.4166666666666667,0.47333333333333333,0.3433333333333333,0.4584361771593409,0.4001626653901497,0.30956175298804783
340,0,0.33,0.47,0.39,0.3933333333333333,0.3333333333333333,0.35438525198396664,0.34141832710661835,0.3116979269496545
341,0,0.2633333333333333,0.27,0.31666666666666665,0.2633333333333333,0.13333333333333333,0.2523747930383243,0.363234538340147,0.3116979269496545
342,0,0.5066666666666667,0.39,0.44666666666666666,0.35,0.39666666666666667,0.49647029834836803,0.45569538526804687,0.41273476866697206
343,0,0.24333333333333335,0.33,0.32666666666666666,0.3566666666666667,0.2633333333333333,0.2561617009752445,0.23509629937056814,0.3116979269496545
344,0,0.43,0.4066666666666667,0.43333333333333335,0.44,0.3466666666666667,0.4049207812599414,0.4099829589187594,0.41273476866697206
345,0,0.5,0.49666666666666665,0.48,0.41333333333333333,0.4166666666666667,0.4823521085509951,0.40239195532506883,0.44776119402985076
346,0,0.42333333333333334,0.4166666666666667,0.5133333333333333,0.4666666666666667,0.36,0.48009518272770524,0.39362625062188716,0.41273476866697206
347,0,0.4766666666666667,0.43333333333333335,0.44333333333333336,0.4266666666666667,0.3333333333333333,0.4524137394728455,0.3673172006517484,0.44776119402985076
348,0,0.4166666666666667,0.4,0.4066666666666667,0.37,0.28,0.40036081143087315,0.42837486405519865,0.41273476866697206
349,1,0.2833333333333333,0.3333333333333333,0.29,0.29333333333333333,0.24,0.3063251977680709,0.2841960921956115,0.3116979269496545
350,0,0.23666666666666666,0.28,0.22,0.24666666666666667,0.22666666666666666,0.2535677541978467,0.2456780819468744,0.30956175298804783
351,1,0.25,0.22666666666666666,0.24333333333333335,0.24333333333333335,0.16666666666666666,0.18670883278941106,0.24454824409313064,0.3116979269496545
352,0,0.2633333333333333,0.29333333333333333,0.2866666666666667,0.30666666666666664,0.23666666666666666,0.30493855064026665,0.26682411095517955,0.30956175298804783
353,0,0.4266666666666667,0.4666666666666667,0.42,0.45,0.31333333333333335,0.39394563611061056,0.2983776325313001,0.30956175298804783
354,0,0.44666666666666666,0.46,0.44666666666666666,0.4633333333333333,0.25666666666666665,0.46884797652953103,0.4703854952295494,0.44776119402985076
355,1,0.4266666666666667,0.37666666666666665,0.47,0.4033333333333333,0.3466666666666667,0.41721413187085676,0.3816471812301103,0.41273476866697206
356,1,0.2,0.18,0.20666666666666667,0.2,0.23666666666666666,0.24047128893047917,0.2309323260749458,0.3116979269496545
357,1,0.42333333333333334,0.36333333333333334,0.42333333333333334,0.4066666666666667,0.3566666666666667,0.36185873897437504,0.31691596283640194,0.3116979269496545
358,1,0.47,0.49666666666666665,0.49333333333333335,0.43333333333333335,0.3233333333333333,0.44344705712214455,0.4379036516461264,0.3116979269496545
359,0,0.38333333333333336,0.46,0.46,0.47,0.2833333333333333,0.40972433591562374,0.3236731781332466,0.30956175298804783
360,1,0.46,0.43666666666666665,0.4266666666666667,0.4766666666666667,0.39,0.42129997526192636,0.39362625062188716,0.41273476866697206
361,0,0.25,0.2633333333333333,0.27,0.24333333333333335,0.24666666666666667,0.2695908240126296,0.2583837951708908,0.3116979269496545
362,0,0.29,0.25666666666666665,0.26666666666666666,0.26,0.21,0.2742906793031081,0.2953941999479364,0.30956175298804783
363,0,0.39,0.39,0.4,0.34,0.38333333333333336,0.4311811830698838,0.38149438406011077,0.3116979269496545
364,0,0.24333333333333335,0.24,0.24333333333333335,0.28,0.23333333333333334,0.25876818731158685,0.2803477954756618,0.30956175298804783
365,1,0.2733333333333333,0.27666666666666667,0.26,0.28,0.17,0.2512357518388734,0.31173579880144686,0.30956175298804783
366,0,0.24333333333333335,0.3433333333333333,0.33,0.2833333333333333,0.2633333333333333,0.24372787746149854,0.21692720033956586,0.3116979269496545
367,1,0.29333333333333333,0.25666666666666665,0.29333333333333333,0.21,0.18666666666666668,0.23888405501435572,0.33741819416368457,0.3116979269496545
368,0,0.29,0.3433333333333333,0.30666666666666664,0.30666666666666664,0.19666666666666666,0.2883403970679773,0.31963916906679457,0.3116979269496545
369,0,0.33,0.31333333333333335,0.3333333333333333,0.31333333333333335,0.27,0.32930520576046673,0.28669056838627066,0.30956175298804783
370,1,0.4066666666666667,0.39,0.38333333333333336,0.4,0.39666666666666667,0.3667812686304893,0.26092091761458097,0.30956175298804783
371,0,0.2966666666666667,0.2966666666666667,0.30333333333333334,0.31333333333333335,0.17666666666666667,0.27320514375382726,0.2843278338295616,0.30956175298804783
372,0,0.37,0.34,0.36666666666666664,0.35,0.25666666666666665,0.37948295705181107,0.3611758413542882,0.30956175298804783
373,1,0.22666666666666666,0.2833333333333333,0.3,0.23,0.17333333333333334,0.23696846445821165,0.26730701966260695,0.30956175298804783
374,1,0.47,0.37333333333333335,0.45666666666666667,0.44,0.37666666666666665,0.47250976851398796,0.38149438406011077,0.3116979269496545
375,0,0.18333333333333332,0.17,0.15333333333333332,0.19666666666666666,0.15666666666666668,0.15440768773180655,0.15846774277289943,0.30956175298804783
376,0,0.3233333333333333,0.34,0.36,0.41,0.3466666666666667,0.3796366978871154,0.26730701966260695,0.30956175298804783
377,0,0.4266666666666667,0.42333333333333334,0.41333333333333333,0.39666666666666667,0.3433333333333333,0.45299550257863025,0.44077513243136496,0.41273476866697206
378,1,0.29,0.3,0.2866666666666667,0.2966666666666667,0.16666666666666666,0.25025547427984995,0.22978973954077017,0.30956175298804783
379,0,0.3566666666666667,0.31333333333333335,0.31,0.33,0.26,0.31906115052085854,0.3816471812301103,0.41273476866697206
380,0,0.31333333333333335,0.32,0.3233333333333333,0.31333333333333335,0.19,0.28417362953125924,0.35991733667263565,0.30956175298804783
381,0,0.42333333333333334,0.39666666666666667,0.4033333333333333,0.43,0.38666666666666666,0.4952733438510988,0.4394072121817234,0.41273476866697206
382,1,0.2733333333333333,0.29,0.27666666666666667,0.26666666666666666,0.17,0.21564585709865772,0.2573391811206254,0.3116979269496545
383,0,0.4166666666666667,0.38,0.4266666666666667,0.46,0.30666666666666664,0.4425915845385863,0.3937628851715664,0.30956175298804783
384,0,0.35333333333333333,0.38666666666666666,0.4533333333333333,0.4,0.32666666666666666,0.40930591387158494,0.3248692721678441,0.30956175298804783
385,0,0.2633333333333333,0.20333333333333334,0.25333333333333335,0.24,0.12333333333333334,0.2014355449770014,0.23554023332255775,0.3116979269496545
386,0,0.3433333333333333,0.2733333333333333,0.29,0.30666666666666664,0.20333333333333334,0.27518806316201727,0.2980131550407068,0.30956175298804783
387,0,0.37,0.4033333333333333,0.4166666666666667,0.38,0.36666666666666664,0.4262093050278184,0.3628137881023813,0.30956175298804783
388,1,0.34,0.4066666666666667,0.3566666666666667,0.37666666666666665,0.3466666666666667,0.38725085141892995,0.3415639371247822,0.30956175298804783
389,1,0.3566666666666667,0.33,0.27666666666666667,0.28,0.21,0.33580357885462053,0.3473297142104878,0.41273476866697206
390,0,0.5266666666666666,0.4866666666666667,0.4666666666666667,0.47333333333333333,0.35,0.5006320677997066,0.48835037304478945,0.41273476866697206
391,0,0.26,0.22666666666666666,0.22666666666666666,0.2733333333333333,0.23,0.25045059375251116,0.2456780819468744,0.30956175298804783
392,1,0.4266666666666667,0.43333333333333335,0.44333333333333336,0.41,0.32,0.42919508651906774,0.36174525868002533,0.41273476866697206
393,0,0.22,0.3233333333333333,0.2633333333333333,0.3233333333333333,0.18333333333333332,0.26759377839309817,0.3597681776162071,0.3116979269496545
394,0,0.37666666666666665,0.28,0.31333333333333335,0.32666666666666666,0.26,0.32900048797599935,0.3473297142104878,0.41273476866697206
395,0,0.4766666666666667,0.43666666666666665,0.37,0.43333333333333335,0.33666666666666667,0.46575445988341196,0.3155224904430737,0.30956175298804783
396,0,0.31333333333333335,0.2866666666666667,0.3,0.36666666666666664,0.3333333333333333,0.3413624722219381,0.29952164753306637,0.30956175298804783
397,1,0.27666666666666667,0.29333333333333333,0.31666666666666665,0.33666666666666667,0.23333333333333334,0.2890623994245053,0.28697732128335857,0.30956175298804783
398,1,0.3,0.3466666666666667,0.30333333333333334,0.31666666666666665,0.22,0.3023845965916406,0.26299905018496816,0.30956175298804783
399,0,0.43666666666666665,0.37,0.39666666666666667,0.41,0.31333333333333335,0.3573313438936385,0.3717579404050721,0.30956175298804783
400,1,0.27,0.29333333333333333,0.25333333333333335,0.2833333333333333,0.15333333333333332,0.23801864378040793,0.3831692070384672,0.3116979269496545
401,0,0.17666666666666667,0.16666666666666666,0.22,0.16333333333333333,0.14666666666666667,0.24456121628205404,0.3567231567417164,0.41273476866697206
402,0,0.34,0.41,0.38,0.39,0.33666666666666667,0.36372098596686614,0.3010117386091318,0.30956175298804783
403,0,0.2633333333333333,0.22,0.2866666666666667,0.2633333333333333,0.24333333333333335,0.285691931021307,0.3140557222670675,0.41273476866697206
404,0,0.31666666666666665,0.28,0.31,0.31666666666666665,0.20666666666666667,0.261889359084398,0.34166144034206797,0.30956175298804783
405,1,0.49333333333333335,0.4633333333333333,0.5633333333333334,0.55,0.36666666666666664,0.49987318615311677,0.5203854929962706,0.41273476866697206
406,1,0.21666666666666667,0.19666666666666666,0.18333333333333332,0.22333333333333333,0.13666666666666666,0.17942691932439742,0.2803477954756618,0.30956175298804783
407,0,0.2966666666666667,0.2966666666666667,0.31,0.3233333333333333,0.23,0.2662876506128628,0.31691596283640194,0.3116979269496545
408,1,0.3233333333333333,0.42333333333333334,0.38333333333333336,0.44666666666666666,0.31333333333333335,0.3576891049301568,0.28178087017688846,0.30956175298804783
409,1,0.34,0.4,0.4166666666666667,0.42,0.32,0.3880893206938458,0.3292879846413518,0.30956175298804783
410,0,0.49333333333333335,0.45666666666666667,0.46,0.46,0.37666666666666665,0.4809969709302906,0.4230408543719164,0.41273476866697206
411,0,0.31,0.2966666666666667,0.29,0.28,0.20333333333333334,0.2549051192158619,0.2573391811206254,0.3116979269496545
412,0,0.41333333333333333,0.4633333333333333,0.4666666666666667,0.45666666666666667,0.3233333333333333,0.44251579892535176,0.49050433172555663,0.44776119402985076
413,1,0.30333333333333334,0.2966666666666667,0.33,0.3233333333333333,0.18666666666666668,0.28787424116477434,0.30087551651641786,0.3116979269496545
414,1,0.4066666666666667,0.35333333333333333,0.3933333333333333,0.4066666666666667,0.24666666666666667,0.39381437846867895,0.4394072121817234,0.41273476866697206
415,1,0.31333333333333335,0.27666666666666667,0.33,0.29333333333333333,0.21666666666666667,0.28974223563881896,0.3473297142104878,0.41273476866697206
416,0,0.5233333333333333,0.46,0.4266666666666667,0.44666666666666666,0.36333333333333334,0.5098638596335349,0.47735791749899387,0.44776119402985076
417,1,0.42333333333333334,0.4633333333333333,0.39,0.44666666666666666,0.31,0.4593414508286753,0.4166043772610792,0.30956175298804783
418,0,0.4266666666666667,0.4033333333333333,0.42333333333333334,0.45,0.31333333333333335,0.3998094285094399,0.39362625062188716,0.41273476866697206
419,0,0.45,0.48,0.45666666666666667,0.43,0.33666666666666667,0.4777663475440538,0.4394072121817234,0.41273476866697206
420,0,0.4533333333333333,0.42,0.47333333333333333,0.49666666666666665,0.33,0.48635871814879245,0.397311733069799,0.41273476866697206
421,1,0.5,0.49,0.46,0.49666666666666665,0.32,0.5043852100685455,0.4719069506020713,0.41273476866697206
422,1,0.28,0.20666666666666667,0.29,0.19333333333333333,0.17666666666666667,0.2795032206229973,0.33741819416368457,0.3116979269496545
423,0,0.4633333333333333,0.4066666666666667,0.49666666666666665,0.45,0.3333333333333333,0.47412255381928636,0.4409953074286134,0.44776119402985076
424,1,0.21666666666666667,0.27,0.22333333333333333,0.32,0.18666666666666668,0.24455640630213912,0.3459467912318027,0.3116979269496545
425,0,0.4066666666666667,0.44,0.4533333333333333,0.4266666666666667,0.3333333333333333,0.459123622903154,0.3816471812301103,0.41273476866697206
426,0,0.23666666666666666,0.26666666666666666,0.22666666666666666,0.23,0.20666666666666667,0.21894405191419325,0.21505270667176402,0.30956175298804783
427,0,0.19333333333333333,0.20333333333333334,0.19,0.14333333333333334,0.12666666666666668,0.1996299174552683,0.2285369433340191,0.30956175298804783
428,0,0.30666666666666664,0.31,0.27666666666666667,0.2866666666666667,0.22333333333333333,0.305203557858844,0.3182393012584209,0.30956175298804783
429,0,0.4633333333333333,0.48333333333333334,0.46,0.45666666666666667,0.3566666666666667,0.4575759110726283,0.44077513243136496,0.41273476866697206
430,0,0.19666666666666666,0.23666666666666666,0.19333333333333333,0.21666666666666667,0.18333333333333332,0.22127113332701873,0.24454824409313064,0.3116979269496545
431,0,0.2633333333333333,0.2866666666666667,0.3233333333333333,0.2866666666666667,0.19,0.2797123604044334,0.3265220259911379,0.30956175298804783
432,1,0.2733333333333333,0.3,0.29,0.26,0.15333333333333332,0.2778473565869288,0.35230167287402275,0.44776119402985076
433,0,0.3,0.2733333333333333,0.31333333333333335,0.26666666666666666,0.26666666666666666,0.30450238977953875,0.3155224904430737,0.30956175298804783
434,1,0.25,0.25333333333333335,0.21666666666666667,0.22666666666666666,0.20666666666666667,0.259485233883062,0.225578886062491,0.3116979269496545
435,0,0.4533333333333333,0.44,0.42,0.4266666666666667,0.37333333333333335,0.4810505902200097,0.4719069506020713,0.41273476866697206
436,0,0.41,0.4,0.38666666666666666,0.44,0.38666666666666666,0.37930815388782196,0.33557702861399563,0.30956175298804783
437,0,0.26666666666666666,0.26,0.23,0.25333333333333335,0.15333333333333332,0.1986135963009824,0.24324039645310405,0.3116979269496545
438,1,0.29333333333333333,0.3233333333333333,0.2866666666666667,0.27666666666666667,0.21666666666666667,0.292155614245333,0.364304955913884,0.3116979269496545
439,1,0.46,0.43666666666666665,0.44333333333333336,0.41,0.30666666666666664,0.4298621130616555,0.3346180142364791,0.3116979269496545
440,1,0.36666666666666664,0.36,0.35,0.4,0.26,0.3503781338890228,0.2695659672204694,0.3116979269496545
441,1,0.27666666666666667,0.29333333333333333,0.3333333333333333,0.25333333333333335,0.25,0.2788332445394904,0.24687434796071195,0.3116979269496545
442,1,0.23666666666666666,0.23666666666666666,0.2833333333333333,0.25,0.16,0.22264600562006442,0.30495546709046456,0.30956175298804783
443,0,0.38,0.36666666666666664,0.38666666666666666,0.42333333333333334,0.32666666666666666,0.37480325338168075,0.34439215762017517,0.30956175298804783
444,0,0.3333333333333333,0.4533333333333333,0.4,0.4633333333333333,0.38666666666666666,0.3733747349285932,0.2983776325313001,0.30956175298804783
445,0,0.3933333333333333,0.36333333333333334,0.3933333333333333,0.39666666666666667,0.38,0.33872688521740074,0.24687434796071195,0.3116979269496545
446,1,0.32,0.31333333333333335,0.2733333333333333,0.3,0.21333333333333335,0.2706291375050192,0.258507892553649,0.30956175298804783
447,0,0.3433333333333333,0.31333333333333335,0.2833333333333333,0.35333333333333333,0.28,0.36203340154558517,0.397311733069799,0.41273476866697206
448,0,0.31333333333333335,0.30666666666666664,0.31666666666666665,0.31666666666666665,0.21666666666666667,0.30631470283926815,0.3487920783388627,0.3116979269496545
449,0,0.3566666666666667,0.37666666666666665,0.31,0.38333333333333336,0.31666666666666665,0.3594185320113597,0.26092091761458097,0.30956175298804783
450,0,0.32,0.35,0.36,0.3433333333333333,0.38,0.36347901479235356,0.2844160559732065,0.30956175298804783
451,0,0.38666666666666666,0.3466666666666667,0.38666666666666666,0.38,0.31,0.3694312834054665,0.3954571316681382,0.30956175298804783
452,0,0.33,0.30333333333333334,0.31666666666666665,0.2966666666666667,0.2,0.297023416132195,0.3831692070384672,0.3116979269496545
453,0,0.3433333333333333,0.37333333333333335,0.35333333333333333,0.39,0.24666666666666667,0.29962094668630107,0.31267905601071566,0.3116979269496545
454,0,0.22333333333333333,0.23666666666666666,0.21666666666666667,0.18,0.15,0.18447416869657215,0.2881430840680555,0.30956175298804783
455,0,0.22333333333333333,0.17,0.2,0.19666666666666666,0.16333333333333333,0.2018947133617416,0.2968950424611626,0.30956175298804783
456,0,0.26,0.27,0.26666666666666666,0.25333333333333335,0.17333333333333334,0.2669032305065839,0.3611758413542882,0.30956175298804783
457,1,0.43666666666666665,0.4866666666666667,0.46,0.5066666666666667,0.34,0.45656826681694174,0.46095117067779223,0.44776119402985076
458,0,0.42333333333333334,0.45666666666666667,0.47,0.46,0.3,0.465498163192737,0.4409953074286134,0.44776119402985076
459,1,0.32,0.35333333333333333,0.3333333333333333,0.3933333333333333,0.43666666666666665,0.3772658280150584,0.29952164753306637,0.30956175298804783
460,0,0.4166666666666667,0.38333333333333336,0.38333333333333336,0.38666666666666666,0.31333333333333335,0.3481118097784631,0.3431124853593351,0.3116979269496545
461,0,0.3333333333333333,0.3333333333333333,0.3433333333333333,0.30666666666666664,0.24,0.34181278029849216,0.3611758413542882,0.30956175298804783
462,0,0.32,0.2833333333333333,0.35,0.3466666666666667,0.20333333333333334,0.2891150800783013,0.2707699615916519,0.30956175298804783
463,1,0.22333333333333333,0.24666666666666667,0.28,0.21333333333333335,0.15666666666666668,0.21771074601537702,0.33716015485257667,0.30956175298804783
464,1,0.31333333333333335,0.39,0.41,0.38666666666666666,0.34,0.3371287891046244,0.3236731781332466,0.30956175298804783
465,0,0.30666666666666664,0.3333333333333333,0.3,0.26,0.26666666666666666,0.2965462778292441,0.24555810389249988,0.3116979269496545
466,0,0.3333333333333333,0.30333333333333334,0.34,0.3466666666666667,0.32666666666666666,0.3500711630440452,0.40704701200193283,0.41273476866697206
467,0,0.36333333333333334,0.42,0.42333333333333334,0.3566666666666667,0.23333333333333334,0.3895242454755492,0.465755693342288,0.41273476866697206
468,0,0.4166666666666667,0.37,0.42,0.38,0.32666666666666666,0.3549440581236249,0.28572949747963944,0.3116979269496545
469,1,0.37333333333333335,0.37666666666666665,0.37333333333333335,0.3566666666666667,0.26666666666666666,0.4162379706876551,0.4340401383348767,0.41273476866697206
470,0,0.24,0.21,0.21666666666666667,0.19666666666666666,0.17,0.24945021364610703,0.2106274346412708,0.3116979269496545
471,0,0.3233333333333333,0.32666666666666666,0.31666666666666665,0.34,0.18333333333333332,0.30616042345962485,0.35951620552402397,0.41273476866697206
472,0,0.4666666666666667,0.41,0.44666666666666666,0.4266666666666667,0.36,0.4320592885609,0.35991733667263565,0.30956175298804783
473,0,0.32,0.32,0.33666666666666667,0.26666666666666666,0.26666666666666666,0.326382164446029,0.32198122905576004,0.3116979269496545
474,1,0.19333333333333333,0.2733333333333333,0.20333333333333334,0.24,0.18,0.2394972672827209,0.2993858109499458,0.3116979269496545
475,0,0.18,0.17,0.15333333333333332,0.19333333333333333,0.16666666666666666,0.17440082213053965,0.27782264411891294,0.30956175298804783
476,1,0.24666666666666667,0.30333333333333334,0.24333333333333335,0.2733333333333333,0.17333333333333334,0.2138054560318016,0.2828869077859674,0.30956175298804783
477,1,0.36333333333333334,0.4633333333333333,0.47333333333333333,0.42333333333333334,0.31,0.37522255566549556,0.31691596283640194,0.3116979269496545
478,1,0.5033333333333333,0.43,0.43333333333333335,0.43666666666666665,0.47,0.49918656650771187,0.46752081856364963,0.41273476866697206
479,0,0.23333333333333334,0.29,0.3,0.31333333333333335,0.18333333333333332,0.27727223824322916,0.3716242608406304,0.30956175298804783
480,0,0.31,0.30333333333333334,0.3,0.30666666666666664,0.31333333333333335,0.3098069966050104,0.3238556953200045,0.30956175298804783
481,0,0.23333333333333334,0.24666666666666667,0.27666666666666667,0.21666666666666667,0.18666666666666668,0.2501799312652105,0.31212633064500267,0.3116979269496545
482,1,0.3233333333333333,0.41,0.4033333333333333,0.37,0.33666666666666667,0.3454977797329506,0.23104734654724154,0.30956175298804783
483,0,0.25333333333333335,0.22,0.21,0.23,0.16666666666666666,0.20450993452629904,0.2420560797680546,0.30956175298804783
484,0,0.49333333333333335,0.49666666666666665,0.49333333333333335,0.43666666666666665,0.39666666666666667,0.47573266279467535,0.42837486405519865,0.41273476866697206
485,1,0.42333333333333334,0.46,0.47,0.43666666666666665,0.43333333333333335,0.43781320314704003,0.389277207951944,0.3116979269496545
486,1,0.44,0.41333333333333333,0.3933333333333333,0.47333333333333333,0.4033333333333333,0.429909329060297,0.3628137881023813,0.30956175298804783
487,0,0.34,0.43,0.42333333333333334,0.39,0.3233333333333333,0.3649398638940657,0.3876511870925081,0.30956175298804783
488,0,0.33666666666666667,0.2733333333333333,0.36,0.2633333333333333,0.30333333333333334,0.3310849352413687,0.2832561725748398,0.3116979269496545
489,1,0.5033333333333333,0.43333333333333335,0.48,0.43,0.35,0.4768889650604567,0.4342747988897817,0.44776119402985076
490,0,0.17,0.23333333333333334,0.23333333333333334,0.22666666666666666,0.19,0.20347076142740408,0.22431304279422268,0.3116979269496545
491,0,0.25333333333333335,0.24666666666666667,0.29,0.26,0.16333333333333333,0.24983544595189278,0.2993858109499458,0.3116979269496545
492,1,0.3333333333333333,0.33,0.3233333333333333,0.37333333333333335,0.28,0.3453556953222048,0.28145041233127904,0.30956175298804783
493,1,0.31333333333333335,0.2966666666666667,0.34,0.26,0.24,0.35076563513923364,0.42837486405519865,0.41273476866697206
494,1,0.19333333333333333,0.30666666666666664,0.30666666666666664,0.26,0.25,0.2508048184242961,0.2983776325313001,0.30956175298804783
495,0,0.4166666666666667,0.41,0.44666666666666666,0.39,0.3233333333333333,0.4032276994991382,0.39362625062188716,0.41273476866697206
496,1,0.29333333333333333,0.29,0.2866666666666667,0.28,0.18,0.24675252193933603,0.3816471812301103,0.41273476866697206
497,0,0.25666666666666665,0.27,0.24333333333333335,0.2633333333333333,0.19666666666666666,0.2215388321492172,0.3237680855205149,0.30956175298804783
498,0,0.30666666666666664,0.24,0.31333333333333335,0.26,0.15666666666666668,0.23649842167474452,0.3614033520803762,0.3116979269496545
499,1,0.29,0.2833333333333333,0.29,0.30333333333333334,0.30333333333333334,0.2821903300899877,0.27304363016588706,0.3116979269496545
500,0,0.35333333333333333,0.36333333333333334,0.3466666666666667,0.30333333333333334,0.27666666666666667,0.324810453188247,0.32198122905576004,0.3116979269496545
501,0,0.47333333333333333,0.43666666666666665,0.37666666666666665,0.49666666666666665,0.38,0.4458034710975738,0.44431972812509224,0.44776119402985076
502,0,0.24,0.27,0.2866666666666667,0.33,0.13333333333333333,0.2217861930891022,0.26216560905430975,0.3116979269496545
503,0,0.17,0.19333333333333333,0.17666666666666667,0.19666666666666666,0.14333333333333334,0.16277300411762333,0.22871081555618422,0.3116979269496545
504,0,0.2733333333333333,0.32,0.31333333333333335,0.32666666666666666,0.2733333333333333,0.2705490017099867,0.23104734654724154,0.30956175298804783
505,0,0.22,0.21,0.17,0.19,0.14333333333333334,0.2277782084475157,0.2420560797680546,0.30956175298804783
506,1,0.47,0.4866666666666667,0.4633333333333333,0.4633333333333333,0.39,0.5351156363814319,0.48835037304478945,0.41273476866697206
507,0,0.48333333333333334,0.38333333333333336,0.49,0.47,0.34,0.5044325351544643,0.4821804811510479,0.41273476866697206
508,1,0.30333333333333334,0.35333333333333333,0.38,0.38333333333333336,0.30333333333333334,0.3363378575778209,0.2971008932265154,0.3116979269496545
509,1,0.37666666666666665,0.34,0.3233333333333333,0.29333333333333333,0.17,0.3292468902618342,0.3444900457850189,0.30956175298804783
510,0,0.44,0.4766666666666667,0.48333333333333334,0.49333333333333335,0.3933333333333333,0.4607279530162412,0.36241125657677703,0.41273476866697206
511,0,0.45666666666666667,0.5166666666666667,0.4533333333333333,0.47,0.4033333333333333,0.45460831107101446,0.3816471812301103,0.41273476866697206
512,1,0.38666666666666666,0.3933333333333333,0.38333333333333336,0.35,0.38,0.40152568257135657,0.36174525868002533,0.41273476866697206
513,0,0.22,0.25666666666666665,0.26,0.23666666666666666,0.22,0.2534388513710695,0.21703721383120486,0.30956175298804783
514,1,0.38,0.45,0.48,0.48,0.27666666666666667,0.39122118810698514,0.3236731781332466,0.30956175298804783
515,1,0.15666666666666668,0.17666666666666667,0.19666666666666666,0.23666666666666666,0.15,0.15620491950449944,0.2115083415013718,0.3116979269496545
516,0,0.2633333333333333,0.29333333333333333,0.3,0.2966666666666667,0.2,0.27015866642038977,0.3155224904430737,0.30956175298804783
517,1,0.25,0.25666666666666665,0.2966666666666667,0.24333333333333335,0.16333333333333333,0.26401623363243154,0.36174525868002533,0.41273476866697206
518,1,0.24333333333333335,0.20333333333333334,0.24333333333333335,0.22333333333333333,0.20666666666666667,0.27002986132761525,0.2832561725748398,0.3116979269496545
519,1,0.49,0.42333333333333334,0.4166666666666667,0.4266666666666667,0.35,0.45372098901338836,0.4444185203148219,0.44776119402985076
520,0,0.3566666666666667,0.3333333333333333,0.31333333333333335,0.2866666666666667,0.23,0.33590038969798547,0.3182393012584209,0.30956175298804783
521,0,0.45,0.4066666666666667,0.38666666666666666,0.3933333333333333,0.38,0.4092191614803861,0.3205759371351152,0.30956175298804783
522,1,0.41,0.4,0.37,0.4166666666666667,0.38,0.35526574352455254,0.31281823101323813,0.30956175298804783
523,1,0.18666666666666668,0.24666666666666667,0.21666666666666667,0.24666666666666667,0.14666666666666667,0.1978808630764927,0.32198122905576004,0.3116979269496545
524,0,0.4533333333333333,0.38666666666666666,0.46,0.37333333333333335,0.37,0.4396870560596057,0.4290810641901563,0.41273476866697206
525,1,0.2833333333333333,0.26666666666666666,0.29333333333333333,0.26,0.21666666666666667,0.267452237717384,0.30246088985412173,0.3116979269496545
526,0,0.2966666666666667,0.24666666666666667,0.2833333333333333,0.27,0.24333333333333335,0.27675952791676106,0.3155224904430737,0.30956175298804783
527,1,0.4166666666666667,0.44666666666666666,0.4666666666666667,0.5366666666666666,0.37666666666666665,0.45976251932721957,0.45187438300411653,0.41273476866697206
528,0,0.5266666666666666,0.47,0.42333333333333334,0.43,0.3433333333333333,0.535478462089507,0.48835037304478945,0.41273476866697206
529,1,0.43333333333333335,0.3566666666666667,0.36333333333333334,0.35333333333333333,0.28,0.4016613288593493,0.37558940988227213,0.3116979269496545
530,0,0.4166666666666667,0.4,0.4,0.4066666666666667,0.31666666666666665,0.412493879018092,0.433233721785758,0.30956175298804783
531,0,0.29,0.26,0.32666666666666666,0.33,0.18,0.3081742867062003,0.3292879846413518,0.30956175298804783
532,0,0.25,0.2633333333333333,0.23666666666666666,0.22333333333333333,0.17333333333333334,0.31673791587045813,0.3182393012584209,0.30956175298804783
533,0,0.33666666666666667,0.32,0.34,0.32,0.32,0.39585252273323834,0.397311733069799,0.41273476866697206
534,0,0.38,0.38333333333333336,0.37,0.3566666666666667,0.26666666666666666,0.38385780780908635,0.3611758413542882,0.30956175298804783
535,0,0.2733333333333333,0.24333333333333335,0.25,0.27666666666666667,0.22,0.27049681083164984,0.3000395162450365,0.30956175298804783
536,0,0.2833333333333333,0.38333333333333336,0.42333333333333334,0.31333333333333335,0.2,0.32949927452388034,0.39362625062188716,0.41273476866697206
537,0,0.21666666666666667,0.24,0.23666666666666666,0.20666666666666667,0.23,0.2139166138657975,0.19753742799648707,0.3116979269496545
538,1,0.16666666666666666,0.17333333333333334,0.17666666666666667,0.21333333333333335,0.17666666666666667,0.1965411097130536,0.26092091761458097,0.30956175298804783
539,0,0.41333333333333333,0.3566666666666667,0.42333333333333334,0.4,0.36666666666666664,0.42085756941197905,0.4099829589187594,0.41273476866697206
540,0,0.20666666666666667,0.17,0.2,0.16,0.14666666666666667,0.17590163496689196,0.2274621643982846,0.3116979269496545
541,1,0.32,0.30666666666666664,0.25333333333333335,0.2733333333333333,0.21,0.3258275145632163,0.3223046635300258,0.30956175298804783
542,1,0.42333333333333334,0.38666666666666666,0.42,0.3933333333333333,0.36,0.4343447666543532,0.31809883084795143,0.3116979269496545
543,0,0.42,0.44333333333333336,0.47,0.44,0.37333333333333335,0.41728212059987624,0.3252684815328116,0.3116979269496545
544,0,0.4766666666666667,0.4033333333333333,0.45,0.42,0.31666666666666665,0.4537174544914409,0.40875987719847573,0.41273476866697206
545,0,0.45,0.44666666666666666,0.39,0.39,0.3933333333333333,0.39943884249502515,0.4130223353805707,0.41273476866697206
546,1,0.5133333333333333,0.4533333333333333,0.4266666666666667,0.4266666666666667,0.38333333333333336,0.4932801306600498,0.44457840458074216,0.41273476866697206
547,0,0.4066666666666667,0.33,0.39666666666666667,0.41,0.31,0.40493126806421986,0.3816471812301103,0.41273476866697206
548,0,0.25333333333333335,0.35,0.27,0.3,0.25333333333333335,0.27113139108584794,0.2573391811206254,0.3116979269496545
549,1,0.37,0.46,0.37666666666666665,0.4033333333333333,0.3466666666666667,0.3623527108434707,0.2944865919691765,0.3116979269496545
550,0,0.29333333333333333,0.31,0.3,0.2733333333333333,0.21,0.3130566090614131,0.3265220259911379,0.30956175298804783
551,1,0.4033333333333333,0.45,0.5266666666666666,0.44666666666666666,0.3466666666666667,0.44933452314876915,0.39362625062188716,0.41273476866697206
552,1,0.38666666666666666,0.3566666666666667,0.3933333333333333,0.41333333333333333,0.36333333333333334,0.3603528353318583,0.25598610688946993,0.3116979269496545
553,0,0.39,0.38333333333333336,0.3566666666666667,0.30333333333333334,0.3433333333333333,0.3984080003028294,0.2982420938730439,0.3116979269496545
554,0,0.5233333333333333,0.4633333333333333,0.4633333333333333,0.4533333333333333,0.43,0.4861988941736827,0.3816471812301103,0.41273476866697206
555,1,0.37333333333333335,0.43333333333333335,0.37333333333333335,0.3933333333333333,0.37,0.3565271660485677,0.26682411095517955,0.30956175298804783
556,1,0.23333333333333334,0.2833333333333333,0.3433333333333333,0.3233333333333333,0.18,0.2976620557325804,0.39937758065894224,0.3116979269496545
557,0,0.29333333333333333,0.22666666666666666,0.23333333333333334,0.24,0.17666666666666667,0.2341416771651966,0.31809883084795143,0.3116979269496545
558,0,0.21666666666666667,0.28,0.18333333333333332,0.20666666666666667,0.19,0.23311228310358337,0.24687434796071195,0.3116979269496545
559,0,0.23,0.31333333333333335,0.23333333333333334,0.25333333333333335,0.19333333333333333,0.26032977955339237,0.30063274322063166,0.30956175298804783
560,0,0.16,0.19666666666666666,0.21333333333333335,0.21333333333333335,0.19666666666666666,0.24684067846650168,0.2274621643982846,0.3116979269496545
561,1,0.3466666666666667,0.4066666666666667,0.45,0.36,0.3233333333333333,0.3554086637133624,0.2957568238797182,0.30956175298804783
562,0,0.28,0.2633333333333333,0.32666666666666666,0.33666666666666667,0.18666666666666668,0.284750505635674,0.3010117386091318,0.30956175298804783
563,0,0.20666666666666667,0.21666666666666667,0.18666666666666668,0.21,0.17666666666666667,0.26650320247371245,0.2819496125243816,0.30956175298804783
564,0,0.39,0.39666666666666667,0.42,0.44666666666666666,0.24,0.4427602196951512,0.40000725066186593,0.3116979269496545
565,0,0.27666666666666667,0.31666666666666665,0.26666666666666666,0.29,0.19,0.2811002881914493,0.30087551651641786,0.3116979269496545
566,0,0.3566666666666667,0.3466666666666667,0.35333333333333333,0.33,0.25666666666666665,0.32925455594043196,0.34175144503130056,0.30956175298804783
567,0,0.21333333333333335,0.19333333333333333,0.27666666666666667,0.20666666666666667,0.19666666666666666,0.22803053230641865,0.2561094503854348,0.30956175298804783
568,1,0.12666666666666668,0.18,0.16,0.16666666666666666,0.15666666666666668,0.1809688738075151,0.20022284285447933,0.30956175298804783
569,1,0.41,0.5166666666666667,0.45,0.5133333333333333,0.3933333333333333,0.4727548974395467,0.4687803174063907,0.41273476866697206
570,0,0.26666666666666666,0.2966666666666667,0.31333333333333335,0.3333333333333333,0.2,0.2511629032899547,0.25974511844129433,0.3116979269496545
571,0,0.3566666666666667,0.23666666666666666,0.33666666666666667,0.24,0.22333333333333333,0.32546591546531756,0.33270159171644675,0.41273476866697206
572,0,0.4,0.35,0.3433333333333333,0.32666666666666666,0.25666666666666665,0.3588575068111756,0.38774617140480894,0.30956175298804783
573,1,0.39,0.4166666666666667,0.45,0.45666666666666667,0.3433333333333333,0.46606233299573924,0.44077513243136496,0.41273476866697206
574,0,0.38666666666666666,0.4766666666666667,0.49,0.44,0.38666666666666666,0.4307207783967379,0.37607074498578286,0.3116979269496545
575,0,0.26,0.29,0.27,0.32,0.21,0.27923309437965477,0.2843278338295616,0.30956175298804783
576,1,0.5533333333333333,0.44,0.42,0.46,0.45,0.4624341948414576,0.3816471812301103,0.41273476866697206
577,0,0.47333333333333333,0.4266666666666667,0.45,0.5066666666666667,0.38666666666666666,0.4231635832089161,0.3628137881023813,0.30956175298804783
578,0,0.4666666666666667,0.39,0.46,0.44,0.3233333333333333,0.4497890279648328,0.39937758065894224,0.3116979269496545
579,0,0.41,0.36333333333333334,0.38666666666666666,0.36666666666666664,0.33666666666666667,0.38035597176797803,0.3628137881023813,0.30956175298804783
580,0,0.19666666666666666,0.17666666666666667,0.15,0.18666666666666668,0.18,0.18029406360473124,0.22978973954077017,0.30956175298804783
581,0,0.39,0.41333333333333333,0.42,0.4033333333333333,0.38666666666666666,0.3900800669306103,0.31963916906679457,0.3116979269496545
582,1,0.58,0.47333333333333333,0.47,0.4533333333333333,0.4066666666666667,0.45091199100880286,0.37853739612883985,0.3116979269496545
583,1,0.32,0.31333333333333335,0.36666666666666664,0.3233333333333333,0.33666666666666667,0.3053986713339449,0.31963916906679457,0.3116979269496545
584,0,0.44,0.39,0.39,0.4633333333333333,0.37,0.41195467434088695,0.4130223353805707,0.41273476866697206
585,0,0.29,0.2833333333333333,0.29333333333333333,0.30666666666666664,0.21333333333333335,0.3053723759929805,0.3487920783388627,0.3116979269496545
586,0,0.42,0.3933333333333333,0.33666666666666667,0.3933333333333333,0.2833333333333333,0.3361715647691866,0.31150713507197336,0.3116979269496545
587,1,0.48,0.3933333333333333,0.47,0.45666666666666667,0.38666666666666666,0.5139542931622956,0.4821804811510479,0.41273476866697206
588,1,0.43333333333333335,0.38333333333333336,0.4066666666666667,0.4266666666666667,0.39666666666666667,0.4145347504872281,0.3444900457850189,0.30956175298804783
589,0,0.25666666666666665,0.19333333333333333,0.21333333333333335,0.18333333333333332,0.23666666666666666,0.24295473459312658,0.2460154391236198,0.3116979269496545
590,1,0.4866666666666667,0.46,0.44333333333333336,0.47,0.37333333333333335,0.4884758627756078,0.397311733069799,0.41273476866697206
591,0,0.47333333333333333,0.4166666666666667,0.44,0.44333333333333336,0.35333333333333333,0.4478545389034325,0.4130223353805707,0.41273476866697206
592,0,0.25333333333333335,0.32666666666666666,0.2966666666666667,0.25,0.3,0.2898664510131141,0.24555810389249988,0.3116979269496545
593,1,0.41333333333333333,0.38666666666666666,0.42333333333333334,0.3566666666666667,0.2866666666666667,0.378384392189089,0.43631799991822223,0.41273476866697206
594,0,0.30333333333333334,0.3466666666666667,0.28,0.34,0.22333333333333333,0.2733892829061241,0.3570310519654789,0.30956175298804783
595,1,0.44333333333333336,0.44333333333333336,0.44666666666666666,0.48333333333333334,0.4066666666666667,0.4554221729336267,0.4394072121817234,0.41273476866697206
596,0,0.3,0.26666666666666666,0.33,0.3,0.15666666666666668,0.2768772644178159,0.377091095134614,0.41273476866697206
597,1,0.4166666666666667,0.45,0.47,0.47,0.42,0.4908524553768337,0.4394072121817234,0.41273476866697206
598,0,0.30333333333333334,0.26666666666666666,0.37,0.29,0.19,0.27148436812430843,0.3365853462983618,0.30956175298804783
599,0,0.4666666666666667,0.42,0.49666666666666665,0.48333333333333334,0.37,0.445436376746501,0.41458559408233364,0.44776119402985076
600,1,0.4533333333333333,0.37,0.4166666666666667,0.37666666666666665,0.27666666666666667,0.4292455210367663,0.4444185203148219,0.44776119402985076
601,0,0.3333333333333333,0.30333333333333334,0.32666666666666666,0.28,0.21666666666666667,0.2896160499372262,0.3010117386091318,0.30956175298804783
602,0,0.23666666666666666,0.30333333333333334,0.27,0.25,0.14,0.2057853599235352,0.32093181544025345,0.30956175298804783
603,1,0.28,0.2833333333333333,0.30333333333333334,0.2866666666666667,0.19666666666666666,0.2931263542007292,0.37853739612883985,0.3116979269496545
604,1,0.4066666666666667,0.36666666666666664,0.36666666666666664,0.36333333333333334,0.3466666666666667,0.37965290508115285,0.37868973408918816,0.30956175298804783
605,0,0.4,0.4066666666666667,0.37333333333333335,0.42333333333333334,0.3466666666666667,0.3773121384289189,0.3487920783388627,0.3116979269496545
606,1,0.17666666666666667,0.24333333333333335,0.22333333333333333,0.24,0.17,0.2130696348836908,0.22650438144496357,0.3116979269496545
607,0,0.4,0.46,0.43666666666666665,0.4166666666666667,0.38,0.42918784403151605,0.343348647299647,0.30956175298804783
608,1,0.44333333333333336,0.5,0.45666666666666667,0.44,0.33666666666666667,0.5035192205926183,0.4719069506020713,0.41273476866697206
609,0,0.19333333333333333,0.18666666666666668,0.19,0.18666666666666668,0.15,0.19862879996243024,0.2983776325313001,0.30956175298804783
610,1,0.45666666666666667,0.45,0.45666666666666667,0.43,0.38,0.42989716826987284,0.33270159171644675,0.41273476866697206
611,0,0.4166666666666667,0.45,0.43,0.44666666666666666,0.41333333333333333,0.46473217659108434,0.4130223353805707,0.41273476866697206
612,1,0.38666666666666666,0.33666666666666667,0.38333333333333336,0.38666666666666666,0.2833333333333333,0.40962529191370184,0.37853739612883985,0.3116979269496545
613,0,0.31333333333333335,0.36666666666666664,0.35333333333333333,0.38,0.3233333333333333,0.4111019252415913,0.3182393012584209,0.30956175298804783
614,0,0.29333333333333333,0.30666666666666664,0.30333333333333334,0.26,0.22666666666666666,0.321279916303202,0.2968950424611626,0.30956175298804783
615,0,0.2966666666666667,0.24333333333333335,0.24666666666666667,0.31,0.18333333333333332,0.3054692857630552,0.3673172006517484,0.44776119402985076
616,0,0.41,0.37333333333333335,0.43333333333333335,0.38333333333333336,0.3233333333333333,0.3717302373523075,0.3013947188643421,0.3116979269496545
617,0,0.42,0.4033333333333333,0.43333333333333335,0.3333333333333333,0.3566666666666667,0.3918001903111405,0.37868973408918816,0.30956175298804783
618,1,0.3933333333333333,0.41333333333333333,0.41,0.33,0.2966666666666667,0.4001367716503176,0.3757412787564303,0.30956175298804783
619,0,0.48333333333333334,0.46,0.48,0.47,0.4,0.45482278338586213,0.38149438406011077,0.3116979269496545
620,0,0.26,0.24333333333333335,0.29,0.21666666666666667,0.19666666666666666,0.2535744567819746,0.3238556953200045,0.30956175298804783
621,1,0.48,0.43666666666666665,0.44666666666666666,0.43666666666666665,0.35333333333333333,0.43970753552546094,0.3299210638798988,0.30956175298804783
622,0,0.25,0.2733333333333333,0.26,0.2633333333333333,0.19,0.22905033973573719,0.3254106071314631,0.30956175298804783
623,1,0.33,0.3,0.2966666666666667,0.2966666666666667,0.31,0.27969156909383897,0.30087551651641786,0.3116979269496545
624,0,0.3233333333333333,0.2633333333333333,0.27666666666666667,0.29333333333333333,0.19333333333333333,0.33945081866777865,0.36266410879539884,0.3116979269496545
625,1,0.51,0.43,0.4533333333333333,0.4766666666666667,0.35,0.5270246730752451,0.4821804811510479,0.41273476866697206
626,0,0.38666666666666666,0.43333333333333335,0.3566666666666667,0.39,0.30666666666666664,0.38628255419030005,0.31691596283640194,0.3116979269496545
627,0,0.44333333333333336,0.49,0.43,0.41333333333333333,0.3433333333333333,0.47279734911039073,0.4687803174063907,0.41273476866697206
628,0,0.4033333333333333,0.4033333333333333,0.41,0.39,0.31666666666666665,0.3869984116978697,0.34439215762017517,0.30956175298804783
629,0,0.3933333333333333,0.4066666666666667,0.44,0.43333333333333335,0.38333333333333336,0.45259057057689084,0.3894311596311012,0.30956175298804783
630,0,0.16,0.21666666666666667,0.21333333333333335,0.21333333333333335,0.17,0.1765151608366724,0.2843278338295616,0.30956175298804783
631,1,0.5333333333333333,0.44666666666666666,0.46,0.5066666666666667,0.34,0.46776738574702903,0.4290810641901563,0.41273476866697206
632,1,0.34,0.38666666666666666,0.4066666666666667,0.42333333333333334,0.26666666666666666,0.3684519262078331,0.37868973408918816,0.30956175298804783
633,0,0.3233333333333333,0.31333333333333335,0.37,0.2633333333333333,0.18666666666666668,0.3224954125949243,0.42837486405519865,0.41273476866697206
634,0,0.38666666666666666,0.38333333333333336,0.3433333333333333,0.31333333333333335,0.39666666666666667,0.3595229731954301,0.2456780819468744,0.30956175298804783
635,0,0.27,0.25,0.21666666666666667,0.25,0.12333333333333334,0.2046976592592812,0.28959997112870894,0.30956175298804783
636,0,0.38333333333333336,0.4,0.45666666666666667,0.45,0.3,0.41616334558210977,0.3971538923372458,0.30956175298804783
637,0,0.24333333333333335,0.23,0.25333333333333335,0.23,0.21666666666666667,0.22020409764793386,0.21073511302723255,0.30956175298804783
638,1,0.41333333333333333,0.41333333333333333,0.4066666666666667,0.4033333333333333,0.33,0.4290899295178613,0.3182393012584209,0.30956175298804783
639,1,0.2633333333333333,0.3233333333333333,0.31,0.31666666666666665,0.15333333333333332,0.3030275493247801,0.3611758413542882,0.30956175298804783
640,0,0.42333333333333334,0.45,0.5,0.38333333333333336,0.26666666666666666,0.42834613162563695,0.36266410879539884,0.3116979269496545
641,1,0.44333333333333336,0.39,0.43333333333333335,0.41,0.36333333333333334,0.42544114125350935,0.3820766758571352,0.44776119402985076
642,0,0.3333333333333333,0.30666666666666664,0.30666666666666664,0.2866666666666667,0.23333333333333334,0.30747112530117393,0.3487920783388627,0.3116979269496545
643,0,0.30666666666666664,0.25,0.30666666666666664,0.2633333333333333,0.24666666666666667,0.2847862439188821,0.22978973954077017,0.30956175298804783
644,1,0.4533333333333333,0.42333333333333334,0.49333333333333335,0.38333333333333336,0.36666666666666664,0.43565311896863895,0.3831692070384672,0.3116979269496545
645,0,0.21,0.22,0.22,0.20333333333333334,0.25666666666666665,0.23876675227855032,0.28021717591202217,0.3116979269496545
646,0,0.24666666666666667,0.20666666666666667,0.22333333333333333,0.24333333333333335,0.16,0.2588240557496767,0.3346180142364791,0.3116979269496545
647,0,0.39,0.43333333333333335,0.3466666666666667,0.32666666666666666,0.30333333333333334,0.38567454401129303,0.3831692070384672,0.3116979269496545
648,0,0.16666666666666666,0.18666666666666668,0.16,0.16333333333333333,0.11333333333333333,0.18362769614896807,0.21463654498066725,0.30956175298804783
649,1,0.31666666666666665,0.2966666666666667,0.33666666666666667,0.3,0.21666666666666667,0.35046879346993864,0.4260092805566483,0.41273476866697206
650,1,0.44333333333333336,0.36666666666666664,0.36333333333333334,0.3933333333333333,0.3466666666666667,0.38938473102025,0.40860339797254736,0.3116979269496545
651,1,0.2833333333333333,0.23,0.21,0.25333333333333335,0.14,0.24020036347206203,0.3597681776162071,0.3116979269496545
652,1,0.27666666666666667,0.19333333333333333,0.27,0.28,0.15666666666666668,0.2393763811975066,0.34279263517717123,0.30956175298804783
653,0,0.22,0.2633333333333333,0.24666666666666667,0.21666666666666667,0.17,0.21680460991716674,0.30632315665075227,0.3116979269496545
654,0,0.44666666666666666,0.4033333333333333,0.5033333333333333,0.4533333333333333,0.36,0.462254409919053,0.4824189834885349,0.44776119402985076
655,1,0.2733333333333333,0.23666666666666666,0.27,0.25666666666666665,0.22333333333333333,0.3096591861006179,0.3135244975760547,0.30956175298804783
656,0,0.25333333333333335,0.26666666666666666,0.3,0.25,0.21333333333333335,0.2401975484800928,0.22757596793559245,0.30956175298804783
657,0,0.3933333333333333,0.39,0.35,0.38666666666666666,0.35,0.34611994450321315,0.3415639371247822,0.30956175298804783
658,0,0.2,0.21,0.21333333333333335,0.21,0.18333333333333332,0.20611131773999922,0.22196650326806444,0.30956175298804783
659,0,0.36,0.28,0.2966666666666667,0.2966666666666667,0.20666666666666667,0.3093867570670696,0.3473297142104878,0.41273476866697206
660,0,0.24666666666666667,0.25,0.20333333333333334,0.24666666666666667,0.17666666666666667,0.29375726461796997,0.3010117386091318,0.30956175298804783
661,1,0.43,0.4633333333333333,0.4866666666666667,0.48,0.36333333333333334,0.4324973388719178,0.3816471812301103,0.41273476866697206
662,1,0.43333333333333335,0.4,0.4,0.4266666666666667,0.3233333333333333,0.43033480760340503,0.37684504370620436,0.3116979269496545
663,0,0.39,0.38666666666666666,0.48,0.43666666666666665,0.33,0.4336329297957684,0.3292879846413518,0.30956175298804783
664,0,0.24333333333333335,0.31333333333333335,0.29333333333333333,0.30666666666666664,0.18333333333333332,0.25386426681568225,0.22757596793559245,0.30956175298804783
665,0,0.2966666666666667,0.29333333333333333,0.31333333333333335,0.2866666666666667,0.17333333333333334,0.2799937468839014,0.3628137881023813,0.30956175298804783
666,0,0.17333333333333334,0.21,0.20333333333333334,0.24333333333333335,0.13,0.1775108786798852,0.24534430182691697,0.30956175298804783
667,0,0.3233333333333333,0.35,0.34,0.35333333333333333,0.19333333333333333,0.31465598687435326,0.3611758413542882,0.30956175298804783
668,0,0.26666666666666666,0.21333333333333335,0.24666666666666667,0.25,0.17666666666666667,0.22423925599674197,0.25974511844129433,0.3116979269496545
669,0,0.36333333333333334,0.3466666666666667,0.3333333333333333,0.32,0.2,0.3178297384402147,0.3940606351103293,0.44776119402985076
670,1,0.19333333333333333,0.21,0.20666666666666667,0.21,0.22,0.19990013799976808,0.28338765099804925,0.30956175298804783
671,0,0.2633333333333333,0.4166666666666667,0.3233333333333333,0.4066666666666667,0.3333333333333333,0.3507897553131,0.32198122905576004,0.3116979269496545
672,1,0.13666666666666666,0.16333333333333333,0.16333333333333333,0.19666666666666666,0.15666666666666668,0.16669727262700504,0.21032799666620822,0.3116979269496545
673,0,0.32,0.2833333333333333,0.32,0.31,0.3,0.35625913622072314,0.29496417394825225,0.30956175298804783
674,0,0.23666666666666666,0.28,0.30333333333333334,0.29,0.20666666666666667,0.2523971893190341,0.3268268977267877,0.3116979269496545
675,0,0.35,0.31,0.3433333333333333,0.34,0.21666666666666667,0.3224426800233253,0.3827576578158074,0.44776119402985076
676,1,0.45666666666666667,0.4,0.4766666666666667,0.4066666666666667,0.29333333333333333,0.4526507705636517,0.33741819416368457,0.3116979269496545
677,1,0.39,0.4766666666666667,0.43,0.5166666666666667,0.30666666666666664,0.416925781168602,0.3415639371247822,0.30956175298804783
678,0,0.44333333333333336,0.38333333333333336,0.34,0.34,0.28,0.4236740334456833,0.37357007804970194,0.30956175298804783
679,0,0.29,0.27,0.24,0.24666666666666667,0.23333333333333334,0.26510423226853574,0.2998195419156869,0.3116979269496545
680,0,0.3466666666666667,0.37666666666666665,0.3333333333333333,0.34,0.2633333333333333,0.32400652373293604,0.34264677394248416,0.3116979269496545
681,0,0.44,0.44,0.42333333333333334,0.39666666666666667,0.36333333333333334,0.40164179253278237,0.36174525868002533,0.41273476866697206
682,1,0.32,0.4,0.36333333333333334,0.3466666666666667,0.31,0.3337751133529424,0.31691596283640194,0.3116979269496545
683,0,0.2633333333333333,0.2866666666666667,0.27666666666666667,0.30333333333333334,0.24333333333333335,0.3045034500658141,0.30246088985412173,0.3116979269496545
684,0,0.39666666666666667,0.39,0.41,0.4,0.3433333333333333,0.4255673121069823,0.40875987719847573,0.41273476866697206
685,0,0.20666666666666667,0.15666666666666668,0.16333333333333333,0.18,0.15,0.20819934081229174,0.21073511302723255,0.30956175298804783
686,0,0.2966666666666667,0.29333333333333333,0.36333333333333334,0.3466666666666667,0.30666666666666664,0.3192691627204827,0.3597681776162071,0.3116979269496545
687,0,0.3,0.34,0.3466666666666667,0.3333333333333333,0.26666666666666666,0.33664603559652834,0.2828869077859674,0.30956175298804783
688,0,0.46,0.42333333333333334,0.47,0.4666666666666667,0.37666666666666665,0.37026601472931536,0.2982420938730439,0.3116979269496545
689,0,0.27666666666666667,0.29333333333333333,0.2833333333333333,0.29333333333333333,0.17333333333333334,0.23959559295670896,0.3248692721678441,0.30956175298804783
690,0,0.31333333333333335,0.32,0.3,0.30666666666666664,0.30666666666666664,0.32470938701961827,0.29952164753306637,0.30956175298804783
691,0,0.36333333333333334,0.43333333333333335,0.45666666666666667,0.42333333333333334,0.31666666666666665,0.3936985724246136,0.2947081097127856,0.30956175298804783
692,0,0.44,0.44333333333333336,0.4,0.43666666666666665,0.35333333333333333,0.38379386091577655,0.28164984423196016,0.3116979269496545
693,1,0.42,0.39666666666666667,0.39,0.4066666666666667,0.26,0.41214637234284474,0.46095117067779223,0.44776119402985076
694,0,0.33666666666666667,0.41,0.4266666666666667,0.37,0.3,0.4124303021633433,0.38774617140480894,0.30956175298804783
695,1,0.28,0.31,0.3,0.29,0.16666666666666666,0.24039617355660003,0.39937758065894224,0.3116979269496545
696,0,0.30333333333333334,0.31,0.29333333333333333,0.32,0.22333333333333333,0.2921223428863538,0.3297779313419047,0.3116979269496545
697,0,0.36333333333333334,0.37333333333333335,0.39,0.39666666666666667,0.35,0.344033826174853,0.28308695655308774,0.3116979269496545
698,0,0.23333333333333334,0.17333333333333334,0.24666666666666667,0.21666666666666667,0.23333333333333334,0.32266633271775785,0.3140557222670675,0.41273476866697206
699,0,0.46,0.45666666666666667,0.4766666666666667,0.45666666666666667,0.3433333333333333,0.4884898734525491,0.44077513243136496,0.41273476866697206
700,0,0.29,0.27,0.3233333333333333,0.24,0.20666666666666667,0.31529751450129495,0.3628137881023813,0.30956175298804783
701,0,0.44333333333333336,0.41333333333333333,0.49666666666666665,0.44333333333333336,0.36333333333333334,0.4928527737579347,0.4130223353805707,0.41273476866697206
702,1,0.4633333333333333,0.5,0.46,0.4766666666666667,0.3333333333333333,0.49645471650014317,0.4742276005211821,0.44776119402985076
703,1,0.3933333333333333,0.36333333333333334,0.3433333333333333,0.37666666666666665,0.2866666666666667,0.3452824098956457,0.2654389902967101,0.30956175298804783
704,1,0.35333333333333333,0.37,0.34,0.3566666666666667,0.20333333333333334,0.3106513825554702,0.40704701200193283,0.41273476866697206
705,1,0.36,0.4066666666666667,0.41,0.37,0.26,0.34770203980755315,0.3611758413542882,0.30956175298804783
706,1,0.43333333333333335,0.4633333333333333,0.4633333333333333,0.5033333333333333,0.36666666666666664,0.4212963709619552,0.33071287767884944,0.3116979269496545
707,0,0.43333333333333335,0.44333333333333336,0.43333333333333335,0.39666666666666667,0.38666666666666666,0.451707682168515,0.46072924408379107,0.41273476866697206
708,0,0.18333333333333332,0.17,0.15333333333333332,0.16666666666666666,0.14333333333333334,0.1677380967157875,0.22633169439061526,0.30956175298804783
709,0,0.17666666666666667,0.13666666666666666,0.13333333333333333,0.17666666666666667,0.20333333333333334,0.2208656076001759,0.2420560797680546,0.30956175298804783
710,0,0.20666666666666667,0.18666666666666668,0.17666666666666667,0.19333333333333333,0.15666666666666668,0.18081531756893457,0.18400297056385284,0.3116979269496545
711,1,0.4633333333333333,0.45,0.4033333333333333,0.43333333333333335,0.3433333333333333,0.4972496451124404,0.40875987719847573,0.41273476866697206
712,0,0.4033333333333333,0.37333333333333335,0.38333333333333336,0.4266666666666667,0.3566666666666667,0.45124174548364215,0.4179316755429005,0.41273476866697206
713,1,0.41,0.41333333333333333,0.38333333333333336,0.38333333333333336,0.44333333333333336,0.421154467481581,0.36174525868002533,0.41273476866697206
714,1,0.19,0.2733333333333333,0.22666666666666666,0.26666666666666666,0.21666666666666667,0.24574036872197802,0.2456780819468744,0.30956175298804783
715,1,0.2966666666666667,0.18,0.25333333333333335,0.26666666666666666,0.27666666666666667,0.2640104892670161,0.343348647299647,0.30956175298804783
716,0,0.2633333333333333,0.3,0.3433333333333333,0.32,0.24666666666666667,0.2496532061020174,0.32212260402482906,0.30956175298804783
717,0,0.25666666666666665,0.25666666666666665,0.2866666666666667,0.21666666666666667,0.18,0.2717237656660141,0.3010117386091318,0.30956175298804783
718,0,0.3233333333333333,0.30666666666666664,0.3,0.2866666666666667,0.15,0.2788599909339821,0.41528112676231355,0.44776119402985076
719,0,0.42,0.4266666666666667,0.4866666666666667,0.42333333333333334,0.4033333333333333,0.4221407999507427,0.31963916906679457,0.3116979269496545
720,0,0.4,0.46,0.44333333333333336,0.46,0.32666666666666666,0.38686579053040426,0.34439215762017517,0.30956175298804783
721,1,0.41,0.39,0.3933333333333333,0.41333333333333333,0.36,0.4383470214820785,0.39246059035724434,0.30956175298804783
722,0,0.25,0.25,0.28,0.23333333333333334,0.21,0.23469777751607143,0.27120804648927027,0.3116979269496545
723,0,0.22666666666666666,0.23666666666666666,0.21333333333333335,0.16,0.15,0.2005552828362441,0.21463654498066725,0.30956175298804783
724,0,0.25333333333333335,0.25,0.23,0.26666666666666666,0.17333333333333334,0.2335260402213605,0.2658422022169335,0.30956175298804783
725,0,0.26666666666666666,0.25666666666666665,0.24666666666666667,0.27666666666666667,0.23,0.2573922539350083,0.3182393012584209,0.30956175298804783
726,0,0.38666666666666666,0.32,0.36,0.32666666666666666,0.32,0.39181816009707854,0.397311733069799,0.41273476866697206
727,1,0.45666666666666667,0.38666666666666666,0.42,0.44,0.3933333333333333,0.42519878587256904,0.31691596283640194,0.3116979269496545
728,0,0.4,0.4,0.38666666666666666,0.3933333333333333,0.3933333333333333,0.4093725404085545,0.38149438406011077,0.3116979269496545
729,0,0.24333333333333335,0.26666666666666666,0.23333333333333334,0.24666666666666667,0.23333333333333334,0.23574972833359692,0.25974511844129433,0.3116979269496545
730,0,0.4266666666666667,0.4266666666666667,0.43333333333333335,0.4,0.31,0.42575813050353134,0.40875987719847573,0.41273476866697206
731,0,0.2966666666666667,0.32666666666666666,0.28,0.30333333333333334,0.19333333333333333,0.31464713202750993,0.39362625062188716,0.41273476866697206
732,0,0.2833333333333333,0.2866666666666667,0.24666666666666667,0.24666666666666667,0.15666666666666668,0.2567315164398981,0.2707699615916519,0.30956175298804783
733,0,0.3333333333333333,0.30666666666666664,0.30666666666666664,0.2733333333333333,0.25,0.3142465784123821,0.30087551651641786,0.3116979269496545
734,0,0.39666666666666667,0.39666666666666667,0.3566666666666667,0.36333333333333334,0.35333333333333333,0.3949800212006819,0.29952164753306637,0.30956175298804783
735,0,0.25333333333333335,0.3,0.2733333333333333,0.22,0.19333333333333333,0.3011201545104399,0.3673172006517484,0.44776119402985076
736,0,0.31666666666666665,0.29,0.27,0.27,0.19,0.27420282806464924,0.37725412113842144,0.3116979269496545
737,0,0.47,0.41333333333333333,0.4666666666666667,0.4,0.35,0.4810260095360022,0.40239195532506883,0.44776119402985076
738,1,0.43333333333333335,0.4066666666666667,0.4533333333333333,0.4666666666666667,0.29,0.49552122988134095,0.39846154666489075,0.30956175298804783
739,1,0.44666666666666666,0.36,0.43666666666666665,0.42,0.33,0.34547832803971995,0.2456780819468744,0.30956175298804783
740,0,0.38,0.41333333333333333,0.43,0.35333333333333333,0.44,0.39997460284596525,0.38774617140480894,0.30956175298804783
741,0,0.24,0.23333333333333334,0.19666666666666666,0.19666666666666666,0.15,0.20705646014248175,0.34175144503130056,0.30956175298804783
742,1,0.4533333333333333,0.4033333333333333,0.4033333333333333,0.37,0.37333333333333335,0.4528964660601454,0.4130223353805707,0.41273476866697206
743,1,0.31666666666666665,0.30333333333333334,0.31666666666666665,0.3566666666666667,0.27666666666666667,0.3154034572532839,0.343348647299647,0.30956175298804783
744,0,0.38333333333333336,0.39,0.35333333333333333,0.29,0.24,0.325219873518936,0.39252287690854215,0.41273476866697206
745,0,0.22333333333333333,0.2633333333333333,0.24333333333333335,0.23333333333333334,0.18,0.264166239990662,0.26216560905430975,0.3116979269496545
746,1,0.3933333333333333,0.3466666666666667,0.38,0.4066666666666667,0.3933333333333333,0.35983214041459544,0.2420560797680546,0.30956175298804783
747,0,0.31333333333333335,0.31666666666666665,0.3,0.30333333333333334,0.3233333333333333,0.2926613364871717,0.27133604964334446,0.30956175298804783
748,0,0.17,0.20666666666666667,0.22333333333333333,0.20666666666666667,0.17666666666666667,0.16921938235507683,0.21480278629638885,0.3116979269496545
749,0,0.43666666666666665,0.34,0.4,0.36333333333333334,0.31333333333333335,0.3827112808928952,0.3135244975760547,0.30956175298804783
750,0,0.23333333333333334,0.21666666666666667,0.18,0.21666666666666667,0.23666666666666666,0.22057095387209866,0.206484290327307,0.3116979269496545
751,0,0.4066666666666667,0.35,0.37333333333333335,0.38,0.2633333333333333,0.3404780905734352,0.37558940988227213,0.3116979269496545
752,1,0.21,0.2966666666666667,0.20666666666666667,0.25666666666666665,0.15333333333333332,0.22794061832425416,0.2266178463542171,0.30956175298804783
753,0,0.2733333333333333,0.35,0.30333333333333334,0.26,0.22,0.27928468739248147,0.2682138203381886,0.30956175298804783
754,0,0.45666666666666667,0.44,0.37,0.48,0.3233333333333333,0.4351854990108682,0.3615034092932721,0.3116979269496545
755,0,0.18333333333333332,0.22666666666666666,0.23,0.23666666666666666,0.19,0.21893784928974566,0.22967515813649514,0.3116979269496545
756,1,0.14666666666666667,0.16,0.16666666666666666,0.15666666666666668,0.15333333333333332,0.1857432330976553,0.2158344603515575,0.30956175298804783
757,0,0.21333333333333335,0.25333333333333335,0.25666666666666665,0.22,0.16,0.22871281459273238,0.1965178494241239,0.30956175298804783
758,0,0.23333333333333334,0.20666666666666667,0.19333333333333333,0.21333333333333335,0.22333333333333333,0.24833616758028776,0.171289897502175,0.30956175298804783
759,1,0.3233333333333333,0.3933333333333333,0.36333333333333334,0.32666666666666666,0.3,0.36730989484353804,0.3611758413542882,0.30956175298804783
760,0,0.37666666666666665,0.35,0.37333333333333335,0.37333333333333335,0.35,0.39021196906403677,0.3182393012584209,0.30956175298804783
761,1,0.2866666666666667,0.23666666666666666,0.24333333333333335,0.33,0.20333333333333334,0.29258717815127033,0.3000395162450365,0.30956175298804783
762,0,0.2866666666666667,0.33666666666666667,0.25333333333333335,0.30666666666666664,0.19666666666666666,0.2776776010712459,0.3458487075228461,0.3116979269496545
763,0,0.38333333333333336,0.39,0.42333333333333334,0.38333333333333336,0.28,0.3848113242338242,0.39846154666489075,0.30956175298804783
764,1,0.38666666666666666,0.41,0.37666666666666665,0.4033333333333333,0.36666666666666664,0.3663516209457171,0.22978973954077017,0.30956175298804783
765,0,0.23,0.22333333333333333,0.31,0.23333333333333334,0.15,0.21333076971703385,0.2841960921956115,0.3116979269496545
766,0,0.31,0.2866666666666667,0.28,0.32,0.21333333333333335,0.3035384952711614,0.30087551651641786,0.3116979269496545
767,0,0.25666666666666665,0.25,0.27666666666666667,0.21,0.17,0.234284864365259,0.2844160559732065,0.30956175298804783
768,0,0.32,0.25666666666666665,0.27,0.2833333333333333,0.18333333333333332,0.2996322293572947,0.2982420938730439,0.3116979269496545
769,0,0.23333333333333334,0.18333333333333332,0.2633333333333333,0.24666666666666667,0.12,0.17740157501416695,0.27911751369310367,0.3116979269496545
770,0,0.38,0.37666666666666665,0.4,0.3566666666666667,0.42333333333333334,0.3559048620929315,0.22978973954077017,0.30956175298804783
771,1,0.23666666666666666,0.21,0.25666666666666665,0.16,0.14666666666666667,0.23538448744572457,0.3565745840065086,0.3116979269496545
772,0,0.44333333333333336,0.39,0.37666666666666665,0.4033333333333333,0.37666666666666665,0.4718507727771519,0.37868973408918816,0.30956175298804783
773,0,0.3233333333333333,0.31,0.3233333333333333,0.26,0.20666666666666667,0.3147136113918443,0.3816471812301103,0.41273476866697206
774,1,0.32666666666666666,0.31,0.31333333333333335,0.32,0.2633333333333333,0.2906693409017266,0.3292879846413518,0.30956175298804783
775,0,0.25666666666666665,0.3333333333333333,0.33,0.32666666666666666,0.22666666666666666,0.3018003688306289,0.3444900457850189,0.30956175298804783
776,1,0.33666666666666667,0.33,0.31,0.31,0.3333333333333333,0.32873366376937624,0.2982420938730439,0.3116979269496545
777,0,0.21666666666666667,0.27666666666666667,0.23666666666666666,0.29,0.18333333333333332,0.2659463188371804,0.2982420938730439,0.3116979269496545
778,1,0.43333333333333335,0.37,0.4066666666666667,0.42,0.37,0.47276193278087963,0.40860339797254736,0.3116979269496545
779,1,0.27,0.2866666666666667,0.33666666666666667,0.26,0.19666666666666666,0.2882967790514791,0.3346180142364791,0.3116979269496545
780,1,0.47,0.37333333333333335,0.4033333333333333,0.38333333333333336,0.33666666666666667,0.47933363558890957,0.44457840458074216,0.41273476866697206
781,0,0.15333333333333332,0.17333333333333334,0.15333333333333332,0.18,0.19666666666666666,0.1534346727200964,0.1831847908110141,0.3116979269496545
782,0,0.31333333333333335,0.30666666666666664,0.34,0.30333333333333334,0.21333333333333335,0.3383378177121622,0.4290810641901563,0.41273476866697206
783,0,0.25,0.2633333333333333,0.2966666666666667,0.2833333333333333,0.23333333333333334,0.2682067835084378,0.3487920783388627,0.3116979269496545
784,0,0.43666666666666665,0.35333333333333333,0.4066666666666667,0.36333333333333334,0.37333333333333335,0.4209327808527296,0.3820766758571352,0.44776119402985076
785,0,0.29333333333333333,0.3,0.29,0.32666666666666666,0.20333333333333334,0.29579780928004246,0.3831692070384672,0.3116979269496545
786,0,0.3333333333333333,0.30666666666666664,0.35,0.31666666666666665,0.20666666666666667,0.33180798559458885,0.44981193097185174,0.44776119402985076
787,1,0.49,0.49333333333333335,0.44666666666666666,0.46,0.37666666666666665,0.4911683803076887,0.48835037304478945,0.41273476866697206
788,0,0.36666666666666664,0.4033333333333333,0.36666666666666664,0.38666666666666666,0.37333333333333335,0.3698479676709063,0.31691596283640194,0.3116979269496545
789,1,0.29333333333333333,0.22,0.25333333333333335,0.31666666666666665,0.21,0.29040120288015575,0.3597681776162071,0.3116979269496545
790,0,0.20333333333333334,0.25333333333333335,0.19666666666666666,0.17,0.21,0.24557788297764568,0.26730701966260695,0.30956175298804783
791,1,0.38333333333333336,0.3466666666666667,0.4033333333333333,0.3933333333333333,0.38666666666666666,0.4109534051037838,0.35313386099199723,0.30956175298804783
792,0,0.37666666666666665,0.35333333333333333,0.44666666666666666,0.41333333333333333,0.31666666666666665,0.37404162984296746,0.37044376527768286,0.30956175298804783
793,0,0.17666666666666667,0.24333333333333335,0.16,0.16666666666666666,0.18333333333333332,0.225887109562278,0.20854828491549748,0.3116979269496545
794,1,0.33,0.4266666666666667,0.37,0.4666666666666667,0.31666666666666665,0.37659306976573476,0.3401920052141547,0.3116979269496545
795,1,0.36,0.37333333333333335,0.38,0.4,0.33,0.33723338608406483,0.2764019529215712,0.30956175298804783
796,0,0.43666666666666665,0.43666666666666665,0.3333333333333333,0.4033333333333333,0.27,0.44469771472787467,0.33997073871670147,0.30956175298804783
797,0,0.20666666666666667,0.19,0.17333333333333334,0.16666666666666666,0.16333333333333333,0.19271975067475808,0.24990010390241893,0.3116979269496545
798,0,0.31666666666666665,0.3333333333333333,0.30333333333333334,0.36333333333333334,0.18666666666666668,0.3213882500114685,0.377091095134614,0.41273476866697206
799,1,0.32666666666666666,0.29,0.3566666666666667,0.25666666666666665,0.22333333333333333,0.32316364301805056,0.397311733069799,0.41273476866697206
800,1,0.35333333333333333,0.4066666666666667,0.37333333333333335,0.39,0.26,0.3541564238624393,0.34439215762017517,0.30956175298804783
801,0,0.33,0.33,0.31666666666666665,0.2833333333333333,0.18333333333333332,0.33400736589864427,0.4130223353805707,0.41273476866697206
802,0,0.14666666666666667,0.16333333333333333,0.21333333333333335,0.22333333333333333,0.17,0.15734656204922517,0.21371782708536402,0.30956175298804783
803,1,0.46,0.53,0.4633333333333333,0.44,0.39666666666666667,0.48875233181921485,0.4260092805566483,0.41273476866697206
804,0,0.2733333333333333,0.25333333333333335,0.23,0.18333333333333332,0.15,0.22626504900168865,0.23011193492002188,0.3116979269496545
805,0,0.47333333333333333,0.44666666666666666,0.47,0.47,0.4033333333333333,0.4610530525822922,0.39362625062188716,0.41273476866697206
806,0,0.2,0.19,0.19666666666666666,0.21,0.17,0.2284916082928924,0.3567231567417164,0.41273476866697206
807,1,0.23333333333333334,0.21,0.18333333333333332,0.19333333333333333,0.20333333333333334,0.22351589804440722,0.22882505877428921,0.30956175298804783
808,1,0.45,0.4,0.36,0.42,0.35333333333333333,0.39039063445110433,0.3325578515606118,0.3116979269496545
809,1,0.32,0.3333333333333333,0.29333333333333333,0.2733333333333333,0.28,0.2938967772613711,0.3153826644806379,0.3116979269496545
810,0,0.34,0.3933333333333333,0.36666666666666664,0.3466666666666667,0.36666666666666664,0.4049815374494001,0.37868973408918816,0.30956175298804783
811,1,0.2866666666666667,0.38,0.4,0.38,0.31666666666666665,0.3660279686613884,0.258507892553649,0.30956175298804783
812,1,0.3466666666666667,0.4,0.43333333333333335,0.4166666666666667,0.32666666666666666,0.3683284699716362,0.34439215762017517,0.30956175298804783
813,1,0.20333333333333334,0.29,0.29333333333333333,0.23666666666666666,0.19666666666666666,0.21796772626241961,0.25515038620289837,0.30956175298804783
814,1,0.26666666666666666,0.22,0.26,0.2966666666666667,0.19666666666666666,0.2895698753471313,0.36241125657677703,0.41273476866697206
815,0,0.36333333333333334,0.3566666666666667,0.33666666666666667,0.43666666666666665,0.39666666666666667,0.36829679308532315,0.2607960692755358,0.3116979269496545
816,0,0.39,0.35,0.35333333333333333,0.31,0.25,0.34963630857043665,0.38606386391656694,0.30956175298804783
817,0,0.36333333333333334,0.36666666666666664,0.4633333333333333,0.3333333333333333,0.24333333333333335,0.35710348481233933,0.3064607640164814,0.30956175298804783
818,0,0.39,0.43,0.3933333333333333,0.39666666666666667,0.2633333333333333,0.42040178363363473,0.465755693342288,0.41273476866697206
819,0,0.33,0.33,0.3433333333333333,0.31,0.18333333333333332,0.2854572949244922,0.33741819416368457,0.3116979269496545
820,0,0.4533333333333333,0.36666666666666664,0.41,0.38666666666666666,0.29333333333333333,0.396712268563949,0.3816471812301103,0.41273476866697206
821,0,0.5033333333333333,0.43,0.45666666666666667,0.3933333333333333,0.43333333333333335,0.47987556787796004,0.46233084685587217,0.44776119402985076
822,1,0.4533333333333333,0.4,0.4,0.39666666666666667,0.37,0.43767492040701805,0.41346352943092124,0.44776119402985076
823,1,0.2733333333333333,0.2833333333333333,0.32,0.3466666666666667,0.25333333333333335,0.2945378582351471,0.32212260402482906,0.30956175298804783
824,1,0.47333333333333333,0.49,0.46,0.43666666666666665,0.37,0.4968185667258587,0.5093898526520293,0.44776119402985076
825,0,0.4533333333333333,0.41333333333333333,0.39,0.4066666666666667,0.3933333333333333,0.3908079318692848,0.37868973408918816,0.30956175298804783
826,1,0.15,0.16333333333333333,0.17,0.16333333333333333,0.20333333333333334,0.15771841816120333,0.20165370953749887,0.3116979269496545
827,0,0.4666666666666667,0.42333333333333334,0.49666666666666665,0.45666666666666667,0.3333333333333333,0.4768889650604567,0.4342747988897817,0.44776119402985076
828,0,0.2733333333333333,0.30666666666666664,0.28,0.30666666666666664,0.27,0.2940254975601269,0.22967515813649514,0.3116979269496545
829,0,0.48,0.4266666666666667,0.36666666666666664,0.44666666666666666,0.27,0.4033403446655218,0.3954571316681382,0.30956175298804783
830,1,0.37,0.29,0.2733333333333333,0.3,0.19333333333333333,0.31634230805138025,0.3182393012584209,0.30956175298804783
831,1,0.26666666666666666,0.33666666666666667,0.2966666666666667,0.29,0.17333333333333334,0.2553854599486844,0.33071287767884944,0.3116979269496545
832,0,0.38,0.4,0.4066666666666667,0.35,0.4066666666666667,0.426794239749533,0.41528112676231355,0.44776119402985076
833,1,0.32,0.42,0.3433333333333333,0.37666666666666665,0.23333333333333334,0.3455195148885675,0.35991733667263565,0.30956175298804783
834,0,0.39,0.4166666666666667,0.4266666666666667,0.43,0.35333333333333333,0.4342737934516433,0.39362625062188716,0.41273476866697206
835,0,0.4766666666666667,0.39,0.4266666666666667,0.43333333333333335,0.4,0.4799406758978422,0.397311733069799,0.41273476866697206
836,0,0.3,0.2733333333333333,0.24,0.26666666666666666,0.15,0.23239525502585526,0.3155224904430737,0.30956175298804783
837,0,0.18666666666666668,0.22333333333333333,0.24333333333333335,0.22,0.22333333333333333,0.2629775089703611,0.3107443377160778,0.30956175298804783
838,0,0.2966666666666667,0.25333333333333335,0.28,0.29,0.13666666666666666,0.2452966946214971,0.343348647299647,0.30956175298804783
839,0,0.3933333333333333,0.3466666666666667,0.3433333333333333,0.3433333333333333,0.38,0.4079159771575736,0.33741819416368457,0.3116979269496545
840,1,0.51,0.4166666666666667,0.48333333333333334,0.4666666666666667,0.37,0.45841836160119886,0.4130223353805707,0.41273476866697206
841,0,0.3,0.3233333333333333,0.35333333333333333,0.31,0.18333333333333332,0.3013107741614089,0.3597681776162071,0.3116979269496545
842,0,0.22333333333333333,0.26666666666666666,0.24333333333333335,0.18666666666666668,0.19666666666666666,0.21071850696083322,0.23876735769450416,0.30956175298804783
843,1,0.19666666666666666,0.2,0.23666666666666666,0.22666666666666666,0.19,0.19930976758794666,0.19667357165131327,0.3116979269496545
844,0,0.3,0.23666666666666666,0.24,0.25,0.17,0.26690436037890264,0.40704701200193283,0.41273476866697206
845,0,0.4633333333333333,0.4766666666666667,0.4066666666666667,0.42,0.31333333333333335,0.44273621157421933,0.39362625062188716,0.41273476866697206
846,0,0.4533333333333333,0.4666666666666667,0.44333333333333336,0.4633333333333333,0.39,0.43872421735257977,0.3473297142104878,0.41273476866697206
847,0,0.2966666666666667,0.38333333333333336,0.33666666666666667,0.33666666666666667,0.23666666666666666,0.29247556241722866,0.4099829589187594,0.41273476866697206
848,0,0.44,0.42333333333333334,0.48333333333333334,0.41,0.31666666666666665,0.44962209095716227,0.39937758065894224,0.3116979269496545
849,1,0.43333333333333335,0.38666666666666666,0.38666666666666666,0.36,0.31666666666666665,0.37112951290875335,0.27554191772637043,0.3116979269496545
850,0,0.32666666666666666,0.3566666666666667,0.3333333333333333,0.34,0.22333333333333333,0.33338992226960573,0.32212260402482906,0.30956175298804783
851,1,0.36666666666666664,0.36333333333333334,0.4766666666666667,0.41,0.32,0.4070163868418594,0.35991733667263565,0.30956175298804783
852,1,0.43666666666666665,0.4633333333333333,0.4633333333333333,0.39,0.32,0.4335709439452847,0.4703854952295494,0.44776119402985076
853,0,0.20666666666666667,0.23,0.22333333333333333,0.17666666666666667,0.23,0.2160932749701139,0.19764008992835527,0.30956175298804783
854,0,0.2833333333333333,0.32666666666666666,0.25333333333333335,0.2833333333333333,0.18,0.2723920734158766,0.3237680855205149,0.30956175298804783
855,0,0.25666666666666665,0.28,0.2866666666666667,0.28,0.26,0.2954425826737891,0.34279263517717123,0.30956175298804783
856,1,0.43333333333333335,0.4633333333333333,0.45,0.4633333333333333,0.35,0.46030176011880425,0.4379036516461264,0.3116979269496545
857,1,0.31666666666666665,0.4666666666666667,0.44666666666666666,0.39,0.38,0.39583614685538293,0.34439215762017517,0.30956175298804783
858,0,0.35,0.3466666666666667,0.4033333333333333,0.41,0.30666666666666664,0.3679126111074243,0.3816471812301103,0.41273476866697206
859,0,0.37,0.38666666666666666,0.4033333333333333,0.39666666666666667,0.3233333333333333,0.35949061881726574,0.28572949747963944,0.3116979269496545
860,0,0.26666666666666666,0.2633333333333333,0.20333333333333334,0.27,0.25333333333333335,0.2829978728474047,0.3473297142104878,0.41273476866697206
861,0,0.22333333333333333,0.24333333333333335,0.25666666666666665,0.25333333333333335,0.17666666666666667,0.2103702537498282,0.22650438144496357,0.3116979269496545
862,0,0.26,0.20666666666666667,0.21666666666666667,0.20666666666666667,0.19333333333333333,0.2432846746409668,0.225578886062491,0.3116979269496545
863,1,0.43,0.44,0.51,0.4,0.2966666666666667,0.4501438755892627,0.4342747988897817,0.44776119402985076
864,0,0.26666666666666666,0.25333333333333335,0.25333333333333335,0.29,0.15666666666666668,0.28844100068057854,0.397311733069799,0.41273476866697206
865,0,0.24,0.19333333333333333,0.25666666666666665,0.22333333333333333,0.14666666666666667,0.2518355522482963,0.2828869077859674,0.30956175298804783
866,0,0.32,0.38,0.37666666666666665,0.30666666666666664,0.2733333333333333,0.3768396837277129,0.39846154666489075,0.30956175298804783
867,0,0.19666666666666666,0.20333333333333334,0.2,0.21333333333333335,0.16,0.17125132759192038,0.24335960737354914,0.30956175298804783
868,0,0.3,0.2833333333333333,0.3,0.30333333333333334,0.22666666666666666,0.26518596073130296,0.3237680855205149,0.30956175298804783
869,1,0.48,0.4766666666666667,0.49333333333333335,0.44666666666666666,0.38666666666666666,0.4683242504274646,0.4394072121817234,0.41273476866697206
870,1,0.47333333333333333,0.4533333333333333,0.46,0.47333333333333333,0.3566666666666667,0.4632517734900653,0.40239195532506883,0.44776119402985076
871,0,0.32,0.32,0.36,0.32,0.22,0.32225993187590307,0.3816471812301103,0.41273476866697206
872,1,0.20666666666666667,0.23666666666666666,0.27666666666666667,0.2733333333333333,0.19333333333333333,0.22649534354037298,0.26829891699382147,0.30956175298804783
873,0,0.31333333333333335,0.21,0.23333333333333334,0.26666666666666666,0.22666666666666666,0.32806306186595663,0.4083390375486163,0.41273476866697206
874,0,0.24333333333333335,0.23666666666666666,0.21333333333333335,0.25333333333333335,0.15333333333333332,0.25024563515838655,0.34279263517717123,0.30956175298804783
875,1,0.20666666666666667,0.21333333333333335,0.2833333333333333,0.24666666666666667,0.19333333333333333,0.30168721453048886,0.3254106071314631,0.30956175298804783
876,0,0.3933333333333333,0.48,0.44666666666666666,0.4533333333333333,0.31,0.42838102112488075,0.3597681776162071,0.3116979269496545
877,0,0.2733333333333333,0.2833333333333333,0.2633333333333333,0.2966666666666667,0.2,0.2554659367683812,0.26437602111863706,0.30956175298804783
878,0,0.3566666666666667,0.36666666666666664,0.4033333333333333,0.37666666666666665,0.36333333333333334,0.3423829180841617,0.2720443426868134,0.3116979269496545
879,0,0.31666666666666665,0.30333333333333334,0.33,0.31,0.17333333333333334,0.3547286703218928,0.3816471812301103,0.41273476866697206
880,0,0.17333333333333334,0.15,0.21666666666666667,0.14333333333333334,0.18,0.1946819550850235,0.21344346852935328,0.30956175298804783
881,0,0.4266666666666667,0.44666666666666666,0.4533333333333333,0.43333333333333335,0.37666666666666665,0.4991334234633081,0.4394072121817234,0.41273476866697206
882,0,0.2633333333333333,0.30666666666666664,0.28,0.2966666666666667,0.18666666666666668,0.25069508238494037,0.23104734654724154,0.30956175298804783
883,0,0.27,0.26,0.25,0.24666666666666667,0.17333333333333334,0.23396580141156492,0.24436614645033658,0.30956175298804783
884,1,0.4,0.39666666666666667,0.41,0.41,0.25666666666666665,0.3778307929223875,0.44560386592666046,0.3116979269496545
885,1,0.33,0.27666666666666667,0.2866666666666667,0.2866666666666667,0.22666666666666666,0.28069576703741916,0.39063461817972656,0.30956175298804783
886,1,0.3933333333333333,0.43,0.36333333333333334,0.44333333333333336,0.4,0.406650061793883,0.39252287690854215,0.41273476866697206
887,1,0.2866666666666667,0.3566666666666667,0.35,0.31,0.2,0.3264497368223767,0.39362625062188716,0.41273476866697206
888,0,0.3433333333333333,0.4,0.3566666666666667,0.43,0.33,0.39513396151184466,0.31963916906679457,0.3116979269496545
889,0,0.44,0.44666666666666666,0.43333333333333335,0.39,0.3933333333333333,0.4351232381328524,0.3831692070384672,0.3116979269496545
890,0,0.35333333333333333,0.35333333333333333,0.36333333333333334,0.41333333333333333,0.26666666666666666,0.37432764288240417,0.4361587535353778,0.3116979269496545
891,0,0.42,0.39,0.38,0.43333333333333335,0.36333333333333334,0.3816262776121075,0.3566313453258927,0.30956175298804783
892,1,0.2866666666666667,0.22333333333333333,0.2733333333333333,0.2833333333333333,0.14333333333333334,0.23998706789197183,0.37868973408918816,0.30956175298804783
893,0,0.33,0.38333333333333336,0.33666666666666667,0.3466666666666667,0.25666666666666665,0.33120127874520633,0.3442459722794777,0.3116979269496545
894,0,0.26,0.32666666666666666,0.3466666666666667,0.37,0.20666666666666667,0.26650191985993216,0.35587486063136986,0.30956175298804783
895,0,0.21333333333333335,0.22666666666666666,0.18333333333333332,0.22666666666666666,0.16666666666666666,0.22968280935259655,0.2671802202765006,0.3116979269496545
896,0,0.26,0.26666666666666666,0.2966666666666667,0.27,0.19,0.26093594253706953,0.3265220259911379,0.30956175298804783
897,0,0.30666666666666664,0.3233333333333333,0.30666666666666664,0.29333333333333333,0.16333333333333333,0.30360504310678943,0.39516551956293205,0.3116979269496545
898,0,0.35,0.32666666666666666,0.37666666666666665,0.31333333333333335,0.24333333333333335,0.3171686189555598,0.363234538340147,0.3116979269496545
899,0,0.3333333333333333,0.23,0.31,0.31,0.31,0.28219309928883857,0.22978973954077017,0.30956175298804783
900,0,0.49333333333333335,0.4866666666666667,0.45,0.45666666666666667,0.3,0.4295398697260679,0.39937758065894224,0.3116979269496545
901,0,0.31,0.3,0.25333333333333335,0.25,0.15666666666666668,0.27783218552075684,0.44457840458074216,0.41273476866697206
902,1,0.2833333333333333,0.22,0.2633333333333333,0.24333333333333335,0.2,0.2858462588950727,0.2999035453553887,0.3116979269496545
903,0,0.23333333333333334,0.26,0.20333333333333334,0.22,0.15666666666666668,0.23327156727979653,0.3153826644806379,0.3116979269496545
904,1,0.38666666666666666,0.4033333333333333,0.44,0.39,0.35333333333333333,0.40915388911997225,0.3831692070384672,0.3116979269496545
905,1,0.15666666666666668,0.16666666666666666,0.19333333333333333,0.20333333333333334,0.17333333333333334,0.1556710251974662,0.22871081555618422,0.3116979269496545
906,0,0.37,0.42333333333333334,0.36,0.38666666666666666,0.26,0.36260484019564765,0.3894311596311012,0.30956175298804783
907,1,0.4666666666666667,0.37,0.3466666666666667,0.4533333333333333,0.37,0.4259389855176407,0.40239195532506883,0.44776119402985076
908,0,0.2833333333333333,0.32,0.3333333333333333,0.3,0.27666666666666667,0.3066522154412739,0.33557702861399563,0.30956175298804783
909,0,0.48333333333333334,0.5,0.45,0.4066666666666667,0.38,0.4855148480226911,0.3816471812301103,0.41273476866697206
910,0,0.38,0.34,0.4033333333333333,0.37333333333333335,0.4166666666666667,0.40257992036329665,0.3182393012584209,0.30956175298804783
911,1,0.29,0.2966666666666667,0.31,0.32,0.2966666666666667,0.2964078879561343,0.2828869077859674,0.30956175298804783
912,0,0.21,0.23,0.28,0.18,0.22666666666666666,0.2664224867399253,0.2819496125243816,0.30956175298804783
913,1,0.15,0.22,0.17333333333333334,0.20666666666666667,0.17333333333333334,0.17739026901019436,0.29562197411999624,0.3116979269496545
914,0,0.26,0.20333333333333334,0.23,0.2833333333333333,0.23666666666666666,0.248234359929398,0.25974511844129433,0.3116979269496545
915,0,0.2833333333333333,0.31333333333333335,0.2733333333333333,0.30333333333333334,0.25,0.2747624182130815,0.22978973954077017,0.30956175298804783
916,0,0.26666666666666666,0.35,0.26666666666666666,0.32,0.16,0.2774794824047248,0.3459467912318027,0.3116979269496545
917,1,0.42,0.42333333333333334,0.48333333333333334,0.46,0.30333333333333334,0.44873711006719325,0.33741819416368457,0.3116979269496545
918,0,0.3,0.28,0.29,0.2633333333333333,0.19,0.2716568528187096,0.3473297142104878,0.41273476866697206
919,0,0.30333333333333334,0.27666666666666667,0.3233333333333333,0.31666666666666665,0.33,0.32820602501353274,0.3346180142364791,0.3116979269496545
920,0,0.41,0.37666666666666665,0.41,0.36666666666666664,0.28,0.35683446947019354,0.29972854310201813,0.3116979269496545
921,0,0.3333333333333333,0.2866666666666667,0.35,0.3233333333333333,0.18666666666666668,0.26894742740823835,0.31173579880144686,0.30956175298804783
922,0,0.38,0.43333333333333335,0.4166666666666667,0.5166666666666667,0.29,0.3973217017788601,0.38918208699174034,0.3116979269496545
923,0,0.17,0.25,0.17666666666666667,0.21666666666666667,0.10333333333333333,0.17890041391305514,0.31420524272400646,0.3116979269496545
924,1,0.44666666666666666,0.39666666666666667,0.43333333333333335,0.4,0.3566666666666667,0.4391043866110034,0.44981193097185174,0.44776119402985076
925,0,0.2966666666666667,0.31333333333333335,0.32666666666666666,0.25,0.22666666666666666,0.31729208746221127,0.34279263517717123,0.30956175298804783
926,1,0.4666666666666667,0.44666666666666666,0.43,0.4066666666666667,0.35333333333333333,0.4443435894767536,0.42837486405519865,0.41273476866697206
927,0,0.17333333333333334,0.17333333333333334,0.21333333333333335,0.2,0.14333333333333334,0.19348103458895907,0.2967598924201843,0.3116979269496545
928,0,0.21333333333333335,0.19,0.21666666666666667,0.18666666666666668,0.16666666666666666,0.19828135020724674,0.31963916906679457,0.3116979269496545
929,1,0.25666666666666665,0.29,0.25,0.23666666666666666,0.14666666666666667,0.24754687660575647,0.34119667545050525,0.30956175298804783
930,1,0.44666666666666666,0.5166666666666667,0.49333333333333335,0.45,0.32666666666666666,0.47257398998972167,0.4687803174063907,0.41273476866697206
931,1,0.23333333333333334,0.29333333333333333,0.2633333333333333,0.3,0.15,0.21765896057123713,0.3554046502608729,0.30956175298804783
932,0,0.49666666666666665,0.45,0.48333333333333334,0.49,0.4033333333333333,0.5171328627478998,0.4719069506020713,0.41273476866697206
933,1,0.34,0.24666666666666667,0.3466666666666667,0.3333333333333333,0.3333333333333333,0.3151679321171471,0.343348647299647,0.30956175298804783
934,1,0.36333333333333334,0.37333333333333335,0.37,0.42333333333333334,0.3466666666666667,0.37883163717288654,0.30087551651641786,0.3116979269496545
935,0,0.4666666666666667,0.44,0.42,0.37,0.37666666666666665,0.40551366778808895,0.38020721752063114,0.3116979269496545
936,0,0.29,0.31,0.29,0.28,0.17333333333333334,0.30684934212755344,0.3570310519654789,0.30956175298804783
937,0,0.22666666666666666,0.24666666666666667,0.26666666666666666,0.24666666666666667,0.21333333333333335,0.20402272970771404,0.2843278338295616,0.30956175298804783
938,1,0.49,0.45,0.44,0.44333333333333336,0.32,0.508542239017024,0.4876299420389655,0.41273476866697206
939,0,0.33666666666666667,0.32666666666666666,0.36,0.41333333333333333,0.3466666666666667,0.40071821656947,0.37651177178499173,0.41273476866697206
940,0,0.39,0.43,0.42333333333333334,0.3933333333333333,0.33666666666666667,0.39951662735240157,0.3415639371247822,0.30956175298804783
941,1,0.22666666666666666,0.2633333333333333,0.22666666666666666,0.27,0.13,0.19424831890856759,0.21371782708536402,0.30956175298804783
942,0,0.32666666666666666,0.27,0.3233333333333333,0.34,0.23666666666666666,0.31599128009935995,0.2780543207795998,0.3116979269496545
943,0,0.22,0.19333333333333333,0.19333333333333333,0.2,0.13,0.22586699869000768,0.2982420938730439,0.3116979269496545
944,0,0.49666666666666665,0.44333333333333336,0.42,0.52,0.34,0.4439801157997719,0.41458559408233364,0.44776119402985076
945,0,0.39,0.38666666666666666,0.39,0.42333333333333334,0.33666666666666667,0.35969097223371327,0.3265220259911379,0.30956175298804783
946,0,0.37,0.42333333333333334,0.45,0.43333333333333335,0.36,0.40502946477696133,0.39216975449707797,0.3116979269496545
947,0,0.27,0.24,0.29,0.31,0.15333333333333332,0.2937394185845082,0.3182393012584209,0.30956175298804783
948,0,0.36666666666666664,0.3233333333333333,0.32666666666666666,0.27666666666666667,0.20666666666666667,0.36025476046382743,0.4183319323357755,0.44776119402985076
949,0,0.21666666666666667,0.27666666666666667,0.28,0.27666666666666667,0.19,0.2992201339692825,0.3628137881023813,0.30956175298804783
950,1,0.3233333333333333,0.3566666666666667,0.3,0.31666666666666665,0.17,0.3304704033990107,0.3816471812301103,0.41273476866697206
951,1,0.19333333333333333,0.18,0.19666666666666666,0.18333333333333332,0.17,0.16248326261725832,0.24324039645310405,0.3116979269496545
952,0,0.4,0.49333333333333335,0.49333333333333335,0.43333333333333335,0.37,0.3956205905157109,0.3816471812301103,0.41273476866697206
953,1,0.2733333333333333,0.31333333333333335,0.29,0.25,0.17666666666666667,0.3225372551899865,0.42837486405519865,0.41273476866697206
954,0,0.43666666666666665,0.43333333333333335,0.4033333333333333,0.4266666666666667,0.4166666666666667,0.44644128553101675,0.4085067133785404,0.3116979269496545
955,0,0.41,0.4,0.4533333333333333,0.39,0.43333333333333335,0.37644334985017874,0.3292879846413518,0.30956175298804783
956,0,0.43333333333333335,0.44,0.41,0.4266666666666667,0.2966666666666667,0.3916186272659422,0.3290526014114758,0.3116979269496545
957,0,0.24,0.20333333333333334,0.23,0.20333333333333334,0.19333333333333333,0.23133669862054818,0.2476754951905126,0.30956175298804783
958,0,0.35,0.34,0.33,0.35333333333333333,0.26666666666666666,0.34590248443652594,0.3831692070384672,0.3116979269496545
959,0,0.25333333333333335,0.27666666666666667,0.20333333333333334,0.2633333333333333,0.17666666666666667,0.26867006461605325,0.33270159171644675,0.41273476866697206
960,0,0.27,0.30333333333333334,0.2866666666666667,0.27666666666666667,0.18,0.22662399684272375,0.27891917867460964,0.30956175298804783
961,1,0.4033333333333333,0.43,0.46,0.43333333333333335,0.33666666666666667,0.44218451511480583,0.3182393012584209,0.30956175298804783
962,0,0.25666666666666665,0.30666666666666664,0.31333333333333335,0.27666666666666667,0.18333333333333332,0.2883506469582109,0.3568824221379889,0.3116979269496545
963,1,0.41,0.4166666666666667,0.38,0.3566666666666667,0.4066666666666667,0.38865304298087167,0.3292879846413518,0.30956175298804783
964,1,0.37333333333333335,0.39,0.38,0.4166666666666667,0.33666666666666667,0.4047744121821267,0.3628137881023813,0.30956175298804783
965,0,0.25666666666666665,0.22333333333333333,0.23333333333333334,0.20333333333333334,0.2,0.21538828829199905,0.25673551697922925,0.30956175298804783
966,0,0.23666666666666666,0.23666666666666666,0.22333333333333333,0.24,0.18666666666666668,0.18499308582332374,0.29972854310201813,0.3116979269496545
967,0,0.18,0.21333333333333335,0.24,0.23666666666666666,0.18333333333333332,0.2140966581946883,0.266697457259675,0.3116979269496545
968,0,0.35,0.32,0.33666666666666667,0.27,0.22,0.30937535670408095,0.3444900457850189,0.30956175298804783
969,0,0.20333333333333334,0.18666666666666668,0.19333333333333333,0.17666666666666667,0.15666666666666668,0.17393126398455416,0.24093757855299172,0.3116979269496545
970,1,0.25333333333333335,0.24,0.23333333333333334,0.2633333333333333,0.18,0.21976373795865342,0.2803477954756618,0.30956175298804783
971,1,0.4266666666666667,0.46,0.42333333333333334,0.44666666666666666,0.4066666666666667,0.43994536809864926,0.3346180142364791,0.3116979269496545
972,0,0.26666666666666666,0.25,0.26,0.25,0.16666666666666666,0.2819470715547265,0.3182393012584209,0.30956175298804783
973,0,0.23333333333333334,0.22666666666666666,0.25666666666666665,0.22,0.24,0.2457615333792066,0.23104734654724154,0.30956175298804783
974,1,0.37333333333333335,0.4033333333333333,0.31333333333333335,0.36333333333333334,0.30666666666666664,0.3559463563537791,0.35828511348270264,0.30956175298804783
975,1,0.4533333333333333,0.4066666666666667,0.37333333333333335,0.37,0.3233333333333333,0.40022011530146984,0.3270098637488895,0.3116979269496545
976,0,0.34,0.36333333333333334,0.38666666666666666,0.43666666666666665,0.31333333333333335,0.359217275995159,0.2983776325313001,0.30956175298804783
977,0,0.3933333333333333,0.35333333333333333,0.3466666666666667,0.3566666666666667,0.33,0.3889713641039745,0.3155224904430737,0.30956175298804783
978,1,0.20333333333333334,0.22666666666666666,0.24333333333333335,0.23666666666666666,0.18666666666666668,0.21073015540820705,0.25277247576442,0.30956175298804783
979,0,0.28,0.23666666666666666,0.24666666666666667,0.30666666666666664,0.16,0.20900329549490962,0.31420524272400646,0.3116979269496545
980,0,0.15666666666666668,0.18,0.17,0.2,0.16333333333333333,0.17586330888603616,0.28178087017688846,0.30956175298804783
981,0,0.43,0.37666666666666665,0.39,0.39,0.3433333333333333,0.4300707124612702,0.30087551651641786,0.3116979269496545
982,0,0.29333333333333333,0.3433333333333333,0.32,0.30666666666666664,0.31333333333333335,0.34240286888232496,0.40860339797254736,0.3116979269496545
983,0,0.44666666666666666,0.4766666666666667,0.44333333333333336,0.47333333333333333,0.37666666666666665,0.417696965899721,0.3444900457850189,0.30956175298804783
984,0,0.3433333333333333,0.36666666666666664,0.3333333333333333,0.31333333333333335,0.25666666666666665,0.3188875346217205,0.2787889668742012,0.3116979269496545
985,0,0.16,0.2,0.22333333333333333,0.26,0.2,0.24889059154862386,0.1965178494241239,0.30956175298804783
986,0,0.16666666666666666,0.15,0.19,0.19666666666666666,0.15333333333333332,0.13703153999923867,0.146435805564273,0.25
987,1,0.35333333333333333,0.3933333333333333,0.39666666666666667,0.3233333333333333,0.25666666666666665,0.35779214051293173,0.38774617140480894,0.30956175298804783
988,1,0.26666666666666666,0.24,0.28,0.3,0.16666666666666666,0.267198665037985,0.397311733069799,0.41273476866697206
989,0,0.21,0.21666666666666667,0.22333333333333333,0.18,0.16666666666666666,0.20125013368296277,0.29428179420275896,0.30956175298804783
990,0,0.31666666666666665,0.30666666666666664,0.29333333333333333,0.31333333333333335,0.2633333333333333,0.34214129913574903,0.35230167287402275,0.44776119402985076
991,0,0.33666666666666667,0.2966666666666667,0.34,0.24666666666666667,0.21666666666666667,0.2860458612101876,0.26216560905430975,0.3116979269496545
992,1,0.32,0.2966666666666667,0.24333333333333335,0.2866666666666667,0.23333333333333334,0.2861826712571339,0.28697732128335857,0.30956175298804783
993,0,0.4766666666666667,0.4766666666666667,0.46,0.4033333333333333,0.43,0.48558120120180986,0.45187438300411653,0.41273476866697206
994,0,0.41333333333333333,0.3933333333333333,0.38,0.35,0.38666666666666666,0.4071290155063042,0.3238556953200045,0.30956175298804783
995,0,0.4666666666666667,0.48333333333333334,0.5133333333333333,0.48,0.32,0.4588973444129724,0.4394072121817234,0.41273476866697206
996,0,0.24333333333333335,0.25,0.24666666666666667,0.23333333333333334,0.16,0.23216673916924496,0.27120804648927027,0.3116979269496545
997,0,0.38666666666666666,0.4633333333333333,0.43666666666666665,0.48,0.38333333333333336,0.4412251298570786,0.4166043772610792,0.30956175298804783
998,0,0.42,0.38333333333333336,0.36666666666666664,0.38666666666666666,0.30666666666666664,0.4289815852353199,0.27369586218323716,0.3116979269496545
999,0,0.41333333333333333,0.45666666666666667,0.42,0.43,0.3933333333333333,0.43468400586817924,0.3628137881023813,0.30956175298804783
1000,0,0.20666666666666667,0.2733333333333333,0.18666666666666668,0.27666666666666667,0.16333333333333333,0.1926579723522099,0.3155224904430737,0.30956175298804783
1001,1,0.43,0.41333333333333333,0.47333333333333333,0.42,0.3233333333333333,0.4196922050061161,0.2843278338295616,0.30956175298804783
1002,0,0.38666666666666666,0.49666666666666665,0.38,0.45666666666666667,0.3433333333333333,0.42892807893007934,0.4425665082963628,0.30956175298804783
1003,0,0.44,0.48,0.47,0.47,0.30333333333333334,0.4630482969439877,0.4099829589187594,0.41273476866697206
1004,0,0.25666666666666665,0.3333333333333333,0.33666666666666667,0.33666666666666667,0.16,0.2995791776102428,0.3415639371247822,0.30956175298804783
1005,0,0.4266666666666667,0.38,0.38333333333333336,0.4066666666666667,0.41,0.42015018885663974,0.36241125657677703,0.41273476866697206
1006,1,0.2733333333333333,0.24333333333333335,0.24666666666666667,0.25666666666666665,0.17,0.22846068409316633,0.2828869077859674,0.30956175298804783
1007,0,0.18,0.15666666666666668,0.19,0.19,0.13,0.18170862917434127,0.21344346852935328,0.30956175298804783
1008,1,0.35,0.3,0.31,0.2733333333333333,0.31,0.3153837576250656,0.3217660309423377,0.30956175298804783
1009,0,0.19333333333333333,0.24333333333333335,0.27666666666666667,0.24333333333333335,0.19666666666666666,0.21913630696374314,0.2037219414178722,0.30956175298804783
1010,1,0.3333333333333333,0.36333333333333334,0.39,0.36333333333333334,0.29,0.3499783827287241,0.34279263517717123,0.30956175298804783
1011,1,0.21,0.21666666666666667,0.26666666666666666,0.23666666666666666,0.23333333333333334,0.25829141734904343,0.31281823101323813,0.30956175298804783
1012,0,0.25666666666666665,0.23666666666666666,0.2866666666666667,0.18,0.15666666666666668,0.1944846670840809,0.24335960737354914,0.30956175298804783
1013,0,0.43666666666666665,0.45666666666666667,0.37,0.38333333333333336,0.3466666666666667,0.42620060186206293,0.37868973408918816,0.30956175298804783
1014,0,0.23666666666666666,0.21,0.21333333333333335,0.22666666666666666,0.26666666666666666,0.2289801188586712,0.19764008992835527,0.30956175298804783
1015,0,0.25333333333333335,0.2,0.25,0.25666666666666665,0.19,0.24739489899309428,0.33823620238010504,0.3116979269496545
1016,0,0.45666666666666667,0.4066666666666667,0.4066666666666667,0.4166666666666667,0.36333333333333334,0.44828329275097495,0.46072924408379107,0.41273476866697206
1017,0,0.15666666666666668,0.18333333333333332,0.11333333333333333,0.13333333333333333,0.13666666666666666,0.15309147671544177,0.16942453102094934,0.3116979269496545
1018,1,0.5066666666666667,0.42333333333333334,0.43666666666666665,0.4766666666666667,0.38,0.5084175315689112,0.5040982574997558,0.41273476866697206
1019,0,0.31333333333333335,0.30666666666666664,0.33,0.2966666666666667,0.31666666666666665,0.2600180338541695,0.21463654498066725,0.30956175298804783
1020,0,0.27,0.24333333333333335,0.2633333333333333,0.24,0.2,0.2758614956758755,0.31281823101323813,0.30956175298804783
1021,0,0.38333333333333336,0.4,0.37666666666666665,0.38333333333333336,0.32666666666666666,0.3613452166197775,0.3597681776162071,0.3116979269496545
1022,0,0.38666666666666666,0.35,0.4166666666666667,0.38666666666666666,0.23333333333333334,0.36309628823526435,0.39431030473655837,0.41273476866697206
1023,0,0.4,0.42,0.37333333333333335,0.39666666666666667,0.33,0.4300838099835451,0.33997073871670147,0.30956175298804783
1024,0,0.24666666666666667,0.26666666666666666,0.25,0.24333333333333335,0.11,0.21001803370658562,0.25434787825513,0.30956175298804783
1025,0,0.24666666666666667,0.16333333333333333,0.20666666666666667,0.19,0.2,0.18417146515171173,0.2285369433340191,0.30956175298804783
1026,1,0.4066666666666667,0.49333333333333335,0.3933333333333333,0.4166666666666667,0.37,0.4345988678828571,0.31281823101323813,0.30956175298804783
1027,0,0.29333333333333333,0.23666666666666666,0.24,0.24666666666666667,0.2,0.2715237614178446,0.3051153673461711,0.3116979269496545
1028,0,0.34,0.37666666666666665,0.48,0.4,0.3466666666666667,0.39134324802034476,0.3628137881023813,0.30956175298804783
1029,0,0.24,0.30333333333333334,0.25666666666666665,0.29,0.16333333333333333,0.25642576833907177,0.2841960921956115,0.3116979269496545
1030,0,0.25666666666666665,0.23666666666666666,0.23333333333333334,0.22333333333333333,0.2,0.27861415110727766,0.29952164753306637,0.30956175298804783
1031,0,0.15333333333333332,0.16,0.18333333333333332,0.15666666666666668,0.12666666666666668,0.1751241937721006,0.18400297056385284,0.3116979269496545
1032,1,0.48333333333333334,0.45666666666666667,0.45666666666666667,0.5466666666666666,0.38666666666666666,0.48738648340021856,0.4392477169016392,0.44776119402985076
1033,1,0.41333333333333333,0.43333333333333335,0.4533333333333333,0.49666666666666665,0.3,0.4371194518390011,0.4534710883317292,0.44776119402985076
1034,0,0.2966666666666667,0.34,0.2833333333333333,0.3333333333333333,0.2,0.28029076253186586,0.3473297142104878,0.41273476866697206
1035,1,0.2866666666666667,0.31,0.2866666666666667,0.27,0.24666666666666667,0.3130960645121178,0.3182393012584209,0.30956175298804783
1036,0,0.25333333333333335,0.27,0.28,0.2733333333333333,0.13,0.20935561059267438,0.2642501106408933,0.3116979269496545
1037,0,0.4,0.4033333333333333,0.4,0.38333333333333336,0.3433333333333333,0.42652388358356824,0.3023694355615828,0.3116979269496545
1038,1,0.31666666666666665,0.34,0.33666666666666667,0.38666666666666666,0.26666666666666666,0.3222917213814107,0.35828511348270264,0.30956175298804783
1039,0,0.37,0.42333333333333334,0.3466666666666667,0.35333333333333333,0.2866666666666667,0.36958033322757516,0.41488170695416987,0.30956175298804783
1040,0,0.45666666666666667,0.4066666666666667,0.46,0.47333333333333333,0.43333333333333335,0.47147201097273916,0.4130223353805707,0.41273476866697206
1041,0,0.2966666666666667,0.38,0.38,0.35,0.33,0.32627785194059317,0.25515038620289837,0.30956175298804783
1042,0,0.41,0.37666666666666665,0.44666666666666666,0.4266666666666667,0.3433333333333333,0.4082351444705519,0.4210105389333935,0.41273476866697206
1043,0,0.35333333333333333,0.2866666666666667,0.2833333333333333,0.28,0.19333333333333333,0.28795662622900137,0.31691596283640194,0.3116979269496545
1044,1,0.38,0.36666666666666664,0.35333333333333333,0.36,0.3466666666666667,0.3982914508652827,0.2828869077859674,0.30956175298804783
1045,0,0.2966666666666667,0.30333333333333334,0.32,0.27666666666666667,0.25,0.26935186540058836,0.31420524272400646,0.3116979269496545
1046,0,0.24,0.22666666666666666,0.22666666666666666,0.2,0.2,0.23231176142636267,0.2266178463542171,0.30956175298804783
1047,0,0.36666666666666664,0.3333333333333333,0.33,0.36666666666666664,0.31,0.35361791795339637,0.28021717591202217,0.3116979269496545
1048,0,0.21666666666666667,0.23,0.24666666666666667,0.23333333333333334,0.14666666666666667,0.21126260530671467,0.26682411095517955,0.30956175298804783
1049,0,0.25666666666666665,0.2633333333333333,0.21,0.17666666666666667,0.17666666666666667,0.24547661416783173,0.2460154391236198,0.3116979269496545
1050,0,0.23,0.27666666666666667,0.2833333333333333,0.33,0.19666666666666666,0.2750305921084828,0.3292879846413518,0.30956175298804783
1051,1,0.3433333333333333,0.44333333333333336,0.4266666666666667,0.42333333333333334,0.32,0.39623394938142376,0.32212260402482906,0.30956175298804783
1052,1,0.43,0.41333333333333333,0.4033333333333333,0.43666666666666665,0.35333333333333333,0.4217516830688141,0.3816471812301103,0.41273476866697206
1053,1,0.28,0.23666666666666666,0.23,0.21,0.22666666666666666,0.23307223019967657,0.26829891699382147,0.30956175298804783
1054,0,0.36,0.42333333333333334,0.38333333333333336,0.4166666666666667,0.3233333333333333,0.4331082753333876,0.3763570341967731,0.30956175298804783
1055,0,0.41,0.38333333333333336,0.41333333333333333,0.36333333333333334,0.3566666666666667,0.4046888997891844,0.3282673248399428,0.41273476866697206
1056,1,0.4033333333333333,0.38,0.47,0.38333333333333336,0.37,0.38601534233792095,0.2968950424611626,0.30956175298804783
1057,0,0.4633333333333333,0.44333333333333336,0.4633333333333333,0.42,0.37,0.47457715408044093,0.42837486405519865,0.41273476866697206
1058,1,0.37333333333333335,0.4,0.3566666666666667,0.42,0.30333333333333334,0.3358502776060466,0.3265220259911379,0.30956175298804783
1059,0,0.22,0.26666666666666666,0.26666666666666666,0.2833333333333333,0.15666666666666668,0.2491907564902605,0.33997073871670147,0.30956175298804783
1060,1,0.4533333333333333,0.4633333333333333,0.48333333333333334,0.47,0.37333333333333335,0.45558216954009517,0.4196579270083924,0.41273476866697206
1061,1,0.4266666666666667,0.5066666666666667,0.4666666666666667,0.44,0.31333333333333335,0.44540479916328435,0.4001626653901497,0.30956175298804783
1062,0,0.26666666666666666,0.30333333333333334,0.28,0.31,0.21,0.32037853599797855,0.377091095134614,0.41273476866697206
1063,1,0.34,0.3333333333333333,0.38333333333333336,0.37666666666666665,0.31,0.3563117240648816,0.3581362523855504,0.3116979269496545
1064,0,0.41333333333333333,0.41,0.4266666666666667,0.3933333333333333,0.3466666666666667,0.39418030174159524,0.3473297142104878,0.41273476866697206
1065,0,0.31333333333333335,0.31333333333333335,0.35,0.36333333333333334,0.26666666666666666,0.29768952678133787,0.2680867481914914,0.3116979269496545
1066,0,0.34,0.27666666666666667,0.29333333333333333,0.27,0.17333333333333334,0.2601295054790607,0.39774751686562465,0.44776119402985076
1067,0,0.3433333333333333,0.3466666666666667,0.3233333333333333,0.31666666666666665,0.21333333333333335,0.31397949504448286,0.39252287690854215,0.41273476866697206
1068,1,0.4266666666666667,0.3433333333333333,0.37666666666666665,0.37333333333333335,0.39,0.376283578213909,0.2999035453553887,0.3116979269496545
1069,0,0.16666666666666666,0.25,0.24666666666666667,0.23,0.17,0.22985022394127416,0.19667357165131327,0.3116979269496545
1070,1,0.30333333333333334,0.3566666666666667,0.31666666666666665,0.30666666666666664,0.15666666666666668,0.2570544954825788,0.37607074498578286,0.3116979269496545
1071,1,0.4766666666666667,0.4866666666666667,0.49666666666666665,0.4533333333333333,0.33,0.47810188280967536,0.4892402204378587,0.44776119402985076
1072,0,0.30666666666666664,0.29333333333333333,0.2966666666666667,0.32,0.22,0.29768997806302905,0.2980131550407068,0.30956175298804783
1073,1,0.31,0.2633333333333333,0.25,0.34,0.18666666666666668,0.25722606615085414,0.28186861329357543,0.30956175298804783
1074,1,0.31333333333333335,0.37333333333333335,0.3433333333333333,0.39,0.3,0.31205658330288444,0.35400701489581576,0.3116979269496545
1075,0,0.35333333333333333,0.49666666666666665,0.4166666666666667,0.48,0.31666666666666665,0.41955409443991976,0.3986978858294452,0.3116979269496545
1076,0,0.31666666666666665,0.36333333333333334,0.4,0.39,0.34,0.36990965478288934,0.3078322146329125,0.3116979269496545
1077,0,0.47,0.44,0.5466666666666666,0.46,0.42333333333333334,0.44672453887299274,0.45187438300411653,0.41273476866697206
1078,0,0.37,0.3466666666666667,0.32,0.29333333333333333,0.21666666666666667,0.3343987113829578,0.397311733069799,0.41273476866697206
1079,0,0.4766666666666667,0.49,0.4033333333333333,0.45,0.4033333333333333,0.4911683803076887,0.48835037304478945,0.41273476866697206
1080,0,0.26666666666666666,0.24333333333333335,0.22333333333333333,0.24333333333333335,0.26666666666666666,0.30806240365255294,0.3282673248399428,0.41273476866697206
1081,1,0.24666666666666667,0.24333333333333335,0.23333333333333334,0.29333333333333333,0.11666666666666667,0.24678805234453108,0.3383811525652923,0.30956175298804783
1082,0,0.2733333333333333,0.29333333333333333,0.26666666666666666,0.2966666666666667,0.17,0.2304285583623132,0.33741819416368457,0.3116979269496545
1083,0,0.23666666666666666,0.17666666666666667,0.23666666666666666,0.17666666666666667,0.13666666666666666,0.18086832439952474,0.2456780819468744,0.30956175298804783
1084,0,0.22333333333333333,0.24333333333333335,0.22333333333333333,0.20333333333333334,0.17333333333333334,0.23948858056656028,0.25974511844129433,0.3116979269496545
1085,0,0.32,0.2833333333333333,0.2733333333333333,0.34,0.2866666666666667,0.34164951107354324,0.3611758413542882,0.30956175298804783
1086,1,0.3433333333333333,0.33666666666666667,0.32,0.36666666666666664,0.24666666666666667,0.37182565964400627,0.38020721752063114,0.3116979269496545
1087,1,0.43666666666666665,0.45,0.42,0.38333333333333336,0.29333333333333333,0.4289047007751383,0.37853739612883985,0.3116979269496545
1088,0,0.4033333333333333,0.3466666666666667,0.36333333333333334,0.4,0.31333333333333335,0.3939862305781663,0.3967628761824748,0.30956175298804783
1089,1,0.30666666666666664,0.37666666666666665,0.37,0.44,0.2733333333333333,0.34549949390786183,0.3415639371247822,0.30956175298804783
1090,0,0.20333333333333334,0.18,0.20333333333333334,0.17333333333333334,0.19,0.20421598488301276,0.3010117386091318,0.30956175298804783
1091,1,0.45,0.43666666666666665,0.42333333333333334,0.38333333333333336,0.38666666666666666,0.4357291057567429,0.3876511870925081,0.30956175298804783
1092,1,0.25,0.25,0.21333333333333335,0.25,0.20333333333333334,0.24947719127931706,0.29562197411999624,0.3116979269496545
1093,0,0.52,0.45666666666666667,0.5,0.5,0.37,0.5137730420422337,0.5420607028042,0.44776119402985076
1094,0,0.24,0.22333333333333333,0.21666666666666667,0.23,0.18,0.19693543309159983,0.2456780819468744,0.30956175298804783
1095,1,0.32,0.29,0.3566666666666667,0.25,0.23,0.33007685476708354,0.36159577003421,0.3116979269496545
1096,1,0.39,0.36333333333333334,0.38,0.38,0.27,0.375745231534142,0.36879130920729936,0.30956175298804783
1097,1,0.39666666666666667,0.37333333333333335,0.33,0.38333333333333336,0.2733333333333333,0.4146689542853056,0.39846154666489075,0.30956175298804783
1098,0,0.18,0.20666666666666667,0.16333333333333333,0.20333333333333334,0.16,0.19650036024065973,0.27627246602954925,0.3116979269496545
1099,0,0.26666666666666666,0.22,0.24666666666666667,0.2833333333333333,0.23,0.2717466103592393,0.3292879846413518,0.30956175298804783
1100,1,0.2966666666666667,0.27,0.24,0.26,0.21,0.2540392876868753,0.3051153673461711,0.3116979269496545
1101,1,0.18,0.22666666666666666,0.23666666666666666,0.26,0.20666666666666667,0.24195165495276932,0.29562197411999624,0.3116979269496545
1102,1,0.22,0.19,0.23666666666666666,0.20333333333333334,0.2,0.2367897359040198,0.24436614645033658,0.30956175298804783
1103,0,0.30333333333333334,0.2733333333333333,0.27,0.2966666666666667,0.23666666666666666,0.27975682582941025,0.33270159171644675,0.41273476866697206
1104,1,0.45666666666666667,0.44,0.41,0.38666666666666666,0.3933333333333333,0.4582985407581768,0.3611758413542882,0.30956175298804783
1105,0,0.43666666666666665,0.51,0.48,0.41,0.39,0.45976251932721957,0.45187438300411653,0.41273476866697206
1106,0,0.4,0.4,0.4033333333333333,0.41,0.35333333333333333,0.330403089960666,0.2573391811206254,0.3116979269496545
1107,0,0.42333333333333334,0.43666666666666665,0.32666666666666666,0.3933333333333333,0.34,0.3683081940095755,0.3138300792243802,0.3116979269496545
1108,1,0.42333333333333334,0.4633333333333333,0.44333333333333336,0.45666666666666667,0.32,0.45999130142761757,0.44876768676175915,0.41273476866697206
1109,0,0.15666666666666668,0.15333333333333332,0.15333333333333332,0.18,0.15,0.15564241321524755,0.21043556278061032,0.30956175298804783
1110,0,0.29333333333333333,0.26666666666666666,0.32,0.32666666666666666,0.23,0.3213882500114685,0.377091095134614,0.41273476866697206
1111,0,0.4533333333333333,0.4766666666666667,0.43333333333333335,0.47333333333333333,0.3233333333333333,0.44007613284434477,0.39362625062188716,0.41273476866697206
1112,1,0.22,0.25666666666666665,0.31666666666666665,0.29333333333333333,0.22333333333333333,0.32310326376347687,0.2828869077859674,0.30956175298804783
1113,0,0.23666666666666666,0.29333333333333333,0.3233333333333333,0.30333333333333334,0.23,0.2504956320834802,0.2844160559732065,0.30956175298804783
1114,0,0.47,0.38666666666666666,0.42,0.4033333333333333,0.47333333333333333,0.42981767105160434,0.33741819416368457,0.3116979269496545
1115,0,0.23666666666666666,0.18666666666666668,0.21,0.18333333333333332,0.16666666666666666,0.19250006415927584,0.28145041233127904,0.30956175298804783
1116,0,0.24333333333333335,0.2833333333333333,0.22,0.30333333333333334,0.18666666666666668,0.26847363454761747,0.26216560905430975,0.3116979269496545
1117,0,0.2733333333333333,0.2733333333333333,0.33,0.2833333333333333,0.18333333333333332,0.2719015144250105,0.26710188571945137,0.3116979269496545
1118,1,0.30333333333333334,0.31333333333333335,0.3333333333333333,0.31,0.2633333333333333,0.37401315930626733,0.28145041233127904,0.30956175298804783
1119,0,0.24666666666666667,0.2633333333333333,0.27,0.24,0.17,0.23584352844803846,0.3010117386091318,0.30956175298804783
1120,0,0.3333333333333333,0.36,0.3433333333333333,0.3466666666666667,0.30666666666666664,0.33383926751700194,0.27659918459065264,0.3116979269496545
1121,0,0.24333333333333335,0.3,0.23666666666666666,0.23333333333333334,0.16666666666666666,0.2321327341860329,0.2607960692755358,0.3116979269496545
1122,0,0.4033333333333333,0.4066666666666667,0.44,0.4533333333333333,0.3466666666666667,0.4475880847805458,0.42837486405519865,0.41273476866697206
1123,0,0.2833333333333333,0.33666666666666667,0.30666666666666664,0.32,0.19,0.3065975389365912,0.34439215762017517,0.30956175298804783
1124,0,0.5066666666666667,0.4533333333333333,0.47333333333333333,0.43333333333333335,0.37666666666666665,0.48668210068547724,0.46095117067779223,0.44776119402985076
1125,1,0.44333333333333336,0.4266666666666667,0.48,0.41,0.36666666666666664,0.448775603744521,0.4342747988897817,0.44776119402985076
1126,0,0.29333333333333333,0.30666666666666664,0.29333333333333333,0.26,0.21333333333333335,0.30946245592039423,0.3673172006517484,0.44776119402985076
1127,0,0.35333333333333333,0.31,0.3466666666666667,0.3433333333333333,0.32,0.3592161028730257,0.39715669247044544,0.44776119402985076
1128,0,0.29333333333333333,0.2966666666666667,0.26666666666666666,0.23333333333333334,0.16,0.2499572402059903,0.36159577003421,0.3116979269496545
1129,0,0.44666666666666666,0.4066666666666667,0.45,0.4,0.35,0.4241144444025494,0.37853739612883985,0.3116979269496545
1130,0,0.21666666666666667,0.17,0.21666666666666667,0.24666666666666667,0.23333333333333334,0.23214446310725642,0.24073753801207445,0.30956175298804783
1131,0,0.31,0.25,0.26,0.31333333333333335,0.19,0.3007283279553727,0.4083390375486163,0.41273476866697206
1132,1,0.26,0.19666666666666666,0.23666666666666666,0.22,0.14,0.2155778060326808,0.28888604141041707,0.3116979269496545
1133,0,0.3333333333333333,0.2966666666666667,0.29333333333333333,0.31333333333333335,0.18333333333333332,0.3115124066865935,0.3611758413542882,0.30956175298804783
1134,0,0.44333333333333336,0.4266666666666667,0.41,0.38,0.37666666666666665,0.4347842217967771,0.42837486405519865,0.41273476866697206
1135,0,0.24,0.23666666666666666,0.24666666666666667,0.23,0.17666666666666667,0.24408671152576725,0.2828869077859674,0.30956175298804783
1136,0,0.35333333333333333,0.35333333333333333,0.35,0.36333333333333334,0.26,0.3521091925019966,0.2983776325313001,0.30956175298804783
1137,0,0.47333333333333333,0.47333333333333333,0.45,0.49,0.37,0.46032577111976475,0.39937758065894224,0.3116979269496545
1138,0,0.43666666666666665,0.4166666666666667,0.42,0.41333333333333333,0.3466666666666667,0.4625939151919503,0.37853739612883985,0.3116979269496545
1139,0,0.26,0.21333333333333335,0.21,0.18666666666666668,0.15666666666666668,0.1928982721585781,0.2274621643982846,0.3116979269496545
1140,1,0.30666666666666664,0.3466666666666667,0.33,0.3333333333333333,0.20666666666666667,0.31905968170618665,0.32198122905576004,0.3116979269496545
1141,0,0.2,0.19333333333333333,0.18,0.21,0.14,0.1841747728020924,0.2659203013826207,0.30956175298804783
1142,1,0.2633333333333333,0.23666666666666666,0.20666666666666667,0.2633333333333333,0.23,0.24607831960676904,0.2980131550407068,0.30956175298804783
1143,0,0.32666666666666666,0.44,0.43333333333333335,0.37666666666666665,0.31333333333333335,0.40028033769269694,0.31963916906679457,0.3116979269496545
1144,1,0.2733333333333333,0.29333333333333333,0.2866666666666667,0.31333333333333335,0.2,0.29408111526795877,0.32968997227042607,0.3116979269496545
1145,0,0.38666666666666666,0.37333333333333335,0.39,0.38666666666666666,0.25666666666666665,0.3529474181721144,0.433233721785758,0.30956175298804783
1146,1,0.43,0.37333333333333335,0.36333333333333334,0.39,0.4066666666666667,0.39022295998889994,0.3325578515606118,0.3116979269496545
1147,0,0.15666666666666668,0.21,0.19666666666666666,0.17333333333333334,0.17333333333333334,0.1684831221518049,0.22871081555618422,0.3116979269496545
1148,0,0.14,0.17333333333333334,0.2,0.21,0.13666666666666666,0.1817331327271161,0.2309323260749458,0.3116979269496545
1149,1,0.3,0.23333333333333334,0.27666666666666667,0.23333333333333334,0.17333333333333334,0.241299194123636,0.2780543207795998,0.3116979269496545
1150,1,0.43666666666666665,0.43333333333333335,0.4533333333333333,0.5033333333333333,0.3333333333333333,0.4545790107698784,0.4281183485020756,0.3116979269496545
1151,1,0.55,0.52,0.4866666666666667,0.45,0.46,0.5306336518103841,0.5040982574997558,0.41273476866697206
1152,1,0.37,0.2966666666666667,0.3233333333333333,0.3233333333333333,0.19333333333333333,0.3666538130897123,0.4290810641901563,0.41273476866697206
1153,0,0.22666666666666666,0.31333333333333335,0.2633333333333333,0.29333333333333333,0.24,0.22772451857587245,0.22996428077902942,0.3116979269496545
1154,1,0.29,0.3466666666666667,0.36,0.38666666666666666,0.29,0.31092653247901214,0.2504092762534017,0.30956175298804783
1155,0,0.51,0.4766666666666667,0.44333333333333336,0.4266666666666667,0.37666666666666665,0.4432548962511851,0.3487920783388627,0.3116979269496545
1156,0,0.33666666666666667,0.2733333333333333,0.29333333333333333,0.2833333333333333,0.30666666666666664,0.3025701536782858,0.24436614645033658,0.30956175298804783
1157,1,0.17333333333333334,0.18666666666666668,0.18666666666666668,0.17333333333333334,0.15333333333333332,0.16132738949197786,0.18516788250277466,0.30956175298804783
1158,0,0.24,0.26,0.21333333333333335,0.2833333333333333,0.24666666666666667,0.25900946963994625,0.28697732128335857,0.30956175298804783
1159,1,0.49,0.37666666666666665,0.4533333333333333,0.38666666666666666,0.38333333333333336,0.43024005178296626,0.37651177178499173,0.41273476866697206
1160,1,0.39666666666666667,0.45,0.47333333333333333,0.4866666666666667,0.34,0.4298311800986639,0.34279263517717123,0.30956175298804783
1161,1,0.24,0.2633333333333333,0.17666666666666667,0.20666666666666667,0.14333333333333334,0.22470144049962468,0.318634208616246,0.3116979269496545
1162,0,0.23,0.24333333333333335,0.3233333333333333,0.21666666666666667,0.2,0.256331364620529,0.3282673248399428,0.41273476866697206
1163,1,0.48,0.45,0.52,0.4533333333333333,0.4,0.49073631750444524,0.48521489402260903,0.41273476866697206
1164,0,0.2,0.23,0.2,0.2633333333333333,0.19,0.23436435217131327,0.24436614645033658,0.30956175298804783
1165,0,0.19333333333333333,0.21,0.21333333333333335,0.17333333333333334,0.21333333333333335,0.24513894216319423,0.29562197411999624,0.3116979269496545
1166,1,0.4166666666666667,0.41,0.4033333333333333,0.44333333333333336,0.30333333333333334,0.4636569738967396,0.4179316755429005,0.41273476866697206
1167,0,0.52,0.42333333333333334,0.48,0.4533333333333333,0.38666666666666666,0.5032478609731311,0.4342747988897817,0.44776119402985076
1168,0,0.2,0.22,0.21666666666666667,0.24333333333333335,0.16666666666666666,0.18141783303750356,0.28178087017688846,0.30956175298804783
1169,0,0.4266666666666667,0.37,0.4633333333333333,0.3933333333333333,0.32666666666666666,0.42577514463585203,0.4130223353805707,0.41273476866697206
1170,1,0.4266666666666667,0.47,0.4066666666666667,0.41333333333333333,0.34,0.44664629896892005,0.3757412787564303,0.30956175298804783
1171,1,0.5133333333333333,0.49666666666666665,0.5066666666666667,0.4666666666666667,0.37666666666666665,0.5181515654849097,0.48835037304478945,0.41273476866697206
1172,1,0.4066666666666667,0.42,0.4066666666666667,0.39,0.33666666666666667,0.45831181516449215,0.36266410879539884,0.3116979269496545
1173,0,0.32,0.33,0.2733333333333333,0.27,0.23666666666666666,0.28288450603471493,0.3013947188643421,0.3116979269496545
1174,1,0.35333333333333333,0.39,0.41,0.39,0.26,0.3529389057663139,0.4379036516461264,0.3116979269496545
1175,1,0.30666666666666664,0.3333333333333333,0.22666666666666666,0.2633333333333333,0.21333333333333335,0.27824156306088427,0.28186861329357543,0.30956175298804783
1176,0,0.36,0.33666666666666667,0.31333333333333335,0.38333333333333336,0.28,0.33706282355970774,0.3153826644806379,0.3116979269496545
1177,0,0.41333333333333333,0.4633333333333333,0.44666666666666666,0.46,0.39666666666666667,0.4259799659774221,0.39362625062188716,0.41273476866697206
1178,0,0.3433333333333333,0.30333333333333334,0.30333333333333334,0.31,0.26,0.3078801948786007,0.3010117386091318,0.30956175298804783
1179,0,0.24,0.22666666666666666,0.25666666666666665,0.22,0.19333333333333333,0.22307320132983172,0.2711293896773676,0.3116979269496545
1180,0,0.21666666666666667,0.21666666666666667,0.21,0.24,0.20333333333333334,0.2279758848719283,0.25974511844129433,0.3116979269496545
1181,0,0.35333333333333333,0.33,0.4166666666666667,0.37333333333333335,0.31,0.3646462996909076,0.36864059057667947,0.3116979269496545
1182,0,0.42333333333333334,0.48333333333333334,0.47333333333333333,0.43666666666666665,0.2733333333333333,0.44508178828012446,0.4166043772610792,0.30956175298804783
1183,1,0.32,0.30666666666666664,0.32666666666666666,0.25333333333333335,0.23333333333333334,0.28349442878262854,0.3238556953200045,0.30956175298804783
1184,0,0.39666666666666667,0.38333333333333336,0.4033333333333333,0.37333333333333335,0.27666666666666667,0.39016196079060345,0.41488170695416987,0.30956175298804783
1185,0,0.25,0.23,0.27666666666666667,0.23666666666666666,0.15666666666666668,0.2011155864533579,0.24687434796071195,0.3116979269496545
1186,0,0.36,0.4033333333333333,0.42,0.4033333333333333,0.39666666666666667,0.35987957310513313,0.30904934042265003,0.30956175298804783
1187,0,0.39,0.36333333333333334,0.42,0.4,0.26666666666666666,0.37834694786442113,0.4179316755429005,0.41273476866697206
1188,0,0.39666666666666667,0.4666666666666667,0.4,0.43666666666666665,0.33666666666666667,0.3962031326412824,0.3657817111673161,0.30956175298804783
1189,0,0.24666666666666667,0.27,0.22,0.27666666666666667,0.2,0.23717480780482458,0.30904934042265003,0.30956175298804783
1190,0,0.3333333333333333,0.31333333333333335,0.32,0.32,0.27666666666666667,0.3145021126092868,0.33182943454567165,0.3116979269496545
1191,0,0.15,0.15333333333333332,0.19666666666666666,0.16666666666666666,0.13,0.1603654822172188,0.19935016024352617,0.30956175298804783
1192,0,0.25,0.23666666666666666,0.20333333333333334,0.21333333333333335,0.19,0.23964338697860318,0.2653127561582833,0.3116979269496545
1193,0,0.3333333333333333,0.42,0.43333333333333335,0.41,0.30666666666666664,0.3923362384227984,0.37853739612883985,0.3116979269496545
1194,0,0.44333333333333336,0.42333333333333334,0.4666666666666667,0.4533333333333333,0.37,0.4398546313589277,0.3894311596311012,0.30956175298804783
1195,1,0.37333333333333335,0.43666666666666665,0.43333333333333335,0.4,0.2866666666666667,0.4446241945741179,0.39362625062188716,0.41273476866697206
1196,0,0.4666666666666667,0.4066666666666667,0.39666666666666667,0.43,0.36666666666666664,0.45046926827653744,0.37868973408918816,0.30956175298804783
1197,0,0.27,0.17333333333333334,0.27,0.25666666666666665,0.19333333333333333,0.26891568235490887,0.30087551651641786,0.3116979269496545
1198,0,0.2733333333333333,0.3333333333333333,0.28,0.21666666666666667,0.29,0.29653632042004585,0.3570310519654789,0.30956175298804783
1199,1,0.4033333333333333,0.41,0.47,0.3433333333333333,0.3433333333333333,0.3880404596482797,0.2843278338295616,0.30956175298804783
1200,0,0.2633333333333333,0.33,0.30666666666666664,0.3333333333333333,0.2633333333333333,0.2973452264530287,0.28164984423196016,0.3116979269496545
1201,0,0.33,0.25666666666666665,0.24666666666666667,0.25333333333333335,0.22333333333333333,0.29738641206713523,0.377091095134614,0.41273476866697206
1202,1,0.4266666666666667,0.4533333333333333,0.4266666666666667,0.47333333333333333,0.35,0.46613627946742925,0.4130223353805707,0.41273476866697206
1203,1,0.3233333333333333,0.3433333333333333,0.33,0.35,0.26666666666666666,0.36079772721292047,0.3597681776162071,0.3116979269496545
1204,0,0.45666666666666667,0.4066666666666667,0.39,0.4,0.3433333333333333,0.44368887274745056,0.3816471812301103,0.41273476866697206
1205,0,0.16333333333333333,0.16,0.16333333333333333,0.19666666666666666,0.16333333333333333,0.1558621578429766,0.19935016024352617,0.30956175298804783
1206,1,0.3,0.26,0.2966666666666667,0.2733333333333333,0.26,0.32178478320969733,0.3432026730264616,0.3116979269496545
1207,0,0.46,0.46,0.43,0.49666666666666665,0.3566666666666667,0.4018288445184322,0.4166043772610792,0.30956175298804783
1208,1,0.18666666666666668,0.24666666666666667,0.20333333333333334,0.19666666666666666,0.21333333333333335,0.18561983336903304,0.19358862348400763,0.3116979269496545
1209,1,0.2966666666666667,0.31333333333333335,0.3233333333333333,0.3433333333333333,0.18333333333333332,0.29780938226659215,0.39937758065894224,0.3116979269496545
1210,1,0.3333333333333333,0.35,0.3333333333333333,0.33,0.23333333333333334,0.31031943260677547,0.39063461817972656,0.30956175298804783
1211,1,0.4866666666666667,0.44333333333333336,0.43,0.4266666666666667,0.34,0.43069358053087003,0.3448031049582083,0.3116979269496545
1212,0,0.4766666666666667,0.4633333333333333,0.4633333333333333,0.43666666666666665,0.38666666666666666,0.4978883753649332,0.46072924408379107,0.41273476866697206
1213,1,0.41,0.43,0.44,0.4066666666666667,0.35,0.41372640779893666,0.3614033520803762,0.3116979269496545
1214,0,0.23333333333333334,0.16333333333333333,0.22666666666666666,0.17,0.14,0.19370289920865114,0.3000395162450365,0.30956175298804783
1215,0,0.23,0.21,0.2833333333333333,0.24333333333333335,0.18,0.22572016450370153,0.318634208616246,0.3116979269496545
1216,1,0.20666666666666667,0.21333333333333335,0.21666666666666667,0.25,0.22,0.22346930305634277,0.2106274346412708,0.3116979269496545
1217,1,0.44333333333333336,0.42333333333333334,0.39666666666666667,0.36,0.37333333333333335,0.37733234918492503,0.33071287767884944,0.3116979269496545
1218,0,0.37,0.41,0.4,0.36,0.42333333333333334,0.42327878323699114,0.3282673248399428,0.41273476866697206
1219,0,0.22,0.22666666666666666,0.20666666666666667,0.17333333333333334,0.17333333333333334,0.2159322838178008,0.23929221829214445,0.30956175298804783
1220,0,0.49,0.43333333333333335,0.4533333333333333,0.46,0.38,0.5084175315689112,0.5040982574997558,0.41273476866697206
1221,0,0.20666666666666667,0.18333333333333332,0.21,0.17666666666666667,0.15666666666666668,0.2044025542225208,0.30495546709046456,0.30956175298804783
1222,0,0.33,0.2633333333333333,0.2966666666666667,0.35,0.32666666666666666,0.3567345348254106,0.34264677394248416,0.3116979269496545
1223,0,0.35333333333333333,0.3433333333333333,0.33,0.33,0.2833333333333333,0.30382414280318093,0.3554046502608729,0.30956175298804783
1224,0,0.21666666666666667,0.25333333333333335,0.18,0.28,0.19666666666666666,0.2313116323431748,0.258507892553649,0.30956175298804783
1225,0,0.32,0.2833333333333333,0.36333333333333334,0.31666666666666665,0.23,0.3265375060574969,0.3816471812301103,0.41273476866697206
1226,0,0.38,0.3933333333333333,0.44,0.4,0.3,0.37312445903967234,0.31963916906679457,0.3116979269496545
1227,1,0.43666666666666665,0.4533333333333333,0.36,0.39666666666666667,0.37666666666666665,0.44934250007942,0.39431030473655837,0.41273476866697206
1228,0,0.5033333333333333,0.39,0.4533333333333333,0.43333333333333335,0.4633333333333333,0.5095836886778061,0.4394072121817234,0.41273476866697206
1229,1,0.44666666666666666,0.45,0.47,0.37666666666666665,0.36333333333333334,0.43302786240017893,0.3442459722794777,0.3116979269496545
1230,0,0.33666666666666667,0.2733333333333333,0.3566666666666667,0.33666666666666667,0.25666666666666665,0.34144877243182103,0.36159577003421,0.3116979269496545
1231,1,0.41333333333333333,0.37666666666666665,0.38666666666666666,0.4066666666666667,0.3233333333333333,0.3992827999093725,0.41031828041560187,0.3116979269496545
1232,1,0.37666666666666665,0.4033333333333333,0.38333333333333336,0.36333333333333334,0.26,0.3648708931573021,0.36266410879539884,0.3116979269496545
1233,0,0.3433333333333333,0.38333333333333336,0.32,0.3566666666666667,0.31,0.33618597329740135,0.33982545735011993,0.3116979269496545
1234,1,0.4266666666666667,0.34,0.38333333333333336,0.3466666666666667,0.36666666666666664,0.41884419839275355,0.3140557222670675,0.41273476866697206
1235,1,0.2733333333333333,0.2,0.21,0.17,0.17333333333333334,0.20958900777673029,0.3013947188643421,0.3116979269496545
1236,1,0.38666666666666666,0.36666666666666664,0.37333333333333335,0.36,0.27,0.37077811308939607,0.37868973408918816,0.30956175298804783
1237,1,0.42333333333333334,0.47,0.43666666666666665,0.42,0.38666666666666666,0.42326521225281105,0.35828511348270264,0.30956175298804783
1238,0,0.41333333333333333,0.49333333333333335,0.4633333333333333,0.4533333333333333,0.2866666666666667,0.42858696474365776,0.44876768676175915,0.41273476866697206
1239,0,0.21,0.19333333333333333,0.16,0.19,0.16,0.20051577645410262,0.2583837951708908,0.3116979269496545
1240,1,0.39666666666666667,0.4,0.39,0.37333333333333335,0.41333333333333333,0.375199890141965,0.37558940988227213,0.3116979269496545
1241,0,0.47,0.4166666666666667,0.47,0.43666666666666665,0.42333333333333334,0.4607279530162412,0.36241125657677703,0.41273476866697206
1242,1,0.44666666666666666,0.43666666666666665,0.41333333333333333,0.4533333333333333,0.3566666666666667,0.39960966294611144,0.2968950424611626,0.30956175298804783
1243,1,0.2833333333333333,0.2966666666666667,0.3333333333333333,0.23,0.2,0.2794966626625646,0.2999035453553887,0.3116979269496545
1244,0,0.33666666666666667,0.31333333333333335,0.23,0.27,0.21666666666666667,0.321497084712788,0.36174525868002533,0.41273476866697206
1245,0,0.17666666666666667,0.2,0.21,0.21,0.22333333333333333,0.2596437252758186,0.3000395162450365,0.30956175298804783
1246,1,0.2866666666666667,0.35,0.36666666666666664,0.36666666666666664,0.30666666666666664,0.2932101636804487,0.23864968679094584,0.3116979269496545
1247,0,0.2633333333333333,0.28,0.34,0.34,0.25333333333333335,0.2690804051055344,0.2841960921956115,0.3116979269496545
1248,0,0.22666666666666666,0.19,0.24,0.23666666666666666,0.18333333333333332,0.23480066645873116,0.2671802202765006,0.3116979269496545
1249,0,0.18333333333333332,0.24666666666666667,0.23,0.22,0.17,0.2038755290293454,0.31267905601071566,0.3116979269496545
1250,0,0.31666666666666665,0.2633333333333333,0.33,0.31666666666666665,0.16333333333333333,0.2772558079782705,0.3487920783388627,0.3116979269496545
1251,0,0.13333333333333333,0.21666666666666667,0.17333333333333334,0.14333333333333334,0.2,0.15391660964747406,0.21371782708536402,0.30956175298804783
1252,0,0.38,0.43333333333333335,0.44333333333333336,0.46,0.35,0.3853847240641353,0.3556305494110953,0.3116979269496545
1253,1,0.37666666666666665,0.31333333333333335,0.44666666666666666,0.4,0.43333333333333335,0.38887309917108537,0.3155224904430737,0.30956175298804783
1254,1,0.18333333333333332,0.21,0.18,0.24,0.14,0.18652505198169636,0.2654389902967101,0.30956175298804783
1255,0,0.18666666666666668,0.17,0.12666666666666668,0.16666666666666666,0.15666666666666668,0.16927748246322674,0.19454365276079083,0.30956175298804783
1256,0,0.4,0.4066666666666667,0.41333333333333333,0.43666666666666665,0.31666666666666665,0.4402034117320902,0.35828511348270264,0.30956175298804783
1257,0,0.25,0.24666666666666667,0.2733333333333333,0.23,0.17333333333333334,0.27793332454456837,0.3368604179325409,0.30956175298804783
1258,1,0.45,0.43,0.5166666666666667,0.44666666666666666,0.3933333333333333,0.46181729008074796,0.3820766758571352,0.44776119402985076
1259,0,0.23333333333333334,0.17666666666666667,0.24,0.21,0.18666666666666668,0.2760201810464105,0.3108295860741467,0.30956175298804783
1260,0,0.16666666666666666,0.14333333333333334,0.17,0.2,0.14666666666666667,0.15808876461582913,0.18762576222294147,0.30956175298804783
1261,0,0.22333333333333333,0.21,0.20333333333333334,0.21666666666666667,0.09,0.18644422665987745,0.24436614645033658,0.30956175298804783
1262,0,0.2866666666666667,0.24666666666666667,0.22333333333333333,0.18,0.17,0.26446058593451205,0.4228828184119582,0.44776119402985076
1263,1,0.5266666666666666,0.4266666666666667,0.43666666666666665,0.37666666666666665,0.37,0.4594277088802125,0.37651177178499173,0.41273476866697206
1264,0,0.25333333333333335,0.27,0.2866666666666667,0.26,0.21666666666666667,0.2714481002557841,0.36174525868002533,0.41273476866697206
1265,0,0.45,0.39,0.38,0.33666666666666667,0.36333333333333334,0.42925723787787545,0.3135244975760547,0.30956175298804783
1266,0,0.4533333333333333,0.38333333333333336,0.35333333333333333,0.3466666666666667,0.26666666666666666,0.38570213400714637,0.41488170695416987,0.30956175298804783
1267,0,0.2966666666666667,0.31666666666666665,0.2833333333333333,0.31333333333333335,0.19,0.30578058546578074,0.35951620552402397,0.41273476866697206
1268,0,0.22333333333333333,0.23,0.32666666666666666,0.24,0.16,0.22847776322693344,0.3010117386091318,0.30956175298804783
1269,0,0.5,0.39,0.4766666666666667,0.47,0.3566666666666667,0.47881685732043044,0.46095117067779223,0.44776119402985076
1270,0,0.2633333333333333,0.2733333333333333,0.24666666666666667,0.25333333333333335,0.2,0.26076775416421627,0.3265220259911379,0.30956175298804783
1271,0,0.3,0.21666666666666667,0.23,0.25,0.21,0.23989277917863155,0.26299905018496816,0.30956175298804783
1272,0,0.35333333333333333,0.32,0.3466666666666667,0.38333333333333336,0.29,0.317311963043424,0.29952164753306637,0.30956175298804783
1273,1,0.30666666666666664,0.25333333333333335,0.26,0.25333333333333335,0.20666666666666667,0.2816087908982886,0.3006454222372815,0.41273476866697206
1274,0,0.26666666666666666,0.27666666666666667,0.29,0.2966666666666667,0.22333333333333333,0.2670769125482474,0.2803477954756618,0.30956175298804783
1275,1,0.5333333333333333,0.3933333333333333,0.46,0.5,0.38333333333333336,0.49866058709914585,0.47713508363640666,0.41273476866697206
1276,1,0.42333333333333334,0.45,0.4,0.44666666666666666,0.38,0.4263531877705406,0.35991733667263565,0.30956175298804783
1277,1,0.35333333333333333,0.31333333333333335,0.36333333333333334,0.34,0.2633333333333333,0.3261635890414781,0.3816471812301103,0.41273476866697206
1278,1,0.35333333333333333,0.3466666666666667,0.31,0.30666666666666664,0.24333333333333335,0.30654607837927106,0.3473297142104878,0.41273476866697206
1279,1,0.18333333333333332,0.22,0.19333333333333333,0.19333333333333333,0.18333333333333332,0.1810752726691892,0.3238556953200045,0.30956175298804783
1280,1,0.5,0.44666666666666666,0.44666666666666666,0.47333333333333333,0.38333333333333336,0.44220828875134344,0.39937758065894224,0.3116979269496545
1281,0,0.47,0.39666666666666667,0.4066666666666667,0.43,0.37,0.41842901399795207,0.3734769474351609,0.41273476866697206
1282,0,0.4166666666666667,0.38333333333333336,0.4766666666666667,0.42,0.3466666666666667,0.4302188562108021,0.363234538340147,0.3116979269496545
1283,1,0.2833333333333333,0.2633333333333333,0.21,0.28,0.16,0.2236597126624964,0.28275557001632035,0.3116979269496545
1284,1,0.25,0.2733333333333333,0.2633333333333333,0.24,0.15333333333333332,0.22018894889234028,0.343348647299647,0.30956175298804783
1285,1,0.31,0.30333333333333334,0.3,0.30666666666666664,0.28,0.2834841872415148,0.29562197411999624,0.3116979269496545
1286,0,0.18666666666666668,0.20666666666666667,0.18666666666666668,0.19,0.19666666666666666,0.1796871953486087,0.2583837951708908,0.3116979269496545
1287,0,0.44333333333333336,0.41,0.43333333333333335,0.4,0.36,0.42946066249991494,0.46072924408379107,0.41273476866697206
1288,0,0.23,0.22666666666666666,0.21666666666666667,0.22333333333333333,0.24666666666666667,0.28424138797748716,0.27382459835249545,0.30956175298804783
1289,1,0.32,0.32,0.33666666666666667,0.32666666666666666,0.24,0.29955315062210564,0.3745597938543502,0.30956175298804783
1290,0,0.2966666666666667,0.29,0.34,0.30666666666666664,0.2833333333333333,0.3206366944093708,0.34175144503130056,0.30956175298804783
1291,0,0.20333333333333334,0.24,0.17333333333333334,0.20333333333333334,0.19333333333333333,0.19960482812924002,0.19163683500602743,0.3116979269496545
1292,0,0.29333333333333333,0.23333333333333334,0.25333333333333335,0.20333333333333334,0.22,0.285691931021307,0.3140557222670675,0.41273476866697206
1293,1,0.29,0.35,0.3433333333333333,0.2633333333333333,0.16333333333333333,0.28399076014047836,0.3876511870925081,0.30956175298804783
1294,1,0.18666666666666668,0.22333333333333333,0.19333333333333333,0.18666666666666668,0.22666666666666666,0.26021286083607736,0.19641562772647772,0.3116979269496545
1295,0,0.37666666666666665,0.44,0.41333333333333333,0.4,0.37,0.39164133305101967,0.41458559408233364,0.44776119402985076
1296,1,0.37666666666666665,0.3933333333333333,0.39,0.4,0.4166666666666667,0.4355342615324862,0.35828511348270264,0.30956175298804783
1297,0,0.3,0.27,0.25,0.25,0.21666666666666667,0.30623910464848675,0.2832561725748398,0.3116979269496545
1298,0,0.31666666666666665,0.2833333333333333,0.3,0.33,0.22666666666666666,0.26017417144614435,0.31963916906679457,0.3116979269496545
1299,0,0.31333333333333335,0.32,0.31,0.29,0.24333333333333335,0.3073967102938546,0.3597681776162071,0.3116979269496545
1300,0,0.2866666666666667,0.27666666666666667,0.3,0.31,0.18666666666666668,0.31924723284855605,0.33982545735011993,0.3116979269496545
1301,0,0.4033333333333333,0.37,0.4,0.39,0.30333333333333334,0.4202301048314452,0.465755693342288,0.41273476866697206
1302,0,0.2833333333333333,0.22,0.25666666666666665,0.22666666666666666,0.19,0.2325183424177621,0.2828869077859674,0.30956175298804783
1303,0,0.41333333333333333,0.49,0.5166666666666667,0.49666666666666665,0.32666666666666666,0.4649611140990977,0.40171056152189444,0.3116979269496545
1304,0,0.4066666666666667,0.48,0.45,0.47,0.36666666666666664,0.4975022352917269,0.47713508363640666,0.41273476866697206
1305,0,0.3233333333333333,0.2733333333333333,0.3466666666666667,0.28,0.16333333333333333,0.2960403460995951,0.44457840458074216,0.41273476866697206
1306,0,0.42,0.42333333333333334,0.41333333333333333,0.46,0.31666666666666665,0.4103677808103195,0.4054776119613744,0.3116979269496545
1307,0,0.4533333333333333,0.4766666666666667,0.44,0.44,0.31333333333333335,0.43807278423033513,0.3292879846413518,0.30956175298804783
1308,0,0.22,0.22333333333333333,0.27,0.23,0.17333333333333334,0.27005745639937895,0.3000395162450365,0.30956175298804783
1309,0,0.19666666666666666,0.24333333333333335,0.2,0.21,0.14333333333333334,0.20517022820192035,0.2446283423153097,0.3116979269496545
1310,0,0.24333333333333335,0.2,0.19333333333333333,0.22,0.14333333333333334,0.19474613318407602,0.27133604964334446,0.30956175298804783
1311,1,0.44666666666666666,0.43333333333333335,0.4633333333333333,0.4866666666666667,0.3333333333333333,0.4431124748703431,0.3299210638798988,0.30956175298804783
1312,1,0.29333333333333333,0.3,0.25,0.30666666666666664,0.14666666666666667,0.24930551018763003,0.37868973408918816,0.30956175298804783
1313,0,0.23666666666666666,0.32,0.2866666666666667,0.3,0.18666666666666668,0.28086280207814895,0.34439215762017517,0.30956175298804783
1314,1,0.4766666666666667,0.4033333333333333,0.38333333333333336,0.41,0.4166666666666667,0.449426173161607,0.35828511348270264,0.30956175298804783
1315,1,0.30666666666666664,0.2833333333333333,0.34,0.2733333333333333,0.15333333333333332,0.28670922209200456,0.3566313453258927,0.30956175298804783
1316,0,0.24666666666666667,0.22333333333333333,0.24333333333333335,0.23666666666666666,0.15333333333333332,0.2259713371618364,0.2828869077859674,0.30956175298804783
1317,1,0.3433333333333333,0.35,0.37333333333333335,0.29,0.24333333333333335,0.3666958620834205,0.44981193097185174,0.44776119402985076
1318,0,0.37,0.3566666666666667,0.2833333333333333,0.32666666666666666,0.2866666666666667,0.33318688147504466,0.3628137881023813,0.30956175298804783
1319,0,0.31333333333333335,0.32,0.27,0.2866666666666667,0.20333333333333334,0.30427783994382973,0.3597681776162071,0.3116979269496545
1320,1,0.41,0.4,0.4166666666666667,0.3433333333333333,0.29,0.3866929462407895,0.4195002359446737,0.3116979269496545
1321,1,0.5233333333333333,0.39,0.45666666666666667,0.4066666666666667,0.39666666666666667,0.5361484797540486,0.4821804811510479,0.41273476866697206
1322,0,0.28,0.3333333333333333,0.2866666666666667,0.36,0.17666666666666667,0.27294489994714516,0.32715238131240004,0.30956175298804783
1323,0,0.25,0.27,0.18666666666666668,0.19,0.22,0.24614438992016904,0.20764873668177763,0.3116979269496545
1324,0,0.33666666666666667,0.4633333333333333,0.39,0.42333333333333334,0.2966666666666667,0.3532126776896611,0.37607074498578286,0.3116979269496545
1325,0,0.27666666666666667,0.22333333333333333,0.25333333333333335,0.2733333333333333,0.18,0.29375726461796997,0.3010117386091318,0.30956175298804783
1326,1,0.36666666666666664,0.4,0.42,0.39,0.26666666666666666,0.3668337359940505,0.3292879846413518,0.30956175298804783
1327,0,0.3466666666666667,0.31,0.33,0.34,0.24,0.34305020678805037,0.3581362523855504,0.3116979269496545
1328,0,0.35333333333333333,0.24666666666666667,0.2866666666666667,0.29,0.17666666666666667,0.3071962762223723,0.3325578515606118,0.3116979269496545
1329,0,0.41333333333333333,0.45,0.44333333333333336,0.43,0.3233333333333333,0.40872506373682693,0.39063461817972656,0.30956175298804783
1330,1,0.36666666666666664,0.37666666666666665,0.37,0.38666666666666666,0.35,0.36833136978136966,0.24193730321281695,0.3116979269496545
1331,0,0.31,0.37666666666666665,0.34,0.3,0.25333333333333335,0.32575704378814985,0.34279263517717123,0.30956175298804783
1332,0,0.49333333333333335,0.44333333333333336,0.45666666666666667,0.44333333333333336,0.33,0.47841325961639364,0.4719069506020713,0.41273476866697206
1333,1,0.2,0.18333333333333332,0.23666666666666666,0.16666666666666666,0.16666666666666666,0.2045162490955136,0.2968950424611626,0.30956175298804783
1334,0,0.41,0.36,0.36333333333333334,0.42333333333333334,0.4166666666666667,0.37925855626226623,0.31267905601071566,0.3116979269496545
1335,1,0.36333333333333334,0.38,0.37,0.44333333333333336,0.25,0.32950626671904365,0.31281823101323813,0.30956175298804783
1336,0,0.17,0.21666666666666667,0.16,0.21666666666666667,0.16333333333333333,0.20109389934419036,0.2968950424611626,0.30956175298804783
1337,0,0.3466666666666667,0.38,0.3466666666666667,0.35333333333333333,0.27,0.30987046367679894,0.26682411095517955,0.30956175298804783
1338,1,0.4266666666666667,0.4166666666666667,0.43,0.3466666666666667,0.36333333333333334,0.4307142063879383,0.3248692721678441,0.30956175298804783
1339,0,0.22333333333333333,0.24666666666666667,0.26666666666666666,0.30333333333333334,0.21,0.25487370253140607,0.25598610688946993,0.3116979269496545
1340,1,0.4633333333333333,0.46,0.44666666666666666,0.39666666666666667,0.33666666666666667,0.49047121431413265,0.4342747988897817,0.44776119402985076
1341,0,0.39666666666666667,0.4033333333333333,0.39666666666666667,0.39,0.3233333333333333,0.4334111652948941,0.5040982574997558,0.41273476866697206
1342,1,0.36666666666666664,0.44333333333333336,0.37,0.36666666666666664,0.29333333333333333,0.42044700261823637,0.3673172006517484,0.44776119402985076
1343,1,0.47,0.4866666666666667,0.41333333333333333,0.42333333333333334,0.38666666666666666,0.45327921292665363,0.3816471812301103,0.41273476866697206
1344,0,0.4166666666666667,0.4533333333333333,0.42,0.38333333333333336,0.37,0.5086341055534971,0.4876299420389655,0.41273476866697206
1345,1,0.44666666666666666,0.38666666666666666,0.37333333333333335,0.42,0.45666666666666667,0.4394307729438982,0.3827576578158074,0.44776119402985076
1346,0,0.24,0.21666666666666667,0.25333333333333335,0.24666666666666667,0.17333333333333334,0.2240116759872369,0.22757596793559245,0.30956175298804783
1347,0,0.30666666666666664,0.2866666666666667,0.31666666666666665,0.26,0.19666666666666666,0.3216399372369782,0.35230167287402275,0.44776119402985076
1348,1,0.36666666666666664,0.4166666666666667,0.37333333333333335,0.4633333333333333,0.37333333333333335,0.40984220849299896,0.3442459722794777,0.3116979269496545
1349,1,0.38333333333333336,0.36333333333333334,0.36,0.4266666666666667,0.3233333333333333,0.37225034089153947,0.3614033520803762,0.3116979269496545
1350,0,0.27666666666666667,0.23,0.26666666666666666,0.2633333333333333,0.15333333333333332,0.22408892968083804,0.33997073871670147,0.30956175298804783
1351,0,0.31,0.28,0.30666666666666664,0.30666666666666664,0.22666666666666666,0.32040217564437656,0.2828869077859674,0.30956175298804783
1352,0,0.2,0.25666666666666665,0.25333333333333335,0.2733333333333333,0.17333333333333334,0.2572819456337978,0.2968950424611626,0.30956175298804783
1353,0,0.2733333333333333,0.32,0.25,0.2866666666666667,0.22,0.31101315269419705,0.24436614645033658,0.30956175298804783
1354,0,0.30333333333333334,0.23333333333333334,0.27666666666666667,0.23666666666666666,0.16666666666666666,0.2683735990114601,0.29952164753306637,0.30956175298804783
1355,1,0.43333333333333335,0.41,0.38,0.37333333333333335,0.24333333333333335,0.40240148875885096,0.39846154666489075,0.30956175298804783
1356,1,0.44333333333333336,0.4066666666666667,0.47333333333333333,0.39,0.37333333333333335,0.47621894858330643,0.4824189834885349,0.44776119402985076
1357,1,0.47,0.43666666666666665,0.45,0.42333333333333334,0.3466666666666667,0.493779374640557,0.35828511348270264,0.30956175298804783
1358,0,0.17,0.14666666666666667,0.13333333333333333,0.18333333333333332,0.12,0.17283140827144405,0.19935016024352617,0.30956175298804783
1359,0,0.27,0.2633333333333333,0.35333333333333333,0.27,0.21666666666666667,0.33557429353171714,0.37853739612883985,0.3116979269496545
1360,1,0.47333333333333333,0.43666666666666665,0.43333333333333335,0.43333333333333335,0.38333333333333336,0.47162685673707155,0.38149438406011077,0.3116979269496545
1361,0,0.38,0.38666666666666666,0.41333333333333333,0.3566666666666667,0.4033333333333333,0.39912926617696914,0.3628137881023813,0.30956175298804783
1362,0,0.17333333333333334,0.2,0.15,0.19,0.17666666666666667,0.20745356391225434,0.29952164753306637,0.30956175298804783
1363,1,0.36,0.43,0.48,0.42333333333333334,0.3,0.40966518304808025,0.39096460089357526,0.3116979269496545
1364,0,0.47333333333333333,0.45,0.4,0.48333333333333334,0.3566666666666667,0.42571368403535026,0.35951620552402397,0.41273476866697206
1365,0,0.19,0.17333333333333334,0.18666666666666668,0.2,0.14,0.18688002924169447,0.22757596793559245,0.30956175298804783
1366,0,0.27666666666666667,0.3333333333333333,0.3,0.29,0.24333333333333335,0.2653743444654382,0.30904934042265003,0.30956175298804783
1367,1,0.2833333333333333,0.26,0.2833333333333333,0.29333333333333333,0.22,0.3179463519003461,0.33741819416368457,0.3116979269496545
1368,0,0.32,0.32,0.3,0.30666666666666664,0.2966666666666667,0.28341876694485363,0.29428179420275896,0.30956175298804783
1369,1,0.46,0.44,0.4633333333333333,0.4666666666666667,0.4066666666666667,0.49483729372143337,0.4719069506020713,0.41273476866697206
1370,0,0.43,0.4,0.37666666666666665,0.36,0.38666666666666666,0.41065611715403366,0.36174525868002533,0.41273476866697206
1371,0,0.2733333333333333,0.20666666666666667,0.22333333333333333,0.2,0.19666666666666666,0.2524708731998335,0.26127195596988045,0.3116979269496545
1372,0,0.32,0.29,0.31,0.3,0.26,0.2746580768965676,0.21572488854474825,0.3116979269496545
1373,1,0.39666666666666667,0.4033333333333333,0.38666666666666666,0.3433333333333333,0.36,0.4119950332880836,0.36174525868002533,0.41273476866697206
1374,1,0.5533333333333333,0.48,0.49,0.45666666666666667,0.3933333333333333,0.5230201491277763,0.5583640045085306,0.44776119402985076
1375,0,0.18,0.23333333333333334,0.23,0.19,0.20333333333333334,0.17178431047769466,0.22650438144496357,0.3116979269496545
1376,1,0.2,0.17666666666666667,0.19,0.23666666666666666,0.23333333333333334,0.2330990040999644,0.21180900916982418,0.3116979269496545
1377,0,0.43666666666666665,0.43,0.38666666666666666,0.38333333333333336,0.37,0.41954712084946416,0.3299210638798988,0.30956175298804783
1378,0,0.25,0.30666666666666664,0.26,0.26666666666666666,0.19333333333333333,0.24775887333351868,0.24687434796071195,0.3116979269496545
1379,0,0.24,0.29333333333333333,0.27,0.23666666666666666,0.11,0.2189827012717073,0.3064607640164814,0.30956175298804783
1380,0,0.4266666666666667,0.4533333333333333,0.42,0.44,0.42,0.4057198487964561,0.31691596283640194,0.3116979269496545
1381,0,0.26666666666666666,0.29,0.31333333333333335,0.2633333333333333,0.14,0.251499423954812,0.343348647299647,0.30956175298804783
1382,1,0.35,0.47333333333333333,0.42,0.43,0.33,0.41594931128726625,0.389277207951944,0.3116979269496545
1383,1,0.35,0.2866666666666667,0.30333333333333334,0.37333333333333335,0.25,0.30181852742141524,0.31963916906679457,0.3116979269496545
1384,0,0.18666666666666668,0.22333333333333333,0.16666666666666666,0.16,0.12666666666666668,0.20537764840458766,0.2420560797680546,0.30956175298804783
1385,0,0.42,0.44666666666666666,0.36,0.46,0.36666666666666664,0.40465419921379575,0.3816471812301103,0.41273476866697206
1386,0,0.45666666666666667,0.37,0.41333333333333333,0.39,0.39666666666666667,0.403150208082266,0.3628137881023813,0.30956175298804783
1387,0,0.21666666666666667,0.20666666666666667,0.22333333333333333,0.2633333333333333,0.18333333333333332,0.1767294818211249,0.22871081555618422,0.3116979269496545
1388,0,0.44,0.41,0.39,0.38666666666666666,0.36666666666666664,0.42118211251905235,0.30087551651641786,0.3116979269496545
1389,0,0.17,0.18666666666666668,0.13666666666666666,0.21333333333333335,0.13,0.20006607981491314,0.2607960692755358,0.3116979269496545
1390,0,0.21,0.24,0.26666666666666666,0.26666666666666666,0.24666666666666667,0.25433678181617764,0.3155224904430737,0.30956175298804783
1391,1,0.4266666666666667,0.41,0.49333333333333335,0.49333333333333335,0.37666666666666665,0.4731941248496436,0.4196579270083924,0.41273476866697206
1392,0,0.2833333333333333,0.2966666666666667,0.3333333333333333,0.29,0.18333333333333332,0.31311762307942476,0.2968950424611626,0.30956175298804783
1393,0,0.37666666666666665,0.3233333333333333,0.25,0.31333333333333335,0.31666666666666665,0.30800590107745096,0.2607960692755358,0.3116979269496545
1394,1,0.4033333333333333,0.44,0.44666666666666666,0.4633333333333333,0.29333333333333333,0.4057241311592686,0.3716242608406304,0.30956175298804783
1395,0,0.44333333333333336,0.43333333333333335,0.42,0.47,0.29,0.42838102112488075,0.3597681776162071,0.3116979269496545
1396,1,0.3433333333333333,0.35,0.41333333333333333,0.36666666666666664,0.30666666666666664,0.4097115614997579,0.3816471812301103,0.41273476866697206
1397,1,0.2633333333333333,0.2966666666666667,0.23333333333333334,0.26666666666666666,0.21666666666666667,0.3178797941203319,0.31809883084795143,0.3116979269496545
1398,1,0.39666666666666667,0.32,0.41,0.43666666666666665,0.27,0.33646030512476166,0.34279263517717123,0.30956175298804783
1399,1,0.21333333333333335,0.29,0.23666666666666666,0.25,0.18333333333333332,0.2469375881652509,0.2843278338295616,0.30956175298804783
1400,1,0.3566666666666667,0.4266666666666667,0.38333333333333336,0.39666666666666667,0.31,0.3636168226797199,0.3370154612768344,0.3116979269496545
1401,0,0.4866666666666667,0.4666666666666667,0.4633333333333333,0.46,0.37,0.5351156363814319,0.48835037304478945,0.41273476866697206
1402,0,0.22666666666666666,0.28,0.22666666666666666,0.24666666666666667,0.18,0.1682170110389406,0.21480278629638885,0.3116979269496545
1403,0,0.44666666666666666,0.43666666666666665,0.37666666666666665,0.41333333333333333,0.35,0.408608189307066,0.3673172006517484,0.44776119402985076
1404,0,0.21,0.27666666666666667,0.23333333333333334,0.25666666666666665,0.22333333333333333,0.260215667936272,0.28888604141041707,0.3116979269496545
1405,0,0.30666666666666664,0.31,0.35333333333333333,0.30666666666666664,0.23333333333333334,0.26353992755876704,0.2707699615916519,0.30956175298804783
1406,1,0.44666666666666666,0.44,0.48,0.44,0.41,0.48590823510185055,0.46616507026762405,0.44776119402985076
1407,0,0.14666666666666667,0.15333333333333332,0.14666666666666667,0.16333333333333333,0.16,0.17535544142502754,0.18303731526878775,0.30956175298804783
1408,0,0.37333333333333335,0.3933333333333333,0.3566666666666667,0.31333333333333335,0.3,0.371069827092301,0.33741819416368457,0.3116979269496545
1409,1,0.35333333333333333,0.45,0.43,0.42,0.3233333333333333,0.3585277391026207,0.28164984423196016,0.3116979269496545
1410,1,0.29,0.2866666666666667,0.25,0.21666666666666667,0.16666666666666666,0.24105582604995765,0.34175144503130056,0.30956175298804783
1411,0,0.38,0.36333333333333334,0.4066666666666667,0.3433333333333333,0.38,0.37178158061448835,0.26216560905430975,0.3116979269496545
1412,1,0.23666666666666666,0.23333333333333334,0.25333333333333335,0.30666666666666664,0.12,0.23053043717800262,0.28275557001632035,0.3116979269496545
1413,0,0.44666666666666666,0.3233333333333333,0.38333333333333336,0.33,0.35333333333333333,0.4375299850157269,0.3223046635300258,0.30956175298804783
1414,1,0.4,0.47333333333333333,0.4766666666666667,0.47333333333333333,0.38333333333333336,0.4744008010208576,0.4379036516461264,0.3116979269496545
1415,0,0.18333333333333332,0.2,0.24,0.2733333333333333,0.22333333333333333,0.2218822581392187,0.26437602111863706,0.30956175298804783
1416,1,0.3233333333333333,0.30666666666666664,0.31333333333333335,0.36,0.20666666666666667,0.2944611799670182,0.2983776325313001,0.30956175298804783
1417,0,0.45666666666666667,0.39,0.39666666666666667,0.43333333333333335,0.38333333333333336,0.44727565553383797,0.42837486405519865,0.41273476866697206
1418,0,0.27666666666666667,0.2966666666666667,0.31,0.28,0.20333333333333334,0.3040510803299831,0.26299905018496816,0.30956175298804783
1419,0,0.44666666666666666,0.4533333333333333,0.44,0.43333333333333335,0.36666666666666664,0.4566558750127782,0.3816471812301103,0.41273476866697206
1420,0,0.23666666666666666,0.25,0.2833333333333333,0.26666666666666666,0.22333333333333333,0.24688888446186327,0.2983776325313001,0.30956175298804783
1421,0,0.42,0.38,0.43,0.44,0.36333333333333334,0.4148423516452885,0.38020721752063114,0.3116979269496545
1422,0,0.39666666666666667,0.41333333333333333,0.38,0.41,0.36333333333333334,0.4269105857487922,0.3182393012584209,0.30956175298804783
1423,1,0.42,0.38666666666666666,0.37666666666666665,0.44666666666666666,0.3466666666666667,0.43949621218382856,0.39431030473655837,0.41273476866697206
1424,0,0.2966666666666667,0.25666666666666665,0.30333333333333334,0.23666666666666666,0.19,0.27480606632756194,0.3051153673461711,0.3116979269496545
1425,0,0.2633333333333333,0.21666666666666667,0.22333333333333333,0.24,0.12666666666666668,0.21302346076536857,0.24915526453308215,0.30956175298804783
1426,1,0.45,0.41333333333333333,0.41,0.42,0.3566666666666667,0.36186823438441085,0.35991733667263565,0.30956175298804783
1427,0,0.37333333333333335,0.3433333333333333,0.4,0.4,0.38333333333333336,0.38948255814382154,0.2828869077859674,0.30956175298804783
1428,0,0.26666666666666666,0.23,0.26,0.27666666666666667,0.21,0.23267666112545463,0.3081474407546946,0.30956175298804783
1429,1,0.37666666666666665,0.30333333333333334,0.36666666666666664,0.3933333333333333,0.3,0.38631465117979064,0.39830635390879177,0.3116979269496545
1430,0,0.33666666666666667,0.3333333333333333,0.3233333333333333,0.2966666666666667,0.3466666666666667,0.3666158165465319,0.3153826644806379,0.3116979269496545
1431,0,0.21333333333333335,0.15666666666666668,0.23666666666666666,0.21,0.16333333333333333,0.2223002459316132,0.318634208616246,0.3116979269496545
1432,0,0.41333333333333333,0.38,0.43666666666666665,0.37333333333333335,0.2733333333333333,0.4202885549088286,0.45569538526804687,0.41273476866697206
1433,1,0.2866666666666667,0.30333333333333334,0.3333333333333333,0.2633333333333333,0.25333333333333335,0.2743650488571094,0.30464161637691006,0.3116979269496545
1434,0,0.31333333333333335,0.25666666666666665,0.22666666666666666,0.28,0.15333333333333332,0.2533415947065094,0.3611758413542882,0.30956175298804783
1435,1,0.26,0.29333333333333333,0.2866666666666667,0.27,0.18,0.3036266148133316,0.389277207951944,0.3116979269496545
1436,1,0.49,0.5233333333333333,0.4266666666666667,0.46,0.37,0.4697917462806643,0.4212282776872137,0.3116979269496545
1437,1,0.20333333333333334,0.2733333333333333,0.27666666666666667,0.27666666666666667,0.16666666666666666,0.20194390788919706,0.29972854310201813,0.3116979269496545
1438,1,0.38666666666666666,0.35333333333333333,0.36666666666666664,0.31333333333333335,0.26,0.33410373813124283,0.40860339797254736,0.3116979269496545
1439,0,0.19666666666666666,0.20666666666666667,0.18333333333333332,0.19,0.15333333333333332,0.19964109604569044,0.24555810389249988,0.3116979269496545
1440,0,0.20666666666666667,0.24666666666666667,0.19,0.28,0.20666666666666667,0.2595378882041676,0.24335960737354914,0.30956175298804783
1441,1,0.43666666666666665,0.4633333333333333,0.36666666666666664,0.49666666666666665,0.3933333333333333,0.4479279955065072,0.38149438406011077,0.3116979269496545
1442,0,0.4633333333333333,0.45666666666666667,0.45666666666666667,0.43666666666666665,0.3433333333333333,0.4524669516939988,0.40875987719847573,0.41273476866697206
1443,1,0.38333333333333336,0.38666666666666666,0.37,0.42,0.35,0.3746629124132986,0.35991733667263565,0.30956175298804783
1444,0,0.38666666666666666,0.41,0.51,0.45666666666666667,0.31,0.4360522825578651,0.4196579270083924,0.41273476866697206
1445,0,0.23,0.35,0.2966666666666667,0.30333333333333334,0.2,0.25400181520128,0.24223700783177432,0.3116979269496545
1446,0,0.15333333333333332,0.17333333333333334,0.17333333333333334,0.18,0.16333333333333333,0.17183866823926805,0.21073511302723255,0.30956175298804783
1447,0,0.15333333333333332,0.16,0.17333333333333334,0.15,0.19333333333333333,0.18192743930111646,0.18410021224783704,0.30956175298804783
1448,1,0.36333333333333334,0.37666666666666665,0.4033333333333333,0.39,0.30666666666666664,0.4568319915030623,0.3135244975760547,0.30956175298804783
1449,1,0.23666666666666666,0.22,0.2633333333333333,0.26666666666666666,0.20666666666666667,0.22399562514188634,0.30246088985412173,0.3116979269496545
1450,0,0.26666666666666666,0.25,0.25666666666666665,0.27,0.18333333333333332,0.23964753577001283,0.2844160559732065,0.30956175298804783
1451,0,0.2833333333333333,0.31333333333333335,0.29333333333333333,0.25333333333333335,0.27,0.3168827202801126,0.3299210638798988,0.30956175298804783
1452,1,0.5066666666666667,0.43333333333333335,0.47,0.4166666666666667,0.37333333333333335,0.4815512897796124,0.4719069506020713,0.41273476866697206
1453,1,0.36333333333333334,0.3433333333333333,0.2966666666666667,0.27,0.20333333333333334,0.3540186043040032,0.3820766758571352,0.44776119402985076
1454,0,0.2733333333333333,0.26666666666666666,0.25666666666666665,0.25333333333333335,0.24333333333333335,0.30482175056639577,0.33741819416368457,0.3116979269496545
1455,1,0.38333333333333336,0.36666666666666664,0.36333333333333334,0.38,0.2966666666666667,0.32934524858395625,0.3010117386091318,0.30956175298804783
1456,1,0.5266666666666666,0.4166666666666667,0.44,0.42333333333333334,0.43333333333333335,0.5624873128706877,0.5040982574997558,0.41273476866697206
1457,1,0.36,0.3233333333333333,0.31666666666666665,0.31,0.29333333333333333,0.341619413646539,0.38774617140480894,0.30956175298804783
1458,1,0.3433333333333333,0.3566666666666667,0.36666666666666664,0.37,0.33666666666666667,0.3778350296385791,0.3954571316681382,0.30956175298804783
1459,1,0.4633333333333333,0.4666666666666667,0.45666666666666667,0.4533333333333333,0.34,0.5127021650549929,0.5203854929962706,0.41273476866697206
1460,0,0.4166666666666667,0.38666666666666666,0.39,0.37,0.25,0.373064171981952,0.4164470102372428,0.3116979269496545
1461,1,0.43333333333333335,0.4066666666666667,0.4266666666666667,0.3933333333333333,0.38,0.38150137428978187,0.3487920783388627,0.3116979269496545
1462,0,0.47,0.42333333333333334,0.43333333333333335,0.42333333333333334,0.3466666666666667,0.4758559176289247,0.4474206254151304,0.44776119402985076
1463,0,0.36666666666666664,0.39666666666666667,0.38666666666666666,0.34,0.27666666666666667,0.3583470530022546,0.3894311596311012,0.30956175298804783
1464,0,0.2833333333333333,0.28,0.26666666666666666,0.3333333333333333,0.19666666666666666,0.2779746324070343,0.33997073871670147,0.30956175298804783
1465,0,0.48,0.39666666666666667,0.42333333333333334,0.32666666666666666,0.36666666666666664,0.42309847511977094,0.37853739612883985,0.3116979269496545
1466,1,0.38333333333333336,0.4,0.43666666666666665,0.38333333333333336,0.31,0.42524885692859904,0.5093898526520293,0.44776119402985076
1467,0,0.3,0.27,0.32,0.31666666666666665,0.22333333333333333,0.374555815458996,0.3611758413542882,0.30956175298804783
1468,1,0.29,0.31666666666666665,0.31666666666666665,0.31333333333333335,0.22,0.30930439173990876,0.2968950424611626,0.30956175298804783
1469,0,0.38666666666666666,0.3433333333333333,0.37666666666666665,0.36,0.44333333333333336,0.36513622541614077,0.31150713507197336,0.3116979269496545
1470,0,0.21,0.25666666666666665,0.24666666666666667,0.22,0.13333333333333333,0.19332428449081757,0.2274621643982846,0.3116979269496545
1471,1,0.48333333333333334,0.3933333333333333,0.48333333333333334,0.4766666666666667,0.38333333333333336,0.47838544464034777,0.45783419475435194,0.44776119402985076
1472,0,0.20333333333333334,0.19333333333333333,0.19666666666666666,0.22,0.11666666666666667,0.19640743198314395,0.31963916906679457,0.3116979269496545
1473,0,0.17333333333333334,0.2,0.16,0.19,0.16,0.15725517871122302,0.18328169722387802,0.30956175298804783
1474,0,0.4266666666666667,0.47,0.42,0.4633333333333333,0.34,0.5098638596335349,0.47735791749899387,0.44776119402985076
1475,0,0.21,0.31,0.25666666666666665,0.23333333333333334,0.2,0.2458129924179979,0.2605735822069425,0.30956175298804783
1476,1,0.21666666666666667,0.23333333333333334,0.23,0.26,0.17666666666666667,0.227737597433301,0.27782264411891294,0.30956175298804783
1477,0,0.36333333333333334,0.34,0.41,0.31333333333333335,0.44333333333333336,0.3471661969959257,0.25974511844129433,0.3116979269496545
1478,0,0.2866666666666667,0.28,0.23666666666666666,0.27,0.18,0.30003158657230705,0.4017919043701667,0.41273476866697206
1479,0,0.26666666666666666,0.24333333333333335,0.25333333333333335,0.24666666666666667,0.13,0.2427443238213887,0.343348647299647,0.30956175298804783
1480,0,0.45,0.43666666666666665,0.46,0.4666666666666667,0.31,0.508542239017024,0.4876299420389655,0.41273476866697206
1481,0,0.3333333333333333,0.38,0.4,0.3333333333333333,0.2966666666666667,0.3916812015087349,0.3628137881023813,0.30956175298804783
1482,0,0.41333333333333333,0.4266666666666667,0.3933333333333333,0.4066666666666667,0.3233333333333333,0.44112786188996206,0.37853739612883985,0.3116979269496545
1483,1,0.26,0.3466666666666667,0.2866666666666667,0.27666666666666667,0.15666666666666668,0.2873574514511068,0.3415639371247822,0.30956175298804783
1484,0,0.27,0.33,0.27666666666666667,0.30666666666666664,0.13333333333333333,0.2675092565150718,0.3561572333810048,0.30956175298804783
1485,0,0.36666666666666664,0.31333333333333335,0.31,0.32666666666666666,0.21666666666666667,0.3268404851304797,0.41154277938048145,0.3116979269496545
1486,0,0.42,0.41,0.4166666666666667,0.38333333333333336,0.3466666666666667,0.401056606477824,0.3292879846413518,0.30956175298804783
1487,0,0.26666666666666666,0.20333333333333334,0.18333333333333332,0.27,0.17,0.26954993309934316,0.3000395162450365,0.30956175298804783
1488,1,0.37666666666666665,0.3933333333333333,0.4533333333333333,0.4033333333333333,0.31666666666666665,0.3848723442499567,0.343348647299647,0.30956175298804783
1489,1,0.32,0.26,0.31333333333333335,0.29333333333333333,0.23666666666666666,0.33406345505569407,0.3816471812301103,0.41273476866697206
1490,0,0.4666666666666667,0.42,0.51,0.5033333333333333,0.31333333333333335,0.42576445717158545,0.3010117386091318,0.30956175298804783
1491,0,0.23666666666666666,0.23666666666666666,0.2633333333333333,0.24666666666666667,0.17333333333333334,0.26411939196276407,0.3013947188643421,0.3116979269496545
1492,0,0.21,0.26666666666666666,0.24,0.21666666666666667,0.15,0.22137732072526,0.3059366563817777,0.30956175298804783
1493,0,0.25333333333333335,0.33,0.3466666666666667,0.30666666666666664,0.19333333333333333,0.2585433893444004,0.32243262979640913,0.3116979269496545
1494,1,0.24333333333333335,0.26,0.23666666666666666,0.26666666666666666,0.21666666666666667,0.2804024822661668,0.29428179420275896,0.30956175298804783
1495,0,0.49333333333333335,0.43666666666666665,0.48333333333333334,0.4766666666666667,0.33,0.5220544574221223,0.45187438300411653,0.41273476866697206
1496,0,0.49333333333333335,0.44333333333333336,0.48333333333333334,0.43666666666666665,0.30666666666666664,0.5127021650549929,0.5203854929962706,0.41273476866697206
1497,0,0.19333333333333333,0.19,0.21333333333333335,0.24,0.14666666666666667,0.20732186325582327,0.2993858109499458,0.3116979269496545
1498,0,0.4,0.37666666666666665,0.39,0.37,0.41333333333333333,0.3665741478059717,0.31691596283640194,0.3116979269496545
1499,0,0.46,0.41333333333333333,0.44666666666666666,0.4166666666666667,0.34,0.4017592162549539,0.2982420938730439,0.3116979269496545
1500,1,0.36333333333333334,0.35,0.4166666666666667,0.44,0.37666666666666665,0.43013673706803623,0.41458559408233364,0.44776119402985076
1501,1,0.26,0.2866666666666667,0.28,0.27666666666666667,0.24666666666666667,0.2758350845373737,0.2780543207795998,0.3116979269496545
1502,0,0.2,0.27666666666666667,0.29,0.27,0.2,0.27736102780234134,0.3248692721678441,0.30956175298804783
1503,0,0.3233333333333333,0.36666666666666664,0.30666666666666664,0.31333333333333335,0.29333333333333333,0.3068203427597007,0.3178484784849956,0.30956175298804783
1504,0,0.41,0.3933333333333333,0.41,0.48,0.34,0.4144138967624612,0.38918208699174034,0.3116979269496545
1505,1,0.3566666666666667,0.29333333333333333,0.24666666666666667,0.2966666666666667,0.22666666666666666,0.32499609665830775,0.35951620552402397,0.41273476866697206
1506,1,0.31333333333333335,0.3333333333333333,0.3566666666666667,0.39,0.22,0.35398226785393977,0.40875987719847573,0.41273476866697206
1507,0,0.15,0.13666666666666666,0.13666666666666666,0.15333333333333332,0.14666666666666667,0.15484942059895362,0.1803596471755172,0.30956175298804783
1508,0,0.3333333333333333,0.38,0.38,0.38666666666666666,0.35,0.37181758593853464,0.3254106071314631,0.30956175298804783
1509,0,0.37,0.33666666666666667,0.3933333333333333,0.35,0.37,0.3672858019818569,0.25673551697922925,0.30956175298804783
1510,0,0.26666666666666666,0.23,0.23666666666666666,0.2866666666666667,0.22666666666666666,0.2519276526850849,0.2707699615916519,0.30956175298804783
1511,0,0.4533333333333333,0.43333333333333335,0.4766666666666667,0.46,0.43333333333333335,0.5061368423891619,0.45242369185954484,0.44776119402985076
1512,1,0.3933333333333333,0.3233333333333333,0.38,0.30333333333333334,0.30666666666666664,0.40460518759170916,0.3567231567417164,0.41273476866697206
1513,0,0.3933333333333333,0.4033333333333333,0.33666666666666667,0.3933333333333333,0.3233333333333333,0.37731526642933083,0.3292879846413518,0.30956175298804783
1514,1,0.2633333333333333,0.27,0.2833333333333333,0.27666666666666667,0.15666666666666668,0.23998706789197183,0.37868973408918816,0.30956175298804783
1515,0,0.2633333333333333,0.29333333333333333,0.2966666666666667,0.29,0.14666666666666667,0.22297292142618383,0.3155224904430737,0.30956175298804783
1516,0,0.39666666666666667,0.36666666666666664,0.4166666666666667,0.36666666666666664,0.25,0.41603793236462705,0.4892402204378587,0.44776119402985076
1517,0,0.24333333333333335,0.20666666666666667,0.28,0.22333333333333333,0.23,0.21527368465437208,0.24436614645033658,0.30956175298804783
1518,0,0.26,0.26666666666666666,0.3333333333333333,0.31333333333333335,0.20333333333333334,0.24913055956910451,0.3415639371247822,0.30956175298804783
1519,0,0.25333333333333335,0.21,0.24666666666666667,0.24333333333333335,0.18,0.26953299643225076,0.3140557222670675,0.41273476866697206
1520,1,0.43,0.47,0.48333333333333334,0.4166666666666667,0.3,0.4159878069905232,0.3292879846413518,0.30956175298804783
1521,1,0.48333333333333334,0.38,0.43,0.36333333333333334,0.44,0.4193609030236058,0.3182393012584209,0.30956175298804783
1522,1,0.29333333333333333,0.3333333333333333,0.2866666666666667,0.33,0.2,0.32159684858517806,0.39362625062188716,0.41273476866697206
1523,0,0.44333333333333336,0.4266666666666667,0.5266666666666666,0.45666666666666667,0.31666666666666665,0.4685143501364964,0.4196579270083924,0.41273476866697206
1524,1,0.37,0.31,0.22333333333333333,0.31666666666666665,0.16666666666666666,0.3217193691816921,0.3182393012584209,0.30956175298804783
1525,0,0.43333333333333335,0.4166666666666667,0.45666666666666667,0.45,0.2866666666666667,0.42760165447199405,0.4281183485020756,0.3116979269496545
1526,0,0.39666666666666667,0.3466666666666667,0.4,0.3933333333333333,0.21333333333333335,0.39381437846867895,0.4394072121817234,0.41273476866697206
1527,0,0.21,0.2,0.21333333333333335,0.22333333333333333,0.17,0.1952713122761988,0.22757596793559245,0.30956175298804783
1528,0,0.31,0.2633333333333333,0.28,0.27666666666666667,0.14666666666666667,0.23060481776569605,0.34439215762017517,0.30956175298804783
1529,0,0.36333333333333334,0.2733333333333333,0.27,0.3,0.3466666666666667,0.3043093726328161,0.29952164753306637,0.30956175298804783
1530,0,0.4033333333333333,0.41,0.43,0.42,0.30333333333333334,0.4225211406134468,0.28275557001632035,0.3116979269496545
1531,1,0.3,0.30333333333333334,0.25,0.28,0.22333333333333333,0.28846192753894506,0.26216560905430975,0.3116979269496545
1532,1,0.44,0.42,0.44666666666666666,0.4633333333333333,0.42,0.4326590896117446,0.39937758065894224,0.3116979269496545
1533,0,0.23666666666666666,0.2,0.24333333333333335,0.18666666666666668,0.23,0.2729950981971499,0.3282673248399428,0.41273476866697206
1534,0,0.22,0.26,0.21,0.24,0.17666666666666667,0.18575517785340576,0.2642501106408933,0.3116979269496545
1535,1,0.20666666666666667,0.22,0.2633333333333333,0.29,0.22,0.23091912042415305,0.28572949747963944,0.3116979269496545
1536,1,0.32666666666666666,0.33666666666666667,0.39666666666666667,0.4,0.31,0.3180256304298527,0.41031828041560187,0.3116979269496545
1537,0,0.37666666666666665,0.38333333333333336,0.4166666666666667,0.37666666666666665,0.31333333333333335,0.360351671629834,0.3431124853593351,0.3116979269496545
1538,0,0.31333333333333335,0.25666666666666665,0.29333333333333333,0.22,0.12,0.22908041581253344,0.3254106071314631,0.30956175298804783
1539,0,0.24333333333333335,0.32666666666666666,0.36333333333333334,0.31333333333333335,0.26,0.3520254570851478,0.36864059057667947,0.3116979269496545
1540,0,0.3466666666666667,0.35333333333333333,0.3933333333333333,0.36333333333333334,0.31666666666666665,0.34863953194729813,0.28164984423196016,0.3116979269496545
1541,0,0.3466666666666667,0.3333333333333333,0.34,0.31666666666666665,0.15666666666666668,0.31389476087525514,0.3010117386091318,0.30956175298804783
1542,0,0.4666666666666667,0.4866666666666667,0.4533333333333333,0.48,0.39,0.41888842502643286,0.39937758065894224,0.3116979269496545
1543,0,0.45,0.45,0.46,0.4866666666666667,0.37,0.4535065121501787,0.4130223353805707,0.41273476866697206
1544,0,0.27666666666666667,0.30333333333333334,0.22333333333333333,0.25666666666666665,0.21666666666666667,0.29762623083025175,0.3299210638798988,0.30956175298804783
1545,1,0.2866666666666667,0.23,0.28,0.23333333333333334,0.21,0.298809044945341,0.34175144503130056,0.30956175298804783
1546,0,0.35,0.35,0.42,0.36333333333333334,0.25666666666666665,0.396770489086978,0.38774617140480894,0.30956175298804783
1547,0,0.25333333333333335,0.31333333333333335,0.2966666666666667,0.3,0.23666666666666666,0.2692907474772537,0.31963916906679457,0.3116979269496545
1548,0,0.26666666666666666,0.21666666666666667,0.22333333333333333,0.20333333333333334,0.21666666666666667,0.2771000545523603,0.3140557222670675,0.41273476866697206
1549,0,0.45,0.36666666666666664,0.38,0.37,0.41,0.3824032701708293,0.2968950424611626,0.30956175298804783
1550,0,0.42,0.37,0.4166666666666667,0.37333333333333335,0.36666666666666664,0.4435348796304306,0.397311733069799,0.41273476866697206
1551,0,0.24666666666666667,0.25666666666666665,0.2966666666666667,0.28,0.13,0.23634410651363513,0.31691596283640194,0.3116979269496545
1552,0,0.29,0.3,0.31,0.3333333333333333,0.17,0.31612683839258404,0.3473297142104878,0.41273476866697206
1553,1,0.44666666666666666,0.5166666666666667,0.44666666666666666,0.44666666666666666,0.4,0.4478545389034325,0.4130223353805707,0.41273476866697206
1554,0,0.38333333333333336,0.4,0.38666666666666666,0.4033333333333333,0.36666666666666664,0.38301014531066124,0.35991733667263565,0.30956175298804783
1555,0,0.47333333333333333,0.37666666666666665,0.48333333333333334,0.49333333333333335,0.35333333333333333,0.44481832460466525,0.44077513243136496,0.41273476866697206
1556,0,0.3233333333333333,0.27,0.27,0.28,0.2,0.32153258996350176,0.3820766758571352,0.44776119402985076
1557,0,0.23,0.21333333333333335,0.19,0.22333333333333333,0.15666666666666668,0.1650737674816667,0.24105602037462,0.30956175298804783
1558,0,0.32,0.3233333333333333,0.29,0.31,0.24666666666666667,0.31263289863501403,0.29952164753306637,0.30956175298804783
1559,0,0.16,0.15666666666666668,0.19333333333333333,0.19333333333333333,0.15333333333333332,0.19144562077973729,0.19753742799648707,0.3116979269496545
1560,1,0.24666666666666667,0.31333333333333335,0.25666666666666665,0.23,0.23,0.26469311938157297,0.2274621643982846,0.3116979269496545
1561,0,0.35333333333333333,0.4266666666666667,0.39,0.4066666666666667,0.32,0.4093032810603104,0.3415639371247822,0.30956175298804783
1562,0,0.30666666666666664,0.29,0.22333333333333333,0.24,0.21666666666666667,0.31588801832329627,0.33270159171644675,0.41273476866697206
1563,1,0.25,0.24,0.23,0.21333333333333335,0.21333333333333335,0.27463945016628794,0.2803477954756618,0.30956175298804783
1564,1,0.44,0.46,0.36,0.4166666666666667,0.38,0.4798539369697358,0.4099829589187594,0.41273476866697206
1565,1,0.3933333333333333,0.42333333333333334,0.37333333333333335,0.36,0.4066666666666667,0.37517971161591734,0.3614033520803762,0.3116979269496545
1566,1,0.27666666666666667,0.26666666666666666,0.25333333333333335,0.2833333333333333,0.19666666666666666,0.2863283852019536,0.3182393012584209,0.30956175298804783
1567,1,0.31333333333333335,0.38333333333333336,0.4266666666666667,0.4266666666666667,0.33666666666666667,0.3215578434599551,0.2656312708844338,0.3116979269496545
1568,1,0.3466666666666667,0.3233333333333333,0.29,0.2966666666666667,0.32666666666666666,0.35143560299733895,0.29952164753306637,0.30956175298804783
1569,1,0.18,0.16666666666666666,0.18666666666666668,0.19333333333333333,0.20666666666666667,0.23203365432607653,0.22757596793559245,0.30956175298804783
1570,0,0.41,0.39666666666666667,0.37,0.39666666666666667,0.30333333333333334,0.4019054424281977,0.44576383448391754,0.41273476866697206
1571,1,0.24333333333333335,0.25666666666666665,0.2833333333333333,0.25666666666666665,0.21,0.2159489781804279,0.2843278338295616,0.30956175298804783
1572,0,0.3466666666666667,0.42,0.35,0.4,0.3233333333333333,0.3622479125590062,0.31150713507197336,0.3116979269496545
1573,1,0.43,0.43666666666666665,0.4633333333333333,0.4266666666666667,0.33666666666666667,0.44269952936459495,0.4164470102372428,0.3116979269496545
1574,0,0.21,0.17333333333333334,0.21333333333333335,0.22333333333333333,0.19666666666666666,0.19314651194696902,0.2982420938730439,0.3116979269496545
1575,0,0.35333333333333333,0.38666666666666666,0.35333333333333333,0.39666666666666667,0.3233333333333333,0.3709123681383383,0.364304955913884,0.3116979269496545
1576,0,0.33,0.3,0.2733333333333333,0.31,0.22333333333333333,0.28268163776623695,0.26216560905430975,0.3116979269496545
1577,1,0.42333333333333334,0.43333333333333335,0.35,0.37333333333333335,0.38666666666666666,0.4114451157920161,0.3265220259911379,0.30956175298804783
1578,1,0.47333333333333333,0.38,0.45,0.43333333333333335,0.3566666666666667,0.4738088975872929,0.37853739612883985,0.3116979269496545
1579,0,0.22,0.26666666666666666,0.25,0.21666666666666667,0.21666666666666667,0.23334531873857636,0.2456780819468744,0.30956175298804783
1580,0,0.37,0.44666666666666666,0.3933333333333333,0.4166666666666667,0.31666666666666665,0.3255828516923727,0.29972854310201813,0.3116979269496545
1581,1,0.3933333333333333,0.4033333333333333,0.4766666666666667,0.4266666666666667,0.36666666666666664,0.3903892903830821,0.39063461817972656,0.30956175298804783
1582,1,0.23,0.25666666666666665,0.26666666666666666,0.24333333333333335,0.13333333333333333,0.23629123889460285,0.3248692721678441,0.30956175298804783
1583,0,0.35,0.37666666666666665,0.38333333333333336,0.36666666666666664,0.28,0.33199249641310813,0.3597681776162071,0.3116979269496545
1584,1,0.41,0.43,0.4066666666666667,0.37666666666666665,0.32666666666666666,0.43383198954397484,0.3155224904430737,0.30956175298804783
1585,0,0.22666666666666666,0.24333333333333335,0.2733333333333333,0.23333333333333334,0.25666666666666665,0.25680166345865235,0.2707699615916519,0.30956175298804783
1586,0,0.21333333333333335,0.22333333333333333,0.26,0.24666666666666667,0.2,0.22105980950139564,0.21161634950174305,0.30956175298804783
1587,1,0.25666666666666665,0.22666666666666666,0.2733333333333333,0.19666666666666666,0.19666666666666666,0.2347280748162695,0.24555810389249988,0.3116979269496545
1588,1,0.36,0.38666666666666666,0.45,0.47,0.31666666666666665,0.3867420980399508,0.26682411095517955,0.30956175298804783
1589,0,0.3466666666666667,0.31666666666666665,0.29,0.29333333333333333,0.21666666666666667,0.32518901934593714,0.3797968908268385,0.44776119402985076
1590,0,0.20666666666666667,0.18666666666666668,0.18,0.18333333333333332,0.19333333333333333,0.19932310097187753,0.225578886062491,0.3116979269496545
1591,0,0.2833333333333333,0.2833333333333333,0.27,0.27666666666666667,0.22,0.30720618971321934,0.31281823101323813,0.30956175298804783
1592,0,0.30666666666666664,0.3333333333333333,0.33,0.3433333333333333,0.3433333333333333,0.36306871665673857,0.24335960737354914,0.30956175298804783
1593,1,0.36333333333333334,0.43666666666666665,0.36666666666666664,0.3933333333333333,0.35333333333333333,0.3631881804530093,0.3568824221379889,0.3116979269496545
1594,0,0.22,0.24,0.24666666666666667,0.2833333333333333,0.2,0.2406967691966999,0.3010117386091318,0.30956175298804783
1595,0,0.2966666666666667,0.33666666666666667,0.32,0.3233333333333333,0.33666666666666667,0.3706049784022384,0.35828511348270264,0.30956175298804783
1596,0,0.3,0.29333333333333333,0.3233333333333333,0.25,0.2,0.2717133971357371,0.24555810389249988,0.3116979269496545
1597,0,0.25333333333333335,0.21666666666666667,0.27666666666666667,0.27,0.19666666666666666,0.2492415339315751,0.33270159171644675,0.41273476866697206
1598,0,0.4166666666666667,0.39,0.4033333333333333,0.38333333333333336,0.35,0.4236560842628929,0.33982545735011993,0.3116979269496545
1599,1,0.4066666666666667,0.4533333333333333,0.4866666666666667,0.4666666666666667,0.35,0.4575726066408402,0.46233084685587217,0.44776119402985076
1600,1,0.38333333333333336,0.31333333333333335,0.36333333333333334,0.3,0.29,0.2990938849435734,0.2982420938730439,0.3116979269496545
1601,0,0.44333333333333336,0.36666666666666664,0.48,0.4166666666666667,0.38666666666666666,0.5012018338356518,0.4820188097434869,0.44776119402985076
1602,0,0.38333333333333336,0.5133333333333333,0.43666666666666665,0.46,0.31333333333333335,0.41109827014446726,0.4151210643304217,0.3116979269496545
1603,0,0.46,0.4866666666666667,0.43333333333333335,0.38,0.4,0.43470610162360795,0.3459467912318027,0.3116979269496545
1604,1,0.42,0.45666666666666667,0.48,0.44666666666666666,0.4166666666666667,0.455918476722907,0.46565613343459894,0.41273476866697206
1605,0,0.5133333333333333,0.5033333333333333,0.4533333333333333,0.45666666666666667,0.37666666666666665,0.5446049098854081,0.5368010610303457,0.41273476866697206
1606,0,0.3,0.2633333333333333,0.19666666666666666,0.21,0.22333333333333333,0.2859437272411407,0.25673551697922925,0.30956175298804783
1607,1,0.5,0.4666666666666667,0.44333333333333336,0.45666666666666667,0.31,0.5005565097658615,0.46095117067779223,0.44776119402985076
1608,0,0.22333333333333333,0.25666666666666665,0.23666666666666666,0.3,0.17666666666666667,0.2579557982410763,0.3101266476945624,0.30956175298804783
1609,0,0.28,0.27666666666666667,0.3,0.2633333333333333,0.16,0.2580922707588724,0.30904934042265003,0.30956175298804783
1610,0,0.3466666666666667,0.22333333333333333,0.21333333333333335,0.25666666666666665,0.23666666666666666,0.2743588860613422,0.2980131550407068,0.30956175298804783
1611,0,0.29333333333333333,0.29,0.2866666666666667,0.26666666666666666,0.15333333333333332,0.2302294829726868,0.38020721752063114,0.3116979269496545
1612,0,0.4633333333333333,0.4066666666666667,0.4266666666666667,0.4033333333333333,0.39,0.4299587478093588,0.4260092805566483,0.41273476866697206
1613,1,0.45,0.44333333333333336,0.47333333333333333,0.42333333333333334,0.38,0.4597048556691974,0.5018555352227257,0.44776119402985076
1614,1,0.44666666666666666,0.42,0.46,0.44,0.3933333333333333,0.5084175315689112,0.5040982574997558,0.41273476866697206
1615,0,0.19666666666666666,0.23,0.18666666666666668,0.17666666666666667,0.17666666666666667,0.1886057260116756,0.28338765099804925,0.30956175298804783
1616,0,0.4066666666666667,0.3466666666666667,0.37666666666666665,0.3566666666666667,0.3566666666666667,0.3853365328534236,0.2882978254675335,0.3116979269496545
1617,0,0.23,0.22,0.24333333333333335,0.25333333333333335,0.2633333333333333,0.24381909500795332,0.22978973954077017,0.30956175298804783
1618,0,0.21333333333333335,0.21333333333333335,0.26,0.21,0.14,0.2095340304293855,0.2659203013826207,0.30956175298804783
1619,1,0.4033333333333333,0.3933333333333333,0.41333333333333333,0.45,0.31333333333333335,0.4606547051086376,0.4118382478675719,0.30956175298804783
1620,0,0.36,0.35333333333333333,0.2833333333333333,0.31333333333333335,0.19333333333333333,0.30793073505715013,0.2844160559732065,0.30956175298804783
1621,1,0.4,0.33666666666666667,0.38333333333333336,0.42,0.42,0.3761991240788462,0.24436614645033658,0.30956175298804783
1622,1,0.32,0.26666666666666666,0.30333333333333334,0.3,0.22,0.2855845712872201,0.31963916906679457,0.3116979269496545
1623,1,0.35,0.3233333333333333,0.3233333333333333,0.33,0.3433333333333333,0.3766429788144801,0.3554046502608729,0.30956175298804783
1624,0,0.44,0.45666666666666667,0.4666666666666667,0.44333333333333336,0.3333333333333333,0.48131335620987253,0.480102517779177,0.41273476866697206
1625,0,0.22333333333333333,0.19333333333333333,0.25,0.24333333333333335,0.2,0.21386957639154303,0.27911751369310367,0.3116979269496545
1626,0,0.3,0.3233333333333333,0.36333333333333334,0.30666666666666664,0.25666666666666665,0.2749023592562174,0.2843278338295616,0.30956175298804783
1627,1,0.4066666666666667,0.4166666666666667,0.44,0.3933333333333333,0.37666666666666665,0.4841600683605919,0.397311733069799,0.41273476866697206
1628,0,0.27666666666666667,0.31666666666666665,0.32666666666666666,0.3233333333333333,0.22,0.3416455977676499,0.39362625062188716,0.41273476866697206
1629,0,0.4033333333333333,0.42333333333333334,0.43333333333333335,0.38,0.4066666666666667,0.40488242135143104,0.3816471812301103,0.41273476866697206
1630,1,0.4,0.41,0.37333333333333335,0.42333333333333334,0.33,0.4505123138582342,0.4151210643304217,0.3116979269496545
1631,1,0.21333333333333335,0.22333333333333333,0.27,0.21333333333333335,0.18,0.23948728023266194,0.23104734654724154,0.30956175298804783
1632,0,0.22,0.23666666666666666,0.23,0.22,0.16333333333333333,0.19055746194384718,0.31963916906679457,0.3116979269496545
1633,1,0.4066666666666667,0.39666666666666667,0.4066666666666667,0.39,0.29333333333333333,0.4400230500951031,0.3628137881023813,0.30956175298804783
1634,1,0.4066666666666667,0.3933333333333333,0.4266666666666667,0.4066666666666667,0.2966666666666667,0.42273190988647763,0.38020721752063114,0.3116979269496545
1635,0,0.36666666666666664,0.36666666666666664,0.33,0.32666666666666666,0.23666666666666666,0.382191350818239,0.3953023400985028,0.3116979269496545
1636,0,0.2866666666666667,0.34,0.3333333333333333,0.34,0.23333333333333334,0.33803818655025164,0.3032781522001276,0.30956175298804783
1637,0,0.45666666666666667,0.43333333333333335,0.41,0.45666666666666667,0.2966666666666667,0.44414368932975634,0.3816471812301103,0.41273476866697206
1638,1,0.43333333333333335,0.34,0.4,0.3933333333333333,0.3333333333333333,0.4716553106455469,0.36266410879539884,0.3116979269496545
1639,0,0.27666666666666667,0.2733333333333333,0.25333333333333335,0.22666666666666666,0.20666666666666667,0.25890400338547787,0.36440535804914986,0.3116979269496545
1640,0,0.43,0.45,0.4166666666666667,0.43333333333333335,0.33666666666666667,0.47706836887010573,0.39846154666489075,0.30956175298804783
1641,1,0.46,0.5166666666666667,0.47333333333333333,0.48,0.41333333333333333,0.4599898835847341,0.4409953074286134,0.44776119402985076
1642,0,0.42333333333333334,0.47,0.44,0.43666666666666665,0.36666666666666664,0.464977502123041,0.4691254922732648,0.44776119402985076
1643,0,0.41,0.3566666666666667,0.39,0.37,0.2733333333333333,0.38337717885441136,0.3816471812301103,0.41273476866697206
1644,1,0.2,0.21333333333333335,0.17,0.21666666666666667,0.15666666666666668,0.19027392262855694,0.3101266476945624,0.30956175298804783
1645,0,0.18333333333333332,0.24666666666666667,0.2833333333333333,0.23,0.14666666666666667,0.1957680220659803,0.28054675112353983,0.3116979269496545
1646,1,0.3466666666666667,0.36333333333333334,0.37333333333333335,0.35333333333333333,0.29333333333333333,0.3593297845193696,0.35991733667263565,0.30956175298804783
1647,1,0.30666666666666664,0.31666666666666665,0.29333333333333333,0.32,0.30333333333333334,0.31541978383760966,0.26216560905430975,0.3116979269496545
1648,0,0.22333333333333333,0.20666666666666667,0.25333333333333335,0.23333333333333334,0.15,0.17086261352822504,0.24454824409313064,0.3116979269496545
1649,0,0.32666666666666666,0.3,0.30666666666666664,0.3333333333333333,0.29333333333333333,0.35377630303689955,0.37160672313707316,0.3116979269496545
1650,0,0.4,0.4166666666666667,0.37,0.33666666666666667,0.39666666666666667,0.3836717826345201,0.26092091761458097,0.30956175298804783
1651,0,0.31,0.30666666666666664,0.37666666666666665,0.31,0.19333333333333333,0.3349397881153923,0.429953667433395,0.44776119402985076
1652,1,0.42333333333333334,0.41333333333333333,0.42333333333333334,0.38333333333333336,0.35333333333333333,0.41359246458262067,0.28697732128335857,0.30956175298804783
1653,0,0.47,0.4266666666666667,0.49333333333333335,0.4033333333333333,0.39,0.44828329275097495,0.46072924408379107,0.41273476866697206
1654,0,0.3466666666666667,0.38333333333333336,0.38666666666666666,0.43333333333333335,0.24666666666666667,0.3386091357231329,0.3628137881023813,0.30956175298804783
1655,1,0.4666666666666667,0.45666666666666667,0.46,0.43666666666666665,0.36,0.466614004597397,0.4290810641901563,0.41273476866697206
1656,0,0.25666666666666665,0.26,0.27666666666666667,0.26,0.19333333333333333,0.26413839150500557,0.3051153673461711,0.3116979269496545
1657,1,0.3433333333333333,0.36666666666666664,0.4,0.37,0.36666666666666664,0.3805306596480823,0.2803477954756618,0.30956175298804783
1658,1,0.2966666666666667,0.31666666666666665,0.2733333333333333,0.29,0.14,0.24664357205676962,0.3816471812301103,0.41273476866697206
1659,1,0.43,0.43666666666666665,0.39666666666666667,0.4533333333333333,0.42,0.47407613653013514,0.4118382478675719,0.30956175298804783
1660,0,0.19666666666666666,0.15333333333333332,0.17,0.20666666666666667,0.19333333333333333,0.18268326026082066,0.21371782708536402,0.30956175298804783
1661,0,0.30333333333333334,0.3333333333333333,0.38333333333333336,0.3233333333333333,0.23666666666666666,0.29818270798733426,0.3894311596311012,0.30956175298804783
1662,0,0.44,0.45666666666666667,0.47333333333333333,0.44666666666666666,0.2733333333333333,0.48083599917885417,0.5002444019833386,0.41273476866697206
1663,0,0.30666666666666664,0.35,0.38666666666666666,0.29333333333333333,0.22,0.306806845333777,0.3940606351103293,0.44776119402985076
1664,0,0.23333333333333334,0.22333333333333333,0.21333333333333335,0.20333333333333334,0.15333333333333332,0.22445144925805757,0.29952164753306637,0.30956175298804783
1665,0,0.41333333333333333,0.4266666666666667,0.4533333333333333,0.4066666666666667,0.3466666666666667,0.43108633565903337,0.3816471812301103,0.41273476866697206
1666,1,0.35,0.3933333333333333,0.37333333333333335,0.32666666666666666,0.35333333333333333,0.36129007188364975,0.3182393012584209,0.30956175298804783
1667,1,0.46,0.44333333333333336,0.47,0.41,0.33,0.3775873196342735,0.3023694355615828,0.3116979269496545
1668,1,0.36666666666666664,0.2966666666666667,0.33666666666666667,0.3466666666666667,0.2866666666666667,0.3158968454430725,0.28145041233127904,0.30956175298804783
1669,0,0.3933333333333333,0.4,0.42,0.3933333333333333,0.4,0.3951001547173742,0.35991733667263565,0.30956175298804783
1670,0,0.23333333333333334,0.23333333333333334,0.24,0.23333333333333334,0.19666666666666666,0.2804073597915299,0.28164984423196016,0.3116979269496545
1671,1,0.41,0.41333333333333333,0.41333333333333333,0.41333333333333333,0.35333333333333333,0.4292114115057667,0.3816471812301103,0.41273476866697206
1672,0,0.2,0.22333333333333333,0.19666666666666666,0.23,0.14,0.17928393812766302,0.2957568238797182,0.30956175298804783
1673,0,0.14666666666666667,0.2,0.2,0.19333333333333333,0.16,0.15977366435790222,0.21491201808784324,0.30956175298804783
1674,0,0.21,0.20333333333333334,0.18666666666666668,0.16333333333333333,0.16,0.1932693645195713,0.2828869077859674,0.30956175298804783
1675,0,0.37,0.29,0.31,0.3,0.21,0.2864829986925004,0.3299210638798988,0.30956175298804783
1676,1,0.36,0.27,0.36333333333333334,0.25333333333333335,0.18666666666666668,0.31612683839258404,0.3473297142104878,0.41273476866697206
1677,0,0.37666666666666665,0.4033333333333333,0.4033333333333333,0.43333333333333335,0.3,0.3925401434553304,0.3153826644806379,0.3116979269496545
1678,1,0.24666666666666667,0.3233333333333333,0.27666666666666667,0.29333333333333333,0.26,0.2982159988471593,0.3153826644806379,0.3116979269496545
1679,0,0.43333333333333335,0.4266666666666667,0.42333333333333334,0.41333333333333333,0.34,0.4392141982138711,0.4130223353805707,0.41273476866697206
1680,0,0.4066666666666667,0.43666666666666665,0.4,0.43333333333333335,0.38,0.4018162902018482,0.3487920783388627,0.3116979269496545
1681,1,0.44666666666666666,0.43333333333333335,0.48,0.55,0.3333333333333333,0.4705725039401579,0.41458559408233364,0.44776119402985076
1682,0,0.15333333333333332,0.20666666666666667,0.14,0.16666666666666666,0.13333333333333333,0.1600628617776859,0.2125284754568937,0.30956175298804783
1683,1,0.35,0.38,0.41,0.39666666666666667,0.37333333333333335,0.3480387509902651,0.2983776325313001,0.30956175298804783
1684,1,0.41333333333333333,0.39666666666666667,0.38,0.36666666666666664,0.33,0.4220454358334348,0.38149438406011077,0.3116979269496545
1685,0,0.36,0.4266666666666667,0.4,0.39,0.2866666666666667,0.3661408957744366,0.38020721752063114,0.3116979269496545
1686,0,0.22666666666666666,0.31333333333333335,0.2833333333333333,0.28,0.15,0.27103984605817877,0.3816471812301103,0.41273476866697206
1687,0,0.44333333333333336,0.41333333333333333,0.46,0.42,0.44666666666666666,0.47502416764742167,0.3611758413542882,0.30956175298804783
1688,0,0.42,0.4033333333333333,0.44333333333333336,0.44666666666666666,0.36666666666666664,0.41432052307488787,0.34279263517717123,0.30956175298804783
1689,0,0.3433333333333333,0.2866666666666667,0.32,0.2966666666666667,0.19,0.30536429203104776,0.2780543207795998,0.3116979269496545
1690,0,0.39,0.4633333333333333,0.48,0.4166666666666667,0.42333333333333334,0.5022716595400686,0.4230408543719164,0.41273476866697206
1691,0,0.28,0.22333333333333333,0.2733333333333333,0.25,0.17333333333333334,0.25399961109591573,0.36266410879539884,0.3116979269496545
1692,1,0.16333333333333333,0.17,0.18666666666666668,0.22,0.09333333333333334,0.15814259472951733,0.21043556278061032,0.30956175298804783
1693,1,0.21,0.21,0.18666666666666668,0.22,0.22,0.26738999930639956,0.26216560905430975,0.3116979269496545
1694,0,0.4166666666666667,0.45,0.4266666666666667,0.4166666666666667,0.29333333333333333,0.44846834293863724,0.41458559408233364,0.44776119402985076
1695,0,0.3433333333333333,0.36,0.30666666666666664,0.35,0.19333333333333333,0.3177583868488114,0.39063461817972656,0.30956175298804783
1696,0,0.2966666666666667,0.3566666666666667,0.34,0.33666666666666667,0.2966666666666667,0.35876259848131,0.2982420938730439,0.3116979269496545
1697,0,0.41333333333333333,0.4066666666666667,0.3933333333333333,0.41,0.37,0.41735458892570293,0.33997073871670147,0.30956175298804783
1698,0,0.34,0.3466666666666667,0.33,0.31333333333333335,0.22666666666666666,0.2850999452393981,0.3346180142364791,0.3116979269496545
1699,0,0.35333333333333333,0.29,0.3,0.29,0.18,0.31453892651034787,0.3628137881023813,0.30956175298804783
1700,0,0.26666666666666666,0.23666666666666666,0.24333333333333335,0.24,0.23,0.23643972419628592,0.26092091761458097,0.30956175298804783
1701,0,0.35333333333333333,0.30666666666666664,0.26666666666666666,0.29,0.21333333333333335,0.32557876699264604,0.3346180142364791,0.3116979269496545
1702,0,0.22,0.19333333333333333,0.15,0.22666666666666666,0.21,0.23656890204881273,0.23503190157097337,0.3116979269496545
1703,0,0.3,0.32,0.33,0.3,0.25,0.29723751050282615,0.35481538746108665,0.30956175298804783
1704,1,0.4066666666666667,0.38333333333333336,0.43,0.45,0.35,0.4377787727757692,0.3967628761824748,0.30956175298804783
1705,0,0.39666666666666667,0.38,0.4033333333333333,0.43,0.32,0.4406537993886258,0.32212260402482906,0.30956175298804783
1706,0,0.48333333333333334,0.41333333333333333,0.4,0.43666666666666665,0.37,0.4889489357922162,0.3831692070384672,0.3116979269496545
1707,0,0.17,0.18,0.23,0.19,0.15,0.1890180539728311,0.22978973954077017,0.30956175298804783
1708,0,0.5066666666666667,0.44666666666666666,0.44333333333333336,0.44666666666666666,0.41,0.4819151716125448,0.42837486405519865,0.41273476866697206
1709,0,0.20666666666666667,0.26666666666666666,0.24,0.24666666666666667,0.15666666666666668,0.21780313317956035,0.30637572765951654,0.30956175298804783
1710,1,0.4666666666666667,0.49333333333333335,0.4666666666666667,0.44666666666666666,0.3933333333333333,0.463780326138513,0.3816471812301103,0.41273476866697206
1711,1,0.47,0.37333333333333335,0.3933333333333333,0.4033333333333333,0.37,0.43511981624763146,0.3820766758571352,0.44776119402985076
1712,0,0.3566666666666667,0.32,0.30666666666666664,0.29,0.29,0.29574977313782636,0.258507892553649,0.30956175298804783
1713,0,0.3466666666666667,0.26,0.30666666666666664,0.29333333333333333,0.2866666666666667,0.3167199701387107,0.24193730321281695,0.3116979269496545
1714,0,0.2633333333333333,0.2,0.21333333333333335,0.26666666666666666,0.19666666666666666,0.25926381237847235,0.23022666910146888,0.30956175298804783
1715,1,0.3,0.30666666666666664,0.30333333333333334,0.31,0.23333333333333334,0.2842942838655055,0.31963916906679457,0.3116979269496545
1716,0,0.5166666666666667,0.44,0.48,0.48333333333333334,0.3466666666666667,0.48685716921396666,0.41528112676231355,0.44776119402985076
1717,0,0.2,0.25666666666666665,0.21666666666666667,0.21,0.15666666666666668,0.22542731582989786,0.3182393012584209,0.30956175298804783
1718,0,0.4533333333333333,0.4633333333333333,0.44666666666666666,0.45666666666666667,0.37666666666666665,0.456704230881694,0.3816471812301103,0.41273476866697206
1719,0,0.41333333333333333,0.37,0.37333333333333335,0.43,0.36,0.42675682753658906,0.34264677394248416,0.3116979269496545
1720,0,0.42333333333333334,0.48333333333333334,0.49333333333333335,0.44333333333333336,0.36666666666666664,0.44672453887299274,0.45187438300411653,0.41273476866697206
1721,0,0.21333333333333335,0.20666666666666667,0.20333333333333334,0.22666666666666666,0.16,0.2069212264041719,0.28021717591202217,0.3116979269496545
1722,1,0.3233333333333333,0.34,0.2966666666666667,0.3566666666666667,0.18333333333333332,0.29738015915219296,0.3444900457850189,0.30956175298804783
1723,0,0.38666666666666666,0.39,0.3933333333333333,0.35,0.42,0.4254815554994366,0.33741819416368457,0.3116979269496545
1724,0,0.29,0.29,0.31333333333333335,0.3233333333333333,0.26,0.30468778728340273,0.2828869077859674,0.30956175298804783
1725,1,0.5566666666666666,0.4266666666666667,0.45,0.4666666666666667,0.45,0.47719669828501593,0.39937758065894224,0.3116979269496545
1726,1,0.21333333333333335,0.22333333333333333,0.27,0.24666666666666667,0.17,0.23848525463821046,0.2707699615916519,0.30956175298804783
1727,0,0.3433333333333333,0.29,0.36666666666666664,0.31333333333333335,0.14333333333333334,0.3538457068397413,0.4083390375486163,0.41273476866697206
1728,0,0.35333333333333333,0.38666666666666666,0.4066666666666667,0.39666666666666667,0.31333333333333335,0.35289419978655845,0.28308695655308774,0.3116979269496545
1729,1,0.34,0.2966666666666667,0.31,0.2966666666666667,0.18,0.27559849624660004,0.3237680855205149,0.30956175298804783
1730,1,0.25333333333333335,0.21666666666666667,0.23666666666666666,0.26666666666666666,0.18333333333333332,0.2474999204616887,0.27133604964334446,0.30956175298804783
1731,1,0.4633333333333333,0.5366666666666666,0.43,0.4866666666666667,0.36333333333333334,0.45276731199728276,0.4379036516461264,0.3116979269496545
1732,1,0.5333333333333333,0.39,0.4666666666666667,0.4666666666666667,0.45,0.45368335185098796,0.37357007804970194,0.30956175298804783
1733,0,0.19666666666666666,0.21666666666666667,0.25,0.17666666666666667,0.13333333333333333,0.24833074104028147,0.34175144503130056,0.30956175298804783
1734,0,0.19333333333333333,0.24666666666666667,0.20666666666666667,0.23666666666666666,0.22,0.23159371517753588,0.25974511844129433,0.3116979269496545
1735,1,0.4266666666666667,0.4533333333333333,0.43333333333333335,0.41333333333333333,0.33,0.46124689303873395,0.38774617140480894,0.30956175298804783
1736,0,0.3466666666666667,0.32666666666666666,0.33666666666666667,0.4266666666666667,0.23,0.34263199822754015,0.33997073871670147,0.30956175298804783
1737,1,0.25,0.25,0.25,0.2733333333333333,0.21666666666666667,0.25793763324933255,0.31281823101323813,0.30956175298804783
1738,1,0.3566666666666667,0.3333333333333333,0.31666666666666665,0.30333333333333334,0.23666666666666666,0.346258139490888,0.4130223353805707,0.41273476866697206
1739,0,0.31666666666666665,0.29,0.26666666666666666,0.25333333333333335,0.19,0.30096305328927875,0.36241125657677703,0.41273476866697206
1740,0,0.43,0.4166666666666667,0.41,0.42333333333333334,0.25,0.3865661109485448,0.31420524272400646,0.3116979269496545
1741,1,0.21666666666666667,0.27,0.29,0.24333333333333335,0.16333333333333333,0.22690988728672393,0.32212260402482906,0.30956175298804783
1742,0,0.49,0.43,0.42,0.49333333333333335,0.3566666666666667,0.4478545389034325,0.4130223353805707,0.41273476866697206
1743,0,0.32666666666666666,0.31666666666666665,0.32666666666666666,0.3,0.19666666666666666,0.29788035877829905,0.3940606351103293,0.44776119402985076
1744,1,0.36,0.3433333333333333,0.3433333333333333,0.3233333333333333,0.24,0.37807161718509,0.36174525868002533,0.41273476866697206
1745,0,0.37666666666666665,0.37,0.4033333333333333,0.36333333333333334,0.30333333333333334,0.3897398007065718,0.31963916906679457,0.3116979269496545
1746,0,0.5,0.4066666666666667,0.4666666666666667,0.41,0.33,0.4221349939155629,0.31963916906679457,0.3116979269496545
1747,0,0.24,0.21666666666666667,0.26,0.23666666666666666,0.16333333333333333,0.26079419860170755,0.34175144503130056,0.30956175298804783
1748,0,0.33,0.27,0.30666666666666664,0.31,0.24,0.30796222061034106,0.28697732128335857,0.30956175298804783
1749,1,0.24666666666666667,0.31666666666666665,0.33,0.33666666666666667,0.23666666666666666,0.2739078123700502,0.31420524272400646,0.3116979269496545
1750,0,0.3566666666666667,0.26,0.30666666666666664,0.33,0.2,0.3304704033990107,0.3816471812301103,0.41273476866697206
1751,0,0.49,0.44333333333333336,0.4066666666666667,0.45,0.37,0.45216172447634917,0.3346180142364791,0.3116979269496545
1752,1,0.3433333333333333,0.36666666666666664,0.3433333333333333,0.38,0.34,0.3421475833949149,0.35828511348270264,0.30956175298804783
1753,1,0.4066666666666667,0.41333333333333333,0.4166666666666667,0.39,0.37333333333333335,0.424750849921276,0.36174525868002533,0.41273476866697206
1754,1,0.45666666666666667,0.47333333333333333,0.4533333333333333,0.49666666666666665,0.36,0.45144450549693926,0.39846154666489075,0.30956175298804783
1755,0,0.18333333333333332,0.21,0.18,0.2633333333333333,0.12666666666666668,0.184987613120441,0.2803477954756618,0.30956175298804783
1756,0,0.3933333333333333,0.37666666666666665,0.43333333333333335,0.44333333333333336,0.36,0.4680678504118699,0.33982545735011993,0.3116979269496545
1757,0,0.5066666666666667,0.4666666666666667,0.49,0.4766666666666667,0.41333333333333333,0.5279528720862169,0.5039363890636948,0.44776119402985076
1758,0,0.5,0.42333333333333334,0.5233333333333333,0.39666666666666667,0.4,0.43791993031052556,0.3734769474351609,0.41273476866697206
1759,0,0.45666666666666667,0.45666666666666667,0.44333333333333336,0.4033333333333333,0.37333333333333335,0.4973005512566682,0.45783419475435194,0.44776119402985076
1760,0,0.42,0.41333333333333333,0.41,0.32,0.20333333333333334,0.40360545641834533,0.4330747362302737,0.3116979269496545
1761,1,0.2866666666666667,0.29333333333333333,0.2833333333333333,0.30333333333333334,0.21333333333333335,0.3127693244580282,0.3182393012584209,0.30956175298804783
1762,1,0.4033333333333333,0.39,0.38,0.3933333333333333,0.38,0.40444132197656174,0.35230167287402275,0.44776119402985076
1763,1,0.31,0.36,0.3566666666666667,0.26666666666666666,0.23,0.3345225448957976,0.46072924408379107,0.41273476866697206
1764,1,0.21,0.25333333333333335,0.23,0.18666666666666668,0.18,0.24596033088826844,0.23104734654724154,0.30956175298804783
1765,0,0.21666666666666667,0.20333333333333334,0.22333333333333333,0.19,0.15666666666666668,0.19738896592523505,0.258507892553649,0.30956175298804783
1766,0,0.49666666666666665,0.42333333333333334,0.41333333333333333,0.38666666666666666,0.3566666666666667,0.4658640976355704,0.4230408543719164,0.41273476866697206
1767,0,0.4,0.31,0.36333333333333334,0.38666666666666666,0.39,0.40116303264181874,0.3238556953200045,0.30956175298804783
1768,1,0.26666666666666666,0.33,0.2833333333333333,0.2866666666666667,0.24333333333333335,0.2874271271058602,0.2983776325313001,0.30956175298804783
1769,0,0.17,0.21333333333333335,0.23666666666666666,0.20666666666666667,0.2,0.210310993259961,0.1496012225242765,0.30956175298804783
1770,0,0.32666666666666666,0.33,0.36666666666666664,0.2833333333333333,0.21333333333333335,0.3039518315370298,0.36266410879539884,0.3116979269496545
1771,0,0.27,0.23666666666666666,0.25,0.26,0.19333333333333333,0.28585902142078423,0.3566313453258927,0.30956175298804783
1772,0,0.47,0.3566666666666667,0.44,0.3933333333333333,0.38666666666666666,0.42549978419356,0.3827576578158074,0.44776119402985076
1773,0,0.32666666666666666,0.3933333333333333,0.4066666666666667,0.36,0.3433333333333333,0.33171677579484343,0.24223700783177432,0.3116979269496545
1774,0,0.23333333333333334,0.22,0.27666666666666667,0.25666666666666665,0.21333333333333335,0.2376581312424487,0.24324039645310405,0.3116979269496545
1775,1,0.5,0.39666666666666667,0.48333333333333334,0.5,0.38,0.48186678832743324,0.4719069506020713,0.41273476866697206
1776,1,0.2,0.24,0.2733333333333333,0.25,0.20666666666666667,0.26380677274198283,0.30246088985412173,0.3116979269496545
1777,0,0.23333333333333334,0.23333333333333334,0.24666666666666667,0.25333333333333335,0.16666666666666666,0.19269518368763436,0.24335960737354914,0.30956175298804783
1778,0,0.19,0.21333333333333335,0.22333333333333333,0.20333333333333334,0.16,0.1979796198177621,0.27554191772637043,0.3116979269496545
1779,0,0.19,0.24666666666666667,0.23,0.24,0.18666666666666668,0.20001622016246684,0.1831847908110141,0.3116979269496545
1780,1,0.37,0.44666666666666666,0.42333333333333334,0.42,0.30333333333333334,0.42636160897652986,0.38774617140480894,0.30956175298804783
1781,1,0.49,0.5233333333333333,0.4766666666666667,0.44333333333333336,0.4166666666666667,0.49030646397145017,0.43119391547887365,0.44776119402985076
1782,0,0.38,0.4866666666666667,0.47,0.3433333333333333,0.31,0.42574979141543057,0.41817153497520815,0.3116979269496545
1783,1,0.3333333333333333,0.31333333333333335,0.34,0.30333333333333334,0.24,0.30435461327275204,0.3010117386091318,0.30956175298804783
1784,0,0.24,0.24666666666666667,0.24666666666666667,0.27666666666666667,0.18666666666666668,0.21623526934940349,0.3155224904430737,0.30956175298804783
1785,0,0.5233333333333333,0.5,0.45666666666666667,0.46,0.39,0.5128426885410956,0.5203854929962706,0.41273476866697206
1786,0,0.38,0.41333333333333333,0.41333333333333333,0.4066666666666667,0.33666666666666667,0.40909931322535287,0.2828869077859674,0.30956175298804783
1787,1,0.31333333333333335,0.30666666666666664,0.27,0.30666666666666664,0.13666666666666666,0.2890404737091486,0.34659534763319205,0.3116979269496545
1788,0,0.2633333333333333,0.25666666666666665,0.24666666666666667,0.23666666666666666,0.19,0.2410494544799064,0.3459467912318027,0.3116979269496545
1789,0,0.5,0.44,0.43333333333333335,0.42333333333333334,0.37,0.48004474777478423,0.40704701200193283,0.41273476866697206
1790,1,0.3566666666666667,0.35,0.36333333333333334,0.25666666666666665,0.27666666666666667,0.3066168978103018,0.33716015485257667,0.30956175298804783
1791,1,0.25333333333333335,0.32,0.31333333333333335,0.29,0.18333333333333332,0.2717825031526533,0.28178087017688846,0.30956175298804783
1792,0,0.3433333333333333,0.39666666666666667,0.38333333333333336,0.38333333333333336,0.3233333333333333,0.37255813801985727,0.2843278338295616,0.30956175298804783
1793,0,0.22666666666666666,0.20333333333333334,0.22666666666666666,0.19,0.15666666666666668,0.20446749379214885,0.3153826644806379,0.3116979269496545
1794,0,0.36,0.32,0.2866666666666667,0.30333333333333334,0.28,0.3352513333877888,0.32715238131240004,0.30956175298804783
1795,0,0.18,0.18333333333333332,0.17666666666666667,0.19333333333333333,0.17666666666666667,0.19897156578081177,0.30087551651641786,0.3116979269496545
1796,1,0.31666666666666665,0.4533333333333333,0.36,0.3933333333333333,0.30333333333333334,0.3570811657409064,0.27782264411891294,0.30956175298804783
1797,1,0.49333333333333335,0.4533333333333333,0.43333333333333335,0.43666666666666665,0.38333333333333336,0.5147126105276116,0.5101104254372789,0.44776119402985076
1798,0,0.36666666666666664,0.33,0.36666666666666664,0.26666666666666666,0.21666666666666667,0.334539377538153,0.3673172006517484,0.44776119402985076
1799,0,0.21333333333333335,0.20666666666666667,0.23333333333333334,0.21,0.18666666666666668,0.23815461950858022,0.26437602111863706,0.30956175298804783
1800,0,0.45,0.41333333333333333,0.4266666666666667,0.37666666666666665,0.3933333333333333,0.4353375647667023,0.39431030473655837,0.41273476866697206
1801,1,0.39,0.43333333333333335,0.42,0.4033333333333333,0.30666666666666664,0.42128241651277293,0.3628137881023813,0.30956175298804783
1802,0,0.38666666666666666,0.35,0.36,0.38666666666666666,0.32666666666666666,0.36772780408959216,0.3265220259911379,0.30956175298804783
1803,0,0.28,0.27,0.27666666666666667,0.30666666666666664,0.17666666666666667,0.2562249339388815,0.3757412787564303,0.30956175298804783
1804,0,0.44,0.41,0.42333333333333334,0.42,0.38,0.38722644848596416,0.38020721752063114,0.3116979269496545
1805,1,0.44,0.43,0.4633333333333333,0.47333333333333333,0.37666666666666665,0.4617688529737486,0.3820766758571352,0.44776119402985076
1806,0,0.37666666666666665,0.44,0.44,0.38,0.24333333333333335,0.45227563840704776,0.39362625062188716,0.41273476866697206
1807,0,0.32666666666666666,0.37666666666666665,0.33,0.38333333333333336,0.32,0.33137103445331295,0.24324039645310405,0.3116979269496545
1808,1,0.35,0.30333333333333334,0.37333333333333335,0.36,0.24333333333333335,0.3009185079748335,0.2792478195298675,0.30956175298804783
1809,0,0.22666666666666666,0.18,0.23333333333333334,0.24,0.19666666666666666,0.22257527369005062,0.19764008992835527,0.30956175298804783
1810,1,0.20333333333333334,0.19333333333333333,0.20666666666666667,0.20666666666666667,0.17666666666666667,0.17614307543318528,0.2803477954756618,0.30956175298804783
1811,0,0.25,0.20666666666666667,0.23,0.23666666666666666,0.15666666666666668,0.22870583735143907,0.28669056838627066,0.30956175298804783
1812,0,0.20333333333333334,0.23333333333333334,0.27,0.22333333333333333,0.19333333333333333,0.2271637604039249,0.25515038620289837,0.30956175298804783
1813,1,0.39666666666666667,0.38,0.37333333333333335,0.35,0.37,0.45835818279328894,0.33270159171644675,0.41273476866697206
1814,1,0.31666666666666665,0.30666666666666664,0.31666666666666665,0.27,0.27666666666666667,0.30406623205314687,0.26092091761458097,0.30956175298804783
1815,0,0.22666666666666666,0.23666666666666666,0.24333333333333335,0.2633333333333333,0.20666666666666667,0.24788143531504583,0.2843278338295616,0.30956175298804783
1816,1,0.2733333333333333,0.31333333333333335,0.2833333333333333,0.25666666666666665,0.13666666666666666,0.23679297768504168,0.31963916906679457,0.3116979269496545
1817,0,0.25,0.2633333333333333,0.27666666666666667,0.24666666666666667,0.21333333333333335,0.2509782245482961,0.30637572765951654,0.30956175298804783
1818,1,0.43333333333333335,0.4533333333333333,0.42333333333333334,0.3933333333333333,0.42333333333333334,0.43952733375569103,0.40875987719847573,0.41273476866697206
1819,0,0.33666666666666667,0.24,0.32666666666666666,0.32666666666666666,0.21,0.3109822494104667,0.38774617140480894,0.30956175298804783
1820,1,0.29333333333333333,0.25333333333333335,0.31,0.24666666666666667,0.18666666666666668,0.3473206274155628,0.40704701200193283,0.41273476866697206
1821,1,0.19333333333333333,0.25666666666666665,0.25666666666666665,0.25333333333333335,0.12666666666666668,0.19386787235609096,0.26437602111863706,0.30956175298804783
1822,0,0.42,0.45,0.42333333333333334,0.4266666666666667,0.38,0.4310977947784441,0.33997073871670147,0.30956175298804783
1823,0,0.2733333333333333,0.23,0.22666666666666666,0.24666666666666667,0.16333333333333333,0.27321609823716825,0.34160579654936374,0.3116979269496545
1824,0,0.43,0.37666666666666665,0.37666666666666665,0.43333333333333335,0.38333333333333336,0.42973411775556275,0.4130223353805707,0.41273476866697206
1825,0,0.41333333333333333,0.43666666666666665,0.44333333333333336,0.45,0.2733333333333333,0.472629622371981,0.465755693342288,0.41273476866697206
1826,1,0.23,0.25333333333333335,0.2866666666666667,0.3,0.22666666666666666,0.293184024114362,0.26299905018496816,0.30956175298804783
1827,0,0.23666666666666666,0.22666666666666666,0.25666666666666665,0.23333333333333334,0.23666666666666666,0.26509339325775727,0.31963916906679457,0.3116979269496545
1828,1,0.22333333333333333,0.24333333333333335,0.25,0.25333333333333335,0.25,0.2578063349931411,0.2607960692755358,0.3116979269496545
1829,0,0.4033333333333333,0.4066666666666667,0.44666666666666666,0.35,0.3,0.3654567353920515,0.3292879846413518,0.30956175298804783
1830,0,0.48333333333333334,0.4533333333333333,0.47,0.45,0.31333333333333335,0.48205363761178593,0.4687803174063907,0.41273476866697206
1831,1,0.25333333333333335,0.26666666666666666,0.19666666666666666,0.21333333333333335,0.24666666666666667,0.27363774553616027,0.2583837951708908,0.3116979269496545
1832,0,0.20333333333333334,0.23,0.19333333333333333,0.23333333333333334,0.17333333333333334,0.24651712176588808,0.24555810389249988,0.3116979269496545
1833,1,0.37,0.38333333333333336,0.4066666666666667,0.36333333333333334,0.20333333333333334,0.37865940813507276,0.4164470102372428,0.3116979269496545
1834,1,0.4033333333333333,0.41333333333333333,0.42333333333333334,0.41,0.38,0.41776809883657595,0.3611758413542882,0.30956175298804783
1835,0,0.24333333333333335,0.26,0.22,0.31,0.2733333333333333,0.2754135004390518,0.3473297142104878,0.41273476866697206
1836,0,0.39,0.37,0.44666666666666666,0.36666666666666664,0.31,0.4126905627816865,0.3238556953200045,0.30956175298804783
1837,1,0.27,0.22333333333333333,0.29333333333333333,0.25,0.20666666666666667,0.2507768943528444,0.3292879846413518,0.30956175298804783
1838,0,0.41,0.4066666666666667,0.42,0.3933333333333333,0.3433333333333333,0.44253420749429845,0.4130223353805707,0.41273476866697206
1839,0,0.38,0.38,0.3933333333333333,0.2833333333333333,0.29,0.42932777311967557,0.4821804811510479,0.41273476866697206
1840,0,0.35,0.36333333333333334,0.38666666666666666,0.39,0.36666666666666664,0.33278807177044895,0.32243262979640913,0.3116979269496545
1841,0,0.34,0.27,0.32,0.29,0.26666666666666666,0.33185515435948704,0.3135244975760547,0.30956175298804783
1842,0,0.4,0.37333333333333335,0.31666666666666665,0.37666666666666665,0.3566666666666667,0.39292235418143495,0.3254106071314631,0.30956175298804783
1843,1,0.46,0.41333333333333333,0.4633333333333333,0.47333333333333333,0.33,0.44955501458741315,0.40239195532506883,0.44776119402985076
1844,1,0.4166666666666667,0.4266666666666667,0.34,0.35,0.25333333333333335,0.40629981130087467,0.4444185203148219,0.44776119402985076
1845,1,0.2866666666666667,0.24666666666666667,0.24,0.25666666666666665,0.2633333333333333,0.2750085434328694,0.3182393012584209,0.30956175298804783
1846,0,0.29333333333333333,0.3566666666666667,0.29,0.2966666666666667,0.21666666666666667,0.31197640294063145,0.3831692070384672,0.3116979269496545
1847,0,0.43333333333333335,0.48,0.47333333333333333,0.4033333333333333,0.33666666666666667,0.43163146352714515,0.4069504422664957,0.30956175298804783
1848,0,0.41,0.49,0.43666666666666665,0.47333333333333333,0.3466666666666667,0.44018790608849373,0.3745597938543502,0.30956175298804783
1849,0,0.37666666666666665,0.36,0.3433333333333333,0.37333333333333335,0.31,0.38930424534114993,0.25974511844129433,0.3116979269496545
1850,0,0.5,0.45,0.46,0.4633333333333333,0.36666666666666664,0.4984332329396413,0.49888266639356765,0.44776119402985076
1851,1,0.20666666666666667,0.22,0.21333333333333335,0.25333333333333335,0.15666666666666668,0.19720301673476556,0.2580386579887998,0.3116979269496545
1852,0,0.38666666666666666,0.2866666666666667,0.38333333333333336,0.3333333333333333,0.26,0.32236497955455096,0.30632315665075227,0.3116979269496545
1853,0,0.43333333333333335,0.38666666666666666,0.41333333333333333,0.36666666666666664,0.27,0.3999985104119746,0.38774617140480894,0.30956175298804783
1854,0,0.24,0.25666666666666665,0.3,0.23666666666666666,0.22,0.24932907941539334,0.2707699615916519,0.30956175298804783
1855,0,0.26,0.23,0.23666666666666666,0.24,0.13333333333333333,0.2056281790197761,0.28275557001632035,0.3116979269496545
1856,0,0.23666666666666666,0.24,0.23333333333333334,0.22666666666666666,0.14,0.26504780493701297,0.23336223645212684,0.30956175298804783
1857,0,0.42,0.34,0.4,0.37666666666666665,0.31666666666666665,0.3827827401376826,0.28338765099804925,0.30956175298804783
1858,0,0.2733333333333333,0.30666666666666664,0.25,0.31,0.22666666666666666,0.3180602155628989,0.28763731080997246,0.30956175298804783
1859,0,0.33666666666666667,0.4533333333333333,0.4066666666666667,0.35333333333333333,0.24,0.37072904192834394,0.3611758413542882,0.30956175298804783
1860,0,0.31,0.35333333333333333,0.37666666666666665,0.36333333333333334,0.25333333333333335,0.38605921991154746,0.41488170695416987,0.30956175298804783
1861,1,0.4766666666666667,0.41,0.4066666666666667,0.43666666666666665,0.35,0.44315168609015265,0.39362625062188716,0.41273476866697206
1862,0,0.28,0.20666666666666667,0.18666666666666668,0.21,0.18,0.23796462163892354,0.3135244975760547,0.30956175298804783
1863,1,0.4533333333333333,0.36,0.4033333333333333,0.39,0.38,0.4449885004423338,0.3831692070384672,0.3116979269496545
1864,1,0.2966666666666667,0.30333333333333334,0.29333333333333333,0.2833333333333333,0.12333333333333334,0.27783218552075684,0.44457840458074216,0.41273476866697206
1865,1,0.49666666666666665,0.43,0.39666666666666667,0.4066666666666667,0.3333333333333333,0.40973099632548493,0.3325578515606118,0.3116979269496545
1866,1,0.46,0.41333333333333333,0.43666666666666665,0.41333333333333333,0.32,0.45678287605861123,0.4379036516461264,0.3116979269496545
1867,1,0.25666666666666665,0.24333333333333335,0.26666666666666666,0.21666666666666667,0.13333333333333333,0.19938070803799648,0.26437602111863706,0.30956175298804783
1868,0,0.3233333333333333,0.27666666666666667,0.2833333333333333,0.31333333333333335,0.17,0.3068345340155925,0.3153826644806379,0.3116979269496545
1869,0,0.51,0.43666666666666665,0.41,0.47,0.38666666666666666,0.46049483153544424,0.4195002359446737,0.3116979269496545
1870,1,0.44666666666666666,0.47,0.38666666666666666,0.4166666666666667,0.38666666666666666,0.410368659414362,0.3628137881023813,0.30956175298804783
1871,1,0.49,0.43666666666666665,0.42,0.4766666666666667,0.35,0.4268246993564119,0.36440535804914986,0.3116979269496545
1872,0,0.25666666666666665,0.2966666666666667,0.32,0.36,0.23,0.27796274706872404,0.41154277938048145,0.3116979269496545
1873,0,0.16,0.14666666666666667,0.17333333333333334,0.15,0.16666666666666666,0.19136453882367693,0.25048438843067966,0.30956175298804783
1874,0,0.23,0.16666666666666666,0.22333333333333333,0.16333333333333333,0.15333333333333332,0.20362885037562742,0.24915526453308215,0.30956175298804783
1875,0,0.4,0.4033333333333333,0.43333333333333335,0.3933333333333333,0.41,0.3820333883023867,0.31963916906679457,0.3116979269496545
1876,0,0.30666666666666664,0.32,0.30666666666666664,0.30666666666666664,0.21,0.3230984574190874,0.3831692070384672,0.3116979269496545
1877,0,0.24,0.19,0.19666666666666666,0.2,0.18333333333333332,0.22507818271078545,0.3135244975760547,0.30956175298804783
1878,0,0.4533333333333333,0.4266666666666667,0.3466666666666667,0.3566666666666667,0.35333333333333333,0.39937971492612895,0.35951620552402397,0.41273476866697206
1879,0,0.43666666666666665,0.38,0.4066666666666667,0.43,0.44333333333333336,0.44460826902452677,0.40239195532506883,0.44776119402985076
1880,1,0.44,0.46,0.4533333333333333,0.44,0.3233333333333333,0.44150167163422693,0.3831692070384672,0.3116979269496545
1881,0,0.28,0.30333333333333334,0.3233333333333333,0.32,0.24333333333333335,0.3655331075219263,0.3238556953200045,0.30956175298804783
1882,1,0.19666666666666666,0.20333333333333334,0.21666666666666667,0.23333333333333334,0.17333333333333334,0.20241037293973407,0.277692747089242,0.3116979269496545
1883,1,0.3433333333333333,0.39,0.4,0.36666666666666664,0.30666666666666664,0.36926448373690485,0.3953023400985028,0.3116979269496545
1884,1,0.27666666666666667,0.2633333333333333,0.32,0.2966666666666667,0.21,0.2900991503241523,0.39252287690854215,0.41273476866697206
1885,0,0.21666666666666667,0.28,0.28,0.22666666666666666,0.22,0.26688353677997184,0.3051153673461711,0.3116979269496545
1886,0,0.38333333333333336,0.44,0.48,0.47,0.32,0.4371814899442629,0.4212282776872137,0.3116979269496545
1887,0,0.38,0.38666666666666666,0.4066666666666667,0.3933333333333333,0.37,0.43268755013837423,0.377091095134614,0.41273476866697206
1888,1,0.45,0.41333333333333333,0.5166666666666667,0.48333333333333334,0.34,0.46897513516472616,0.4719069506020713,0.41273476866697206
1889,1,0.21666666666666667,0.18666666666666668,0.2,0.21333333333333335,0.20666666666666667,0.18178897858961565,0.2619423676397452,0.30956175298804783
1890,0,0.3333333333333333,0.2833333333333333,0.2833333333333333,0.25,0.25,0.3200643706329416,0.2780543207795998,0.3116979269496545
1891,1,0.48,0.39666666666666667,0.49666666666666665,0.4666666666666667,0.38666666666666666,0.45034654713386557,0.41458559408233364,0.44776119402985076
1892,1,0.51,0.49333333333333335,0.47,0.49666666666666665,0.38666666666666666,0.4582126826055686,0.4166043772610792,0.30956175298804783
1893,1,0.23,0.22333333333333333,0.21333333333333335,0.21,0.23,0.19891202677576494,0.19764008992835527,0.30956175298804783
1894,1,0.4866666666666667,0.42,0.4266666666666667,0.4033333333333333,0.4633333333333333,0.48456174849523437,0.3816471812301103,0.41273476866697206
1895,0,0.38666666666666666,0.3933333333333333,0.3566666666666667,0.3933333333333333,0.3333333333333333,0.39128706157460746,0.3757412787564303,0.30956175298804783
1896,0,0.23666666666666666,0.32,0.19333333333333333,0.26,0.18666666666666668,0.24839977589583148,0.31420524272400646,0.3116979269496545
1897,0,0.37666666666666665,0.32666666666666666,0.42,0.36333333333333334,0.36333333333333334,0.38987264049531656,0.3153826644806379,0.3116979269496545
1898,0,0.39666666666666667,0.4533333333333333,0.48,0.45,0.31333333333333335,0.4212209460252829,0.39362625062188716,0.41273476866697206
1899,1,0.23,0.2733333333333333,0.25666666666666665,0.23,0.21,0.22892205431030396,0.25598610688946993,0.3116979269496545
1900,0,0.36,0.3233333333333333,0.4,0.3566666666666667,0.23,0.34804398136605735,0.37620506642879914,0.3116979269496545
1901,0,0.4033333333333333,0.4633333333333333,0.34,0.38333333333333336,0.3433333333333333,0.3267833190124778,0.27055953457609555,0.3116979269496545
1902,1,0.5066666666666667,0.46,0.5233333333333333,0.4766666666666667,0.30666666666666664,0.4770567982744453,0.4719069506020713,0.41273476866697206
1903,1,0.19333333333333333,0.19333333333333333,0.19333333333333333,0.21,0.15,0.16755982175705825,0.2158344603515575,0.30956175298804783
1904,0,0.4166666666666667,0.43,0.48,0.49666666666666665,0.31333333333333335,0.4707390065777902,0.3816471812301103,0.41273476866697206
1905,0,0.42,0.43333333333333335,0.3933333333333333,0.41333333333333333,0.29,0.4544142673959183,0.37725412113842144,0.3116979269496545
1906,1,0.27666666666666667,0.2966666666666667,0.3333333333333333,0.30333333333333334,0.21,0.29842942862893224,0.34166144034206797,0.30956175298804783
1907,0,0.22666666666666666,0.25333333333333335,0.20666666666666667,0.28,0.18666666666666668,0.23140143844299893,0.2819496125243816,0.30956175298804783
1908,0,0.3466666666666667,0.2866666666666667,0.23333333333333334,0.27,0.21333333333333335,0.29711955748137253,0.3297779313419047,0.3116979269496545
1909,0,0.41,0.4666666666666667,0.4,0.44333333333333336,0.35333333333333333,0.39589680736817784,0.31420524272400646,0.3116979269496545
1910,1,0.4266666666666667,0.34,0.44666666666666666,0.3933333333333333,0.36666666666666664,0.4114319614855623,0.34175144503130056,0.30956175298804783
1911,0,0.2733333333333333,0.23,0.2633333333333333,0.27,0.2,0.2516869775451362,0.2573391811206254,0.3116979269496545
1912,0,0.20666666666666667,0.16666666666666666,0.19,0.18666666666666668,0.14,0.17536408681690577,0.23104734654724154,0.30956175298804783
1913,0,0.31666666666666665,0.32666666666666666,0.3233333333333333,0.35,0.24333333333333335,0.3664489172331256,0.3628137881023813,0.30956175298804783
1914,0,0.4166666666666667,0.36333333333333334,0.36666666666666664,0.4166666666666667,0.38,0.40739909415224695,0.3155224904430737,0.30956175298804783
1915,0,0.21,0.29333333333333333,0.2633333333333333,0.2833333333333333,0.14,0.24204225249082628,0.2982420938730439,0.3116979269496545
1916,0,0.23666666666666666,0.25,0.28,0.25,0.19,0.23758377271676442,0.2803477954756618,0.30956175298804783
1917,1,0.4666666666666667,0.36,0.4166666666666667,0.38333333333333336,0.4166666666666667,0.4167551392608809,0.3611758413542882,0.30956175298804783
1918,1,0.3,0.2633333333333333,0.25333333333333335,0.26666666666666666,0.22333333333333333,0.29347442386228595,0.36241125657677703,0.41273476866697206
1919,1,0.32,0.29,0.25666666666666665,0.2833333333333333,0.2833333333333333,0.2860344736406403,0.26299905018496816,0.30956175298804783
1920,0,0.36666666666666664,0.4,0.34,0.4166666666666667,0.31333333333333335,0.3672624565788855,0.3614033520803762,0.3116979269496545
1921,0,0.44,0.41333333333333333,0.45666666666666667,0.42333333333333334,0.36,0.45791047862264334,0.46616507026762405,0.44776119402985076
1922,0,0.36666666666666664,0.3566666666666667,0.3466666666666667,0.33666666666666667,0.2833333333333333,0.2928225951501445,0.3074446542143049,0.30956175298804783
1923,0,0.28,0.27666666666666667,0.2966666666666667,0.2733333333333333,0.17666666666666667,0.2382076119476429,0.3182393012584209,0.30956175298804783
1924,1,0.48,0.46,0.44,0.5166666666666667,0.4033333333333333,0.4732333929264594,0.48521489402260903,0.41273476866697206
1925,0,0.15333333333333332,0.18666666666666668,0.22666666666666666,0.21,0.13666666666666666,0.1495519799252461,0.20239931486395538,0.3116979269496545
1926,0,0.42333333333333334,0.3333333333333333,0.33666666666666667,0.30666666666666664,0.3466666666666667,0.4017486948183503,0.318634208616246,0.3116979269496545
1927,0,0.29,0.35,0.2966666666666667,0.35333333333333333,0.26,0.2907105322028317,0.31420524272400646,0.3116979269496545
1928,0,0.31666666666666665,0.37333333333333335,0.3233333333333333,0.38333333333333336,0.32,0.3579580680228101,0.37469389972131334,0.30956175298804783
1929,0,0.3933333333333333,0.37333333333333335,0.2966666666666667,0.35333333333333333,0.2733333333333333,0.3673148249290511,0.39431030473655837,0.41273476866697206
1930,0,0.38333333333333336,0.41333333333333333,0.37,0.36,0.2733333333333333,0.38035597176797803,0.3628137881023813,0.30956175298804783
1931,0,0.43333333333333335,0.45666666666666667,0.39666666666666667,0.3566666666666667,0.35,0.42192778575647155,0.39063461817972656,0.30956175298804783
1932,1,0.31666666666666665,0.36,0.3,0.3,0.20333333333333334,0.30761439636418125,0.39362625062188716,0.41273476866697206
1933,1,0.42333333333333334,0.48,0.43333333333333335,0.4266666666666667,0.3333333333333333,0.43314645032092386,0.4212282776872137,0.3116979269496545
1934,0,0.2733333333333333,0.23666666666666666,0.25333333333333335,0.27,0.14666666666666667,0.2547527308855733,0.31653905662776277,0.3116979269496545
1935,1,0.21666666666666667,0.20666666666666667,0.26,0.26,0.2,0.2073923833677402,0.3023694355615828,0.3116979269496545
1936,1,0.36333333333333334,0.4,0.42333333333333334,0.41333333333333333,0.36666666666666664,0.4499415207088734,0.33997073871670147,0.30956175298804783
1937,1,0.16666666666666666,0.19666666666666666,0.16666666666666666,0.17666666666666667,0.15333333333333332,0.1717247656206262,0.18410021224783704,0.30956175298804783
1938,0,0.33666666666666667,0.31,0.31666666666666665,0.31333333333333335,0.25,0.33711418779890284,0.3628137881023813,0.30956175298804783
1939,0,0.4766666666666667,0.47333333333333333,0.47,0.45666666666666667,0.30666666666666664,0.4532190831823802,0.3816471812301103,0.41273476866697206
1940,0,0.3933333333333333,0.4066666666666667,0.39666666666666667,0.38666666666666666,0.3233333333333333,0.42869279296023494,0.4196579270083924,0.41273476866697206
1941,0,0.25,0.24666666666666667,0.2966666666666667,0.26666666666666666,0.16666666666666666,0.20502644134893627,0.28021717591202217,0.3116979269496545
1942,0,0.3433333333333333,0.37666666666666665,0.41,0.37333333333333335,0.42333333333333334,0.38269295473605125,0.30087551651641786,0.3116979269496545
1943,0,0.4633333333333333,0.48,0.48333333333333334,0.4866666666666667,0.3466666666666667,0.4628100645314364,0.42837486405519865,0.41273476866697206
1944,0,0.23333333333333334,0.2733333333333333,0.27666666666666667,0.2966666666666667,0.22,0.26544019067575253,0.2968950424611626,0.30956175298804783
1945,1,0.3933333333333333,0.42,0.37333333333333335,0.46,0.3333333333333333,0.4269570080850343,0.37868973408918816,0.30956175298804783
1946,0,0.32666666666666666,0.27666666666666667,0.25333333333333335,0.28,0.18666666666666668,0.2656491157650737,0.3251806733522119,0.3116979269496545
1947,0,0.29333333333333333,0.3,0.28,0.32,0.28,0.34300311072041645,0.29952164753306637,0.30956175298804783
1948,0,0.44333333333333336,0.44666666666666666,0.45,0.4533333333333333,0.37333333333333335,0.4377247030388587,0.39937758065894224,0.3116979269496545
1949,1,0.32,0.4,0.4,0.38666666666666666,0.31333333333333335,0.3975655432047763,0.3155224904430737,0.30956175298804783
1950,0,0.25333333333333335,0.24666666666666667,0.27,0.23333333333333334,0.16,0.2613104080137902,0.2983776325313001,0.30956175298804783
1951,1,0.21,0.16333333333333333,0.19666666666666666,0.20666666666666667,0.16666666666666666,0.19820939216383288,0.24555810389249988,0.3116979269496545
1952,0,0.37333333333333335,0.31666666666666665,0.35333333333333333,0.31666666666666665,0.2733333333333333,0.37451218232720934,0.44457840458074216,0.41273476866697206
1953,1,0.31,0.2833333333333333,0.3433333333333333,0.34,0.21666666666666667,0.3250203303450888,0.41346352943092124,0.44776119402985076
1954,0,0.29,0.2833333333333333,0.27,0.2866666666666667,0.17,0.22357498092419054,0.2841960921956115,0.3116979269496545
1955,1,0.4533333333333333,0.4866666666666667,0.49333333333333335,0.46,0.37,0.46530244101624096,0.40875987719847573,0.41273476866697206
1956,0,0.45666666666666667,0.4066666666666667,0.43666666666666665,0.37666666666666665,0.35333333333333333,0.4893961002896326,0.397311733069799,0.41273476866697206
1957,0,0.2833333333333333,0.20666666666666667,0.27666666666666667,0.2866666666666667,0.23333333333333334,0.250308040064725,0.30246088985412173,0.3116979269496545
1958,0,0.3333333333333333,0.30666666666666664,0.32666666666666666,0.3466666666666667,0.33666666666666667,0.291318390010625,0.30087551651641786,0.3116979269496545
1959,0,0.36333333333333334,0.33666666666666667,0.3333333333333333,0.37,0.2866666666666667,0.3415732443266098,0.33982545735011993,0.3116979269496545
1960,0,0.2633333333333333,0.2633333333333333,0.26,0.24666666666666667,0.21,0.2666691167830351,0.28697732128335857,0.30956175298804783
1961,0,0.17666666666666667,0.19333333333333333,0.19333333333333333,0.21,0.24666666666666667,0.21688145529276784,0.21180900916982418,0.3116979269496545
1962,1,0.3933333333333333,0.43666666666666665,0.48333333333333334,0.43,0.31666666666666665,0.399889899605285,0.2957568238797182,0.30956175298804783
1963,0,0.27,0.28,0.3233333333333333,0.3,0.24333333333333335,0.3153457346130528,0.31963916906679457,0.3116979269496545
1964,0,0.24666666666666667,0.29,0.25,0.2633333333333333,0.17666666666666667,0.2981651312202651,0.39774751686562465,0.44776119402985076
1965,1,0.34,0.29,0.3333333333333333,0.31,0.22666666666666666,0.3629595497810146,0.397311733069799,0.41273476866697206
1966,0,0.38,0.44666666666666666,0.38,0.36333333333333334,0.2733333333333333,0.3946614145395585,0.3554046502608729,0.30956175298804783
1967,1,0.4533333333333333,0.34,0.41333333333333333,0.4,0.38666666666666666,0.43893935373019166,0.46072924408379107,0.41273476866697206
1968,0,0.42333333333333334,0.4033333333333333,0.43666666666666665,0.4266666666666667,0.29333333333333333,0.434380111997923,0.3757412787564303,0.30956175298804783
1969,0,0.23,0.31333333333333335,0.25666666666666665,0.30666666666666664,0.20333333333333334,0.21517851402791355,0.22882505877428921,0.30956175298804783
1970,0,0.38666666666666666,0.38,0.47,0.38666666666666666,0.36,0.4004766729055954,0.3140557222670675,0.41273476866697206
1971,0,0.2633333333333333,0.26666666666666666,0.27,0.2733333333333333,0.20666666666666667,0.247716126317481,0.25974511844129433,0.3116979269496545
1972,1,0.18,0.17666666666666667,0.21666666666666667,0.20666666666666667,0.15333333333333332,0.21694218970013535,0.26092091761458097,0.30956175298804783
1973,0,0.4,0.47333333333333333,0.4533333333333333,0.43666666666666665,0.3333333333333333,0.4327044298641655,0.44876768676175915,0.41273476866697206
1974,0,0.21,0.22333333333333333,0.19666666666666666,0.18,0.22333333333333333,0.2559624772380419,0.23104734654724154,0.30956175298804783
1975,0,0.17666666666666667,0.18333333333333332,0.17333333333333334,0.15333333333333332,0.15666666666666668,0.19990097832827958,0.22633169439061526,0.30956175298804783
1976,0,0.37666666666666665,0.36,0.35333333333333333,0.37333333333333335,0.3,0.3340611349350673,0.40860339797254736,0.3116979269496545
1977,1,0.5133333333333333,0.44333333333333336,0.45666666666666667,0.4633333333333333,0.36666666666666664,0.4642966262271715,0.41528112676231355,0.44776119402985076
1978,0,0.2633333333333333,0.24333333333333335,0.2733333333333333,0.28,0.17,0.2542129149925874,0.343348647299647,0.30956175298804783
1979,0,0.27666666666666667,0.23666666666666666,0.2833333333333333,0.3,0.21,0.33512321050464333,0.37651177178499173,0.41273476866697206
1980,1,0.54,0.5,0.43333333333333335,0.47333333333333333,0.37,0.5197456810910279,0.47713508363640666,0.41273476866697206
1981,0,0.18333333333333332,0.18666666666666668,0.17,0.18666666666666668,0.13666666666666666,0.18287045833742183,0.2982420938730439,0.3116979269496545
1982,1,0.4066666666666667,0.3566666666666667,0.4066666666666667,0.42,0.36333333333333334,0.39128941455499505,0.36266410879539884,0.3116979269496545
1983,0,0.4,0.37,0.36333333333333334,0.3433333333333333,0.29,0.37545384864370607,0.3561572333810048,0.30956175298804783
1984,0,0.45666666666666667,0.52,0.4866666666666667,0.44666666666666666,0.31,0.4815370747157955,0.480102517779177,0.41273476866697206
1985,0,0.4266666666666667,0.4033333333333333,0.45,0.45,0.3433333333333333,0.4790689262630684,0.4130223353805707,0.41273476866697206
1986,1,0.2833333333333333,0.27,0.27,0.25,0.16,0.26831454837494445,0.36440535804914986,0.3116979269496545
1987,0,0.3433333333333333,0.32,0.2833333333333333,0.3433333333333333,0.20666666666666667,0.28962672391826105,0.3442459722794777,0.3116979269496545
1988,0,0.3233333333333333,0.3566666666666667,0.35,0.32,0.27,0.3267371653750291,0.361026454915211,0.3116979269496545
1989,0,0.39,0.25666666666666665,0.25666666666666665,0.2866666666666667,0.23,0.29459988577794344,0.3051153673461711,0.3116979269496545
1990,0,0.39666666666666667,0.4166666666666667,0.4,0.43666666666666665,0.36666666666666664,0.43995721161624124,0.34279263517717123,0.30956175298804783
1991,0,0.23333333333333334,0.23666666666666666,0.24,0.21333333333333335,0.17,0.21656095304879314,0.19667357165131327,0.3116979269496545
1992,1,0.42333333333333334,0.43333333333333335,0.5,0.47333333333333333,0.31666666666666665,0.4495669405887132,0.3628137881023813,0.30956175298804783
1993,0,0.31,0.2866666666666667,0.21666666666666667,0.2733333333333333,0.22,0.3053752787430991,0.36174525868002533,0.41273476866697206
1994,0,0.3433333333333333,0.36333333333333334,0.39,0.38666666666666666,0.3333333333333333,0.33185280925151567,0.2803477954756618,0.30956175298804783
1995,0,0.49,0.4066666666666667,0.37,0.38666666666666666,0.37666666666666665,0.43752137299139154,0.4295268596468045,0.44776119402985076
1996,0,0.37666666666666665,0.39666666666666667,0.45,0.45,0.2866666666666667,0.3640093543650934,0.31173579880144686,0.30956175298804783
1997,0,0.4033333333333333,0.3933333333333333,0.42333333333333334,0.45666666666666667,0.36,0.39418030174159524,0.3473297142104878,0.41273476866697206
1998,0,0.25333333333333335,0.27666666666666667,0.24,0.23333333333333334,0.21,0.2678887512525801,0.2983776325313001,0.30956175298804783
1999,0,0.16,0.16666666666666666,0.19333333333333333,0.15666666666666668,0.15666666666666668,0.17337402782822173,0.2125284754568937,0.30956175298804783
2000,0,0.4266666666666667,0.42333333333333334,0.38333333333333336,0.4166666666666667,0.30333333333333334,0.41352871929270046,0.3541551066626446,0.30956175298804783
2001,1,0.19333333333333333,0.2,0.19,0.16,0.16,0.1635317645374839,0.2230814569831226,0.3116979269496545
2002,1,0.4666666666666667,0.43,0.4633333333333333,0.49333333333333335,0.2966666666666667,0.45372861200409215,0.4130223353805707,0.41273476866697206
2003,0,0.21,0.24666666666666667,0.23666666666666666,0.22,0.21666666666666667,0.24225117355804984,0.2274621643982846,0.3116979269496545
2004,0,0.4,0.34,0.36333333333333334,0.3466666666666667,0.3,0.3765188049271564,0.37868973408918816,0.30956175298804783
2005,1,0.29,0.32666666666666666,0.32,0.33666666666666667,0.17666666666666667,0.25649051864644185,0.36869817200052124,0.30956175298804783
2006,0,0.25,0.27666666666666667,0.23666666666666666,0.26666666666666666,0.16,0.23400174271265434,0.31809883084795143,0.3116979269496545
2007,1,0.4266666666666667,0.36,0.42,0.43666666666666665,0.29333333333333333,0.4243193961474947,0.377091095134614,0.41273476866697206
2008,1,0.25,0.22333333333333333,0.19333333333333333,0.2,0.18666666666666668,0.2241023425254127,0.29414733607567484,0.3116979269496545
2009,1,0.49,0.43,0.37333333333333335,0.41,0.3933333333333333,0.45228305745522346,0.37868973408918816,0.30956175298804783
2010,1,0.39666666666666667,0.38666666666666666,0.44333333333333336,0.4166666666666667,0.3433333333333333,0.450373978811009,0.4259459279490531,0.30956175298804783
2011,0,0.16666666666666666,0.19,0.19333333333333333,0.15333333333333332,0.13333333333333333,0.16486336476536756,0.2253772828506396,0.30956175298804783
2012,0,0.44,0.42,0.41,0.46,0.3233333333333333,0.3979127206191598,0.3734769474351609,0.41273476866697206
2013,1,0.25333333333333335,0.23666666666666666,0.27,0.29333333333333333,0.19666666666666666,0.30228874069517314,0.2780543207795998,0.3116979269496545
2014,0,0.30666666666666664,0.33,0.3,0.2866666666666667,0.23,0.3129823220662312,0.39252287690854215,0.41273476866697206
2015,0,0.38333333333333336,0.4033333333333333,0.39,0.4066666666666667,0.31333333333333335,0.42630744766640694,0.38774617140480894,0.30956175298804783
2016,0,0.31666666666666665,0.32,0.30333333333333334,0.2966666666666667,0.23,0.2929410207499925,0.28186861329357543,0.30956175298804783
2017,1,0.24666666666666667,0.29,0.25666666666666665,0.2833333333333333,0.25666666666666665,0.29335128978258684,0.25598610688946993,0.3116979269496545
2018,0,0.44,0.44333333333333336,0.48,0.5166666666666667,0.35333333333333333,0.40392744182075563,0.30087551651641786,0.3116979269496545
2019,1,0.2866666666666667,0.31333333333333335,0.29,0.28,0.17666666666666667,0.2637719377156249,0.3816471812301103,0.41273476866697206
2020,0,0.25,0.23333333333333334,0.25,0.24,0.20666666666666667,0.22791189216504915,0.2983776325313001,0.30956175298804783
2021,1,0.4866666666666667,0.48333333333333334,0.47,0.49,0.35333333333333333,0.4691305145376775,0.45187438300411653,0.41273476866697206
2022,1,0.35333333333333333,0.27,0.26666666666666666,0.25666666666666665,0.21333333333333335,0.32442214339194686,0.25673551697922925,0.30956175298804783
2023,1,0.24666666666666667,0.2,0.2833333333333333,0.18,0.12666666666666668,0.21284348540191342,0.30495546709046456,0.30956175298804783
2024,0,0.2733333333333333,0.33,0.30666666666666664,0.3233333333333333,0.15666666666666668,0.2920695259841836,0.37868973408918816,0.30956175298804783
2025,0,0.28,0.2966666666666667,0.27,0.3566666666666667,0.19333333333333333,0.27741443962238715,0.35991733667263565,0.30956175298804783
2026,0,0.17666666666666667,0.17,0.22,0.20666666666666667,0.16666666666666666,0.20697396374374802,0.25661197597764607,0.3116979269496545
2027,0,0.34,0.30333333333333334,0.3933333333333333,0.3466666666666667,0.29333333333333333,0.31808503646467795,0.2982420938730439,0.3116979269496545
2028,0,0.34,0.3466666666666667,0.33666666666666667,0.4066666666666667,0.35,0.35328981957252525,0.38774617140480894,0.30956175298804783
2029,0,0.48,0.4666666666666667,0.44,0.42,0.33666666666666667,0.4324973388719178,0.3816471812301103,0.41273476866697206
2030,1,0.21666666666666667,0.26666666666666666,0.30666666666666664,0.26666666666666666,0.14666666666666667,0.22499190034232258,0.33071287767884944,0.3116979269496545
2031,0,0.38666666666666666,0.31333333333333335,0.30666666666666664,0.31333333333333335,0.29,0.33928445725623113,0.2982420938730439,0.3116979269496545
2032,1,0.41333333333333333,0.4666666666666667,0.45,0.4266666666666667,0.3566666666666667,0.4509514131093181,0.3816471812301103,0.41273476866697206
2033,0,0.32,0.36,0.3466666666666667,0.37,0.25666666666666665,0.32704677981574276,0.3757412787564303,0.30956175298804783
2034,1,0.39666666666666667,0.39666666666666667,0.44333333333333336,0.46,0.2633333333333333,0.4499416577887373,0.43199655944688886,0.41273476866697206
2035,1,0.3333333333333333,0.29,0.2966666666666667,0.33,0.29,0.31382952610870213,0.3346180142364791,0.3116979269496545
2036,0,0.23333333333333334,0.21,0.19,0.23666666666666666,0.16,0.23153360154901712,0.3135244975760547,0.30956175298804783
2037,0,0.43,0.42333333333333334,0.5433333333333333,0.39,0.34,0.4585003667929252,0.46233084685587217,0.44776119402985076
2038,0,0.22666666666666666,0.26,0.2833333333333333,0.2866666666666667,0.17666666666666667,0.23319589668247015,0.35991733667263565,0.30956175298804783
2039,1,0.44666666666666666,0.38,0.41,0.3333333333333333,0.35333333333333333,0.37352770170159505,0.28145041233127904,0.30956175298804783
2040,0,0.24666666666666667,0.28,0.25333333333333335,0.25,0.14333333333333334,0.22593825132961348,0.2841960921956115,0.3116979269496545
2041,0,0.5033333333333333,0.43,0.49,0.48,0.3333333333333333,0.45866740275532797,0.5002444019833386,0.41273476866697206
2042,0,0.25666666666666665,0.23666666666666666,0.30666666666666664,0.30333333333333334,0.28,0.25761041766240983,0.22871081555618422,0.3116979269496545
2043,1,0.47333333333333333,0.4633333333333333,0.49666666666666665,0.48,0.39,0.4838207700394507,0.44457840458074216,0.41273476866697206
2044,1,0.39666666666666667,0.37,0.32666666666666666,0.33666666666666667,0.3233333333333333,0.4024513071830794,0.32715238131240004,0.30956175298804783
2045,1,0.48333333333333334,0.42,0.4766666666666667,0.41333333333333333,0.37,0.4633002322523366,0.40239195532506883,0.44776119402985076
2046,0,0.49333333333333335,0.49,0.43333333333333335,0.4033333333333333,0.4033333333333333,0.45027605900370893,0.37868973408918816,0.30956175298804783
2047,1,0.31,0.3433333333333333,0.31333333333333335,0.2866666666666667,0.33666666666666667,0.29494292504367725,0.2982420938730439,0.3116979269496545
2048,0,0.2633333333333333,0.29333333333333333,0.30333333333333334,0.2733333333333333,0.16666666666666666,0.30046394085132755,0.3611758413542882,0.30956175298804783
2049,0,0.42,0.41,0.43333333333333335,0.39,0.3933333333333333,0.4953341526970273,0.44576383448391754,0.41273476866697206
2050,0,0.16333333333333333,0.16,0.17,0.21,0.18666666666666668,0.18123935569402255,0.25974511844129433,0.3116979269496545
2051,0,0.4166666666666667,0.42,0.4766666666666667,0.36666666666666664,0.42333333333333334,0.43978407509439044,0.3448031049582083,0.3116979269496545
2052,0,0.29,0.2733333333333333,0.2633333333333333,0.25,0.19666666666666666,0.28313701494015026,0.2780543207795998,0.3116979269496545
2053,0,0.48333333333333334,0.4166666666666667,0.48333333333333334,0.4666666666666667,0.39666666666666667,0.48821727215699373,0.44077513243136496,0.41273476866697206
2054,1,0.26666666666666666,0.23666666666666666,0.22333333333333333,0.29333333333333333,0.18666666666666668,0.2821254248990813,0.40704701200193283,0.41273476866697206
2055,0,0.36333333333333334,0.35,0.34,0.29333333333333333,0.17,0.32618550301897326,0.46072924408379107,0.41273476866697206
2056,1,0.42,0.4266666666666667,0.4533333333333333,0.36666666666666664,0.37,0.3938796946785486,0.3487920783388627,0.3116979269496545
2057,0,0.25,0.23666666666666666,0.29333333333333333,0.2633333333333333,0.26666666666666666,0.29201121336861907,0.3282673248399428,0.41273476866697206
2058,0,0.20666666666666667,0.22333333333333333,0.2733333333333333,0.22333333333333333,0.23333333333333334,0.2589015347578145,0.28697732128335857,0.30956175298804783
2059,0,0.37,0.44333333333333336,0.43333333333333335,0.3933333333333333,0.3433333333333333,0.36576256594219275,0.3023694355615828,0.3116979269496545
2060,1,0.36333333333333334,0.37666666666666665,0.35333333333333333,0.38,0.31666666666666665,0.3487199229942249,0.26299905018496816,0.30956175298804783
2061,0,0.48,0.4166666666666667,0.35,0.4033333333333333,0.44666666666666666,0.43107382253058024,0.39937758065894224,0.3116979269496545
2062,0,0.2866666666666667,0.2866666666666667,0.22,0.25333333333333335,0.23666666666666666,0.3056251777031492,0.2968950424611626,0.30956175298804783
2063,0,0.18,0.20666666666666667,0.20666666666666667,0.19333333333333333,0.23333333333333334,0.227047606852024,0.19753742799648707,0.3116979269496545
2064,0,0.47,0.41333333333333333,0.44333333333333336,0.41,0.38,0.4824229461072751,0.3763597792424646,0.3116979269496545
2065,0,0.41333333333333333,0.38,0.35,0.37,0.35333333333333333,0.42421592868590907,0.32715238131240004,0.30956175298804783
2066,0,0.41,0.3933333333333333,0.43333333333333335,0.4,0.38333333333333336,0.39598143401724906,0.39063461817972656,0.30956175298804783
2067,1,0.24,0.24,0.2,0.24666666666666667,0.19,0.2289164468383107,0.3182393012584209,0.30956175298804783
2068,0,0.31333333333333335,0.4,0.37333333333333335,0.4066666666666667,0.35,0.32361947766753246,0.292106113554611,0.30956175298804783
2069,1,0.44,0.43,0.41333333333333333,0.44333333333333336,0.42,0.4449990898185391,0.3816471812301103,0.41273476866697206
2070,1,0.30666666666666664,0.2733333333333333,0.29,0.35333333333333333,0.16333333333333333,0.2734027469965759,0.3487920783388627,0.3116979269496545
2071,0,0.4266666666666667,0.36,0.47333333333333333,0.36,0.41,0.4354537055762779,0.40239195532506883,0.44776119402985076
2072,0,0.24,0.25333333333333335,0.22,0.18,0.2,0.23983892724222572,0.23011193492002188,0.3116979269496545
2073,0,0.24,0.2633333333333333,0.2633333333333333,0.24,0.19,0.21135382888398552,0.23104734654724154,0.30956175298804783
2074,1,0.49333333333333335,0.43666666666666665,0.33666666666666667,0.39666666666666667,0.39,0.44405280761801075,0.29236085414324536,0.30956175298804783
2075,0,0.44666666666666666,0.44666666666666666,0.4666666666666667,0.48,0.3433333333333333,0.46337412080746027,0.41528112676231355,0.44776119402985076
2076,1,0.49666666666666665,0.3933333333333333,0.43666666666666665,0.3333333333333333,0.38333333333333336,0.43660511107796424,0.4083390375486163,0.41273476866697206
2077,0,0.32666666666666666,0.32666666666666666,0.35,0.3333333333333333,0.17666666666666667,0.33868368488431755,0.4130223353805707,0.41273476866697206
2078,0,0.37666666666666665,0.30666666666666664,0.36333333333333334,0.30333333333333334,0.18333333333333332,0.3375726855740266,0.35230167287402275,0.44776119402985076
2079,0,0.2833333333333333,0.22666666666666666,0.25,0.23,0.21666666666666667,0.27179651109063274,0.3010117386091318,0.30956175298804783
2080,0,0.23666666666666666,0.21333333333333335,0.19,0.21333333333333335,0.24333333333333335,0.2876920506982119,0.27382459835249545,0.30956175298804783
2081,0,0.32666666666666666,0.3233333333333333,0.37,0.3433333333333333,0.26,0.3124345926295728,0.35313386099199723,0.30956175298804783
2082,0,0.35333333333333333,0.41,0.36,0.43333333333333335,0.2866666666666667,0.39421698133280403,0.3182393012584209,0.30956175298804783
2083,1,0.36,0.35,0.39,0.37333333333333335,0.26666666666666666,0.36850434750492,0.4259459279490531,0.30956175298804783
2084,1,0.19,0.21333333333333335,0.22333333333333333,0.21666666666666667,0.22333333333333333,0.23892971190892906,0.18410021224783704,0.30956175298804783
2085,0,0.31333333333333335,0.32,0.29333333333333333,0.3,0.2633333333333333,0.27473887859361407,0.2971008932265154,0.3116979269496545
2086,1,0.3233333333333333,0.29333333333333333,0.3,0.31666666666666665,0.31333333333333335,0.3474943225792564,0.24436614645033658,0.30956175298804783
2087,0,0.23666666666666666,0.24333333333333335,0.21333333333333335,0.24666666666666667,0.16,0.23435200295245623,0.361026454915211,0.3116979269496545
2088,0,0.37333333333333335,0.4033333333333333,0.36,0.4033333333333333,0.2833333333333333,0.3864318933983624,0.433233721785758,0.30956175298804783
2089,0,0.38666666666666666,0.38,0.47,0.4533333333333333,0.37333333333333335,0.3656865971249223,0.3415639371247822,0.30956175298804783
2090,0,0.29,0.2966666666666667,0.2833333333333333,0.3,0.19666666666666666,0.33926095752993823,0.42837486405519865,0.41273476866697206
2091,0,0.23,0.22,0.2633333333333333,0.2833333333333333,0.12666666666666668,0.23621868791373,0.22757596793559245,0.30956175298804783
2092,0,0.26,0.31,0.2833333333333333,0.30666666666666664,0.2,0.25785827749127993,0.26829891699382147,0.30956175298804783
2093,0,0.4033333333333333,0.36333333333333334,0.3566666666666667,0.36333333333333334,0.3233333333333333,0.39364712176589167,0.3155224904430737,0.30956175298804783
2094,1,0.42333333333333334,0.48333333333333334,0.4533333333333333,0.4666666666666667,0.2966666666666667,0.4637648253144958,0.39937758065894224,0.3116979269496545
2095,0,0.41333333333333333,0.44333333333333336,0.41333333333333333,0.4033333333333333,0.39,0.40159795939761544,0.38149438406011077,0.3116979269496545
2096,1,0.28,0.30333333333333334,0.31333333333333335,0.36,0.21,0.29479295106824255,0.3346180142364791,0.3116979269496545
2097,0,0.41333333333333333,0.41,0.37333333333333335,0.42,0.33,0.3655594493829177,0.3155224904430737,0.30956175298804783
2098,0,0.2866666666666667,0.4,0.35333333333333333,0.3933333333333333,0.32,0.3461744657251782,0.33579689036254,0.3116979269496545
2099,0,0.4533333333333333,0.36666666666666664,0.44,0.45,0.4166666666666667,0.41306464528363346,0.4099829589187594,0.41273476866697206
2100,0,0.35333333333333333,0.3933333333333333,0.42,0.44333333333333336,0.26666666666666666,0.39142498986989666,0.3193881722261904,0.30956175298804783
2101,1,0.23333333333333334,0.20666666666666667,0.21666666666666667,0.21333333333333335,0.21666666666666667,0.21792773061495666,0.20136093882696338,0.30956175298804783
2102,0,0.2966666666666667,0.31,0.25,0.2866666666666667,0.19666666666666666,0.2795472538311786,0.2914711643526919,0.3116979269496545
2103,1,0.4266666666666667,0.42333333333333334,0.41,0.38,0.4633333333333333,0.5015333387290085,0.33270159171644675,0.41273476866697206
2104,0,0.4266666666666667,0.47,0.4266666666666667,0.46,0.38333333333333336,0.48435753058171693,0.3816471812301103,0.41273476866697206
2105,0,0.21,0.22333333333333333,0.22333333333333333,0.29333333333333333,0.2733333333333333,0.2699404500798071,0.2456780819468744,0.30956175298804783
2106,0,0.47333333333333333,0.43333333333333335,0.42333333333333334,0.48333333333333334,0.37333333333333335,0.479553940261097,0.4290810641901563,0.41273476866697206
2107,1,0.38666666666666666,0.38333333333333336,0.3466666666666667,0.38,0.34,0.35578965511503,0.27055953457609555,0.3116979269496545
2108,0,0.4266666666666667,0.44666666666666666,0.39666666666666667,0.43,0.26666666666666666,0.44809818167297466,0.4069504422664957,0.30956175298804783
2109,0,0.26666666666666666,0.21333333333333335,0.2966666666666667,0.23666666666666666,0.21,0.2791971805839589,0.343348647299647,0.30956175298804783
2110,1,0.44,0.34,0.36666666666666664,0.44666666666666666,0.19333333333333333,0.3683816009666202,0.3597681776162071,0.3116979269496545
2111,0,0.20333333333333334,0.19666666666666666,0.22333333333333333,0.19666666666666666,0.17333333333333334,0.20675397285738573,0.34175144503130056,0.30956175298804783
2112,0,0.4,0.37333333333333335,0.38333333333333336,0.33666666666666667,0.4266666666666667,0.41571754846769926,0.34659534763319205,0.3116979269496545
2113,0,0.2866666666666667,0.23,0.21666666666666667,0.2,0.17333333333333334,0.18718013112672097,0.24105602037462,0.30956175298804783
2114,1,0.4266666666666667,0.4033333333333333,0.48,0.43,0.3466666666666667,0.42125506521284084,0.4164470102372428,0.3116979269496545
2115,0,0.37666666666666665,0.41,0.47333333333333333,0.44333333333333336,0.29333333333333333,0.4328475259618661,0.39096460089357526,0.3116979269496545
2116,0,0.21333333333333335,0.25666666666666665,0.30333333333333334,0.23666666666666666,0.24,0.2192325793977716,0.22871081555618422,0.3116979269496545
2117,0,0.25666666666666665,0.25666666666666665,0.22333333333333333,0.25666666666666665,0.20666666666666667,0.2773569419674141,0.2618288585476822,0.3116979269496545
2118,0,0.18333333333333332,0.21333333333333335,0.20333333333333334,0.2633333333333333,0.18666666666666668,0.23880734523581054,0.34175144503130056,0.30956175298804783
2119,0,0.46,0.43,0.3933333333333333,0.43666666666666665,0.37333333333333335,0.4331058261357963,0.3473297142104878,0.41273476866697206
2120,1,0.3333333333333333,0.2866666666666667,0.35333333333333333,0.34,0.24,0.31465598687435326,0.3611758413542882,0.30956175298804783
2121,0,0.3433333333333333,0.3,0.3233333333333333,0.31333333333333335,0.29,0.30658867591837363,0.2456780819468744,0.30956175298804783
2122,0,0.4166666666666667,0.45666666666666667,0.51,0.44333333333333336,0.36,0.47626475122709405,0.46072924408379107,0.41273476866697206
2123,0,0.29,0.23666666666666666,0.2733333333333333,0.24,0.16666666666666666,0.213126400384286,0.2828869077859674,0.30956175298804783
2124,0,0.4166666666666667,0.38666666666666666,0.39666666666666667,0.41333333333333333,0.37666666666666665,0.4429258037532365,0.3182393012584209,0.30956175298804783
2125,0,0.27666666666666667,0.2833333333333333,0.31333333333333335,0.28,0.21666666666666667,0.2691869873552411,0.26682411095517955,0.30956175298804783
2126,0,0.15333333333333332,0.23333333333333334,0.24,0.19333333333333333,0.17333333333333334,0.21460776828408767,0.23104734654724154,0.30956175298804783
2127,1,0.33,0.27,0.31666666666666665,0.3,0.17333333333333334,0.3162628181159481,0.3182393012584209,0.30956175298804783
2128,0,0.18333333333333332,0.21,0.16333333333333333,0.21666666666666667,0.11666666666666667,0.1742783768872359,0.18861003622143002,0.3116979269496545
2129,0,0.4666666666666667,0.43666666666666665,0.37666666666666665,0.41,0.3333333333333333,0.44872080336219033,0.3816471812301103,0.41273476866697206
2130,0,0.2866666666666667,0.23,0.25666666666666665,0.20333333333333334,0.22333333333333333,0.307169859706886,0.27382459835249545,0.30956175298804783
2131,0,0.36666666666666664,0.37666666666666665,0.31,0.27666666666666667,0.2966666666666667,0.3030765596166317,0.37725412113842144,0.3116979269496545
2132,0,0.4,0.4533333333333333,0.38,0.48333333333333334,0.30333333333333334,0.4311525345025575,0.38020721752063114,0.3116979269496545
2133,0,0.43,0.37666666666666665,0.37666666666666665,0.4,0.31666666666666665,0.3749698834521005,0.2953941999479364,0.30956175298804783
2134,1,0.24666666666666667,0.26,0.22333333333333333,0.20666666666666667,0.22,0.22814851292357935,0.25598610688946993,0.3116979269496545
2135,0,0.44666666666666666,0.37,0.3566666666666667,0.4033333333333333,0.25333333333333335,0.3899268293174111,0.397311733069799,0.41273476866697206
2136,0,0.43,0.44333333333333336,0.4633333333333333,0.47333333333333333,0.37333333333333335,0.42963513702660017,0.29952164753306637,0.30956175298804783
2137,0,0.39,0.39,0.35,0.4033333333333333,0.30666666666666664,0.39019601086353495,0.39715669247044544,0.44776119402985076
2138,1,0.3466666666666667,0.38,0.39,0.44,0.34,0.40612522472446766,0.32198122905576004,0.3116979269496545
2139,1,0.31666666666666665,0.41,0.38666666666666666,0.37,0.32,0.33552176340648293,0.2971008932265154,0.3116979269496545
2140,0,0.23333333333333334,0.27,0.21333333333333335,0.20666666666666667,0.20666666666666667,0.2296179186290338,0.2420560797680546,0.30956175298804783
2141,1,0.36333333333333334,0.31333333333333335,0.4066666666666667,0.31666666666666665,0.21333333333333335,0.34251753656047534,0.3827576578158074,0.44776119402985076
2142,0,0.42,0.37,0.38666666666666666,0.37666666666666665,0.3466666666666667,0.37060866286238037,0.30087551651641786,0.3116979269496545
2143,0,0.39666666666666667,0.38,0.44,0.4033333333333333,0.36666666666666664,0.3747575875929319,0.34439215762017517,0.30956175298804783
2144,0,0.48333333333333334,0.42,0.44333333333333336,0.43666666666666665,0.39666666666666667,0.4834916025545514,0.4361587535353778,0.3116979269496545
2145,0,0.20666666666666667,0.24333333333333335,0.26666666666666666,0.2633333333333333,0.20333333333333334,0.24073694896525233,0.2983776325313001,0.30956175298804783
2146,0,0.35333333333333333,0.33666666666666667,0.27,0.3333333333333333,0.20666666666666667,0.32750739047542354,0.39715669247044544,0.44776119402985076
2147,0,0.26666666666666666,0.3433333333333333,0.3433333333333333,0.33666666666666667,0.2966666666666667,0.28698118307285114,0.35023299710227485,0.30956175298804783
2148,0,0.3333333333333333,0.33,0.2733333333333333,0.2733333333333333,0.24,0.3008694462435107,0.28697732128335857,0.30956175298804783
2149,0,0.33666666666666667,0.2966666666666667,0.31,0.31666666666666665,0.3,0.32558856847116024,0.3223046635300258,0.30956175298804783
2150,1,0.31666666666666665,0.31666666666666665,0.31666666666666665,0.3233333333333333,0.25,0.34001051125779996,0.3182393012584209,0.30956175298804783
2151,0,0.20666666666666667,0.17666666666666667,0.17666666666666667,0.21,0.22,0.21461281626924175,0.22757596793559245,0.30956175298804783
2152,1,0.37,0.4166666666666667,0.42333333333333334,0.45,0.35,0.42683852199909394,0.41458559408233364,0.44776119402985076
2153,1,0.2833333333333333,0.2866666666666667,0.2633333333333333,0.3466666666666667,0.22333333333333333,0.30371696670181886,0.4069504422664957,0.30956175298804783
2154,0,0.48,0.43666666666666665,0.48333333333333334,0.4666666666666667,0.33666666666666667,0.4842131583983604,0.42837486405519865,0.41273476866697206
2155,1,0.4666666666666667,0.45666666666666667,0.37666666666666665,0.39666666666666667,0.2833333333333333,0.41630320335630927,0.45258411002875254,0.41273476866697206
2156,1,0.38,0.33,0.36,0.38,0.38,0.40271895695027177,0.3155224904430737,0.30956175298804783
2157,1,0.2866666666666667,0.3,0.3333333333333333,0.3,0.21333333333333335,0.3232685231351263,0.3006454222372815,0.41273476866697206
2158,1,0.3,0.31666666666666665,0.2733333333333333,0.31,0.18333333333333332,0.25942675054298725,0.2982420938730439,0.3116979269496545
2159,0,0.21,0.17,0.17666666666666667,0.18666666666666668,0.14666666666666667,0.15427289336011143,0.2115083415013718,0.3116979269496545
2160,0,0.41,0.39666666666666667,0.4166666666666667,0.45,0.26666666666666666,0.36456522690457066,0.4001626653901497,0.30956175298804783
2161,0,0.22666666666666666,0.23,0.22666666666666666,0.23666666666666666,0.16,0.24395706375056095,0.22871081555618422,0.3116979269496545
2162,1,0.21,0.2733333333333333,0.25333333333333335,0.22,0.15666666666666668,0.2321649488325282,0.3238556953200045,0.30956175298804783
2163,0,0.23666666666666666,0.2966666666666667,0.30666666666666664,0.32,0.18333333333333332,0.24748644157278554,0.3010117386091318,0.30956175298804783
2164,0,0.2833333333333333,0.22333333333333333,0.18333333333333332,0.19333333333333333,0.16333333333333333,0.2101739882064929,0.28888604141041707,0.3116979269496545
2165,1,0.30666666666666664,0.31333333333333335,0.37333333333333335,0.33,0.18666666666666668,0.29626838819897333,0.38020721752063114,0.3116979269496545
2166,0,0.37666666666666665,0.37666666666666665,0.38666666666666666,0.41,0.39,0.3938110222327782,0.3448031049582083,0.3116979269496545
2167,1,0.29333333333333333,0.32,0.32666666666666666,0.29,0.2,0.2937215369486542,0.3254106071314631,0.30956175298804783
2168,0,0.30333333333333334,0.2866666666666667,0.3233333333333333,0.29333333333333333,0.2,0.2842942838655055,0.31963916906679457,0.3116979269496545
2169,0,0.16,0.18333333333333332,0.19666666666666666,0.21333333333333335,0.15,0.20976791979972376,0.24436614645033658,0.30956175298804783
2170,1,0.16666666666666666,0.11333333333333333,0.17666666666666667,0.13,0.18,0.15791978722859937,0.1704248689408797,0.3116979269496545
2171,0,0.38666666666666666,0.44,0.41,0.4633333333333333,0.38333333333333336,0.4006035422424264,0.3415639371247822,0.30956175298804783
2172,0,0.44666666666666666,0.42333333333333334,0.44333333333333336,0.39666666666666667,0.3233333333333333,0.42572636104814815,0.3615034092932721,0.3116979269496545
2173,0,0.24666666666666667,0.26666666666666666,0.2966666666666667,0.3333333333333333,0.23,0.30326929452275303,0.28178087017688846,0.30956175298804783
2174,1,0.35,0.3933333333333333,0.31666666666666665,0.37666666666666665,0.25666666666666665,0.3562666474476165,0.33716015485257667,0.30956175298804783
2175,1,0.5166666666666667,0.48,0.46,0.41,0.38666666666666666,0.505290572613271,0.48521489402260903,0.41273476866697206
2176,0,0.22666666666666666,0.23333333333333334,0.23666666666666666,0.24,0.16,0.20997877142353227,0.3010117386091318,0.30956175298804783
2177,1,0.39666666666666667,0.41,0.38666666666666666,0.37,0.32666666666666666,0.3640425674539516,0.26216560905430975,0.3116979269496545
2178,0,0.4,0.4,0.4066666666666667,0.37,0.37666666666666665,0.37644334985017874,0.3292879846413518,0.30956175298804783
2179,0,0.22666666666666666,0.22666666666666666,0.24,0.21333333333333335,0.14,0.22205938314328375,0.2230814569831226,0.3116979269496545
2180,1,0.2633333333333333,0.23666666666666666,0.2733333333333333,0.28,0.22,0.2929568121356321,0.39252287690854215,0.41273476866697206
2181,1,0.35333333333333333,0.3566666666666667,0.39,0.4633333333333333,0.39666666666666667,0.36647703954022653,0.35991733667263565,0.30956175298804783
2182,1,0.16333333333333333,0.16,0.18,0.16333333333333333,0.15,0.19338754667329716,0.20507553770880274,0.30956175298804783
2183,0,0.4633333333333333,0.4866666666666667,0.46,0.4266666666666667,0.36666666666666664,0.4219741024345564,0.36440535804914986,0.3116979269496545
2184,0,0.18333333333333332,0.20666666666666667,0.17666666666666667,0.25333333333333335,0.20333333333333334,0.21065622170401166,0.19667357165131327,0.3116979269496545
2185,0,0.25333333333333335,0.29,0.33666666666666667,0.26,0.14,0.2599554157721479,0.31809883084795143,0.3116979269496545
2186,1,0.47333333333333333,0.4633333333333333,0.44666666666666666,0.4266666666666667,0.30666666666666664,0.45676783434488,0.3628137881023813,0.30956175298804783
2187,1,0.48333333333333334,0.48333333333333334,0.4633333333333333,0.44333333333333336,0.36333333333333334,0.47442786023045475,0.4392477169016392,0.44776119402985076
2188,0,0.49333333333333335,0.44333333333333336,0.44666666666666666,0.43333333333333335,0.2866666666666667,0.4149485470919677,0.3831692070384672,0.3116979269496545
2189,0,0.3333333333333333,0.33666666666666667,0.3933333333333333,0.34,0.31666666666666665,0.29185957967917503,0.2971008932265154,0.3116979269496545
2190,0,0.45,0.39666666666666667,0.38666666666666666,0.4033333333333333,0.38666666666666666,0.4253580381077766,0.33997073871670147,0.30956175298804783
2191,1,0.32,0.38,0.39666666666666667,0.38,0.31666666666666665,0.3826916800201231,0.34141832710661835,0.3116979269496545
2192,1,0.39,0.36333333333333334,0.38666666666666666,0.43,0.34,0.36378756022425046,0.3444900457850189,0.30956175298804783
2193,1,0.4166666666666667,0.45666666666666667,0.38,0.39,0.37666666666666665,0.4434357033458637,0.4230408543719164,0.41273476866697206
2194,1,0.27,0.38,0.39666666666666667,0.37333333333333335,0.30333333333333334,0.3476780046394565,0.2309323260749458,0.3116979269496545
2195,1,0.2966666666666667,0.29,0.36,0.3,0.28,0.2632380496977191,0.24454824409313064,0.3116979269496545
2196,0,0.36666666666666664,0.36333333333333334,0.3333333333333333,0.37666666666666665,0.30666666666666664,0.35900613197647563,0.3628137881023813,0.30956175298804783
2197,0,0.31666666666666665,0.31,0.2966666666666667,0.27,0.19666666666666666,0.2865126159858077,0.2780543207795998,0.3116979269496545
2198,0,0.42,0.45,0.44666666666666666,0.4166666666666667,0.37,0.47385819695679715,0.4309596514978342,0.41273476866697206
2199,0,0.43666666666666665,0.44333333333333336,0.4766666666666667,0.48,0.35333333333333333,0.48177501615577295,0.4719069506020713,0.41273476866697206
2200,0,0.19333333333333333,0.17333333333333334,0.21333333333333335,0.21666666666666667,0.14333333333333334,0.20140135284614263,0.21572488854474825,0.3116979269496545
2201,0,0.42,0.4666666666666667,0.4066666666666667,0.43666666666666665,0.37,0.42160485728501157,0.35991733667263565,0.30956175298804783
2202,1,0.5066666666666667,0.42,0.47333333333333333,0.4866666666666667,0.45,0.5130740479716555,0.45569538526804687,0.41273476866697206
2203,0,0.31666666666666665,0.2966666666666667,0.31333333333333335,0.31,0.19666666666666666,0.3025625853149025,0.343348647299647,0.30956175298804783
2204,0,0.4033333333333333,0.43666666666666665,0.4033333333333333,0.38666666666666666,0.4066666666666667,0.46314784904648526,0.3816471812301103,0.41273476866697206
2205,1,0.3566666666666667,0.3933333333333333,0.37333333333333335,0.35333333333333333,0.35,0.3731860340339094,0.29428179420275896,0.30956175298804783
2206,0,0.4166666666666667,0.37333333333333335,0.38666666666666666,0.37666666666666665,0.33,0.4177256162039246,0.40239195532506883,0.44776119402985076
2207,0,0.27,0.24333333333333335,0.25,0.2833333333333333,0.20666666666666667,0.2948086387566888,0.2993858109499458,0.3116979269496545
2208,0,0.4266666666666667,0.3933333333333333,0.4266666666666667,0.38,0.36666666666666664,0.4164110748340879,0.36440535804914986,0.3116979269496545
2209,0,0.35,0.3466666666666667,0.35333333333333333,0.4,0.24666666666666667,0.3798564417299305,0.36266410879539884,0.3116979269496545
2210,0,0.2833333333333333,0.35,0.31666666666666665,0.3333333333333333,0.21666666666666667,0.29494237531420986,0.3010117386091318,0.30956175298804783
2211,0,0.26666666666666666,0.24666666666666667,0.2,0.21666666666666667,0.23333333333333334,0.2839735677090573,0.3346180142364791,0.3116979269496545
2212,1,0.2966666666666667,0.2866666666666667,0.31333333333333335,0.21666666666666667,0.17666666666666667,0.2564159108032776,0.3816471812301103,0.41273476866697206
2213,0,0.22333333333333333,0.25333333333333335,0.22666666666666666,0.25333333333333335,0.18333333333333332,0.176956349550907,0.2618172036862848,0.3116979269496545
2214,1,0.41,0.44333333333333336,0.4766666666666667,0.43333333333333335,0.38666666666666666,0.45705252137052377,0.42294319670146513,0.41273476866697206
2215,0,0.22333333333333333,0.19333333333333333,0.19333333333333333,0.23666666666666666,0.24333333333333335,0.23005712364376643,0.23104734654724154,0.30956175298804783
2216,1,0.4666666666666667,0.4866666666666667,0.44666666666666666,0.42333333333333334,0.3466666666666667,0.4240656510774836,0.38020721752063114,0.3116979269496545
2217,1,0.37333333333333335,0.44333333333333336,0.37,0.39666666666666667,0.37,0.41900864198980187,0.33997073871670147,0.30956175298804783
2218,0,0.16,0.2,0.16666666666666666,0.17,0.14,0.16004990466489677,0.21180900916982418,0.3116979269496545
2219,0,0.3233333333333333,0.43333333333333335,0.45,0.47333333333333333,0.33,0.3964086072253953,0.3701994734889864,0.3116979269496545
2220,1,0.25,0.22333333333333333,0.24666666666666667,0.22333333333333333,0.19,0.2477523394344786,0.21073511302723255,0.30956175298804783
2221,0,0.28,0.30333333333333334,0.2966666666666667,0.27,0.24,0.254553400279776,0.2832561725748398,0.3116979269496545
2222,0,0.3333333333333333,0.30666666666666664,0.2633333333333333,0.26666666666666666,0.3333333333333333,0.3568940383222285,0.3325578515606118,0.3116979269496545
2223,0,0.26666666666666666,0.27666666666666667,0.2966666666666667,0.30333333333333334,0.16,0.2839718827123742,0.343348647299647,0.30956175298804783
2224,0,0.26666666666666666,0.25,0.24,0.24666666666666667,0.16,0.23603438544414657,0.29952164753306637,0.30956175298804783
2225,0,0.38333333333333336,0.2966666666666667,0.32,0.29333333333333333,0.17,0.3139097669586818,0.3628137881023813,0.30956175298804783
2226,0,0.43,0.46,0.49333333333333335,0.47,0.36,0.4407915588194211,0.4289195845205771,0.30956175298804783
2227,0,0.4166666666666667,0.4266666666666667,0.4266666666666667,0.38666666666666666,0.28,0.45353470882979785,0.38149438406011077,0.3116979269496545
2228,0,0.26666666666666666,0.20333333333333334,0.25333333333333335,0.18666666666666668,0.22,0.297084539988016,0.3108295860741467,0.30956175298804783
2229,0,0.41,0.4266666666666667,0.44666666666666666,0.42,0.3466666666666667,0.46316065904553544,0.3831692070384672,0.3116979269496545
2230,0,0.16,0.18,0.18666666666666668,0.19666666666666666,0.14666666666666667,0.23024327133969064,0.26092091761458097,0.30956175298804783
2231,0,0.24,0.23666666666666666,0.19,0.25333333333333335,0.17666666666666667,0.2656136688088841,0.26829891699382147,0.30956175298804783
2232,1,0.27,0.2866666666666667,0.24666666666666667,0.23333333333333334,0.17333333333333334,0.24718516005413294,0.3013947188643421,0.3116979269496545
2233,0,0.23666666666666666,0.25666666666666665,0.3233333333333333,0.2633333333333333,0.12,0.22429897118280517,0.2841960921956115,0.3116979269496545
2234,1,0.4,0.43333333333333335,0.30666666666666664,0.37333333333333335,0.38,0.37225641723884223,0.27304363016588706,0.3116979269496545
2235,1,0.49666666666666665,0.4633333333333333,0.46,0.44,0.4266666666666667,0.467287340974145,0.41154277938048145,0.3116979269496545
2236,0,0.39666666666666667,0.29333333333333333,0.3333333333333333,0.3233333333333333,0.24333333333333335,0.3499555419867989,0.37357007804970194,0.30956175298804783
2237,0,0.49,0.4766666666666667,0.5333333333333333,0.4633333333333333,0.4066666666666667,0.5084943779908261,0.4876299420389655,0.41273476866697206
2238,1,0.3333333333333333,0.35,0.4066666666666667,0.38666666666666666,0.26,0.35466738144573345,0.3628137881023813,0.30956175298804783
2239,1,0.49,0.45,0.4033333333333333,0.47333333333333333,0.4266666666666667,0.46500752730320405,0.4164470102372428,0.3116979269496545
2240,0,0.3566666666666667,0.3333333333333333,0.37,0.35333333333333333,0.22666666666666666,0.3560221143662548,0.34264677394248416,0.3116979269496545
2241,0,0.28,0.31666666666666665,0.39666666666666667,0.30666666666666664,0.24666666666666667,0.2802691711638218,0.3074446542143049,0.30956175298804783
2242,0,0.24,0.21666666666666667,0.18666666666666668,0.19666666666666666,0.14333333333333334,0.2474603889592704,0.3135244975760547,0.30956175298804783
2243,0,0.31333333333333335,0.2833333333333333,0.28,0.30333333333333334,0.22,0.30283092311832804,0.3233157072901655,0.30956175298804783
2244,0,0.44,0.43666666666666665,0.39666666666666667,0.45666666666666667,0.42,0.4470372155883444,0.3473297142104878,0.41273476866697206
2245,1,0.32666666666666666,0.38666666666666666,0.36,0.42333333333333334,0.3,0.4078135745921633,0.3757412787564303,0.30956175298804783
2246,0,0.2633333333333333,0.26,0.2866666666666667,0.28,0.17666666666666667,0.31436848782590715,0.3816471812301103,0.41273476866697206
2247,1,0.41,0.45666666666666667,0.43,0.4666666666666667,0.30666666666666664,0.47320503348383175,0.4166043772610792,0.30956175298804783
2248,1,0.2866666666666667,0.29333333333333333,0.30666666666666664,0.3,0.17666666666666667,0.3502376513578775,0.37651177178499173,0.41273476866697206
2249,1,0.4533333333333333,0.4166666666666667,0.3933333333333333,0.49666666666666665,0.33666666666666667,0.48367247426548293,0.4099829589187594,0.41273476866697206
2250,0,0.22333333333333333,0.25,0.24,0.23,0.19333333333333333,0.22870753153443554,0.23022666910146888,0.30956175298804783
2251,0,0.35,0.2966666666666667,0.2866666666666667,0.3,0.22,0.3080757766655694,0.3010117386091318,0.30956175298804783
2252,0,0.48333333333333334,0.38,0.33666666666666667,0.43,0.3566666666666667,0.4254141391810356,0.3299210638798988,0.30956175298804783
2253,1,0.3933333333333333,0.23333333333333334,0.3333333333333333,0.27,0.30333333333333334,0.37364322472132544,0.2953427109226662,0.3116979269496545
2254,1,0.4766666666666667,0.37333333333333335,0.3933333333333333,0.36333333333333334,0.37666666666666665,0.38647497630698696,0.2764019529215712,0.30956175298804783
2255,1,0.36333333333333334,0.4,0.38666666666666666,0.36,0.26666666666666666,0.3420953300607556,0.36266410879539884,0.3116979269496545
2256,0,0.38666666666666666,0.39,0.38,0.39666666666666667,0.2866666666666667,0.3875558829605174,0.3963708099047534,0.3116979269496545
2257,0,0.24666666666666667,0.25666666666666665,0.22333333333333333,0.22666666666666666,0.20666666666666667,0.2782144477488089,0.24436614645033658,0.30956175298804783
2258,0,0.39666666666666667,0.3233333333333333,0.38,0.36,0.31333333333333335,0.37365833189844255,0.29952164753306637,0.30956175298804783
2259,0,0.35333333333333333,0.38333333333333336,0.36,0.4066666666666667,0.20333333333333334,0.39455981562408604,0.43631799991822223,0.41273476866697206
2260,0,0.2966666666666667,0.2866666666666667,0.26,0.26,0.20333333333333334,0.2544990036615436,0.258507892553649,0.30956175298804783
2261,0,0.39,0.4166666666666667,0.36333333333333334,0.3566666666666667,0.27666666666666667,0.4001670926351635,0.37868973408918816,0.30956175298804783
2262,0,0.33666666666666667,0.3933333333333333,0.3466666666666667,0.38,0.28,0.36869770959306697,0.3831692070384672,0.3116979269496545
2263,1,0.45,0.4266666666666667,0.43,0.45,0.38,0.4779914706338131,0.4309596514978342,0.41273476866697206
2264,0,0.33666666666666667,0.35,0.32,0.36,0.21333333333333335,0.2995809875356799,0.39362625062188716,0.41273476866697206
2265,0,0.22,0.20666666666666667,0.25333333333333335,0.21666666666666667,0.20666666666666667,0.26131137319338105,0.2968950424611626,0.30956175298804783
2266,1,0.35,0.33666666666666667,0.31333333333333335,0.30333333333333334,0.28,0.37081173456012667,0.40704701200193283,0.41273476866697206
2267,0,0.3566666666666667,0.3433333333333333,0.34,0.41333333333333333,0.3466666666666667,0.35495353608663377,0.26829891699382147,0.30956175298804783
2268,1,0.36333333333333334,0.37666666666666665,0.3433333333333333,0.37,0.33,0.41139306648541457,0.3182393012584209,0.30956175298804783
2269,0,0.35333333333333333,0.33,0.37666666666666665,0.37,0.29,0.3568005473945311,0.37853739612883985,0.3116979269496545
2270,1,0.41,0.41333333333333333,0.39666666666666667,0.4033333333333333,0.2966666666666667,0.34311618498393076,0.285641030551198,0.3116979269496545
2271,1,0.42333333333333334,0.3433333333333333,0.37,0.41333333333333333,0.38333333333333336,0.3868084586716581,0.3831692070384672,0.3116979269496545
2272,1,0.4533333333333333,0.42,0.4066666666666667,0.41,0.3566666666666667,0.47744866470316605,0.4195002359446737,0.3116979269496545
2273,1,0.25,0.26,0.2966666666666667,0.24666666666666667,0.18666666666666668,0.22119127854653037,0.37029276749309936,0.3116979269496545
2274,0,0.42,0.45,0.39,0.41333333333333333,0.31333333333333335,0.45558858390265045,0.3473297142104878,0.41273476866697206
2275,0,0.23666666666666666,0.25333333333333335,0.31333333333333335,0.2833333333333333,0.13333333333333333,0.2432395279418585,0.2828869077859674,0.30956175298804783
2276,0,0.38,0.5,0.47333333333333333,0.44,0.31,0.3868535365807671,0.3078322146329125,0.3116979269496545
2277,0,0.3466666666666667,0.2866666666666667,0.31333333333333335,0.31,0.22,0.33841827332843905,0.4260092805566483,0.41273476866697206
2278,0,0.23666666666666666,0.2633333333333333,0.20333333333333334,0.20333333333333334,0.25666666666666665,0.28055386109046504,0.27382459835249545,0.30956175298804783
2279,0,0.27,0.22666666666666666,0.22666666666666666,0.25333333333333335,0.20666666666666667,0.2236203563190483,0.25974511844129433,0.3116979269496545
2280,1,0.38666666666666666,0.42,0.43,0.43666666666666665,0.3333333333333333,0.43511349564198115,0.35991733667263565,0.30956175298804783
2281,0,0.27666666666666667,0.29,0.24666666666666667,0.2866666666666667,0.20333333333333334,0.2905174843974254,0.30087551651641786,0.3116979269496545
2282,1,0.3933333333333333,0.38666666666666666,0.41,0.41333333333333333,0.3466666666666667,0.3414463941746418,0.2841960921956115,0.3116979269496545
2283,1,0.38333333333333336,0.4533333333333333,0.3933333333333333,0.38,0.29,0.3958689355068111,0.28697732128335857,0.30956175298804783
2284,0,0.27,0.24,0.32666666666666666,0.29333333333333333,0.17666666666666667,0.27602433825097006,0.2780543207795998,0.3116979269496545
2285,0,0.36,0.3466666666666667,0.26,0.33,0.27666666666666667,0.30317944343629555,0.3205759371351152,0.30956175298804783
2286,0,0.2966666666666667,0.28,0.25,0.31666666666666665,0.17333333333333334,0.29615577868306414,0.3611758413542882,0.30956175298804783
2287,0,0.38,0.3233333333333333,0.36333333333333334,0.4,0.27,0.41074628436931476,0.37853739612883985,0.3116979269496545
2288,1,0.49,0.33,0.37,0.38333333333333336,0.2733333333333333,0.43342973300798354,0.4183319323357755,0.44776119402985076
2289,0,0.24,0.16333333333333333,0.14333333333333334,0.18,0.16,0.19734637009757083,0.24424660163288775,0.3116979269496545
2290,0,0.23,0.21,0.25,0.24,0.24333333333333335,0.23427817765849,0.2882978254675335,0.3116979269496545
2291,1,0.2866666666666667,0.24333333333333335,0.21666666666666667,0.25333333333333335,0.14666666666666667,0.26541171608389175,0.3135244975760547,0.30956175298804783
2292,0,0.5233333333333333,0.43666666666666665,0.41333333333333333,0.46,0.3233333333333333,0.5175712649895243,0.48521489402260903,0.41273476866697206
2293,0,0.43,0.37666666666666665,0.42333333333333334,0.41333333333333333,0.36333333333333334,0.38403358666867804,0.37725412113842144,0.3116979269496545
2294,1,0.37333333333333335,0.41333333333333333,0.4033333333333333,0.3566666666666667,0.25333333333333335,0.371645344049992,0.3568824221379889,0.3116979269496545
2295,1,0.30333333333333334,0.29333333333333333,0.25666666666666665,0.24333333333333335,0.20666666666666667,0.2923246248417044,0.3182393012584209,0.30956175298804783
2296,0,0.27666666666666667,0.31333333333333335,0.29333333333333333,0.36333333333333334,0.21333333333333335,0.3064192640523198,0.36440535804914986,0.3116979269496545
2297,1,0.23,0.2,0.23,0.21666666666666667,0.18666666666666668,0.25148990754274825,0.3734185617998833,0.3116979269496545
2298,0,0.27,0.22333333333333333,0.23,0.27,0.21333333333333335,0.22469058148537377,0.28572949747963944,0.3116979269496545
2299,1,0.3,0.29333333333333333,0.2966666666666667,0.28,0.24333333333333335,0.30054464563095934,0.3006454222372815,0.41273476866697206
2300,1,0.29333333333333333,0.27666666666666667,0.3,0.21666666666666667,0.16333333333333333,0.31267405216277544,0.29952164753306637,0.30956175298804783
2301,0,0.37666666666666665,0.43666666666666665,0.39666666666666667,0.41,0.43,0.3636369449646294,0.24555810389249988,0.3116979269496545
2302,0,0.37333333333333335,0.36333333333333334,0.4666666666666667,0.45,0.31666666666666665,0.44253420749429845,0.4130223353805707,0.41273476866697206
2303,0,0.16333333333333333,0.19333333333333333,0.16333333333333333,0.2,0.17333333333333334,0.16765476294295206,0.20854828491549748,0.3116979269496545
2304,1,0.4033333333333333,0.37333333333333335,0.4066666666666667,0.37,0.35333333333333333,0.3845596773839043,0.258507892553649,0.30956175298804783
2305,0,0.17666666666666667,0.2,0.20333333333333334,0.23333333333333334,0.18,0.19894170835747615,0.17051643437761418,0.30956175298804783
2306,0,0.2733333333333333,0.30666666666666664,0.25,0.31333333333333335,0.25,0.26863399687106004,0.35951620552402397,0.41273476866697206
2307,0,0.5233333333333333,0.47,0.4666666666666667,0.42333333333333334,0.39666666666666667,0.4951241762885583,0.465755693342288,0.41273476866697206
2308,0,0.4,0.38,0.3333333333333333,0.4166666666666667,0.3,0.366543205018221,0.29414733607567484,0.3116979269496545
2309,1,0.44666666666666666,0.4,0.43333333333333335,0.36,0.41333333333333333,0.4569862085304155,0.44457840458074216,0.41273476866697206
2310,0,0.47,0.5133333333333333,0.46,0.47,0.4033333333333333,0.451620239943224,0.48736819638985446,0.44776119402985076
2311,0,0.43,0.41,0.43333333333333335,0.38333333333333336,0.37666666666666665,0.4473738379622893,0.44457840458074216,0.41273476866697206
2312,1,0.3433333333333333,0.31666666666666665,0.3333333333333333,0.36,0.20666666666666667,0.3175185701628757,0.3628137881023813,0.30956175298804783
2313,1,0.19666666666666666,0.23333333333333334,0.24,0.19,0.18,0.2326602199066342,0.24470228652937018,0.3116979269496545
2314,0,0.21666666666666667,0.25333333333333335,0.2633333333333333,0.26,0.16,0.2328411479580129,0.2680867481914914,0.3116979269496545
2315,1,0.41333333333333333,0.43,0.38,0.41333333333333333,0.3333333333333333,0.44931870788610334,0.3611758413542882,0.30956175298804783
2316,0,0.33,0.29333333333333333,0.32,0.3,0.2833333333333333,0.31654623292278167,0.2828869077859674,0.30956175298804783
2317,1,0.27666666666666667,0.28,0.30333333333333334,0.2833333333333333,0.17,0.27567590839069306,0.2607960692755358,0.3116979269496545
2318,0,0.23666666666666666,0.23666666666666666,0.2633333333333333,0.2,0.22,0.2703066198217996,0.27554191772637043,0.3116979269496545
2319,1,0.22666666666666666,0.21333333333333335,0.20666666666666667,0.25,0.13666666666666666,0.1957165297445604,0.2983776325313001,0.30956175298804783
2320,1,0.44,0.42,0.43,0.44666666666666666,0.38333333333333336,0.44707215397770866,0.37469389972131334,0.30956175298804783
2321,0,0.24333333333333335,0.25666666666666665,0.25333333333333335,0.2633333333333333,0.17,0.18143138290494146,0.24335960737354914,0.30956175298804783
2322,1,0.3333333333333333,0.30666666666666664,0.27666666666666667,0.27,0.33,0.3426903568003834,0.3238556953200045,0.30956175298804783
2323,0,0.38666666666666666,0.3333333333333333,0.38333333333333336,0.3466666666666667,0.28,0.3778609345883567,0.36174525868002533,0.41273476866697206
2324,0,0.25333333333333335,0.24333333333333335,0.26,0.32,0.17666666666666667,0.26328643348707226,0.2642501106408933,0.3116979269496545
2325,0,0.36,0.39666666666666667,0.4066666666666667,0.38,0.31666666666666665,0.3393677277225966,0.2456780819468744,0.30956175298804783
2326,0,0.24666666666666667,0.33,0.31333333333333335,0.33,0.21,0.271490291496099,0.2843278338295616,0.30956175298804783
2327,1,0.33,0.31,0.3333333333333333,0.26666666666666666,0.15,0.3180553402276731,0.44077513243136496,0.41273476866697206
2328,0,0.23666666666666666,0.22666666666666666,0.28,0.26,0.16666666666666666,0.22567962440540185,0.2828869077859674,0.30956175298804783
2329,0,0.41,0.39,0.4166666666666667,0.37,0.36666666666666664,0.4093518448177278,0.364304955913884,0.3116979269496545
2330,0,0.2633333333333333,0.31,0.3,0.2966666666666667,0.24333333333333335,0.32241361815430924,0.3000395162450365,0.30956175298804783
2331,0,0.21666666666666667,0.24666666666666667,0.20666666666666667,0.19,0.21666666666666667,0.2164343059710359,0.1956573646890494,0.30956175298804783
2332,0,0.4666666666666667,0.4033333333333333,0.4666666666666667,0.45666666666666667,0.38,0.5280530167010096,0.47735791749899387,0.44776119402985076
2333,1,0.48,0.4066666666666667,0.4033333333333333,0.44666666666666666,0.37,0.4473720894513795,0.3182393012584209,0.30956175298804783
2334,0,0.48333333333333334,0.41,0.44666666666666666,0.43666666666666665,0.33,0.410368659414362,0.3628137881023813,0.30956175298804783
2335,0,0.35,0.38,0.34,0.4,0.33666666666666667,0.3148258050616495,0.24335960737354914,0.30956175298804783
2336,0,0.25666666666666665,0.26,0.2833333333333333,0.30666666666666664,0.16666666666666666,0.3015687329486565,0.3254106071314631,0.30956175298804783
2337,0,0.41,0.42333333333333334,0.37333333333333335,0.42,0.37,0.35054526317014867,0.26092091761458097,0.30956175298804783
2338,0,0.3433333333333333,0.33,0.35,0.36333333333333334,0.21666666666666667,0.31439331761093675,0.3442459722794777,0.3116979269496545
2339,0,0.45,0.42,0.42333333333333334,0.46,0.32666666666666666,0.47470157648837785,0.40875987719847573,0.41273476866697206
2340,0,0.18666666666666668,0.24,0.20666666666666667,0.22,0.16,0.17977943913843572,0.21360903711256912,0.3116979269496545
2341,0,0.21333333333333335,0.20333333333333334,0.17666666666666667,0.21,0.21,0.2066292866128831,0.25673551697922925,0.30956175298804783
2342,1,0.5033333333333333,0.42333333333333334,0.4633333333333333,0.47,0.35333333333333333,0.5069663701476668,0.47713508363640666,0.41273476866697206
2343,1,0.22333333333333333,0.17666666666666667,0.17,0.19666666666666666,0.13666666666666666,0.21133598301302017,0.26216560905430975,0.3116979269496545
2344,1,0.36333333333333334,0.44333333333333336,0.43666666666666665,0.39666666666666667,0.3566666666666667,0.3989375192039178,0.39246059035724434,0.30956175298804783
2345,0,0.3933333333333333,0.39,0.41333333333333333,0.38333333333333336,0.37,0.39390952269285306,0.3459467912318027,0.3116979269496545
2346,1,0.33666666666666667,0.31,0.2966666666666667,0.32,0.20333333333333334,0.29195062728565674,0.30087551651641786,0.3116979269496545
2347,0,0.49666666666666665,0.5033333333333333,0.45,0.43,0.29,0.5137243572847946,0.5420607028042,0.44776119402985076
2348,0,0.38,0.4066666666666667,0.42,0.36666666666666664,0.35,0.45427630574241884,0.3383811525652923,0.30956175298804783
2349,1,0.48,0.43666666666666665,0.4066666666666667,0.4,0.38333333333333336,0.46925071095351206,0.42821631438480284,0.44776119402985076
2350,0,0.2966666666666667,0.3433333333333333,0.2966666666666667,0.31666666666666665,0.3233333333333333,0.32404230463680717,0.3155224904430737,0.30956175298804783
2351,1,0.42333333333333334,0.43,0.46,0.41333333333333333,0.3433333333333333,0.40978079620330504,0.41458559408233364,0.44776119402985076
2352,0,0.42333333333333334,0.39666666666666667,0.44333333333333336,0.4166666666666667,0.39,0.4208699178253516,0.36440535804914986,0.3116979269496545
2353,1,0.43,0.42,0.4533333333333333,0.38333333333333336,0.37,0.44462819735437636,0.4183319323357755,0.44776119402985076
2354,0,0.3466666666666667,0.3433333333333333,0.32,0.32,0.26,0.27220717180216214,0.2983776325313001,0.30956175298804783
2355,0,0.4866666666666667,0.45,0.43,0.4266666666666667,0.3433333333333333,0.456704230881694,0.3816471812301103,0.41273476866697206
2356,0,0.33666666666666667,0.39666666666666667,0.34,0.38666666666666666,0.25333333333333335,0.322323625864938,0.285641030551198,0.3116979269496545
2357,0,0.3333333333333333,0.39666666666666667,0.36,0.42,0.28,0.37305734882509684,0.433233721785758,0.30956175298804783
2358,0,0.30333333333333334,0.25666666666666665,0.29333333333333333,0.24666666666666667,0.23333333333333334,0.3197725929624016,0.4083390375486163,0.41273476866697206
2359,0,0.49333333333333335,0.4666666666666667,0.4633333333333333,0.4666666666666667,0.41333333333333333,0.45048924622577446,0.39431030473655837,0.41273476866697206
2360,1,0.39,0.38,0.31666666666666665,0.3433333333333333,0.2866666666666667,0.3385875056610476,0.3205759371351152,0.30956175298804783
2361,0,0.21666666666666667,0.18333333333333332,0.21,0.21333333333333335,0.11666666666666667,0.18081654178603093,0.23104734654724154,0.30956175298804783
2362,1,0.22333333333333333,0.18666666666666668,0.18,0.24666666666666667,0.18666666666666668,0.22478717044674842,0.2914711643526919,0.3116979269496545
2363,1,0.21333333333333335,0.24666666666666667,0.26666666666666666,0.2833333333333333,0.22,0.26393907242960163,0.343348647299647,0.30956175298804783
2364,0,0.42333333333333334,0.41,0.43,0.4,0.37,0.43558999302499646,0.397311733069799,0.41273476866697206
2365,1,0.38666666666666666,0.38,0.36333333333333334,0.35,0.35,0.39779709847273026,0.3238556953200045,0.30956175298804783
2366,0,0.31666666666666665,0.33666666666666667,0.3466666666666667,0.33666666666666667,0.3466666666666667,0.3467770259512248,0.25036284223423255,0.3116979269496545
2367,1,0.23,0.21333333333333335,0.23,0.24666666666666667,0.18666666666666668,0.30053810453159857,0.3182393012584209,0.30956175298804783
2368,1,0.34,0.43333333333333335,0.3566666666666667,0.36333333333333334,0.3566666666666667,0.3447312442006455,0.29972854310201813,0.3116979269496545
2369,0,0.31,0.3466666666666667,0.35333333333333333,0.37,0.31666666666666665,0.41895090464670137,0.31963916906679457,0.3116979269496545
2370,0,0.30333333333333334,0.34,0.3433333333333333,0.28,0.19,0.2946491773230089,0.3473297142104878,0.41273476866697206
2371,0,0.4,0.43,0.38333333333333336,0.39,0.31666666666666665,0.39805121929456255,0.3292879846413518,0.30956175298804783
2372,0,0.2733333333333333,0.35333333333333333,0.25333333333333335,0.30333333333333334,0.21666666666666667,0.321497084712788,0.36174525868002533,0.41273476866697206
2373,0,0.31333333333333335,0.2966666666666667,0.24,0.3,0.2866666666666667,0.3044847595365368,0.3473297142104878,0.41273476866697206
2374,0,0.31666666666666665,0.33,0.30333333333333334,0.35333333333333333,0.29333333333333333,0.25600430716787337,0.33860191523993577,0.3116979269496545
2375,1,0.43,0.44666666666666666,0.38333333333333336,0.38,0.3933333333333333,0.4105309768406764,0.3182393012584209,0.30956175298804783
2376,0,0.34,0.2966666666666667,0.3233333333333333,0.31333333333333335,0.27,0.3242620433998694,0.3182393012584209,0.30956175298804783
2377,0,0.37333333333333335,0.3566666666666667,0.3333333333333333,0.31333333333333335,0.21,0.28790292527457545,0.33182943454567165,0.3116979269496545
2378,0,0.17666666666666667,0.13,0.16666666666666666,0.19,0.17666666666666667,0.21937915450460052,0.2968950424611626,0.30956175298804783
2379,0,0.39,0.41,0.34,0.36666666666666664,0.34,0.3712947430294305,0.33716015485257667,0.30956175298804783
2380,1,0.44333333333333336,0.44,0.46,0.45,0.38,0.4377617334855795,0.3292879846413518,0.30956175298804783
2381,0,0.2,0.25,0.16666666666666666,0.21333333333333335,0.25,0.21834999236696134,0.22871081555618422,0.3116979269496545
2382,1,0.44333333333333336,0.52,0.48333333333333334,0.45666666666666667,0.26,0.49997109862293726,0.45783419475435194,0.44776119402985076
2383,0,0.23333333333333334,0.25333333333333335,0.26,0.29,0.21333333333333335,0.29782846428708,0.31809883084795143,0.3116979269496545
2384,1,0.48333333333333334,0.48333333333333334,0.48333333333333334,0.43666666666666665,0.3233333333333333,0.45862253145898885,0.4342747988897817,0.44776119402985076
2385,1,0.44,0.43666666666666665,0.47333333333333333,0.42,0.38333333333333336,0.5047091245204108,0.45569538526804687,0.41273476866697206
2386,0,0.32666666666666666,0.2866666666666667,0.29,0.27,0.24,0.30780423911175353,0.39431030473655837,0.41273476866697206
2387,1,0.25333333333333335,0.24666666666666667,0.25333333333333335,0.27,0.23333333333333334,0.3107108160268955,0.38774617140480894,0.30956175298804783
2388,1,0.21666666666666667,0.2,0.25,0.19333333333333333,0.16,0.20960377296169352,0.25974511844129433,0.3116979269496545
2389,0,0.25,0.29333333333333333,0.29333333333333333,0.24666666666666667,0.19666666666666666,0.2992017709547407,0.3237139229532093,0.3116979269496545
2390,0,0.4866666666666667,0.4666666666666667,0.44333333333333336,0.51,0.36,0.4780978302271075,0.4196579270083924,0.41273476866697206
2391,1,0.56,0.41333333333333333,0.49333333333333335,0.3333333333333333,0.48333333333333334,0.515693530001584,0.39774751686562465,0.44776119402985076
2392,0,0.44333333333333336,0.43,0.39666666666666667,0.4633333333333333,0.3433333333333333,0.4144417590099994,0.3473297142104878,0.41273476866697206
2393,0,0.4666666666666667,0.43,0.5,0.4666666666666667,0.35333333333333333,0.48236495907230637,0.49050433172555663,0.44776119402985076
2394,0,0.31333333333333335,0.35333333333333333,0.3433333333333333,0.30666666666666664,0.22666666666666666,0.3262852060826407,0.44077513243136496,0.41273476866697206
2395,1,0.4633333333333333,0.51,0.45666666666666667,0.4766666666666667,0.29,0.3999654585326776,0.2841960921956115,0.3116979269496545
2396,0,0.29,0.43,0.41,0.36,0.28,0.37978825966654456,0.3292879846413518,0.30956175298804783
2397,0,0.26666666666666666,0.2733333333333333,0.26,0.26666666666666666,0.16666666666666666,0.25289586768754524,0.37868973408918816,0.30956175298804783
2398,0,0.18666666666666668,0.14333333333333334,0.12666666666666668,0.13333333333333333,0.18666666666666668,0.1674637634351292,0.19753742799648707,0.3116979269496545
2399,0,0.4533333333333333,0.45,0.42333333333333334,0.42,0.2966666666666667,0.4638517563354617,0.41528112676231355,0.44776119402985076
2400,1,0.33,0.36333333333333334,0.35333333333333333,0.3333333333333333,0.24333333333333335,0.3007464658322787,0.3370154612768344,0.3116979269496545
2401,0,0.28,0.31,0.30333333333333334,0.29333333333333333,0.23333333333333334,0.2584140082776684,0.2476754951905126,0.30956175298804783
2402,1,0.19333333333333333,0.19333333333333333,0.23333333333333334,0.20333333333333334,0.17666666666666667,0.22465900047844678,0.22967515813649514,0.3116979269496545
2403,0,0.33,0.41333333333333333,0.43,0.39666666666666667,0.22333333333333333,0.34730324913206106,0.3628137881023813,0.30956175298804783
2404,0,0.2866666666666667,0.3333333333333333,0.29333333333333333,0.2866666666666667,0.25,0.2711438276496866,0.2753115361240666,0.30956175298804783
2405,0,0.31333333333333335,0.36666666666666664,0.33666666666666667,0.3233333333333333,0.23333333333333334,0.2846907111731375,0.363234538340147,0.3116979269496545
2406,0,0.36333333333333334,0.3466666666666667,0.36,0.2866666666666667,0.30666666666666664,0.36602143539395116,0.40875987719847573,0.41273476866697206
2407,1,0.4033333333333333,0.44,0.38333333333333336,0.43666666666666665,0.31,0.44249692921068934,0.41355721289948744,0.30956175298804783
2408,0,0.43,0.37333333333333335,0.3333333333333333,0.41333333333333333,0.42,0.3934738948194017,0.3155224904430737,0.30956175298804783
2409,1,0.3933333333333333,0.4066666666666667,0.4633333333333333,0.38666666666666666,0.37,0.37450688312045305,0.3078322146329125,0.3116979269496545
2410,1,0.28,0.29,0.2866666666666667,0.3233333333333333,0.23666666666666666,0.2712315885214927,0.26092091761458097,0.30956175298804783
2411,1,0.2966666666666667,0.33,0.3933333333333333,0.3466666666666667,0.25333333333333335,0.3519332922396861,0.34264677394248416,0.3116979269496545
2412,0,0.37666666666666665,0.38666666666666666,0.46,0.41,0.3333333333333333,0.36872211160824664,0.3292879846413518,0.30956175298804783
2413,1,0.3566666666666667,0.3566666666666667,0.2833333333333333,0.3333333333333333,0.23333333333333334,0.36981911095015124,0.361026454915211,0.3116979269496545
2414,1,0.20333333333333334,0.2966666666666667,0.24,0.28,0.16333333333333333,0.26982256002301147,0.31267905601071566,0.3116979269496545
2415,0,0.20333333333333334,0.19666666666666666,0.23333333333333334,0.26666666666666666,0.2,0.22351589804440722,0.22882505877428921,0.30956175298804783
2416,0,0.35,0.37,0.36333333333333334,0.27666666666666667,0.30333333333333334,0.414041679578454,0.4017919043701667,0.41273476866697206
2417,0,0.26,0.32666666666666666,0.3566666666666667,0.30333333333333334,0.26666666666666666,0.2656112691183709,0.28178087017688846,0.30956175298804783
2418,0,0.2,0.18333333333333332,0.25,0.17333333333333334,0.19333333333333333,0.2396339480082472,0.24335960737354914,0.30956175298804783
2419,0,0.32666666666666666,0.31666666666666665,0.36,0.31333333333333335,0.31666666666666665,0.2694762968627217,0.2841960921956115,0.3116979269496545
2420,0,0.4166666666666667,0.41333333333333333,0.4533333333333333,0.44333333333333336,0.37,0.442308507122036,0.39846154666489075,0.30956175298804783
2421,1,0.46,0.4533333333333333,0.42,0.4533333333333333,0.3333333333333333,0.4689850939190193,0.433233721785758,0.30956175298804783
2422,1,0.3233333333333333,0.47,0.4533333333333333,0.37,0.31666666666666665,0.3723280225665799,0.3021259777625853,0.30956175298804783
2423,0,0.30333333333333334,0.34,0.32,0.27666666666666667,0.30666666666666664,0.2984673406220611,0.31691596283640194,0.3116979269496545
2424,0,0.3933333333333333,0.3466666666666667,0.42,0.4,0.34,0.40329054019813376,0.3444900457850189,0.30956175298804783
2425,0,0.3233333333333333,0.3933333333333333,0.31666666666666665,0.37333333333333335,0.3466666666666667,0.3416568665520378,0.2253772828506396,0.30956175298804783
2426,0,0.31333333333333335,0.29333333333333333,0.3,0.23666666666666666,0.37,0.31265155017639296,0.2803477954756618,0.30956175298804783
2427,0,0.30666666666666664,0.25666666666666665,0.27,0.26666666666666666,0.19,0.25289586768754524,0.37868973408918816,0.30956175298804783
2428,0,0.18,0.19333333333333333,0.23666666666666666,0.19333333333333333,0.12333333333333334,0.18123253035090642,0.2420560797680546,0.30956175298804783
2429,0,0.17666666666666667,0.18666666666666668,0.16,0.15,0.15333333333333332,0.18362769614896807,0.21463654498066725,0.30956175298804783
2430,0,0.3933333333333333,0.38333333333333336,0.38666666666666666,0.32666666666666666,0.37333333333333335,0.3823961971103267,0.3010117386091318,0.30956175298804783
2431,0,0.45666666666666667,0.43,0.42333333333333334,0.38666666666666666,0.41,0.44868333769894514,0.44981193097185174,0.44776119402985076
2432,0,0.2633333333333333,0.31333333333333335,0.29333333333333333,0.27666666666666667,0.23333333333333334,0.2859255533912782,0.2882978254675335,0.3116979269496545
2433,0,0.3566666666666667,0.4666666666666667,0.48333333333333334,0.43333333333333335,0.31,0.40716509391748773,0.3971538923372458,0.30956175298804783
2434,1,0.4266666666666667,0.35,0.37333333333333335,0.4033333333333333,0.32666666666666666,0.38651972949153784,0.2803477954756618,0.30956175298804783
2435,1,0.39666666666666667,0.36333333333333334,0.42333333333333334,0.36333333333333334,0.26,0.3843400193756112,0.3816471812301103,0.41273476866697206
2436,1,0.4033333333333333,0.4666666666666667,0.52,0.4766666666666667,0.31666666666666665,0.4300963475160903,0.3734769474351609,0.41273476866697206
2437,0,0.3933333333333333,0.36,0.38666666666666666,0.4033333333333333,0.37666666666666665,0.42238619776417174,0.3597681776162071,0.3116979269496545
2438,0,0.4033333333333333,0.42,0.42,0.3933333333333333,0.39666666666666667,0.42720868755568103,0.34279263517717123,0.30956175298804783
2439,0,0.2,0.19666666666666666,0.18333333333333332,0.19,0.14333333333333334,0.17684749686227105,0.27782264411891294,0.30956175298804783
2440,1,0.46,0.43,0.4166666666666667,0.45666666666666667,0.37,0.43656794111168196,0.37868973408918816,0.30956175298804783
2441,1,0.5,0.42333333333333334,0.41,0.42333333333333334,0.3933333333333333,0.48408585529113807,0.42837486405519865,0.41273476866697206
2442,0,0.22666666666666666,0.22333333333333333,0.21,0.23,0.22333333333333333,0.2624043864640163,0.2456780819468744,0.30956175298804783
2443,0,0.3466666666666667,0.31,0.37666666666666665,0.30666666666666664,0.37666666666666665,0.36721212315454826,0.38606386391656694,0.30956175298804783
2444,1,0.37,0.43333333333333335,0.4633333333333333,0.39,0.3333333333333333,0.3565564343653545,0.3292879846413518,0.30956175298804783
2445,0,0.38666666666666666,0.38666666666666666,0.45,0.37666666666666665,0.38666666666666666,0.4103104007506316,0.34175144503130056,0.30956175298804783
2446,0,0.42333333333333334,0.41,0.39,0.37666666666666665,0.34,0.4489588885816798,0.3153826644806379,0.3116979269496545
2447,1,0.35,0.43666666666666665,0.43,0.4633333333333333,0.41,0.42826683970166113,0.3568824221379889,0.3116979269496545
2448,1,0.29333333333333333,0.23,0.23333333333333334,0.23,0.2,0.29729275389775894,0.36174525868002533,0.41273476866697206
2449,1,0.3933333333333333,0.35,0.36333333333333334,0.4066666666666667,0.36,0.3811510647094008,0.31691596283640194,0.3116979269496545
2450,1,0.2633333333333333,0.2,0.18,0.21666666666666667,0.15,0.21027556428058708,0.2158344603515575,0.30956175298804783
2451,1,0.38666666666666666,0.43333333333333335,0.38666666666666666,0.44333333333333336,0.32,0.42160334785502773,0.3292879846413518,0.30956175298804783
2452,1,0.43666666666666665,0.39,0.39666666666666667,0.41,0.3233333333333333,0.4528976781211622,0.397311733069799,0.41273476866697206
2453,0,0.35,0.36,0.37666666666666665,0.35,0.24333333333333335,0.3532513432713043,0.2983776325313001,0.30956175298804783
2454,0,0.2,0.24,0.27,0.25666666666666665,0.19666666666666666,0.2391895111672733,0.258507892553649,0.30956175298804783
2455,0,0.25666666666666665,0.24666666666666667,0.24,0.22666666666666666,0.23666666666666666,0.28284123829434027,0.3155224904430737,0.30956175298804783
2456,0,0.43,0.38666666666666666,0.39666666666666667,0.4166666666666667,0.36,0.37253926549133415,0.26216560905430975,0.3116979269496545
2457,0,0.4866666666666667,0.3933333333333333,0.43666666666666665,0.44,0.39,0.43392674917352986,0.29952164753306637,0.30956175298804783
2458,1,0.28,0.21666666666666667,0.23333333333333334,0.2,0.20666666666666667,0.22492136872653534,0.25974511844129433,0.3116979269496545
2459,0,0.31333333333333335,0.29,0.37,0.30666666666666664,0.18,0.3065180359159151,0.31963916906679457,0.3116979269496545
2460,0,0.15,0.22,0.22,0.20666666666666667,0.14333333333333334,0.18180688547731183,0.2841960921956115,0.3116979269496545
2461,1,0.41333333333333333,0.38,0.42333333333333334,0.45,0.4266666666666667,0.4364691007587677,0.3611758413542882,0.30956175298804783
2462,0,0.4033333333333333,0.41333333333333333,0.37333333333333335,0.36333333333333334,0.27,0.3838980891668434,0.3611758413542882,0.30956175298804783
2463,1,0.37,0.4066666666666667,0.35,0.38666666666666666,0.39,0.3708322519257003,0.3265220259911379,0.30956175298804783
2464,0,0.35,0.4,0.37,0.36666666666666664,0.26666666666666666,0.3058602674190645,0.32472726918997985,0.3116979269496545
2465,0,0.16666666666666666,0.21,0.18333333333333332,0.21666666666666667,0.17333333333333334,0.1637597749285511,0.19537394142769066,0.25
2466,0,0.42,0.4033333333333333,0.44,0.4,0.2866666666666667,0.4529066722569735,0.4342747988897817,0.44776119402985076
2467,1,0.4166666666666667,0.41,0.4266666666666667,0.42,0.3566666666666667,0.43846213374216103,0.3816471812301103,0.41273476866697206
2468,0,0.3466666666666667,0.4166666666666667,0.4266666666666667,0.38333333333333336,0.3,0.36218458459171415,0.33997073871670147,0.30956175298804783
2469,1,0.38333333333333336,0.37,0.36,0.3566666666666667,0.27,0.3970006987344272,0.39937758065894224,0.3116979269496545
2470,0,0.43666666666666665,0.4033333333333333,0.4266666666666667,0.4266666666666667,0.39666666666666667,0.4609450181462569,0.47713508363640666,0.41273476866697206
2471,1,0.36666666666666664,0.4166666666666667,0.4066666666666667,0.3466666666666667,0.3566666666666667,0.35009656699564246,0.258507892553649,0.30956175298804783
2472,0,0.5266666666666666,0.46,0.48,0.49,0.38666666666666666,0.5230201491277763,0.5583640045085306,0.44776119402985076
2473,1,0.30666666666666664,0.37333333333333335,0.29,0.3,0.20333333333333334,0.2619785881582656,0.35481538746108665,0.30956175298804783
2474,1,0.19,0.17333333333333334,0.15333333333333332,0.17333333333333334,0.15333333333333332,0.20839351094920422,0.24035993692116658,0.30956175298804783
2475,0,0.34,0.31333333333333335,0.35333333333333333,0.37666666666666665,0.28,0.36795073060385647,0.3233157072901655,0.30956175298804783
2476,1,0.2633333333333333,0.2833333333333333,0.23333333333333334,0.27,0.20666666666666667,0.25740756798697595,0.25974511844129433,0.3116979269496545
2477,0,0.26,0.23333333333333334,0.24,0.3,0.24666666666666667,0.25022816544019827,0.26829891699382147,0.30956175298804783
2478,1,0.2,0.22666666666666666,0.20666666666666667,0.23333333333333334,0.16,0.2040474335820268,0.3182393012584209,0.30956175298804783
2479,0,0.5133333333333333,0.47333333333333333,0.5066666666666667,0.43666666666666665,0.4666666666666667,0.4949075132963249,0.45187438300411653,0.41273476866697206
2480,0,0.41,0.4666666666666667,0.4033333333333333,0.48,0.36666666666666664,0.4574584316894842,0.39063461817972656,0.30956175298804783
2481,1,0.4,0.38,0.4666666666666667,0.38333333333333336,0.3466666666666667,0.42149570663299013,0.40239195532506883,0.44776119402985076
2482,1,0.4066666666666667,0.38666666666666666,0.4666666666666667,0.43,0.32,0.4265077117065317,0.36879130920729936,0.30956175298804783
2483,0,0.25333333333333335,0.25666666666666665,0.28,0.2866666666666667,0.22,0.3188689056961301,0.40704701200193283,0.41273476866697206
2484,0,0.4533333333333333,0.4033333333333333,0.38666666666666666,0.38,0.41333333333333333,0.4406292793539249,0.4068907372270849,0.3116979269496545
2485,0,0.35333333333333333,0.35,0.37,0.3466666666666667,0.27,0.4051517637905356,0.3182393012584209,0.30956175298804783
2486,0,0.38333333333333336,0.38666666666666666,0.4166666666666667,0.44,0.3333333333333333,0.3917585715542678,0.43119391547887365,0.44776119402985076
2487,0,0.38,0.31333333333333335,0.35,0.29333333333333333,0.20333333333333334,0.31536624903664806,0.42294319670146513,0.41273476866697206
2488,0,0.22,0.23,0.22,0.25333333333333335,0.18,0.23286606266904084,0.3238556953200045,0.30956175298804783
2489,0,0.32666666666666666,0.24666666666666667,0.2733333333333333,0.3,0.15333333333333332,0.2705376031276804,0.3816471812301103,0.41273476866697206
2490,1,0.44,0.3433333333333333,0.3933333333333333,0.39,0.36,0.371007142071866,0.258507892553649,0.30956175298804783
2491,1,0.43,0.44333333333333336,0.47,0.4766666666666667,0.37666666666666665,0.4335072484944417,0.44876768676175915,0.41273476866697206
2492,0,0.21333333333333335,0.18333333333333332,0.19,0.18333333333333332,0.19,0.21880621321983149,0.2953427109226662,0.3116979269496545
2493,1,0.35333333333333333,0.3333333333333333,0.34,0.3433333333333333,0.26,0.37451392137115835,0.29496417394825225,0.30956175298804783
2494,1,0.22666666666666666,0.25666666666666665,0.27,0.25666666666666665,0.16,0.203324274720964,0.266697457259675,0.3116979269496545
2495,1,0.30333333333333334,0.32,0.38333333333333336,0.36666666666666664,0.27,0.32565498364828976,0.37868973408918816,0.30956175298804783
2496,0,0.2733333333333333,0.26,0.19666666666666666,0.21666666666666667,0.19333333333333333,0.28724206506162103,0.31809883084795143,0.3116979269496545
2497,0,0.2733333333333333,0.26,0.29333333333333333,0.2633333333333333,0.29333333333333333,0.2860200549888539,0.2828869077859674,0.30956175298804783
2498,0,0.43666666666666665,0.48333333333333334,0.4266666666666667,0.4266666666666667,0.3333333333333333,0.407093541831167,0.41340018127320605,0.3116979269496545
2499,0,0.4,0.36666666666666664,0.45,0.41,0.33,0.363563882292748,0.31212633064500267,0.3116979269496545
2500,0,0.2833333333333333,0.30333333333333334,0.2833333333333333,0.29,0.16333333333333333,0.2811259549802562,0.3570310519654789,0.30956175298804783
2501,1,0.32666666666666666,0.39666666666666667,0.43333333333333335,0.43666666666666665,0.33,0.3918811591523289,0.34279263517717123,0.30956175298804783
2502,1,0.25666666666666665,0.3433333333333333,0.36,0.33666666666666667,0.22666666666666666,0.27119939747001365,0.31806228522687857,0.3116979269496545
2503,0,0.17666666666666667,0.20666666666666667,0.22333333333333333,0.21666666666666667,0.15666666666666668,0.20713813002952716,0.2828869077859674,0.30956175298804783
2504,0,0.3,0.16666666666666666,0.22333333333333333,0.2833333333333333,0.18666666666666668,0.30262274205369244,0.3769390101137256,0.44776119402985076
2505,1,0.4666666666666667,0.47,0.47,0.42,0.35,0.4533989506960543,0.3816471812301103,0.41273476866697206
2506,0,0.27,0.29333333333333333,0.23,0.24333333333333335,0.12666666666666668,0.21931438543667978,0.29428179420275896,0.30956175298804783
2507,1,0.39,0.44333333333333336,0.4033333333333333,0.44333333333333336,0.30333333333333334,0.44586218527041355,0.3611758413542882,0.30956175298804783
2508,0,0.37666666666666665,0.4066666666666667,0.42333333333333334,0.35333333333333333,0.25666666666666665,0.34683735265497406,0.34279263517717123,0.30956175298804783
2509,0,0.4033333333333333,0.44333333333333336,0.4033333333333333,0.44333333333333336,0.35333333333333333,0.44980445349726966,0.3816471812301103,0.41273476866697206
2510,0,0.3433333333333333,0.38333333333333336,0.4033333333333333,0.3566666666666667,0.32,0.3349464114565589,0.3442459722794777,0.3116979269496545
2511,0,0.45,0.36333333333333334,0.36333333333333334,0.36666666666666664,0.36333333333333334,0.3966823791695383,0.2819496125243816,0.30956175298804783
2512,0,0.35,0.4066666666666667,0.4066666666666667,0.37333333333333335,0.29333333333333333,0.3899672464264882,0.4195002359446737,0.3116979269496545
2513,0,0.28,0.28,0.3333333333333333,0.35,0.19,0.2975940217975685,0.3459467912318027,0.3116979269496545
2514,0,0.23666666666666666,0.30666666666666664,0.3233333333333333,0.2733333333333333,0.21,0.2888315008447142,0.2841960921956115,0.3116979269496545
2515,0,0.4033333333333333,0.3933333333333333,0.42,0.41333333333333333,0.2733333333333333,0.4151807748584184,0.46752081856364963,0.41273476866697206
2516,0,0.2733333333333333,0.28,0.26,0.27666666666666667,0.24333333333333335,0.27160158726035255,0.27782264411891294,0.30956175298804783
2517,1,0.45,0.4533333333333333,0.45666666666666667,0.48,0.38333333333333336,0.45392768770613984,0.4130223353805707,0.41273476866697206
2518,1,0.42333333333333334,0.3933333333333333,0.4166666666666667,0.4033333333333333,0.38333333333333336,0.4027430073442159,0.3182393012584209,0.30956175298804783
2519,1,0.34,0.37,0.33666666666666667,0.37,0.2833333333333333,0.392154857641813,0.33997073871670147,0.30956175298804783
2520,0,0.22,0.29,0.26666666666666666,0.2866666666666667,0.20333333333333334,0.2922181725718752,0.3570310519654789,0.30956175298804783
2521,1,0.44333333333333336,0.47,0.4266666666666667,0.45,0.3233333333333333,0.454763006852163,0.3628137881023813,0.30956175298804783
2522,0,0.48333333333333334,0.44333333333333336,0.42,0.4033333333333333,0.31333333333333335,0.4087275232406215,0.3346180142364791,0.3116979269496545
2523,1,0.4066666666666667,0.37,0.38666666666666666,0.36666666666666664,0.34,0.427735776393996,0.39252287690854215,0.41273476866697206
2524,0,0.49333333333333335,0.42333333333333334,0.43333333333333335,0.4766666666666667,0.2966666666666667,0.44445944837263407,0.3611758413542882,0.30956175298804783
2525,1,0.32,0.37,0.4,0.37333333333333335,0.25,0.3539569625867791,0.35991733667263565,0.30956175298804783
2526,1,0.39666666666666667,0.34,0.4,0.4033333333333333,0.3466666666666667,0.4182921475543533,0.3734769474351609,0.41273476866697206
2527,0,0.41333333333333333,0.4266666666666667,0.48,0.42333333333333334,0.36333333333333334,0.45424632455254726,0.37725412113842144,0.3116979269496545
2528,1,0.41,0.4066666666666667,0.41333333333333333,0.3566666666666667,0.33666666666666667,0.43438746463188616,0.37651177178499173,0.41273476866697206
2529,0,0.43,0.41,0.44666666666666666,0.4066666666666667,0.38666666666666666,0.45703914704539766,0.3628137881023813,0.30956175298804783
2530,0,0.31666666666666665,0.31,0.33,0.31666666666666665,0.2833333333333333,0.3292897152724898,0.3182393012584209,0.30956175298804783
2531,0,0.45,0.37,0.4066666666666667,0.37333333333333335,0.41333333333333333,0.415654426407335,0.32715238131240004,0.30956175298804783
2532,0,0.25666666666666665,0.30666666666666664,0.24333333333333335,0.30333333333333334,0.2,0.2533982482950563,0.33874694192506344,0.30956175298804783
2533,0,0.4633333333333333,0.46,0.4766666666666667,0.4633333333333333,0.36,0.5273807804818176,0.5040982574997558,0.41273476866697206
2534,0,0.24666666666666667,0.25666666666666665,0.28,0.22,0.15666666666666668,0.2381876837218837,0.2698577057740365,0.30956175298804783
2535,0,0.2866666666666667,0.3,0.33666666666666667,0.3433333333333333,0.18333333333333332,0.30254443350699023,0.36174525868002533,0.41273476866697206
2536,0,0.38,0.3333333333333333,0.29333333333333333,0.26666666666666666,0.3466666666666667,0.3266650133497243,0.2967598924201843,0.3116979269496545
2537,1,0.32666666666666666,0.23666666666666666,0.2966666666666667,0.25,0.21,0.3387061745767139,0.3611758413542882,0.30956175298804783
2538,0,0.23666666666666666,0.24333333333333335,0.29333333333333333,0.31666666666666665,0.24333333333333335,0.25435475880252734,0.24899934303419113,0.30956175298804783
2539,1,0.32,0.3333333333333333,0.2633333333333333,0.30333333333333334,0.23666666666666666,0.3189766245759504,0.3346180142364791,0.3116979269496545
2540,0,0.31333333333333335,0.36,0.32,0.32666666666666666,0.38666666666666666,0.3156504262781517,0.2277493248802,0.3116979269496545
2541,1,0.35333333333333333,0.4033333333333333,0.42333333333333334,0.38333333333333336,0.32666666666666666,0.403679811749862,0.3346180142364791,0.3116979269496545
2542,0,0.4166666666666667,0.44333333333333336,0.46,0.43666666666666665,0.31,0.4666422031912456,0.41154277938048145,0.3116979269496545
2543,0,0.31333333333333335,0.38666666666666666,0.29,0.27666666666666667,0.21,0.28519735442479355,0.37868973408918816,0.30956175298804783
2544,0,0.43333333333333335,0.4166666666666667,0.43666666666666665,0.44,0.38666666666666666,0.4406690766443381,0.40875987719847573,0.41273476866697206
2545,0,0.29,0.24666666666666667,0.26666666666666666,0.29,0.24333333333333335,0.25389968655433964,0.3444900457850189,0.30956175298804783
2546,1,0.3433333333333333,0.3333333333333333,0.35,0.34,0.23666666666666666,0.3328791740187713,0.30495546709046456,0.30956175298804783
2547,1,0.28,0.24,0.29,0.24,0.19666666666666666,0.2896394458150135,0.3182393012584209,0.30956175298804783
2548,1,0.4033333333333333,0.4533333333333333,0.5066666666666667,0.43333333333333335,0.35333333333333333,0.45975367400006917,0.40860339797254736,0.3116979269496545
2549,1,0.37,0.44,0.39,0.42333333333333334,0.36333333333333334,0.4143357004348207,0.3971538923372458,0.30956175298804783
2550,1,0.26,0.21666666666666667,0.25,0.21666666666666667,0.24,0.25918344563091433,0.23729592021081455,0.3116979269496545
2551,0,0.4766666666666667,0.4866666666666667,0.5266666666666666,0.5133333333333333,0.43333333333333335,0.5221124940735886,0.5203854929962706,0.41273476866697206
2552,0,0.48333333333333334,0.44666666666666666,0.45666666666666667,0.48,0.3933333333333333,0.4836434954068255,0.3611758413542882,0.30956175298804783
2553,1,0.21666666666666667,0.24666666666666667,0.23,0.21666666666666667,0.16,0.1933205727013817,0.2274621643982846,0.3116979269496545
2554,1,0.4533333333333333,0.38,0.38333333333333336,0.38,0.3433333333333333,0.45680282847696485,0.4555347820009313,0.44776119402985076
2555,0,0.24666666666666667,0.31333333333333335,0.29333333333333333,0.27,0.17333333333333334,0.2784132876672559,0.2843278338295616,0.30956175298804783
2556,0,0.32,0.33,0.2833333333333333,0.32666666666666666,0.19333333333333333,0.3100676130565622,0.37868973408918816,0.30956175298804783
2557,0,0.2,0.26666666666666666,0.25333333333333335,0.2833333333333333,0.16333333333333333,0.2364645652412543,0.26829891699382147,0.30956175298804783
2558,0,0.32666666666666666,0.3,0.25,0.26,0.17,0.3035382540643609,0.35828511348270264,0.30956175298804783
2559,1,0.42,0.36666666666666664,0.33666666666666667,0.37,0.31333333333333335,0.3904870975535758,0.4122368019554101,0.3116979269496545
2560,0,0.41,0.35333333333333333,0.38,0.4,0.4,0.4195596620826532,0.34175144503130056,0.30956175298804783
2561,0,0.47333333333333333,0.44666666666666666,0.4533333333333333,0.45,0.3566666666666667,0.5088102047140964,0.4876299420389655,0.41273476866697206
2562,1,0.3,0.3233333333333333,0.35333333333333333,0.2866666666666667,0.16333333333333333,0.29393142663573907,0.31173579880144686,0.30956175298804783
2563,0,0.17,0.2,0.23666666666666666,0.17,0.19,0.17556241762159802,0.19555548164775002,0.3116979269496545
2564,1,0.5133333333333333,0.44333333333333336,0.44333333333333336,0.45666666666666667,0.38333333333333336,0.5127939989666874,0.5203854929962706,0.41273476866697206
2565,0,0.2733333333333333,0.32666666666666666,0.3,0.3433333333333333,0.19333333333333333,0.29285690390300195,0.39216975449707797,0.3116979269496545
2566,0,0.38,0.41,0.38666666666666666,0.35,0.36,0.42581310100686875,0.3611758413542882,0.30956175298804783
2567,0,0.17666666666666667,0.17333333333333334,0.2,0.21,0.15666666666666668,0.18085061164924596,0.2420560797680546,0.30956175298804783
2568,0,0.48333333333333334,0.45666666666666667,0.44666666666666666,0.43666666666666665,0.35333333333333333,0.4959904301565438,0.4394072121817234,0.41273476866697206
2569,1,0.30333333333333334,0.3,0.26,0.2866666666666667,0.2,0.28935613022848056,0.3010117386091318,0.30956175298804783
2570,0,0.29,0.26666666666666666,0.2833333333333333,0.36333333333333334,0.21333333333333335,0.29035371228871754,0.28888604141041707,0.3116979269496545
2571,0,0.3333333333333333,0.41,0.41333333333333333,0.4066666666666667,0.3,0.3913416956364463,0.35991733667263565,0.30956175298804783
2572,0,0.29333333333333333,0.32,0.30666666666666664,0.27,0.19333333333333333,0.32168462660297376,0.33270159171644675,0.41273476866697206
2573,0,0.3,0.22,0.24,0.26,0.20333333333333334,0.26494399615349423,0.3010117386091318,0.30956175298804783
2574,0,0.42333333333333334,0.44,0.4633333333333333,0.4066666666666667,0.3,0.43898972626395566,0.3487920783388627,0.3116979269496545
2575,0,0.24333333333333335,0.3,0.21666666666666667,0.21,0.13333333333333333,0.25033003798565523,0.2993858109499458,0.3116979269496545
2576,1,0.33666666666666667,0.29333333333333333,0.31,0.3233333333333333,0.16333333333333333,0.3055753590970411,0.31963916906679457,0.3116979269496545
2577,1,0.23,0.22666666666666666,0.18,0.24333333333333335,0.18333333333333332,0.24350516668255417,0.27304363016588706,0.3116979269496545
2578,1,0.21666666666666667,0.2633333333333333,0.25,0.24,0.17333333333333334,0.1954442929822674,0.28178087017688846,0.30956175298804783
2579,0,0.24666666666666667,0.24666666666666667,0.2633333333333333,0.33,0.25666666666666665,0.289298303865039,0.2819496125243816,0.30956175298804783
2580,0,0.24,0.29,0.28,0.3,0.13666666666666666,0.20871635991603776,0.31963916906679457,0.3116979269496545
2581,0,0.17333333333333334,0.18333333333333332,0.20666666666666667,0.2633333333333333,0.15666666666666668,0.16652925360149862,0.26437602111863706,0.30956175298804783
2582,0,0.3433333333333333,0.27,0.31333333333333335,0.32,0.18666666666666668,0.34612729952976506,0.46072924408379107,0.41273476866697206
2583,1,0.33,0.27666666666666667,0.2866666666666667,0.32666666666666666,0.23666666666666666,0.3103033055986625,0.3217660309423377,0.30956175298804783
2584,0,0.32666666666666666,0.30333333333333334,0.24,0.33,0.26666666666666666,0.2819369637833577,0.2844160559732065,0.30956175298804783
2585,1,0.3,0.27,0.25666666666666665,0.31666666666666665,0.16666666666666666,0.30553400595658997,0.31963916906679457,0.3116979269496545
2586,0,0.4866666666666667,0.4633333333333333,0.45666666666666667,0.44666666666666666,0.36,0.4151857899394025,0.37725412113842144,0.3116979269496545
2587,1,0.4033333333333333,0.31666666666666665,0.42333333333333334,0.4033333333333333,0.4266666666666667,0.4234088447482904,0.343348647299647,0.30956175298804783
2588,0,0.2733333333333333,0.31666666666666665,0.2733333333333333,0.26666666666666666,0.23,0.2877885090004564,0.34279263517717123,0.30956175298804783
2589,0,0.22666666666666666,0.29,0.23,0.19666666666666666,0.18333333333333332,0.18934700764094647,0.28164984423196016,0.3116979269496545
2590,0,0.3933333333333333,0.4033333333333333,0.36666666666666664,0.41333333333333333,0.27666666666666667,0.41953982746704804,0.3473297142104878,0.41273476866697206
2591,1,0.30666666666666664,0.3233333333333333,0.29,0.33,0.2,0.3304173248985642,0.38774617140480894,0.30956175298804783
2592,0,0.43333333333333335,0.44333333333333336,0.4666666666666667,0.5,0.3433333333333333,0.48058204687389927,0.4196579270083924,0.41273476866697206
2593,1,0.20333333333333334,0.16666666666666666,0.19333333333333333,0.22,0.16666666666666666,0.22592182811146808,0.34944311899279734,0.3116979269496545
2594,0,0.24333333333333335,0.25333333333333335,0.25333333333333335,0.20666666666666667,0.12666666666666668,0.24077773915677217,0.36174525868002533,0.41273476866697206
2595,0,0.3233333333333333,0.29,0.34,0.38666666666666666,0.23666666666666666,0.3270009620734997,0.4130223353805707,0.41273476866697206
2596,1,0.37666666666666665,0.31333333333333335,0.37666666666666665,0.29333333333333333,0.32,0.34902352290982325,0.3567231567417164,0.41273476866697206
2597,0,0.24666666666666667,0.21,0.23666666666666666,0.18333333333333332,0.17,0.2318205012604934,0.25673551697922925,0.30956175298804783
2598,0,0.3566666666666667,0.4,0.3933333333333333,0.37,0.33,0.3472738056590784,0.2605735822069425,0.30956175298804783
2599,0,0.21333333333333335,0.23666666666666666,0.2633333333333333,0.2633333333333333,0.12666666666666668,0.19925621038912802,0.31267905601071566,0.3116979269496545
2600,1,0.19666666666666666,0.22,0.21,0.25666666666666665,0.23,0.23487928978340336,0.2583837951708908,0.3116979269496545
2601,1,0.48333333333333334,0.5133333333333333,0.45666666666666667,0.46,0.35333333333333333,0.4902283742370984,0.5203854929962706,0.41273476866697206
2602,0,0.22666666666666666,0.2,0.18333333333333332,0.23333333333333334,0.17333333333333334,0.19556617922903702,0.2968950424611626,0.30956175298804783
2603,0,0.41333333333333333,0.4033333333333333,0.51,0.3933333333333333,0.33,0.4566484440381515,0.44077513243136496,0.41273476866697206
2604,0,0.20666666666666667,0.25666666666666665,0.24666666666666667,0.21,0.27666666666666667,0.2341844874482779,0.2309323260749458,0.3116979269496545
2605,1,0.29333333333333333,0.2866666666666667,0.31,0.32,0.2966666666666667,0.2710374509014235,0.22967515813649514,0.3116979269496545
2606,0,0.4033333333333333,0.35,0.33,0.3433333333333333,0.36,0.35557699155713623,0.3101266476945624,0.30956175298804783
2607,0,0.27,0.26666666666666666,0.27,0.24666666666666667,0.22666666666666666,0.3007283279553727,0.4083390375486163,0.41273476866697206
2608,0,0.3333333333333333,0.22333333333333333,0.32666666666666666,0.27666666666666667,0.24666666666666667,0.3418247690509665,0.35230167287402275,0.44776119402985076
2609,0,0.3333333333333333,0.31666666666666665,0.2966666666666667,0.3566666666666667,0.2633333333333333,0.32392766806434864,0.29952164753306637,0.30956175298804783
2610,0,0.4033333333333333,0.3566666666666667,0.4633333333333333,0.3433333333333333,0.34,0.3690382608510428,0.3010117386091318,0.30956175298804783
2611,0,0.2633333333333333,0.25,0.25333333333333335,0.21,0.17666666666666667,0.28138114214583876,0.4017919043701667,0.41273476866697206
2612,0,0.2966666666666667,0.26666666666666666,0.2733333333333333,0.30666666666666664,0.20666666666666667,0.30259232986343165,0.34944311899279734,0.3116979269496545
2613,0,0.19666666666666666,0.23,0.26666666666666666,0.24,0.20333333333333334,0.25259576581072485,0.28697732128335857,0.30956175298804783
2614,0,0.4266666666666667,0.37,0.34,0.4066666666666667,0.35333333333333333,0.39655331357071066,0.37868973408918816,0.30956175298804783
2615,0,0.38333333333333336,0.3933333333333333,0.3333333333333333,0.36333333333333334,0.29,0.3024226401936077,0.3346180142364791,0.3116979269496545
2616,1,0.45666666666666667,0.47333333333333333,0.51,0.44666666666666666,0.39,0.45856391705359567,0.4130223353805707,0.41273476866697206
2617,1,0.41,0.3433333333333333,0.45666666666666667,0.37666666666666665,0.27,0.4012922940251753,0.3585118252005321,0.3116979269496545
2618,0,0.42,0.42333333333333334,0.33,0.4166666666666667,0.32666666666666666,0.4726082012211545,0.3588887083113556,0.30956175298804783
2619,0,0.44666666666666666,0.45,0.45,0.47333333333333333,0.42,0.45816719960836627,0.4260092805566483,0.41273476866697206
2620,0,0.35,0.33666666666666667,0.34,0.30333333333333334,0.25666666666666665,0.36651511575869355,0.34119667545050525,0.30956175298804783
2621,1,0.34,0.39,0.36,0.36,0.3233333333333333,0.3722181230837458,0.3816471812301103,0.41273476866697206
2622,0,0.35333333333333333,0.39666666666666667,0.4166666666666667,0.43333333333333335,0.3566666666666667,0.3743132805519074,0.2642501106408933,0.3116979269496545
2623,0,0.4766666666666667,0.4666666666666667,0.4766666666666667,0.4533333333333333,0.3,0.4715460577397087,0.4260092805566483,0.41273476866697206
2624,0,0.2966666666666667,0.35333333333333333,0.33,0.4166666666666667,0.25,0.2831846024016246,0.29314941706232145,0.30956175298804783
2625,0,0.25333333333333335,0.2833333333333333,0.23666666666666666,0.22666666666666666,0.16,0.23945833797408375,0.28697732128335857,0.30956175298804783
2626,0,0.4066666666666667,0.42333333333333334,0.43666666666666665,0.44333333333333336,0.2833333333333333,0.40572853204608644,0.38020721752063114,0.3116979269496545
2627,0,0.31666666666666665,0.25,0.22666666666666666,0.3,0.16333333333333333,0.23998804764169201,0.36266410879539884,0.3116979269496545
2628,1,0.30333333333333334,0.32666666666666666,0.2966666666666667,0.2866666666666667,0.18,0.27846523162892184,0.32968997227042607,0.3116979269496545
2629,0,0.30333333333333334,0.26,0.30333333333333334,0.32,0.28,0.31893610253141497,0.3432026730264616,0.3116979269496545
2630,0,0.43,0.4266666666666667,0.45,0.42333333333333334,0.35333333333333333,0.42861383922736257,0.35991733667263565,0.30956175298804783
2631,0,0.24333333333333335,0.24666666666666667,0.26666666666666666,0.2833333333333333,0.15333333333333332,0.2526868726951287,0.3611758413542882,0.30956175298804783
2632,0,0.3933333333333333,0.31,0.3466666666666667,0.33,0.22333333333333333,0.3501663269354092,0.36159577003421,0.3116979269496545
2633,0,0.25333333333333335,0.29,0.29,0.29,0.2633333333333333,0.2897211687455391,0.2881430840680555,0.30956175298804783
2634,0,0.29,0.21666666666666667,0.23,0.23333333333333334,0.23,0.24140216570921263,0.25598610688946993,0.3116979269496545
2635,0,0.2733333333333333,0.3566666666666667,0.31333333333333335,0.30666666666666664,0.24,0.2983800081502869,0.34439215762017517,0.30956175298804783
2636,1,0.37,0.4266666666666667,0.44,0.4066666666666667,0.3233333333333333,0.4537601109543371,0.3611758413542882,0.30956175298804783
2637,0,0.2866666666666667,0.23,0.28,0.2633333333333333,0.22333333333333333,0.2699756648233774,0.3346180142364791,0.3116979269496545
2638,1,0.43333333333333335,0.44333333333333336,0.36333333333333334,0.4533333333333333,0.36333333333333334,0.4518295471276412,0.4290810641901563,0.41273476866697206
2639,0,0.32,0.41333333333333333,0.42,0.3433333333333333,0.33666666666666667,0.3707237127156299,0.28164984423196016,0.3116979269496545
2640,0,0.45,0.49666666666666665,0.44333333333333336,0.4633333333333333,0.31,0.5127021650549929,0.5203854929962706,0.41273476866697206
2641,0,0.17666666666666667,0.27,0.26666666666666666,0.27,0.21666666666666667,0.2412156245263689,0.2309323260749458,0.3116979269496545
2642,0,0.28,0.26666666666666666,0.25333333333333335,0.23,0.23,0.2653091300088826,0.3155224904430737,0.30956175298804783
2643,0,0.41333333333333333,0.4766666666666667,0.43666666666666665,0.4,0.2866666666666667,0.4077434720958335,0.3597681776162071,0.3116979269496545
2644,1,0.36666666666666664,0.53,0.49666666666666665,0.4533333333333333,0.3333333333333333,0.4319055192347976,0.3894311596311012,0.30956175298804783
2645,0,0.47,0.47,0.4,0.44333333333333336,0.27,0.4677317760283431,0.43119391547887365,0.44776119402985076
2646,0,0.47,0.44333333333333336,0.5133333333333333,0.49666666666666665,0.36333333333333334,0.5181118181688704,0.5040982574997558,0.41273476866697206
2647,1,0.25666666666666665,0.2733333333333333,0.23666666666666666,0.21666666666666667,0.2633333333333333,0.22709320559402052,0.22978973954077017,0.30956175298804783
2648,0,0.4,0.39666666666666667,0.43,0.41333333333333333,0.3566666666666667,0.39943410747026437,0.3876511870925081,0.30956175298804783
2649,1,0.42,0.38333333333333336,0.41333333333333333,0.39666666666666667,0.3333333333333333,0.3865637219147232,0.33997073871670147,0.30956175298804783
2650,1,0.43333333333333335,0.4266666666666667,0.44666666666666666,0.44666666666666666,0.37666666666666665,0.47560478783642673,0.3816471812301103,0.41273476866697206
2651,0,0.22666666666666666,0.22666666666666666,0.25666666666666665,0.24666666666666667,0.13666666666666666,0.21897650082439588,0.22978973954077017,0.30956175298804783
2652,0,0.16333333333333333,0.19333333333333333,0.21666666666666667,0.22,0.15666666666666668,0.16982272296020973,0.18050544196386972,0.25
2653,0,0.36333333333333334,0.3566666666666667,0.31666666666666665,0.30333333333333334,0.31,0.3481075810633261,0.35313653256724364,0.3116979269496545
2654,1,0.2866666666666667,0.31333333333333335,0.29333333333333333,0.29333333333333333,0.2866666666666667,0.27381899880447935,0.24335960737354914,0.30956175298804783
2655,0,0.21333333333333335,0.19333333333333333,0.21,0.19333333333333333,0.18666666666666668,0.21020474535569658,0.21505270667176402,0.30956175298804783
2656,0,0.19666666666666666,0.20333333333333334,0.15666666666666668,0.22666666666666666,0.14666666666666667,0.17404352737522183,0.24093757855299172,0.3116979269496545
2657,1,0.4666666666666667,0.43666666666666665,0.46,0.45666666666666667,0.4266666666666667,0.46180192932156244,0.38149438406011077,0.3116979269496545
2658,0,0.39,0.41333333333333333,0.42333333333333334,0.4033333333333333,0.3,0.389651544823311,0.31173579880144686,0.30956175298804783
2659,0,0.4866666666666667,0.49,0.44333333333333336,0.41333333333333333,0.4066666666666667,0.5309720093000615,0.45569538526804687,0.41273476866697206
2660,0,0.36666666666666664,0.33,0.3333333333333333,0.4033333333333333,0.39666666666666667,0.3469091078770752,0.2253772828506396,0.30956175298804783
2661,1,0.23333333333333334,0.26,0.31666666666666665,0.33,0.21,0.25850596923029034,0.24223700783177432,0.3116979269496545
2662,1,0.27666666666666667,0.29333333333333333,0.27666666666666667,0.28,0.17333333333333334,0.27673471654354637,0.31281823101323813,0.30956175298804783
2663,0,0.36666666666666664,0.37,0.4,0.3933333333333333,0.25333333333333335,0.4027496148442485,0.4166043772610792,0.30956175298804783
2664,1,0.3,0.33666666666666667,0.25666666666666665,0.26666666666666666,0.19,0.27914786413148296,0.3459467912318027,0.3116979269496545
2665,1,0.43666666666666665,0.43,0.43666666666666665,0.47333333333333333,0.36,0.4353740219076659,0.3444900457850189,0.30956175298804783
2666,0,0.36,0.3933333333333333,0.4633333333333333,0.32,0.38,0.32675355054703836,0.26829891699382147,0.30956175298804783
2667,1,0.19333333333333333,0.22666666666666666,0.20666666666666667,0.20666666666666667,0.21666666666666667,0.2234721543516928,0.20165370953749887,0.3116979269496545
2668,1,0.38,0.37666666666666665,0.4266666666666667,0.45666666666666667,0.35333333333333333,0.4454508854963572,0.41488170695416987,0.30956175298804783
2669,0,0.31333333333333335,0.32666666666666666,0.35333333333333333,0.3566666666666667,0.29333333333333333,0.33876322607189696,0.28275557001632035,0.3116979269496545
2670,0,0.26666666666666666,0.24333333333333335,0.16666666666666666,0.26666666666666666,0.24666666666666667,0.2606167044770571,0.3051153673461711,0.3116979269496545
2671,0,0.22,0.20666666666666667,0.22333333333333333,0.25666666666666665,0.23666666666666666,0.21728859444583903,0.1965178494241239,0.30956175298804783
2672,0,0.2966666666666667,0.29333333333333333,0.24666666666666667,0.2633333333333333,0.16333333333333333,0.23141679603278098,0.3010117386091318,0.30956175298804783
2673,0,0.28,0.27666666666666667,0.2966666666666667,0.3,0.13333333333333333,0.23029442154304908,0.33741819416368457,0.3116979269496545
2674,0,0.28,0.21666666666666667,0.27666666666666667,0.27,0.22,0.24043228562523464,0.26829891699382147,0.30956175298804783
2675,0,0.39,0.38333333333333336,0.43666666666666665,0.5266666666666666,0.2833333333333333,0.4177931853814621,0.3894311596311012,0.30956175298804783
2676,0,0.22333333333333333,0.25333333333333335,0.24,0.23666666666666666,0.18666666666666668,0.20977338826228176,0.21269352620540202,0.3116979269496545
2677,0,0.3433333333333333,0.3566666666666667,0.31,0.33666666666666667,0.2733333333333333,0.37243844276861743,0.33557702861399563,0.30956175298804783
2678,0,0.3433333333333333,0.2866666666666667,0.29,0.32666666666666666,0.22666666666666666,0.32037853599797855,0.377091095134614,0.41273476866697206
2679,1,0.27,0.3,0.37666666666666665,0.33,0.2633333333333333,0.27331741495179124,0.343014783801601,0.3116979269496545
2680,0,0.19333333333333333,0.18,0.17333333333333334,0.16666666666666666,0.14666666666666667,0.17445375375689415,0.27782264411891294,0.30956175298804783
2681,0,0.2633333333333333,0.3466666666666667,0.34,0.32666666666666666,0.33666666666666667,0.26449614135393346,0.28178087017688846,0.30956175298804783
2682,1,0.37,0.4033333333333333,0.3933333333333333,0.38333333333333336,0.3566666666666667,0.4021727741462514,0.29952164753306637,0.30956175298804783
2683,0,0.4533333333333333,0.45666666666666667,0.4766666666666667,0.4866666666666667,0.3566666666666667,0.48646878668780436,0.4876299420389655,0.41273476866697206
2684,0,0.33666666666666667,0.24333333333333335,0.3233333333333333,0.31,0.16333333333333333,0.2438448242936389,0.38149438406011077,0.3116979269496545
2685,0,0.18333333333333332,0.18333333333333332,0.14333333333333334,0.18666666666666668,0.11666666666666667,0.18739676032072436,0.25422509320557896,0.3116979269496545
2686,0,0.15666666666666668,0.16666666666666666,0.18666666666666668,0.16333333333333333,0.16666666666666666,0.17933322641834132,0.19764008992835527,0.30956175298804783
2687,1,0.28,0.24,0.24333333333333335,0.2633333333333333,0.12666666666666668,0.23057275459255178,0.31691596283640194,0.3116979269496545
2688,1,0.47,0.4266666666666667,0.45666666666666667,0.44,0.33,0.46504922147365885,0.4394072121817234,0.41273476866697206
2689,0,0.42333333333333334,0.5033333333333333,0.4633333333333333,0.4533333333333333,0.27,0.42097294867503554,0.35991733667263565,0.30956175298804783
2690,1,0.39,0.44333333333333336,0.48333333333333334,0.44666666666666666,0.35,0.42364691400458,0.36266410879539884,0.3116979269496545
2691,0,0.42333333333333334,0.36333333333333334,0.41333333333333333,0.3333333333333333,0.3933333333333333,0.4109828093958013,0.343348647299647,0.30956175298804783
2692,1,0.4166666666666667,0.41,0.43666666666666665,0.48,0.37333333333333335,0.40823161844444544,0.34028931919996924,0.3116979269496545
2693,1,0.28,0.25666666666666665,0.24,0.23,0.22333333333333333,0.26548017502352467,0.31963916906679457,0.3116979269496545
2694,0,0.4,0.32666666666666666,0.38,0.3466666666666667,0.29333333333333333,0.3862321782857418,0.44576383448391754,0.41273476866697206
2695,0,0.30333333333333334,0.30333333333333334,0.32666666666666666,0.32666666666666666,0.14,0.3295423321065471,0.39362625062188716,0.41273476866697206
2696,0,0.36666666666666664,0.30333333333333334,0.27,0.22333333333333333,0.29333333333333333,0.3265356004240429,0.24915526453308215,0.30956175298804783
2697,0,0.36666666666666664,0.35333333333333333,0.35,0.3433333333333333,0.4033333333333333,0.3722855327585854,0.28178087017688846,0.30956175298804783
2698,0,0.44,0.4266666666666667,0.42333333333333334,0.3933333333333333,0.35,0.4081346764401353,0.4195002359446737,0.3116979269496545
2699,0,0.18,0.17,0.16,0.23666666666666666,0.21333333333333335,0.1956875532300348,0.19454365276079083,0.30956175298804783
2700,0,0.38666666666666666,0.33666666666666667,0.3433333333333333,0.33,0.34,0.3508369735448431,0.3611758413542882,0.30956175298804783
2701,0,0.3233333333333333,0.30333333333333334,0.35,0.3233333333333333,0.27666666666666667,0.3152582102356145,0.3013947188643421,0.3116979269496545
2702,0,0.27,0.25,0.25666666666666665,0.2733333333333333,0.14666666666666667,0.22374515986160975,0.2967598924201843,0.3116979269496545
2703,1,0.32666666666666666,0.3433333333333333,0.3233333333333333,0.37,0.26,0.3718318618579946,0.34119667545050525,0.30956175298804783
2704,0,0.23,0.22,0.23666666666666666,0.26,0.17666666666666667,0.2590665041761656,0.2980131550407068,0.30956175298804783
2705,1,0.25333333333333335,0.2633333333333333,0.23,0.28,0.17666666666666667,0.2500788975653739,0.3831692070384672,0.3116979269496545
2706,1,0.4166666666666667,0.36,0.4,0.36666666666666664,0.36666666666666664,0.38548641886466856,0.387592462987959,0.3116979269496545
2707,0,0.2966666666666667,0.44333333333333336,0.43333333333333335,0.43666666666666665,0.3333333333333333,0.3709287527310579,0.3047788002482249,0.30956175298804783
2708,0,0.36333333333333334,0.42333333333333334,0.4066666666666667,0.4,0.3566666666666667,0.37490024330025623,0.2844160559732065,0.30956175298804783
2709,0,0.23333333333333334,0.21333333333333335,0.22666666666666666,0.19,0.17666666666666667,0.2522064991641527,0.258507892553649,0.30956175298804783
2710,0,0.4,0.35333333333333333,0.36333333333333334,0.2966666666666667,0.31333333333333335,0.3645161425493098,0.3820766758571352,0.44776119402985076
2711,1,0.30333333333333334,0.35333333333333333,0.23666666666666666,0.25,0.2,0.2753623493308097,0.36241125657677703,0.41273476866697206
2712,0,0.21666666666666667,0.26666666666666666,0.22666666666666666,0.31,0.15666666666666668,0.2471692380401885,0.34166144034206797,0.30956175298804783
2713,0,0.30666666666666664,0.31333333333333335,0.30333333333333334,0.27,0.21,0.30254443350699023,0.36174525868002533,0.41273476866697206
2714,1,0.4266666666666667,0.38333333333333336,0.42,0.39666666666666667,0.36,0.39820789799670786,0.2983776325313001,0.30956175298804783
2715,0,0.4033333333333333,0.37,0.36666666666666664,0.33666666666666667,0.2733333333333333,0.3664411497092653,0.3816471812301103,0.41273476866697206
2716,1,0.2733333333333333,0.2833333333333333,0.31666666666666665,0.31333333333333335,0.29,0.2834666054007899,0.30632315665075227,0.3116979269496545
2717,1,0.25666666666666665,0.19,0.25666666666666665,0.21666666666666667,0.15333333333333332,0.23205005975396242,0.2832561725748398,0.3116979269496545
2718,1,0.3566666666666667,0.35,0.35,0.37333333333333335,0.25,0.34612337156331746,0.3252684815328116,0.3116979269496545
2719,0,0.19333333333333333,0.17666666666666667,0.17,0.17666666666666667,0.18333333333333332,0.18698640998243313,0.2780543207795998,0.3116979269496545
2720,1,0.24333333333333335,0.27,0.23333333333333334,0.24333333333333335,0.21,0.26670722985412265,0.28697732128335857,0.30956175298804783
2721,1,0.38333333333333336,0.41,0.38666666666666666,0.43666666666666665,0.33,0.4258346792974563,0.3153826644806379,0.3116979269496545
2722,0,0.38,0.37333333333333335,0.36333333333333334,0.4166666666666667,0.2833333333333333,0.36038354507278947,0.3597681776162071,0.3116979269496545
2723,0,0.3433333333333333,0.36333333333333334,0.36,0.31333333333333335,0.19333333333333333,0.33777707347448366,0.4130223353805707,0.41273476866697206
2724,0,0.2966666666666667,0.2833333333333333,0.32,0.2866666666666667,0.22666666666666666,0.30054464563095934,0.3006454222372815,0.41273476866697206
2725,0,0.25666666666666665,0.21,0.25666666666666665,0.25,0.13333333333333333,0.22498022736706058,0.2983776325313001,0.30956175298804783
2726,0,0.35333333333333333,0.26,0.27666666666666667,0.32,0.20333333333333334,0.33068393544883756,0.3628137881023813,0.30956175298804783
2727,1,0.4766666666666667,0.43,0.45666666666666667,0.47333333333333333,0.43333333333333335,0.44642259961441016,0.44876768676175915,0.41273476866697206
2728,0,0.16333333333333333,0.21333333333333335,0.14,0.17666666666666667,0.16333333333333333,0.1526738466518723,0.1956573646890494,0.30956175298804783
2729,0,0.36666666666666664,0.38333333333333336,0.38,0.36333333333333334,0.33,0.3942314282236813,0.37853739612883985,0.3116979269496545
2730,1,0.49333333333333335,0.44333333333333336,0.49,0.4066666666666667,0.37333333333333335,0.5047091245204108,0.45569538526804687,0.41273476866697206
2731,0,0.39666666666666667,0.39,0.39666666666666667,0.3566666666666667,0.28,0.4055991951017898,0.40704701200193283,0.41273476866697206
2732,1,0.49666666666666665,0.4066666666666667,0.49333333333333335,0.45666666666666667,0.37333333333333335,0.46683107638650667,0.46072924408379107,0.41273476866697206
2733,0,0.45,0.43333333333333335,0.37666666666666665,0.33666666666666667,0.35333333333333333,0.406123507451521,0.31653905662776277,0.3116979269496545
2734,1,0.3933333333333333,0.39,0.38,0.36666666666666664,0.37,0.3740967967446622,0.2982420938730439,0.3116979269496545
2735,0,0.3,0.2633333333333333,0.29333333333333333,0.2833333333333333,0.17,0.24074914458681065,0.37357007804970194,0.30956175298804783
2736,0,0.4533333333333333,0.4533333333333333,0.4066666666666667,0.3933333333333333,0.39,0.43123447379978874,0.36440535804914986,0.3116979269496545
2737,0,0.29,0.2733333333333333,0.31666666666666665,0.31,0.23,0.2884925903399648,0.34439215762017517,0.30956175298804783
2738,1,0.3333333333333333,0.42333333333333334,0.42,0.4166666666666667,0.31333333333333335,0.39635292468716193,0.34279263517717123,0.30956175298804783
2739,0,0.16333333333333333,0.17,0.15333333333333332,0.19,0.10666666666666667,0.1805919642777129,0.2516962485601496,0.3116979269496545
2740,0,0.4033333333333333,0.42,0.38666666666666666,0.37333333333333335,0.37333333333333335,0.36489909157885536,0.2843278338295616,0.30956175298804783
2741,0,0.26666666666666666,0.22,0.2633333333333333,0.26,0.17666666666666667,0.281883011528786,0.3013947188643421,0.3116979269496545
2742,0,0.22666666666666666,0.22,0.26,0.25333333333333335,0.14666666666666667,0.24447592424189948,0.343348647299647,0.30956175298804783
2743,0,0.4066666666666667,0.38333333333333336,0.44,0.4,0.31666666666666665,0.40061581024634224,0.3597681776162071,0.3116979269496545
2744,0,0.12666666666666668,0.15666666666666668,0.16,0.15,0.15666666666666668,0.16181324905672628,0.16874858588611982,0.30956175298804783
2745,0,0.45666666666666667,0.45,0.4633333333333333,0.45666666666666667,0.42,0.46074926165748753,0.45783419475435194,0.44776119402985076
2746,0,0.46,0.45666666666666667,0.4866666666666667,0.4766666666666667,0.38666666666666666,0.495887603227102,0.4876299420389655,0.41273476866697206
2747,0,0.30333333333333334,0.29,0.27,0.29,0.3,0.3035904645565633,0.27554191772637043,0.3116979269496545
2748,1,0.24,0.36,0.2866666666666667,0.29,0.21,0.26807241888786176,0.22871081555618422,0.3116979269496545
2749,1,0.38666666666666666,0.4266666666666667,0.36,0.41,0.32666666666666666,0.36869024969514613,0.31420524272400646,0.3116979269496545
2750,1,0.34,0.37666666666666665,0.30666666666666664,0.32,0.29,0.3660683493694854,0.37357007804970194,0.30956175298804783
2751,1,0.38666666666666666,0.4033333333333333,0.43333333333333335,0.4066666666666667,0.37666666666666665,0.3927223134020327,0.3051153673461711,0.3116979269496545
2752,1,0.4,0.4266666666666667,0.41,0.41333333333333333,0.38333333333333336,0.3816262776121075,0.3566313453258927,0.30956175298804783
2753,0,0.24666666666666667,0.25,0.24333333333333335,0.2633333333333333,0.19,0.24779456569944963,0.24687434796071195,0.3116979269496545
2754,0,0.32666666666666666,0.39666666666666667,0.34,0.38333333333333336,0.23,0.32420041111770453,0.364304955913884,0.3116979269496545
2755,1,0.31333333333333335,0.4066666666666667,0.41333333333333333,0.4166666666666667,0.27666666666666667,0.44302377746078325,0.3415639371247822,0.30956175298804783
2756,0,0.37666666666666665,0.4266666666666667,0.43333333333333335,0.41333333333333333,0.30666666666666664,0.44444345962333076,0.3032781522001276,0.30956175298804783
2757,0,0.3333333333333333,0.29,0.3433333333333333,0.31,0.19666666666666666,0.3236049860983843,0.429953667433395,0.44776119402985076
2758,1,0.43,0.36666666666666664,0.36,0.37333333333333335,0.38666666666666666,0.405586400546054,0.3477423075722549,0.44776119402985076
2759,0,0.27666666666666667,0.21,0.23333333333333334,0.19,0.14333333333333334,0.1926603276322979,0.2999035453553887,0.3116979269496545
2760,1,0.45,0.4666666666666667,0.5233333333333333,0.45666666666666667,0.3333333333333333,0.43592790213837296,0.3831692070384672,0.3116979269496545
2761,0,0.15333333333333332,0.14,0.20666666666666667,0.2,0.13333333333333333,0.18334451425357903,0.22757596793559245,0.30956175298804783
2762,0,0.3333333333333333,0.26666666666666666,0.34,0.24666666666666667,0.20333333333333334,0.31891245362427323,0.40239195532506883,0.44776119402985076
2763,1,0.43666666666666665,0.4,0.4633333333333333,0.44,0.36333333333333334,0.43412052996740785,0.3182393012584209,0.30956175298804783
2764,1,0.3566666666666667,0.33666666666666667,0.3333333333333333,0.2866666666666667,0.30333333333333334,0.34363586408488384,0.3734185617998833,0.3116979269496545
2765,0,0.4266666666666667,0.41333333333333333,0.4266666666666667,0.43666666666666665,0.3466666666666667,0.4512316111340311,0.39246059035724434,0.30956175298804783
2766,0,0.22333333333333333,0.22333333333333333,0.20333333333333334,0.19,0.19,0.20944062288349954,0.22526425815786716,0.3116979269496545
2767,0,0.23666666666666666,0.24333333333333335,0.24,0.26,0.26,0.2410488059530061,0.30904934042265003,0.30956175298804783
2768,0,0.3466666666666667,0.38,0.37,0.42,0.31,0.3703234693394942,0.3554046502608729,0.30956175298804783
2769,1,0.4166666666666667,0.38,0.36666666666666664,0.37,0.38333333333333336,0.4286536967630045,0.3673172006517484,0.44776119402985076
2770,0,0.26666666666666666,0.26,0.21333333333333335,0.22,0.16666666666666666,0.18460520133688968,0.24534430182691697,0.30956175298804783
2771,1,0.49333333333333335,0.43,0.45,0.45666666666666667,0.38666666666666666,0.4712454009153952,0.4342747988897817,0.44776119402985076
2772,0,0.36,0.3333333333333333,0.3933333333333333,0.36,0.36666666666666664,0.3947891894344105,0.31420524272400646,0.3116979269496545
2773,1,0.3933333333333333,0.38,0.39,0.39666666666666667,0.38,0.36452497819617025,0.2803477954756618,0.30956175298804783
2774,1,0.31666666666666665,0.3333333333333333,0.30666666666666664,0.30333333333333334,0.22666666666666666,0.3232573867236479,0.2828869077859674,0.30956175298804783
2775,1,0.38666666666666666,0.2833333333333333,0.29333333333333333,0.31333333333333335,0.20333333333333334,0.33241459247127314,0.4083390375486163,0.41273476866697206
2776,1,0.38333333333333336,0.38666666666666666,0.4666666666666667,0.39666666666666667,0.3333333333333333,0.395253137493191,0.3459467912318027,0.3116979269496545
2777,0,0.20333333333333334,0.18,0.19333333333333333,0.21666666666666667,0.22666666666666666,0.20315312067201213,0.18026394473370944,0.3116979269496545
2778,0,0.5,0.4166666666666667,0.4633333333333333,0.4266666666666667,0.37666666666666665,0.4412741722441237,0.3831692070384672,0.3116979269496545
2779,0,0.36666666666666664,0.47,0.37666666666666665,0.37666666666666665,0.43,0.3534105995518715,0.29972854310201813,0.3116979269496545
2780,1,0.41,0.43,0.4033333333333333,0.42,0.36333333333333334,0.40006641631565326,0.31963916906679457,0.3116979269496545
2781,1,0.33666666666666667,0.38666666666666666,0.3566666666666667,0.38666666666666666,0.29333333333333333,0.41468242752296136,0.3010117386091318,0.30956175298804783
2782,0,0.4066666666666667,0.3333333333333333,0.39666666666666667,0.3933333333333333,0.23,0.3655435475576331,0.3182393012584209,0.30956175298804783
2783,0,0.32,0.2866666666666667,0.3433333333333333,0.26666666666666666,0.17666666666666667,0.29880982274741136,0.3816471812301103,0.41273476866697206
2784,1,0.27666666666666667,0.34,0.3333333333333333,0.35333333333333333,0.23333333333333334,0.30677252648296843,0.32212260402482906,0.30956175298804783
2785,0,0.38,0.36333333333333334,0.3466666666666667,0.36333333333333334,0.2866666666666667,0.367515526453803,0.33997073871670147,0.30956175298804783
2786,1,0.22,0.26666666666666666,0.21666666666666667,0.23666666666666666,0.20333333333333334,0.22773830611124748,0.24324039645310405,0.3116979269496545
2787,0,0.4,0.41333333333333333,0.4266666666666667,0.44333333333333336,0.34,0.43202828477828303,0.3963708099047534,0.3116979269496545
2788,1,0.37333333333333335,0.33666666666666667,0.37666666666666665,0.36,0.2633333333333333,0.3869511591054904,0.37303371860157036,0.30956175298804783
2789,0,0.41,0.38,0.37333333333333335,0.3433333333333333,0.2866666666666667,0.38768791510457246,0.3816471812301103,0.41273476866697206
2790,0,0.18666666666666668,0.24666666666666667,0.21,0.19,0.23,0.22451240542625844,0.24223700783177432,0.3116979269496545
2791,0,0.20333333333333334,0.22666666666666666,0.17,0.19666666666666666,0.18,0.1831411815947022,0.22978973954077017,0.30956175298804783
2792,0,0.2,0.26,0.26666666666666666,0.25666666666666665,0.19,0.2549493631173369,0.2680867481914914,0.3116979269496545
2793,0,0.38333333333333336,0.4533333333333333,0.4,0.43,0.36666666666666664,0.39598143401724906,0.39063461817972656,0.30956175298804783
2794,0,0.21,0.25333333333333335,0.21,0.25,0.19666666666666666,0.21446434996711689,0.26829891699382147,0.30956175298804783
2795,0,0.39,0.38666666666666666,0.42,0.35,0.24666666666666667,0.4151807748584184,0.46752081856364963,0.41273476866697206
2796,0,0.44333333333333336,0.37,0.3466666666666667,0.3333333333333333,0.3,0.41021036042846126,0.39431030473655837,0.41273476866697206
2797,0,0.31333333333333335,0.30666666666666664,0.2966666666666667,0.32666666666666666,0.2866666666666667,0.3361571166389649,0.3223046635300258,0.30956175298804783
2798,1,0.22333333333333333,0.20666666666666667,0.21666666666666667,0.19666666666666666,0.16666666666666666,0.2166116772838992,0.2982420938730439,0.3116979269496545
2799,1,0.21,0.21666666666666667,0.24666666666666667,0.25,0.21333333333333335,0.2293064034735649,0.26730701966260695,0.30956175298804783
2800,1,0.3,0.4,0.31,0.31333333333333335,0.26,0.30302068571945645,0.30063274322063166,0.30956175298804783
2801,1,0.45,0.47,0.52,0.4533333333333333,0.4166666666666667,0.47487451019440785,0.39362625062188716,0.41273476866697206
2802,0,0.31666666666666665,0.25333333333333335,0.2733333333333333,0.26666666666666666,0.24,0.31625080530860283,0.3911626088805984,0.3116979269496545
2803,1,0.47,0.44666666666666666,0.49666666666666665,0.4666666666666667,0.43,0.4621762871414345,0.3831692070384672,0.3116979269496545
2804,0,0.3,0.33,0.3333333333333333,0.30666666666666664,0.2833333333333333,0.31184709188632875,0.35991733667263565,0.30956175298804783
2805,0,0.2966666666666667,0.27666666666666667,0.30333333333333334,0.2633333333333333,0.13666666666666666,0.23556527335290958,0.3182393012584209,0.30956175298804783
2806,0,0.42333333333333334,0.4,0.41,0.38666666666666666,0.37333333333333335,0.44586218527041355,0.3611758413542882,0.30956175298804783
2807,1,0.4033333333333333,0.38666666666666666,0.44333333333333336,0.4,0.35333333333333333,0.377015887286577,0.3448031049582083,0.3116979269496545
2808,0,0.44,0.32666666666666666,0.35333333333333333,0.38666666666666666,0.3,0.3902449235230396,0.4164470102372428,0.3116979269496545
2809,0,0.38666666666666666,0.4033333333333333,0.41,0.38666666666666666,0.31,0.40483552461137784,0.33182943454567165,0.3116979269496545
2810,0,0.16666666666666666,0.2,0.22666666666666666,0.19666666666666666,0.16666666666666666,0.19845729760199432,0.30495546709046456,0.30956175298804783
2811,1,0.3233333333333333,0.2966666666666667,0.31666666666666665,0.29333333333333333,0.2,0.27466395298560575,0.27911751369310367,0.3116979269496545
2812,0,0.4666666666666667,0.47333333333333333,0.41333333333333333,0.4866666666666667,0.4,0.44342831762730733,0.37868973408918816,0.30956175298804783
2813,0,0.37,0.36666666666666664,0.35,0.38666666666666666,0.29,0.38826889613328824,0.3023694355615828,0.3116979269496545
2814,0,0.5266666666666666,0.46,0.4666666666666667,0.4033333333333333,0.34,0.47701171321831376,0.4474206254151304,0.44776119402985076
2815,0,0.37666666666666665,0.42333333333333334,0.42,0.45666666666666667,0.38,0.40490993433429145,0.3628137881023813,0.30956175298804783
2816,0,0.27,0.3,0.29,0.3466666666666667,0.19666666666666666,0.3113405552922073,0.3614033520803762,0.3116979269496545
2817,0,0.15333333333333332,0.18333333333333332,0.19,0.19,0.15666666666666668,0.175466917332957,0.2583837951708908,0.3116979269496545
2818,0,0.15666666666666668,0.18666666666666668,0.19666666666666666,0.16333333333333333,0.18,0.1868751251117001,0.22967515813649514,0.3116979269496545
2819,1,0.22,0.22,0.24666666666666667,0.21,0.17666666666666667,0.24654716277833977,0.24687434796071195,0.3116979269496545
2820,0,0.25333333333333335,0.26,0.25,0.2733333333333333,0.11333333333333333,0.23775318788983718,0.3010117386091318,0.30956175298804783
2821,0,0.22,0.22333333333333333,0.22,0.24,0.19333333333333333,0.19816191663928906,0.26437602111863706,0.30956175298804783
2822,1,0.38666666666666666,0.45666666666666667,0.4533333333333333,0.45666666666666667,0.35333333333333333,0.3986473109965927,0.3254106071314631,0.30956175298804783
2823,0,0.43666666666666665,0.44,0.39,0.42,0.31666666666666665,0.4545013866156957,0.39431030473655837,0.41273476866697206
2824,1,0.33666666666666667,0.49666666666666665,0.4166666666666667,0.44666666666666666,0.33666666666666667,0.41561614526021284,0.33860191523993577,0.3116979269496545
2825,0,0.2966666666666667,0.31333333333333335,0.24666666666666667,0.31666666666666665,0.20666666666666667,0.3109082503665666,0.3757412787564303,0.30956175298804783
2826,1,0.4,0.36666666666666664,0.36666666666666664,0.47,0.33666666666666667,0.4226213114807176,0.42821631438480284,0.44776119402985076
2827,1,0.30666666666666664,0.3,0.29333333333333333,0.2866666666666667,0.17,0.33845696041703416,0.37357007804970194,0.30956175298804783
2828,0,0.43333333333333335,0.4266666666666667,0.42,0.3466666666666667,0.4866666666666667,0.46724231660930743,0.38149438406011077,0.3116979269496545
2829,0,0.4066666666666667,0.44333333333333336,0.36,0.38666666666666666,0.2866666666666667,0.38668138526581675,0.4309596514978342,0.41273476866697206
2830,0,0.24666666666666667,0.25,0.22,0.2733333333333333,0.15333333333333332,0.2614188047476508,0.3431124853593351,0.3116979269496545
2831,0,0.27666666666666667,0.35,0.32,0.27,0.18,0.26152160381439604,0.3459467912318027,0.3116979269496545
2832,1,0.37,0.47,0.47,0.41,0.33,0.39792320841588197,0.3415639371247822,0.30956175298804783
2833,1,0.24,0.21,0.15333333333333332,0.24333333333333335,0.17,0.2875271650478381,0.24436614645033658,0.30956175298804783
2834,0,0.3433333333333333,0.32,0.35333333333333333,0.32,0.28,0.3709011373116737,0.3611758413542882,0.30956175298804783
2835,0,0.44333333333333336,0.41333333333333333,0.43,0.37666666666666665,0.37666666666666665,0.45659459737645364,0.33270159171644675,0.41273476866697206
2836,1,0.4866666666666667,0.39,0.41333333333333333,0.4066666666666667,0.36333333333333334,0.46235831614182815,0.3769390101137256,0.44776119402985076
2837,1,0.39,0.44,0.3933333333333333,0.3933333333333333,0.35,0.4020070360263558,0.26092091761458097,0.30956175298804783
2838,1,0.4033333333333333,0.36,0.42333333333333334,0.38333333333333336,0.39,0.3939794919059367,0.2607960692755358,0.3116979269496545
2839,0,0.32,0.27666666666666667,0.32,0.25,0.22333333333333333,0.2847984631409569,0.24324039645310405,0.3116979269496545
2840,0,0.47,0.49333333333333335,0.45666666666666667,0.43666666666666665,0.35333333333333333,0.4715460577397087,0.4260092805566483,0.41273476866697206
2841,1,0.44666666666666666,0.48333333333333334,0.4033333333333333,0.4666666666666667,0.33,0.41664929016891006,0.3431124853593351,0.3116979269496545
2842,0,0.48333333333333334,0.4866666666666667,0.5033333333333333,0.46,0.3933333333333333,0.4424354602154266,0.39252287690854215,0.41273476866697206
2843,0,0.20333333333333334,0.24666666666666667,0.24,0.22,0.16,0.24002556864697097,0.24105602037462,0.30956175298804783
2844,0,0.36666666666666664,0.3333333333333333,0.4066666666666667,0.31333333333333335,0.27,0.32850790854177503,0.3010117386091318,0.30956175298804783
2845,1,0.42,0.44,0.44333333333333336,0.43333333333333335,0.2866666666666667,0.4131212239718905,0.30087551651641786,0.3116979269496545
2846,1,0.26,0.2866666666666667,0.2633333333333333,0.31666666666666665,0.17,0.26940717377515566,0.2983776325313001,0.30956175298804783
2847,1,0.3233333333333333,0.38666666666666666,0.39666666666666667,0.39666666666666667,0.2866666666666667,0.35408669352246736,0.3343610357164754,0.30956175298804783
2848,0,0.21333333333333335,0.26666666666666666,0.20666666666666667,0.26,0.19333333333333333,0.2290226189206517,0.23104734654724154,0.30956175298804783
2849,0,0.36,0.3566666666666667,0.2733333333333333,0.31333333333333335,0.3233333333333333,0.28234520663418305,0.24424660163288775,0.3116979269496545
2850,0,0.5,0.44666666666666666,0.44,0.43666666666666665,0.37,0.424695920759863,0.3265220259911379,0.30956175298804783
2851,0,0.21666666666666667,0.23666666666666666,0.20666666666666667,0.21333333333333335,0.18666666666666668,0.22549169342919012,0.20942280312457875,0.25
2852,1,0.39666666666666667,0.3933333333333333,0.4066666666666667,0.41333333333333333,0.36666666666666664,0.4666040204871152,0.42837486405519865,0.41273476866697206
2853,1,0.25333333333333335,0.24,0.25666666666666665,0.29,0.23333333333333334,0.2407959415125668,0.30246088985412173,0.3116979269496545
2854,1,0.43666666666666665,0.46,0.44666666666666666,0.4166666666666667,0.36,0.44609046746579656,0.3913168284355487,0.30956175298804783
2855,0,0.31333333333333335,0.30333333333333334,0.30333333333333334,0.29,0.25,0.3154034572532839,0.343348647299647,0.30956175298804783
2856,0,0.45,0.4266666666666667,0.39,0.38666666666666666,0.33,0.4027002325357989,0.4179316755429005,0.41273476866697206
2857,0,0.18,0.22,0.21666666666666667,0.23333333333333334,0.19,0.1937508412324299,0.1984803373224124,0.30956175298804783
2858,0,0.24333333333333335,0.23666666666666666,0.22,0.24333333333333335,0.17,0.19443352707814787,0.22996428077902942,0.3116979269496545
2859,1,0.4066666666666667,0.38333333333333336,0.41,0.45,0.3433333333333333,0.3698983481575437,0.33071287767884944,0.3116979269496545
2860,0,0.17,0.20333333333333334,0.25333333333333335,0.20333333333333334,0.25333333333333335,0.2601963018639461,0.20702280712959742,0.3116979269496545
2861,0,0.31333333333333335,0.24666666666666667,0.26666666666666666,0.2733333333333333,0.21666666666666667,0.32666995751879024,0.3611758413542882,0.30956175298804783
2862,1,0.48333333333333334,0.43333333333333335,0.44333333333333336,0.4633333333333333,0.39666666666666667,0.4404227720864451,0.4099829589187594,0.41273476866697206
2863,0,0.32666666666666666,0.23,0.2633333333333333,0.2733333333333333,0.15666666666666668,0.24239612226353657,0.2993858109499458,0.3116979269496545
2864,0,0.22333333333333333,0.26,0.24,0.26,0.19,0.2184482672869321,0.30904934042265003,0.30956175298804783
2865,1,0.4033333333333333,0.47,0.39,0.43,0.2866666666666667,0.41189519872831154,0.444156975128669,0.3116979269496545
2866,1,0.4,0.36666666666666664,0.44,0.41,0.29,0.4252012249995947,0.5093898526520293,0.44776119402985076
2867,1,0.25,0.3433333333333333,0.38333333333333336,0.3566666666666667,0.22333333333333333,0.2912708088601116,0.3415639371247822,0.30956175298804783
2868,0,0.4033333333333333,0.37,0.35333333333333333,0.37,0.31,0.396727622354555,0.36159577003421,0.3116979269496545
2869,0,0.17,0.17,0.16666666666666666,0.23666666666666666,0.17666666666666667,0.18058557982839252,0.2659203013826207,0.30956175298804783
2870,0,0.36666666666666664,0.36333333333333334,0.28,0.30666666666666664,0.31333333333333335,0.35368580365074137,0.3820766758571352,0.44776119402985076
2871,1,0.3933333333333333,0.44666666666666666,0.42333333333333334,0.4633333333333333,0.33666666666666667,0.37005555800820505,0.2792478195298675,0.30956175298804783
2872,0,0.25333333333333335,0.2733333333333333,0.22333333333333333,0.3,0.21666666666666667,0.26586300261230933,0.2803477954756618,0.30956175298804783
2873,0,0.17333333333333334,0.18666666666666668,0.24,0.16666666666666666,0.19,0.2000845551675221,0.2780543207795998,0.3116979269496545
2874,1,0.47,0.43,0.42,0.4533333333333333,0.41333333333333333,0.45893634397285976,0.361026454915211,0.3116979269496545
2875,1,0.44666666666666666,0.44333333333333336,0.46,0.4166666666666667,0.31,0.4650068518757543,0.4394072121817234,0.41273476866697206
2876,0,0.38666666666666666,0.35333333333333333,0.38333333333333336,0.38666666666666666,0.3466666666666667,0.40640513546715845,0.36440535804914986,0.3116979269496545
2877,0,0.25333333333333335,0.23666666666666666,0.21666666666666667,0.24333333333333335,0.19666666666666666,0.23080633658669328,0.2844160559732065,0.30956175298804783
2878,0,0.27666666666666667,0.37,0.2833333333333333,0.3233333333333333,0.2733333333333333,0.27787754915489304,0.31924743216956286,0.3116979269496545
2879,1,0.18333333333333332,0.16333333333333333,0.15666666666666668,0.2,0.12,0.16569287619931536,0.21043556278061032,0.30956175298804783
2880,0,0.3233333333333333,0.38333333333333336,0.33666666666666667,0.41333333333333333,0.23666666666666666,0.3208122022541385,0.3969988727588404,0.3116979269496545
2881,1,0.2733333333333333,0.25333333333333335,0.24666666666666667,0.2,0.20333333333333334,0.32873066434146636,0.377091095134614,0.41273476866697206
2882,0,0.30666666666666664,0.3233333333333333,0.35333333333333333,0.36666666666666664,0.26666666666666666,0.3175192225815875,0.3628137881023813,0.30956175298804783
2883,0,0.20666666666666667,0.19666666666666666,0.18666666666666668,0.17333333333333334,0.18333333333333332,0.17212562698625658,0.1965178494241239,0.30956175298804783
2884,0,0.25666666666666665,0.25333333333333335,0.27,0.23,0.18666666666666668,0.27268823101259904,0.28164984423196016,0.3116979269496545
2885,0,0.21,0.2733333333333333,0.26666666666666666,0.24333333333333335,0.17333333333333334,0.26058479214989566,0.28338765099804925,0.30956175298804783
2886,0,0.25333333333333335,0.21333333333333335,0.22666666666666666,0.20666666666666667,0.18,0.2802418674975704,0.27382459835249545,0.30956175298804783
2887,0,0.38666666666666666,0.35333333333333333,0.33,0.3233333333333333,0.3,0.35625660791509517,0.3182393012584209,0.30956175298804783
2888,0,0.46,0.43333333333333335,0.4766666666666667,0.44,0.3233333333333333,0.4920785882848433,0.4392477169016392,0.44776119402985076
2889,0,0.29333333333333333,0.2866666666666667,0.29,0.33666666666666667,0.2,0.28792902157607764,0.31963916906679457,0.3116979269496545
2890,0,0.19333333333333333,0.24,0.23,0.25666666666666665,0.18,0.24269709012358587,0.24335960737354914,0.30956175298804783
2891,0,0.31,0.3433333333333333,0.3466666666666667,0.3933333333333333,0.25,0.3617533712255263,0.3155224904430737,0.30956175298804783
2892,0,0.43,0.4033333333333333,0.3466666666666667,0.38333333333333336,0.35333333333333333,0.3482771582640248,0.2968950424611626,0.30956175298804783
2893,0,0.39666666666666667,0.4033333333333333,0.37666666666666665,0.4033333333333333,0.29333333333333333,0.38163538942401065,0.4409953074286134,0.44776119402985076
2894,1,0.29333333333333333,0.2633333333333333,0.23333333333333334,0.30666666666666664,0.19333333333333333,0.2437225722475574,0.37868973408918816,0.30956175298804783
2895,0,0.37,0.36333333333333334,0.37333333333333335,0.4266666666666667,0.30666666666666664,0.4120158725849522,0.343348647299647,0.30956175298804783
2896,0,0.4,0.37,0.38333333333333336,0.39,0.2633333333333333,0.34596086833503087,0.2707699615916519,0.30956175298804783
2897,0,0.27,0.25,0.2633333333333333,0.29333333333333333,0.18333333333333332,0.2708956372544216,0.24335960737354914,0.30956175298804783
2898,1,0.19666666666666666,0.23,0.21,0.22,0.2,0.2626996581899643,0.22978973954077017,0.30956175298804783
2899,0,0.3433333333333333,0.25666666666666665,0.2733333333333333,0.3466666666666667,0.25,0.3165309975431617,0.2968950424611626,0.30956175298804783
2900,1,0.37,0.43666666666666665,0.34,0.3933333333333333,0.33666666666666667,0.38265875367161156,0.4118382478675719,0.30956175298804783
2901,0,0.44666666666666666,0.46,0.44,0.4866666666666667,0.35333333333333333,0.44173485708831595,0.38020721752063114,0.3116979269496545
2902,0,0.3466666666666667,0.37666666666666665,0.31333333333333335,0.32,0.25666666666666665,0.32796902722244925,0.3205759371351152,0.30956175298804783
2903,0,0.5133333333333333,0.4066666666666667,0.4266666666666667,0.42333333333333334,0.39,0.4292466175866009,0.3473297142104878,0.41273476866697206
2904,0,0.20333333333333334,0.16,0.15666666666666668,0.13666666666666666,0.16333333333333333,0.20834984798023315,0.2106274346412708,0.3116979269496545
2905,1,0.42,0.37333333333333335,0.41,0.39,0.33,0.4172131966592391,0.3299210638798988,0.30956175298804783
2906,1,0.43666666666666665,0.44,0.44666666666666666,0.43333333333333335,0.3933333333333333,0.4169767300854584,0.37868973408918816,0.30956175298804783
2907,0,0.2733333333333333,0.22333333333333333,0.23,0.28,0.27,0.2722411763326196,0.3444900457850189,0.30956175298804783
2908,0,0.32,0.27666666666666667,0.2966666666666667,0.2833333333333333,0.24333333333333335,0.34404803228988495,0.29952164753306637,0.30956175298804783
2909,0,0.27666666666666667,0.24333333333333335,0.2866666666666667,0.27666666666666667,0.22,0.3098567550978438,0.3135244975760547,0.30956175298804783
2910,1,0.27666666666666667,0.31666666666666665,0.2833333333333333,0.33,0.2966666666666667,0.312892840342928,0.27891917867460964,0.30956175298804783
2911,0,0.23666666666666666,0.27,0.29333333333333333,0.29333333333333333,0.18666666666666668,0.2206126833930601,0.28275557001632035,0.3116979269496545
2912,0,0.22,0.24,0.21,0.18,0.24,0.21975487125835105,0.19454365276079083,0.30956175298804783
2913,1,0.24333333333333335,0.2633333333333333,0.29333333333333333,0.31666666666666665,0.18,0.3035049757368664,0.38918208699174034,0.3116979269496545
2914,0,0.3,0.36,0.3466666666666667,0.39,0.30666666666666664,0.31855547611906204,0.24806083597332745,0.30956175298804783
2915,0,0.19666666666666666,0.2,0.26666666666666666,0.22666666666666666,0.21333333333333335,0.24390033809359057,0.3064607640164814,0.30956175298804783
2916,0,0.24333333333333335,0.2966666666666667,0.23333333333333334,0.30333333333333334,0.22333333333333333,0.24016256624296078,0.26829891699382147,0.30956175298804783
2917,0,0.22333333333333333,0.21,0.19,0.25,0.21,0.2195024179750223,0.21711089085931864,0.30956175298804783
2918,1,0.31333333333333335,0.30666666666666664,0.29,0.2866666666666667,0.17666666666666667,0.258156779939261,0.26216560905430975,0.3116979269496545
2919,1,0.3566666666666667,0.3333333333333333,0.37333333333333335,0.37666666666666665,0.31,0.3848878146939388,0.2983776325313001,0.30956175298804783
2920,0,0.31,0.23666666666666666,0.3,0.30333333333333334,0.23,0.3127586683388324,0.3477423075722549,0.44776119402985076
2921,1,0.3566666666666667,0.31666666666666665,0.3433333333333333,0.3933333333333333,0.2833333333333333,0.34221181956655367,0.30178168561166263,0.30956175298804783
2922,0,0.37333333333333335,0.34,0.32666666666666666,0.30666666666666664,0.26,0.3219314431941633,0.31963916906679457,0.3116979269496545
2923,0,0.4266666666666667,0.4633333333333333,0.44666666666666666,0.4633333333333333,0.3566666666666667,0.40752339854764863,0.36440535804914986,0.3116979269496545
2924,1,0.4166666666666667,0.44333333333333336,0.4033333333333333,0.48,0.39,0.44900058401952986,0.4130223353805707,0.41273476866697206
2925,0,0.28,0.2866666666666667,0.29333333333333333,0.3,0.21,0.30187489706277876,0.3346180142364791,0.3116979269496545
2926,0,0.21,0.23,0.22,0.21666666666666667,0.22666666666666666,0.252386935043103,0.3000395162450365,0.30956175298804783
2927,1,0.2966666666666667,0.26,0.24666666666666667,0.26666666666666666,0.18,0.2280875988584169,0.2803477954756618,0.30956175298804783
2928,1,0.26666666666666666,0.25,0.25666666666666665,0.27,0.22,0.2406385385291963,0.2780543207795998,0.3116979269496545
2929,0,0.29333333333333333,0.36333333333333334,0.27,0.3,0.23666666666666666,0.29419115576301236,0.29972854310201813,0.3116979269496545
2930,0,0.2833333333333333,0.21333333333333335,0.24666666666666667,0.23666666666666666,0.22333333333333333,0.2905514847444519,0.33741819416368457,0.3116979269496545
2931,0,0.27666666666666667,0.25,0.2633333333333333,0.23333333333333334,0.19666666666666666,0.22498022736706058,0.2983776325313001,0.30956175298804783
2932,1,0.4166666666666667,0.43666666666666665,0.43333333333333335,0.4666666666666667,0.32666666666666666,0.45036854664132253,0.45187438300411653,0.41273476866697206
2933,1,0.44333333333333336,0.47,0.4533333333333333,0.37666666666666665,0.35333333333333333,0.44307357082430543,0.31281823101323813,0.30956175298804783
2934,0,0.41333333333333333,0.5166666666666667,0.4533333333333333,0.47333333333333333,0.39666666666666667,0.4156469952969149,0.41817153497520815,0.3116979269496545
2935,0,0.37,0.3233333333333333,0.37,0.36666666666666664,0.23666666666666666,0.37537342291952774,0.46072924408379107,0.41273476866697206
2936,0,0.38,0.45,0.4633333333333333,0.43666666666666665,0.38,0.42552321697304024,0.43481681103853576,0.3116979269496545
2937,0,0.27666666666666667,0.2733333333333333,0.26,0.22,0.22333333333333333,0.2876576566896004,0.31691596283640194,0.3116979269496545
2938,0,0.41,0.45666666666666667,0.39666666666666667,0.45666666666666667,0.37,0.4272152462159041,0.39516551956293205,0.3116979269496545
2939,1,0.24333333333333335,0.29333333333333333,0.25666666666666665,0.30666666666666664,0.21,0.24119605426030985,0.2695659672204694,0.3116979269496545
2940,1,0.4166666666666667,0.38,0.37333333333333335,0.37,0.32,0.4106344902503715,0.2607960692755358,0.3116979269496545
2941,0,0.44666666666666666,0.47,0.44,0.46,0.33666666666666667,0.42417823632961044,0.43119391547887365,0.44776119402985076
2942,0,0.20666666666666667,0.26,0.21666666666666667,0.24666666666666667,0.19333333333333333,0.20321569387184854,0.24223700783177432,0.3116979269496545
2943,0,0.42333333333333334,0.36,0.39666666666666667,0.4066666666666667,0.31,0.41856370851911123,0.3292879846413518,0.30956175298804783
2944,0,0.2733333333333333,0.27666666666666667,0.23666666666666666,0.27,0.17666666666666667,0.2344354187814337,0.24436614645033658,0.30956175298804783
2945,0,0.2866666666666667,0.2833333333333333,0.3233333333333333,0.31666666666666665,0.30666666666666664,0.3337991702323642,0.28021717591202217,0.3116979269496545
2946,0,0.3233333333333333,0.4066666666666667,0.3233333333333333,0.41333333333333333,0.31,0.35472979400556953,0.3628137881023813,0.30956175298804783
2947,1,0.34,0.3233333333333333,0.32666666666666666,0.32666666666666666,0.19,0.31646303227933864,0.3138300792243802,0.3116979269496545
2948,1,0.39,0.38333333333333336,0.4066666666666667,0.4066666666666667,0.3933333333333333,0.38006226485889893,0.3010117386091318,0.30956175298804783
2949,0,0.30333333333333334,0.26666666666666666,0.2866666666666667,0.30333333333333334,0.13,0.28206310673797713,0.4122368019554101,0.3116979269496545
2950,0,0.34,0.35,0.3,0.36333333333333334,0.22,0.27900910634123344,0.3444900457850189,0.30956175298804783
2951,0,0.4066666666666667,0.43333333333333335,0.44333333333333336,0.42333333333333334,0.31,0.4061465325194423,0.39216975449707797,0.3116979269496545
2952,0,0.29,0.24,0.2733333333333333,0.30333333333333334,0.13,0.25965046112210965,0.3135244975760547,0.30956175298804783
2953,0,0.19,0.19,0.20666666666666667,0.21,0.16333333333333333,0.22879527722263115,0.18516788250277466,0.30956175298804783
2954,0,0.31333333333333335,0.28,0.27666666666666667,0.30666666666666664,0.2733333333333333,0.32185029399898707,0.31809883084795143,0.3116979269496545
2955,0,0.14333333333333334,0.14,0.18,0.19333333333333333,0.18333333333333332,0.1631237349262519,0.21692720033956586,0.3116979269496545
2956,1,0.19,0.27,0.26,0.22666666666666666,0.18,0.23368588870125767,0.31809883084795143,0.3116979269496545
2957,0,0.2733333333333333,0.2866666666666667,0.29333333333333333,0.27666666666666667,0.17,0.23478765994854517,0.21480278629638885,0.3116979269496545
2958,1,0.26666666666666666,0.3433333333333333,0.3,0.33666666666666667,0.18666666666666668,0.2600966250136642,0.29972854310201813,0.3116979269496545
2959,0,0.3433333333333333,0.37,0.38333333333333336,0.36333333333333334,0.33666666666666667,0.4148768552710407,0.3155224904430737,0.30956175298804783
2960,0,0.15333333333333332,0.18,0.21666666666666667,0.17666666666666667,0.17333333333333334,0.15872342854394628,0.18861003622143002,0.3116979269496545
2961,0,0.2966666666666667,0.36333333333333334,0.39,0.3566666666666667,0.22,0.3034928257128948,0.31420524272400646,0.3116979269496545
2962,0,0.46,0.44333333333333336,0.44333333333333336,0.42,0.37,0.4450632740734283,0.40239195532506883,0.44776119402985076
2963,0,0.45,0.38666666666666666,0.42333333333333334,0.37666666666666665,0.36,0.4328341849555691,0.36174525868002533,0.41273476866697206
2964,1,0.18,0.18666666666666668,0.23,0.21666666666666667,0.18,0.2062201391539823,0.2819496125243816,0.30956175298804783
2965,0,0.23666666666666666,0.27,0.26,0.3,0.19,0.2455107431499592,0.29314941706232145,0.30956175298804783
2966,0,0.3433333333333333,0.33666666666666667,0.3433333333333333,0.38,0.24,0.321208177289849,0.35400701489581576,0.3116979269496545
2967,0,0.4166666666666667,0.39,0.39,0.38333333333333336,0.41,0.3903796418270245,0.3182393012584209,0.30956175298804783
2968,0,0.39666666666666667,0.44666666666666666,0.4033333333333333,0.4266666666666667,0.42,0.35001531222440463,0.3614033520803762,0.3116979269496545
2969,1,0.5266666666666666,0.3933333333333333,0.4033333333333333,0.4166666666666667,0.42,0.4406823425169678,0.3153826644806379,0.3116979269496545
2970,0,0.17666666666666667,0.20333333333333334,0.17333333333333334,0.15666666666666668,0.16333333333333333,0.19552450415933112,0.2619423676397452,0.30956175298804783
2971,1,0.24333333333333335,0.20666666666666667,0.23333333333333334,0.18666666666666668,0.19333333333333333,0.23622072366695726,0.19753742799648707,0.3116979269496545
2972,0,0.31666666666666665,0.27,0.35,0.23,0.23333333333333334,0.2858533043569521,0.3000395162450365,0.30956175298804783
2973,1,0.45666666666666667,0.4,0.37333333333333335,0.3933333333333333,0.37,0.43167456161360485,0.37651177178499173,0.41273476866697206
2974,0,0.23333333333333334,0.30666666666666664,0.25666666666666665,0.24666666666666667,0.17,0.25338588720037497,0.37868973408918816,0.30956175298804783
2975,0,0.42,0.29,0.34,0.31,0.32,0.37185052681424047,0.42821631438480284,0.44776119402985076
2976,0,0.2633333333333333,0.25333333333333335,0.26,0.2633333333333333,0.19,0.24409444441828726,0.26216560905430975,0.3116979269496545
2977,1,0.36,0.32666666666666666,0.28,0.36333333333333334,0.27666666666666667,0.3215926752469278,0.29952164753306637,0.30956175298804783
2978,0,0.27,0.31333333333333335,0.35333333333333333,0.25666666666666665,0.22666666666666666,0.2631832249364694,0.3023694355615828,0.3116979269496545
2979,0,0.41,0.38666666666666666,0.4166666666666667,0.37666666666666665,0.26,0.3716202687561697,0.34439215762017517,0.30956175298804783
2980,0,0.42,0.41333333333333333,0.3333333333333333,0.31666666666666665,0.44666666666666666,0.36975879357002617,0.28021717591202217,0.3116979269496545
2981,0,0.45,0.4066666666666667,0.3933333333333333,0.43,0.37,0.4795345757996865,0.4474206254151304,0.44776119402985076
2982,0,0.29333333333333333,0.25666666666666665,0.33,0.2633333333333333,0.18666666666666668,0.28662084683792627,0.3448031049582083,0.3116979269496545
2983,0,0.31666666666666665,0.27666666666666667,0.2833333333333333,0.28,0.19333333333333333,0.339519384675778,0.4183319323357755,0.44776119402985076
2984,1,0.27666666666666667,0.31,0.29,0.24333333333333335,0.26666666666666666,0.2696797019534882,0.19935016024352617,0.30956175298804783
2985,1,0.36333333333333334,0.36333333333333334,0.36666666666666664,0.37666666666666665,0.25,0.37839906821321057,0.3611758413542882,0.30956175298804783
2986,1,0.52,0.4533333333333333,0.4666666666666667,0.44333333333333336,0.41333333333333333,0.4994409714786344,0.4290810641901563,0.41273476866697206
2987,0,0.19333333333333333,0.19333333333333333,0.19,0.19666666666666666,0.18,0.22790655155902775,0.31281823101323813,0.30956175298804783
2988,0,0.41333333333333333,0.48,0.5266666666666666,0.47333333333333333,0.35,0.47809910989773763,0.4735132914272634,0.44776119402985076
2989,1,0.2,0.21,0.17,0.18,0.12666666666666668,0.2024321471207503,0.2420560797680546,0.30956175298804783
2990,1,0.5133333333333333,0.44333333333333336,0.4,0.37333333333333335,0.3566666666666667,0.39571206366285777,0.36440535804914986,0.3116979269496545
2991,0,0.3233333333333333,0.2733333333333333,0.30666666666666664,0.2833333333333333,0.23,0.2962418538501449,0.31963916906679457,0.3116979269496545
2992,1,0.31,0.30333333333333334,0.3466666666666667,0.34,0.2,0.3159204735760599,0.40239195532506883,0.44776119402985076
2993,1,0.4033333333333333,0.3566666666666667,0.36666666666666664,0.4166666666666667,0.35,0.4098966940571349,0.3473297142104878,0.41273476866697206
2994,1,0.3933333333333333,0.3933333333333333,0.4066666666666667,0.5,0.3433333333333333,0.422969173339459,0.37725412113842144,0.3116979269496545
2995,1,0.23666666666666666,0.18,0.26,0.19333333333333333,0.16,0.22263808183537395,0.36159577003421,0.3116979269496545
2996,1,0.36333333333333334,0.42333333333333334,0.36666666666666664,0.3933333333333333,0.38333333333333336,0.322078799989038,0.27911751369310367,0.3116979269496545
2997,1,0.38666666666666666,0.39,0.42,0.36666666666666664,0.36,0.38976281532813606,0.29952164753306637,0.30956175298804783
2998,0,0.2733333333333333,0.33666666666666667,0.2966666666666667,0.29,0.19666666666666666,0.2977952878429859,0.3074446542143049,0.30956175298804783
2999,0,0.4266666666666667,0.4633333333333333,0.44666666666666666,0.49333333333333335,0.42,0.4482365179109196,0.39362625062188716,0.41273476866697206
