trajectory_id,y_true,DCHAG_full,DCHAG_technical_only,DCHAG_no_human,DCHAG_no_process,DCHAG_no_temporal,ObservationalOutcome,SEAGInspiredRisk,QualitativeRiskMatrix
0,1,0.3,0.31666666666666665,0.33666666666666667,0.34,0.2733333333333333,0.3436193957725992,0.36475222186675477,0.3132686084142395
1,0,0.33666666666666667,0.41,0.44333333333333336,0.38,0.3466666666666667,0.40712206459587336,0.30022184908265187,0.3132686084142395
2,0,0.39,0.43,0.38666666666666666,0.36666666666666664,0.22333333333333333,0.3557489464511914,0.413254717806299,0.37863690713431647
3,0,0.38666666666666666,0.4166666666666667,0.47,0.4633333333333333,0.2866666666666667,0.4004124548559936,0.3292223283384345,0.3132686084142395
4,0,0.34,0.38666666666666666,0.44666666666666666,0.42333333333333334,0.29,0.39595496583001155,0.3776705128076358,0.40809248554913297
5,0,0.23333333333333334,0.26666666666666666,0.24,0.27,0.22,0.2625379218770519,0.2993637479590815,0.32480561825934284
6,0,0.29,0.2866666666666667,0.29333333333333333,0.2833333333333333,0.19333333333333333,0.24552706674412664,0.29455710655944456,0.32480561825934284
7,0,0.29,0.24333333333333335,0.3233333333333333,0.33,0.17,0.29636925462624497,0.37125151287359176,0.37863690713431647
8,1,0.4266666666666667,0.49,0.4,0.45,0.35,0.42328834128752835,0.4225406249392561,0.40809248554913297
9,1,0.33666666666666667,0.3,0.3566666666666667,0.31333333333333335,0.30666666666666664,0.34855195485125523,0.33999111402461263,0.32480561825934284
10,0,0.4166666666666667,0.34,0.38666666666666666,0.36,0.41,0.3460886648094715,0.30591047608381694,0.3132686084142395
11,0,0.30666666666666664,0.38,0.38,0.38,0.31333333333333335,0.33208524378734616,0.2701862061036348,0.3132686084142395
12,0,0.35333333333333333,0.3933333333333333,0.4066666666666667,0.4166666666666667,0.36333333333333334,0.40933432804537684,0.39668137580656243,0.32480561825934284
13,0,0.41333333333333333,0.36333333333333334,0.37666666666666665,0.3466666666666667,0.2866666666666667,0.3841662554967439,0.39118442198068787,0.37863690713431647
14,1,0.31333333333333335,0.30666666666666664,0.33,0.3233333333333333,0.3,0.320999521730569,0.283418527057911,0.32480561825934284
15,0,0.31666666666666665,0.36,0.3566666666666667,0.3466666666666667,0.25,0.3212777782469284,0.3317515723860618,0.32480561825934284
16,1,0.34,0.4266666666666667,0.37666666666666665,0.43666666666666665,0.32,0.36670872495796714,0.41602517290197094,0.37863690713431647
17,0,0.18666666666666668,0.24,0.21666666666666667,0.18333333333333332,0.18666666666666668,0.23755658766238555,0.2708489124652599,0.3132686084142395
18,0,0.20666666666666667,0.2,0.16333333333333333,0.18666666666666668,0.18,0.19004294090792037,0.23781623830702248,0.3132686084142395
19,1,0.24,0.24666666666666667,0.18333333333333332,0.22666666666666666,0.16333333333333333,0.23208321509040505,0.2394297414786882,0.3132686084142395
20,0,0.3233333333333333,0.27,0.32666666666666666,0.2966666666666667,0.26,0.3189348731904536,0.32611525989777057,0.3132686084142395
21,0,0.38666666666666666,0.38333333333333336,0.4066666666666667,0.36333333333333334,0.36666666666666664,0.3858398623648295,0.30272708906794427,0.32480561825934284
22,1,0.19,0.26666666666666666,0.23666666666666666,0.23,0.18666666666666668,0.2393802035723013,0.3025271122217413,0.3132686084142395
23,1,0.3333333333333333,0.39666666666666667,0.3466666666666667,0.38666666666666666,0.30666666666666664,0.39366680603346926,0.41614226508915075,0.40809248554913297
24,1,0.37666666666666665,0.29,0.32666666666666666,0.3933333333333333,0.26,0.32607063105898193,0.36475222186675477,0.3132686084142395
25,0,0.26,0.2633333333333333,0.2633333333333333,0.25333333333333335,0.16333333333333333,0.23368357005293286,0.285877174917217,0.32480561825934284
26,1,0.37333333333333335,0.3,0.41333333333333333,0.37333333333333335,0.30666666666666664,0.3675547471354895,0.36846385525307906,0.3132686084142395
27,0,0.30666666666666664,0.3233333333333333,0.3566666666666667,0.2966666666666667,0.30333333333333334,0.3010838386498687,0.291710469907523,0.3132686084142395
28,0,0.33666666666666667,0.27666666666666667,0.25666666666666665,0.33,0.22666666666666666,0.31052499744706985,0.30272708906794427,0.32480561825934284
29,1,0.31666666666666665,0.31666666666666665,0.27,0.3566666666666667,0.36333333333333334,0.35663866094752533,0.31547729966123766,0.3132686084142395
30,1,0.37666666666666665,0.33,0.4033333333333333,0.38666666666666666,0.20333333333333334,0.3272266223929414,0.3501266887911026,0.37863690713431647
31,0,0.39,0.3933333333333333,0.38333333333333336,0.34,0.35333333333333333,0.4031484919056533,0.34909131922120545,0.32480561825934284
32,1,0.3566666666666667,0.3333333333333333,0.27666666666666667,0.33,0.2966666666666667,0.3636296109337557,0.3967965449039576,0.40809248554913297
33,0,0.2733333333333333,0.3333333333333333,0.29,0.31333333333333335,0.31,0.29933249702307885,0.32821755512352474,0.32480561825934284
34,1,0.27,0.3,0.25333333333333335,0.32,0.22666666666666666,0.2919269802031627,0.32012494809537945,0.32480561825934284
35,1,0.23,0.2733333333333333,0.27,0.27,0.20666666666666667,0.2766205544411234,0.3317515723860618,0.32480561825934284
36,0,0.49,0.42,0.44666666666666666,0.47,0.4066666666666667,0.42871488670085617,0.41591205668825176,0.37863690713431647
37,0,0.4166666666666667,0.31666666666666665,0.41333333333333333,0.37666666666666665,0.27,0.3436254650937453,0.33154153891269705,0.3132686084142395
38,1,0.27,0.29333333333333333,0.32,0.2633333333333333,0.21,0.28282669502946456,0.32012494809537945,0.32480561825934284
39,0,0.32,0.32,0.2966666666666667,0.27,0.21666666666666667,0.3324998863760274,0.38810018974674215,0.40809248554913297
40,1,0.2866666666666667,0.23333333333333334,0.26666666666666666,0.20333333333333334,0.30333333333333334,0.2992139767135905,0.26770376565053267,0.3132686084142395
41,0,0.45666666666666667,0.38333333333333336,0.42,0.37,0.38333333333333336,0.4292198430089285,0.39681216774771044,0.40809248554913297
42,0,0.36333333333333334,0.38,0.4033333333333333,0.4166666666666667,0.25333333333333335,0.3638876688993041,0.41591205668825176,0.37863690713431647
43,0,0.3466666666666667,0.37333333333333335,0.46,0.39,0.28,0.36412308704216545,0.32275859895650966,0.32480561825934284
44,1,0.3233333333333333,0.31333333333333335,0.25666666666666665,0.28,0.20666666666666667,0.3145467625320092,0.31819515103027224,0.32480561825934284
45,1,0.39666666666666667,0.45666666666666667,0.4,0.4166666666666667,0.41,0.40254388991794554,0.37729658812622036,0.32480561825934284
46,0,0.2833333333333333,0.26,0.22,0.17666666666666667,0.26666666666666666,0.2871854463904981,0.2999854217518009,0.3132686084142395
47,0,0.38,0.3566666666666667,0.42,0.35333333333333333,0.3466666666666667,0.39203385336700114,0.4162552185601643,0.37863690713431647
48,0,0.2733333333333333,0.32666666666666666,0.33,0.2966666666666667,0.23,0.28145460364296493,0.37125151287359176,0.37863690713431647
49,0,0.39,0.4266666666666667,0.37,0.43,0.33666666666666667,0.38677816591322367,0.35283839232985986,0.32480561825934284
50,0,0.22666666666666666,0.3,0.26666666666666666,0.31333333333333335,0.25333333333333335,0.2681455881992545,0.3080013265612287,0.32480561825934284
51,0,0.23,0.3333333333333333,0.23,0.27666666666666667,0.18333333333333332,0.2797676296047475,0.28082804522353133,0.32480561825934284
52,0,0.4766666666666667,0.41,0.42333333333333334,0.47333333333333333,0.44,0.43642109478983887,0.40707948739936284,0.37863690713431647
53,0,0.36,0.36333333333333334,0.3566666666666667,0.3466666666666667,0.3933333333333333,0.3712922386499091,0.31991875153273214,0.3132686084142395
54,0,0.2733333333333333,0.35333333333333333,0.36666666666666664,0.3566666666666667,0.27666666666666667,0.29556859714037526,0.3225515108296549,0.3132686084142395
55,0,0.44333333333333336,0.4666666666666667,0.39,0.43333333333333335,0.3933333333333333,0.43623829272931686,0.41602517290197094,0.37863690713431647
56,0,0.3233333333333333,0.3466666666666667,0.2633333333333333,0.2966666666666667,0.26,0.3002811985843405,0.24018467274313496,0.32480561825934284
57,0,0.39666666666666667,0.37333333333333335,0.37666666666666665,0.3566666666666667,0.24666666666666667,0.340154072638036,0.36774842972128496,0.32480561825934284
58,0,0.32,0.3433333333333333,0.32666666666666666,0.36666666666666664,0.2633333333333333,0.34020989193106455,0.3557645314125261,0.32480561825934284
59,1,0.2833333333333333,0.35333333333333333,0.33666666666666667,0.32,0.25666666666666665,0.3365222083709532,0.362778305158342,0.37863690713431647
60,0,0.21,0.19333333333333333,0.22333333333333333,0.17,0.18333333333333332,0.18543220855645462,0.23333859590019537,0.3132686084142395
61,1,0.2833333333333333,0.35,0.39,0.36333333333333334,0.32,0.3118171161516982,0.2856837684018658,0.3132686084142395
62,0,0.37666666666666665,0.3933333333333333,0.32666666666666666,0.36666666666666664,0.27666666666666667,0.278119538572076,0.3139098774291942,0.3132686084142395
63,0,0.44333333333333336,0.4066666666666667,0.3933333333333333,0.43333333333333335,0.3466666666666667,0.4502790338687074,0.42270167468601255,0.40809248554913297
64,0,0.35333333333333333,0.39666666666666667,0.32666666666666666,0.33666666666666667,0.4033333333333333,0.3312474130726246,0.2826251591008918,0.32480561825934284
65,0,0.2833333333333333,0.23666666666666666,0.21,0.25333333333333335,0.25333333333333335,0.26936329673813103,0.2883823543150101,0.32480561825934284
66,1,0.35333333333333333,0.32,0.32666666666666666,0.31666666666666665,0.3466666666666667,0.34704126294625687,0.3531526928968528,0.32480561825934284
67,0,0.42333333333333334,0.41,0.42,0.32,0.31,0.40603782192912696,0.46234854487644367,0.37863690713431647
68,0,0.44666666666666666,0.43666666666666665,0.43,0.42,0.36,0.43086507888777337,0.40707948739936284,0.37863690713431647
69,0,0.35333333333333333,0.3433333333333333,0.37666666666666665,0.39,0.29333333333333333,0.32714782419137106,0.2934777353104426,0.32480561825934284
70,0,0.33666666666666667,0.41,0.4033333333333333,0.36,0.3433333333333333,0.3909023709199925,0.37147272298887307,0.32480561825934284
71,0,0.23,0.25,0.26666666666666666,0.24,0.22333333333333333,0.23423831435246378,0.32821755512352474,0.32480561825934284
72,0,0.4,0.41,0.4,0.41333333333333333,0.41333333333333333,0.41306100055769607,0.3290801972791992,0.32480561825934284
73,1,0.41333333333333333,0.4166666666666667,0.4066666666666667,0.45,0.29333333333333333,0.41135978764928105,0.3966542045514839,0.40809248554913297
74,0,0.28,0.36333333333333334,0.39,0.34,0.32,0.3493944934296646,0.3105808004797788,0.32480561825934284
75,0,0.24,0.26666666666666666,0.24,0.2633333333333333,0.21,0.25367488113992787,0.28625332422249905,0.32480561825934284
76,1,0.2966666666666667,0.31666666666666665,0.30666666666666664,0.30333333333333334,0.2,0.2866183349874249,0.34413095994933185,0.3132686084142395
77,1,0.3933333333333333,0.43666666666666665,0.4066666666666667,0.37666666666666665,0.36333333333333334,0.4000386208847779,0.35002075080398914,0.37863690713431647
78,1,0.27666666666666667,0.32666666666666666,0.33,0.33666666666666667,0.26,0.30123245254414016,0.34413095994933185,0.3132686084142395
79,1,0.3433333333333333,0.3466666666666667,0.3933333333333333,0.4033333333333333,0.2866666666666667,0.35148256872142913,0.32605413073284595,0.3132686084142395
80,0,0.23666666666666666,0.27666666666666667,0.30333333333333334,0.24333333333333335,0.15666666666666668,0.23322325257221066,0.3225515108296549,0.3132686084142395
81,0,0.31666666666666665,0.26,0.30333333333333334,0.29333333333333333,0.30666666666666664,0.33010469036538453,0.31754129876665793,0.3132686084142395
82,0,0.12,0.17666666666666667,0.16333333333333333,0.16,0.16333333333333333,0.1830104427429311,0.23493108371217603,0.3132686084142395
83,0,0.3,0.21,0.23333333333333334,0.2733333333333333,0.27,0.2825954041232912,0.30335272328958024,0.3132686084142395
84,1,0.36666666666666664,0.39,0.37666666666666665,0.43,0.35333333333333333,0.3279378419329054,0.3199434537323654,0.3132686084142395
85,0,0.21666666666666667,0.27,0.25333333333333335,0.25666666666666665,0.19666666666666666,0.23808657510543188,0.30591047608381694,0.3132686084142395
86,0,0.29333333333333333,0.27,0.2633333333333333,0.26,0.23,0.3147893610936318,0.3709747877687848,0.32480561825934284
87,0,0.33,0.2833333333333333,0.29,0.38333333333333336,0.22666666666666666,0.2999963777998622,0.3472787167751307,0.37863690713431647
88,1,0.35,0.38333333333333336,0.36666666666666664,0.43,0.19333333333333333,0.3557489464511914,0.413254717806299,0.37863690713431647
89,0,0.2866666666666667,0.32,0.25666666666666665,0.27666666666666667,0.3433333333333333,0.31423058731664655,0.30335272328958024,0.3132686084142395
90,1,0.2966666666666667,0.37666666666666665,0.36333333333333334,0.36333333333333334,0.27,0.35082368759601096,0.3963432163999766,0.37863690713431647
91,0,0.23333333333333334,0.24333333333333335,0.2633333333333333,0.2966666666666667,0.18666666666666668,0.25122909477245225,0.3114185769672878,0.32480561825934284
92,1,0.43333333333333335,0.36333333333333334,0.3933333333333333,0.38666666666666666,0.3333333333333333,0.3931605041198879,0.4162552185601643,0.37863690713431647
93,1,0.2633333333333333,0.2833333333333333,0.2966666666666667,0.32,0.24333333333333335,0.3073211655559104,0.2973063412979579,0.3132686084142395
94,0,0.24333333333333335,0.3,0.24,0.27666666666666667,0.23,0.2638073621087158,0.34976470796807985,0.3132686084142395
95,0,0.2833333333333333,0.36333333333333334,0.34,0.32,0.23,0.3083950065083561,0.2732400977758239,0.3132686084142395
96,1,0.4066666666666667,0.3933333333333333,0.46,0.42,0.37,0.40391066230138983,0.3225515108296549,0.3132686084142395
97,1,0.27,0.25,0.23333333333333334,0.23666666666666666,0.12666666666666668,0.23902669316543482,0.31991875153273214,0.3132686084142395
98,1,0.4766666666666667,0.4666666666666667,0.4266666666666667,0.44,0.34,0.4350916808790346,0.37125151287359176,0.37863690713431647
99,0,0.31,0.31666666666666665,0.3,0.28,0.28,0.32245884098244715,0.30591047608381694,0.3132686084142395
100,0,0.23333333333333334,0.28,0.3,0.30333333333333334,0.18666666666666668,0.23985121826592337,0.275231703485917,0.3132686084142395
101,0,0.33666666666666667,0.4533333333333333,0.4066666666666667,0.4066666666666667,0.2966666666666667,0.382157360504428,0.3562364926905811,0.3132686084142395
102,0,0.22666666666666666,0.2633333333333333,0.25666666666666665,0.31,0.21,0.25805949249009497,0.2790850333385204,0.3132686084142395
103,1,0.36333333333333334,0.33666666666666667,0.3433333333333333,0.31,0.3466666666666667,0.35826040382833246,0.3317515723860618,0.32480561825934284
104,0,0.2966666666666667,0.2966666666666667,0.25333333333333335,0.3333333333333333,0.17333333333333334,0.2581510121827958,0.3263138694472727,0.3132686084142395
105,0,0.26666666666666666,0.20333333333333334,0.27666666666666667,0.24,0.23333333333333334,0.2818795247527078,0.2631480354358961,0.32480561825934284
106,1,0.36,0.35333333333333333,0.29,0.2966666666666667,0.27666666666666667,0.32242566134638784,0.2973063412979579,0.3132686084142395
107,0,0.4166666666666667,0.38333333333333336,0.41333333333333333,0.3933333333333333,0.4066666666666667,0.40121867804613415,0.3405322709173217,0.3132686084142395
108,0,0.22666666666666666,0.23666666666666666,0.2833333333333333,0.23,0.19333333333333333,0.25437325407430766,0.294289070407718,0.32480561825934284
109,0,0.31666666666666665,0.3,0.2833333333333333,0.25,0.24666666666666667,0.28480996973950107,0.30335272328958024,0.3132686084142395
110,1,0.27,0.3233333333333333,0.3433333333333333,0.3,0.28,0.2854204524077043,0.291710469907523,0.3132686084142395
111,1,0.42,0.4266666666666667,0.43666666666666665,0.4533333333333333,0.36333333333333334,0.41319491769695776,0.36869939774787414,0.37863690713431647
112,0,0.31333333333333335,0.2833333333333333,0.2966666666666667,0.32666666666666666,0.22,0.29980782790381405,0.3225515108296549,0.3132686084142395
113,0,0.39,0.3933333333333333,0.3566666666666667,0.38666666666666666,0.29,0.35077384482250745,0.28834856892239463,0.32480561825934284
114,1,0.4166666666666667,0.39,0.3933333333333333,0.4,0.4,0.4176730858362843,0.3288710227311006,0.3132686084142395
115,1,0.43666666666666665,0.4166666666666667,0.42,0.42333333333333334,0.44666666666666666,0.4174118100928913,0.35868857133845966,0.32480561825934284
116,0,0.27,0.26,0.2866666666666667,0.2633333333333333,0.15333333333333332,0.2853409923060557,0.3463526864281765,0.32480561825934284
117,1,0.35333333333333333,0.39666666666666667,0.43666666666666665,0.47333333333333333,0.2733333333333333,0.36177592242965473,0.30276467633384785,0.3132686084142395
118,0,0.4,0.4166666666666667,0.4533333333333333,0.43333333333333335,0.3433333333333333,0.36926125706334056,0.34738426840150083,0.37863690713431647
119,0,0.43,0.36666666666666664,0.41,0.38333333333333336,0.33,0.43189553361020677,0.39395265942890306,0.37863690713431647
120,0,0.21666666666666667,0.25333333333333335,0.24,0.26,0.19666666666666666,0.24023924341018874,0.26145162583176135,0.3132686084142395
121,1,0.35333333333333333,0.42,0.4066666666666667,0.41,0.38,0.3992665238863674,0.3745322863323335,0.37863690713431647
122,0,0.3433333333333333,0.3333333333333333,0.32666666666666666,0.30333333333333334,0.2733333333333333,0.32831590325057325,0.34976470796807985,0.3132686084142395
123,1,0.45,0.4633333333333333,0.4166666666666667,0.37666666666666665,0.37333333333333335,0.4226244885035221,0.3713602053102008,0.37863690713431647
124,1,0.48333333333333334,0.44,0.4533333333333333,0.41,0.39666666666666667,0.43670538191782343,0.413254717806299,0.37863690713431647
125,0,0.30666666666666664,0.37666666666666665,0.4,0.30333333333333334,0.29333333333333333,0.3315168247021377,0.2968029608498245,0.32480561825934284
126,1,0.37666666666666665,0.3233333333333333,0.3433333333333333,0.3233333333333333,0.2833333333333333,0.35030381361989693,0.37449040059471034,0.37863690713431647
127,0,0.3466666666666667,0.3,0.30333333333333334,0.34,0.29,0.32101461328303704,0.33154153891269705,0.3132686084142395
128,0,0.3566666666666667,0.41333333333333333,0.42,0.38666666666666666,0.31,0.3519707070983925,0.37710065884565214,0.3132686084142395
129,1,0.32,0.3566666666666667,0.35,0.33666666666666667,0.2966666666666667,0.3523267302673701,0.3359460066431425,0.3132686084142395
130,0,0.24666666666666667,0.24666666666666667,0.26666666666666666,0.25333333333333335,0.29333333333333333,0.2420975392090663,0.25473134541498926,0.3132686084142395
131,0,0.23333333333333334,0.16,0.21666666666666667,0.17,0.17,0.21677689184658158,0.24519763107451806,0.3132686084142395
132,0,0.32666666666666666,0.3233333333333333,0.3,0.37333333333333335,0.29,0.37002201628631737,0.38116690884340987,0.37863690713431647
133,1,0.2833333333333333,0.24333333333333335,0.24,0.22666666666666666,0.2,0.25836168561218686,0.31798961609816245,0.3132686084142395
134,0,0.30333333333333334,0.37,0.33666666666666667,0.34,0.30333333333333334,0.35007179980193953,0.3965699474424473,0.32480561825934284
135,1,0.2733333333333333,0.3433333333333333,0.2966666666666667,0.35,0.2,0.31141900082049806,0.37192919097331756,0.37863690713431647
136,1,0.4266666666666667,0.4666666666666667,0.41333333333333333,0.4066666666666667,0.38666666666666666,0.412501052368136,0.3715814419150233,0.32480561825934284
137,0,0.44333333333333336,0.47333333333333333,0.43666666666666665,0.4033333333333333,0.33666666666666667,0.41634040666419314,0.3775610827003731,0.40809248554913297
138,0,0.27666666666666667,0.30666666666666664,0.28,0.2633333333333333,0.24,0.310110954801114,0.3686843783321149,0.32480561825934284
139,0,0.30666666666666664,0.3933333333333333,0.34,0.38333333333333336,0.32666666666666666,0.3435830640489392,0.2968029608498245,0.32480561825934284
140,0,0.35,0.4033333333333333,0.43333333333333335,0.4,0.31,0.35584621197693356,0.30508095229781185,0.3132686084142395
141,0,0.33,0.36,0.34,0.35,0.3,0.38658135468793836,0.3564538282240111,0.32480561825934284
142,0,0.35,0.30333333333333334,0.36666666666666664,0.31666666666666665,0.2733333333333333,0.32780567536888083,0.34465193656963755,0.37863690713431647
143,1,0.35333333333333333,0.48333333333333334,0.48333333333333334,0.4266666666666667,0.3333333333333333,0.39302289794831696,0.37710065884565214,0.3132686084142395
144,1,0.43666666666666665,0.37333333333333335,0.38333333333333336,0.38,0.39666666666666667,0.3987180109879828,0.3052818783914104,0.32480561825934284
145,1,0.38333333333333336,0.32,0.3466666666666667,0.37666666666666665,0.32666666666666666,0.36384379496391833,0.3839769739484619,0.32480561825934284
146,1,0.42333333333333334,0.4,0.42,0.38333333333333336,0.35333333333333333,0.40691905509102055,0.37729658812622036,0.32480561825934284
147,0,0.37333333333333335,0.3933333333333333,0.39666666666666667,0.43,0.29333333333333333,0.3880070339276606,0.362778305158342,0.37863690713431647
148,0,0.35333333333333333,0.38,0.3566666666666667,0.30333333333333334,0.27666666666666667,0.3086816488492555,0.32605413073284595,0.3132686084142395
149,0,0.28,0.38333333333333336,0.38,0.37333333333333335,0.23,0.30296371401456584,0.32605413073284595,0.3132686084142395
150,1,0.24666666666666667,0.26,0.25666666666666665,0.29,0.15666666666666668,0.237629017300917,0.27742115122416683,0.3132686084142395
151,1,0.51,0.52,0.5266666666666666,0.47,0.36666666666666664,0.4451599450249989,0.43317384981074974,0.37863690713431647
152,1,0.26,0.3,0.24333333333333335,0.26666666666666666,0.18666666666666668,0.24881031973042753,0.31401368324951906,0.32480561825934284
153,0,0.20333333333333334,0.21,0.23666666666666666,0.19333333333333333,0.20333333333333334,0.2344263003452829,0.23223918495243254,0.32480561825934284
154,0,0.38333333333333336,0.43,0.48,0.37666666666666665,0.36333333333333334,0.4169612927855874,0.34738426840150083,0.37863690713431647
155,1,0.38333333333333336,0.3333333333333333,0.37,0.39,0.27666666666666667,0.33500799806772014,0.36846385525307906,0.3132686084142395
156,0,0.21666666666666667,0.24333333333333335,0.23333333333333334,0.22333333333333333,0.19333333333333333,0.24313063396138027,0.32821755512352474,0.32480561825934284
157,0,0.2633333333333333,0.2,0.29333333333333333,0.30666666666666664,0.25,0.3139969088128461,0.3290801972791992,0.32480561825934284
158,0,0.26666666666666666,0.35,0.2966666666666667,0.31,0.24,0.28188663430370975,0.3342229410765026,0.3132686084142395
159,0,0.3566666666666667,0.36666666666666664,0.37333333333333335,0.3466666666666667,0.21,0.3416972118538439,0.3498706101744335,0.3132686084142395
160,0,0.24333333333333335,0.30333333333333334,0.26,0.25333333333333335,0.20666666666666667,0.2204802009164043,0.2625637375420556,0.3132686084142395
161,0,0.3466666666666667,0.47333333333333333,0.3933333333333333,0.45,0.3333333333333333,0.38020189542049515,0.38604079119660634,0.32480561825934284
162,0,0.31666666666666665,0.38333333333333336,0.32,0.37333333333333335,0.2633333333333333,0.3081369949074836,0.3342229410765026,0.3132686084142395
163,0,0.26666666666666666,0.3333333333333333,0.30333333333333334,0.32666666666666666,0.29333333333333333,0.29162933889461895,0.2649083518691961,0.3132686084142395
164,0,0.2966666666666667,0.33,0.32,0.32666666666666666,0.26,0.2836418656479305,0.3060093489656814,0.3132686084142395
165,1,0.48,0.3933333333333333,0.4266666666666667,0.43666666666666665,0.28,0.39885671355495717,0.37710065884565214,0.3132686084142395
166,0,0.19666666666666666,0.23333333333333334,0.24666666666666667,0.21333333333333335,0.23,0.23041413560952034,0.2701862061036348,0.3132686084142395
167,1,0.3466666666666667,0.39,0.35,0.39,0.30666666666666664,0.3685103678606379,0.3660014456017049,0.37863690713431647
168,1,0.39666666666666667,0.35333333333333333,0.36666666666666664,0.36666666666666664,0.3933333333333333,0.4159518506585258,0.3473439013260535,0.32480561825934284
169,1,0.2966666666666667,0.2833333333333333,0.3433333333333333,0.2866666666666667,0.26,0.34673583481260234,0.3264446252566856,0.3132686084142395
170,1,0.23666666666666666,0.27666666666666667,0.27666666666666667,0.3,0.21666666666666667,0.25193327277907446,0.2832261242062304,0.3132686084142395
171,0,0.27666666666666667,0.29,0.29333333333333333,0.25666666666666665,0.2633333333333333,0.2973802539396206,0.31991875153273214,0.3132686084142395
172,1,0.36,0.4033333333333333,0.3566666666666667,0.3466666666666667,0.27,0.34877418518149644,0.3713602053102008,0.37863690713431647
173,1,0.52,0.43,0.4633333333333333,0.45666666666666667,0.35,0.4642002382215572,0.3994357539266264,0.40809248554913297
174,0,0.20333333333333334,0.2866666666666667,0.24,0.2733333333333333,0.19666666666666666,0.22163446351850488,0.2594147176979023,0.32480561825934284
175,0,0.48333333333333334,0.38,0.4,0.43666666666666665,0.44333333333333336,0.46220407645090267,0.3940369011729263,0.40809248554913297
176,1,0.33666666666666667,0.27666666666666667,0.2633333333333333,0.2633333333333333,0.26,0.3116429727971751,0.3175271539643719,0.3132686084142395
177,1,0.33,0.35,0.3233333333333333,0.30333333333333334,0.2833333333333333,0.32997768165473274,0.2999854217518009,0.3132686084142395
178,0,0.37333333333333335,0.39666666666666667,0.37666666666666665,0.41,0.22,0.3640750060116008,0.3904934727382804,0.37863690713431647
179,0,0.22,0.22333333333333333,0.22666666666666666,0.2,0.20333333333333334,0.20780499098659544,0.30272708906794427,0.32480561825934284
180,0,0.3433333333333333,0.37,0.37333333333333335,0.37666666666666665,0.31,0.3931707626423086,0.32821755512352474,0.32480561825934284
181,0,0.20666666666666667,0.31666666666666665,0.2633333333333333,0.32,0.22666666666666666,0.2513289540348747,0.319394487219817,0.32480561825934284
182,1,0.4166666666666667,0.38,0.38333333333333336,0.43666666666666665,0.35,0.36040466022634926,0.31145676135260414,0.3132686084142395
183,0,0.35333333333333333,0.31666666666666665,0.33666666666666667,0.30666666666666664,0.29333333333333333,0.319636399739875,0.3112154212585413,0.3132686084142395
184,0,0.41333333333333333,0.36333333333333334,0.38666666666666666,0.3933333333333333,0.3566666666666667,0.40592628214442295,0.37729658812622036,0.32480561825934284
185,0,0.2866666666666667,0.33666666666666667,0.38,0.4033333333333333,0.30333333333333334,0.3761342951463163,0.3438781211998904,0.32480561825934284
186,0,0.39666666666666667,0.42,0.43666666666666665,0.39666666666666667,0.37333333333333335,0.3944300086617675,0.3498706101744335,0.3132686084142395
187,0,0.23333333333333334,0.23,0.24333333333333335,0.21666666666666667,0.19,0.25477685470004346,0.32012494809537945,0.32480561825934284
188,1,0.34,0.31,0.31,0.3233333333333333,0.23,0.3610034841719977,0.37457305279396724,0.32480561825934284
189,0,0.42333333333333334,0.4533333333333333,0.42333333333333334,0.48,0.32666666666666666,0.40519375885002196,0.35868857133845966,0.32480561825934284
190,0,0.3466666666666667,0.30666666666666664,0.2733333333333333,0.25666666666666665,0.30333333333333334,0.32668190355718585,0.3402660517121068,0.32480561825934284
191,0,0.42333333333333334,0.45666666666666667,0.44,0.38333333333333336,0.31333333333333335,0.36877162822858284,0.35002075080398914,0.37863690713431647
192,0,0.38333333333333336,0.4166666666666667,0.45,0.4266666666666667,0.29333333333333333,0.40918012025225514,0.3713602053102008,0.37863690713431647
193,1,0.3233333333333333,0.35,0.3466666666666667,0.31,0.31333333333333335,0.3405473249523667,0.34423605941321556,0.3132686084142395
194,0,0.3433333333333333,0.34,0.37333333333333335,0.3566666666666667,0.2633333333333333,0.3136413822608016,0.32016370364843805,0.3132686084142395
195,0,0.24,0.2733333333333333,0.24,0.3,0.18666666666666668,0.26140375514255165,0.31991875153273214,0.3132686084142395
196,1,0.2633333333333333,0.35,0.3433333333333333,0.37666666666666665,0.24333333333333335,0.3258964499977523,0.3584557928960238,0.32480561825934284
197,1,0.4633333333333333,0.43333333333333335,0.38666666666666666,0.42,0.46,0.4370193061619838,0.37729658812622036,0.32480561825934284
198,0,0.46,0.45,0.4666666666666667,0.44,0.37333333333333335,0.4247580824049568,0.3904934727382804,0.37863690713431647
199,1,0.38333333333333336,0.30666666666666664,0.30333333333333334,0.36,0.3333333333333333,0.35734474864900984,0.3500861739881233,0.32480561825934284
200,1,0.32,0.31333333333333335,0.36,0.3566666666666667,0.26666666666666666,0.3443346047718227,0.3438781211998904,0.32480561825934284
201,0,0.3,0.32,0.4033333333333333,0.3233333333333333,0.2833333333333333,0.29232472975014706,0.31317210058876593,0.32480561825934284
202,0,0.38333333333333336,0.34,0.35333333333333333,0.4,0.38666666666666666,0.36828350811788957,0.3087555517471695,0.3132686084142395
203,0,0.37,0.39666666666666667,0.36666666666666664,0.36666666666666664,0.42,0.3898954420880944,0.3378513329032158,0.3132686084142395
204,0,0.27,0.29333333333333333,0.2633333333333333,0.29,0.3,0.2805378002444417,0.24754191858033875,0.3132686084142395
205,0,0.36666666666666664,0.35333333333333333,0.31,0.39666666666666667,0.2966666666666667,0.3727762245589209,0.3472787167751307,0.37863690713431647
206,0,0.31333333333333335,0.31333333333333335,0.31666666666666665,0.25,0.27666666666666667,0.304009236864444,0.30272708906794427,0.32480561825934284
207,0,0.47333333333333333,0.45,0.36333333333333334,0.42,0.4066666666666667,0.44312466892445235,0.419871379015335,0.40809248554913297
208,0,0.39666666666666667,0.34,0.3933333333333333,0.34,0.29333333333333333,0.3730505710396658,0.4067239463579503,0.37863690713431647
209,0,0.22666666666666666,0.18666666666666668,0.19666666666666666,0.24666666666666667,0.18333333333333332,0.2073863731321851,0.2283567066495628,0.3132686084142395
210,1,0.38666666666666666,0.41,0.4266666666666667,0.42,0.3466666666666667,0.35500250636095393,0.35002075080398914,0.37863690713431647
211,0,0.45666666666666667,0.42333333333333334,0.41,0.37,0.44666666666666666,0.39588230218534964,0.3801376019711631,0.32480561825934284
212,0,0.2,0.27,0.23666666666666666,0.25666666666666665,0.18,0.22435146574858922,0.3105808004797788,0.32480561825934284
213,0,0.31,0.2833333333333333,0.2633333333333333,0.33666666666666667,0.2733333333333333,0.33268914965703267,0.3372868791468017,0.32480561825934284
214,1,0.2866666666666667,0.41,0.3333333333333333,0.41,0.2966666666666667,0.33117082690019006,0.25438185467866326,0.3132686084142395
215,0,0.2866666666666667,0.30333333333333334,0.29333333333333333,0.32666666666666666,0.2966666666666667,0.31538922373763834,0.3110972104611617,0.3132686084142395
216,1,0.3466666666666667,0.31333333333333335,0.30666666666666664,0.3933333333333333,0.2633333333333333,0.32543445022635353,0.3612110402418727,0.32480561825934284
217,1,0.4633333333333333,0.37333333333333335,0.36,0.4,0.36666666666666664,0.42490009530773043,0.37147272298887307,0.32480561825934284
218,0,0.3,0.31,0.36333333333333334,0.3466666666666667,0.21666666666666667,0.28357217059645906,0.33164473768808256,0.3132686084142395
219,1,0.3,0.2833333333333333,0.2833333333333333,0.29,0.24333333333333335,0.2690278962003573,0.29168805461005937,0.3132686084142395
220,0,0.2833333333333333,0.28,0.25,0.26666666666666666,0.2866666666666667,0.289178605759472,0.30591047608381694,0.3132686084142395
221,0,0.3333333333333333,0.26666666666666666,0.3433333333333333,0.31333333333333335,0.2633333333333333,0.317414814563198,0.3105808004797788,0.32480561825934284
222,0,0.25333333333333335,0.30666666666666664,0.32666666666666666,0.32666666666666666,0.2633333333333333,0.2919805261606996,0.285877174917217,0.32480561825934284
223,1,0.4033333333333333,0.4166666666666667,0.39,0.45666666666666667,0.32,0.365825169421001,0.33443382337180977,0.32480561825934284
224,1,0.41333333333333333,0.4266666666666667,0.46,0.41,0.37333333333333335,0.42340559454023946,0.42525810422530674,0.40809248554913297
225,1,0.46,0.4266666666666667,0.46,0.43,0.37,0.4322433653225437,0.413254717806299,0.37863690713431647
226,1,0.38333333333333336,0.43333333333333335,0.4166666666666667,0.48333333333333334,0.4066666666666667,0.4355868844654463,0.4073082161436856,0.40809248554913297
227,0,0.29333333333333333,0.33666666666666667,0.27666666666666667,0.27666666666666667,0.30666666666666664,0.29678213690538885,0.23333859590019537,0.3132686084142395
228,0,0.35333333333333333,0.4066666666666667,0.4,0.37333333333333335,0.39666666666666667,0.3955594041491614,0.42514430522545604,0.40809248554913297
229,1,0.31333333333333335,0.31666666666666665,0.3566666666666667,0.33,0.3233333333333333,0.32240333097522506,0.3235083223557999,0.3132686084142395
230,0,0.33666666666666667,0.3466666666666667,0.37666666666666665,0.41333333333333333,0.28,0.3916715752552181,0.36127522736494355,0.32480561825934284
231,0,0.37666666666666665,0.38333333333333336,0.38666666666666666,0.39,0.24666666666666667,0.34728875898457257,0.3308853811480467,0.32480561825934284
232,0,0.38666666666666666,0.3566666666666667,0.37666666666666665,0.30333333333333334,0.22,0.34519540379827135,0.36846385525307906,0.3132686084142395
233,0,0.37666666666666665,0.3233333333333333,0.31333333333333335,0.3566666666666667,0.30666666666666664,0.35407554016366366,0.35565782114275774,0.32480561825934284
234,1,0.36,0.34,0.2733333333333333,0.31333333333333335,0.2633333333333333,0.3372064215482901,0.3055555916837869,0.32480561825934284
235,0,0.34,0.31,0.31666666666666665,0.26666666666666666,0.2633333333333333,0.31838523468895596,0.37729658812622036,0.32480561825934284
236,1,0.4066666666666667,0.43,0.43666666666666665,0.42,0.37666666666666665,0.43191855249877603,0.3801376019711631,0.32480561825934284
237,1,0.49,0.3933333333333333,0.4866666666666667,0.49666666666666665,0.36333333333333334,0.47718033956911154,0.43317384981074974,0.37863690713431647
238,1,0.41333333333333333,0.42333333333333334,0.42,0.43333333333333335,0.36,0.39087995194817887,0.3585367635856029,0.32480561825934284
239,0,0.3566666666666667,0.29,0.29333333333333333,0.36333333333333334,0.24666666666666667,0.33329130205104857,0.34976470796807985,0.3132686084142395
240,1,0.22,0.26666666666666666,0.28,0.26666666666666666,0.16333333333333333,0.24566452643028078,0.25930877527382107,0.32480561825934284
241,1,0.25666666666666665,0.31,0.26,0.27666666666666667,0.24333333333333335,0.2775788999896912,0.27257372784733697,0.3132686084142395
242,0,0.45666666666666667,0.41,0.43,0.44,0.31666666666666665,0.418048224961198,0.37125151287359176,0.37863690713431647
243,0,0.36333333333333334,0.38333333333333336,0.38666666666666666,0.4866666666666667,0.33666666666666667,0.4068429206066932,0.33443382337180977,0.32480561825934284
244,0,0.2,0.21,0.18,0.18333333333333332,0.25333333333333335,0.24654030677207614,0.2500063136684296,0.32480561825934284
245,1,0.3233333333333333,0.29333333333333333,0.2833333333333333,0.27,0.32666666666666666,0.30648404385628203,0.3112154212585413,0.3132686084142395
246,0,0.24,0.3433333333333333,0.32666666666666666,0.33,0.2966666666666667,0.2848429011926598,0.2701862061036348,0.3132686084142395
247,0,0.16,0.15666666666666668,0.17333333333333334,0.18666666666666668,0.22,0.17869501587874528,0.1928051429880229,0.38461538461538464
248,0,0.38666666666666666,0.28,0.28,0.32,0.19333333333333333,0.25908579035326496,0.30335272328958024,0.3132686084142395
249,0,0.44,0.4066666666666667,0.39666666666666667,0.41,0.3466666666666667,0.39850769677645836,0.39656976944988853,0.37863690713431647
250,1,0.28,0.29,0.3,0.3333333333333333,0.22333333333333333,0.3023227840418525,0.34909131922120545,0.32480561825934284
251,0,0.38,0.38333333333333336,0.46,0.42333333333333334,0.3433333333333333,0.4055380181384248,0.43586412576016587,0.37863690713431647
252,0,0.3433333333333333,0.44,0.4,0.36666666666666664,0.3,0.32688048441740697,0.3497905293916805,0.3132686084142395
253,0,0.33,0.36,0.23333333333333334,0.32666666666666666,0.27666666666666667,0.3074759352955213,0.3086824156986753,0.32480561825934284
254,0,0.30666666666666664,0.2966666666666667,0.30666666666666664,0.25333333333333335,0.25666666666666665,0.2986247213720845,0.33443382337180977,0.32480561825934284
255,1,0.26666666666666666,0.3,0.2833333333333333,0.28,0.23333333333333334,0.2564296530668976,0.2604928539157076,0.3132686084142395
256,0,0.38333333333333336,0.36666666666666664,0.41,0.37,0.29333333333333333,0.4162780873999365,0.3994357539266264,0.40809248554913297
257,0,0.19,0.26,0.20333333333333334,0.21333333333333335,0.17333333333333334,0.18601882840799105,0.23006404435550992,0.32480561825934284
258,0,0.33,0.37666666666666665,0.36333333333333334,0.38,0.2866666666666667,0.35696541668600773,0.362778305158342,0.37863690713431647
259,1,0.4266666666666667,0.38666666666666666,0.38333333333333336,0.4266666666666667,0.4033333333333333,0.4136683854569385,0.34998024165790276,0.32480561825934284
260,0,0.19666666666666666,0.2733333333333333,0.3,0.28,0.18666666666666668,0.2166691888627705,0.2513620071304049,0.3132686084142395
261,0,0.45,0.46,0.47,0.38666666666666666,0.37666666666666665,0.40032205750361727,0.36774842972128496,0.32480561825934284
262,0,0.38333333333333336,0.3466666666666667,0.3,0.34,0.2633333333333333,0.34382796704398405,0.34976470796807985,0.3132686084142395
263,1,0.45666666666666667,0.4166666666666667,0.43,0.42333333333333334,0.37666666666666665,0.43781914769319097,0.4067239463579503,0.37863690713431647
264,0,0.25333333333333335,0.23666666666666666,0.2633333333333333,0.24,0.18333333333333332,0.20318157214249324,0.25987812186377635,0.3132686084142395
265,0,0.33,0.36,0.3333333333333333,0.38,0.30666666666666664,0.35827951320934703,0.3192746097797806,0.32480561825934284
266,1,0.4533333333333333,0.42333333333333334,0.41333333333333333,0.44666666666666666,0.47333333333333333,0.44967365245353413,0.3875398905396283,0.37863690713431647
267,0,0.28,0.26666666666666666,0.27666666666666667,0.26,0.19333333333333333,0.30345883506472354,0.2999854217518009,0.3132686084142395
268,1,0.33,0.31666666666666665,0.3,0.30666666666666664,0.21,0.325897005667024,0.37449040059471034,0.37863690713431647
269,0,0.29333333333333333,0.3,0.32,0.2733333333333333,0.26666666666666666,0.2871384015219243,0.3019024428319203,0.32480561825934284
270,1,0.35,0.29,0.23666666666666666,0.25333333333333335,0.3,0.3022160399564002,0.3113003238796346,0.32480561825934284
271,1,0.4266666666666667,0.42,0.37333333333333335,0.49666666666666665,0.38333333333333336,0.4105945720807843,0.35868857133845966,0.32480561825934284
272,0,0.2833333333333333,0.36666666666666664,0.3233333333333333,0.30666666666666664,0.21333333333333335,0.26719653031541335,0.32340643029834243,0.3132686084142395
273,1,0.4766666666666667,0.42333333333333334,0.44,0.45666666666666667,0.31666666666666665,0.41897506748205426,0.35002075080398914,0.37863690713431647
274,0,0.29,0.32666666666666666,0.3566666666666667,0.34,0.2966666666666667,0.30117185769835786,0.28387490198601995,0.3132686084142395
275,0,0.21,0.2966666666666667,0.24,0.2866666666666667,0.22,0.24090185592114058,0.27257372784733697,0.3132686084142395
276,1,0.36,0.44333333333333336,0.4266666666666667,0.43333333333333335,0.34,0.38663264377987183,0.35868857133845966,0.32480561825934284
277,0,0.23333333333333334,0.25,0.26666666666666666,0.27,0.18666666666666668,0.23483707100089213,0.27282963212468464,0.3132686084142395
278,0,0.2733333333333333,0.21666666666666667,0.23333333333333334,0.24,0.23333333333333334,0.2657020039516134,0.34976470796807985,0.3132686084142395
279,1,0.26,0.34,0.3,0.35,0.32666666666666666,0.30238587379417986,0.26704593635058993,0.3132686084142395
280,0,0.29333333333333333,0.25,0.31333333333333335,0.32,0.22333333333333333,0.2784771960774213,0.3235083223557999,0.3132686084142395
281,0,0.38666666666666666,0.4066666666666667,0.3433333333333333,0.39,0.25,0.3733981533946371,0.3878906859565231,0.37863690713431647
282,0,0.43,0.4166666666666667,0.43,0.43,0.41333333333333333,0.4281318294806226,0.36774842972128496,0.32480561825934284
283,1,0.37666666666666665,0.43333333333333335,0.47,0.42,0.3566666666666667,0.45935528934905967,0.42537572036006976,0.40809248554913297
284,1,0.36,0.37,0.4033333333333333,0.3566666666666667,0.20333333333333334,0.3359096396526461,0.377405988055231,0.32480561825934284
285,0,0.30666666666666664,0.30666666666666664,0.3333333333333333,0.3333333333333333,0.31,0.3220538279291139,0.28895680202721563,0.3132686084142395
286,0,0.31,0.2833333333333333,0.2866666666666667,0.29333333333333333,0.2,0.30497202880446495,0.2905483432206393,0.3132686084142395
287,0,0.24666666666666667,0.24,0.22666666666666666,0.2633333333333333,0.19666666666666666,0.24251117418792442,0.3288710227311006,0.3132686084142395
288,1,0.39666666666666667,0.44666666666666666,0.39666666666666667,0.4,0.39,0.43794720502545575,0.4067239463579503,0.37863690713431647
289,0,0.2733333333333333,0.30666666666666664,0.38,0.35333333333333333,0.26,0.34288066128828826,0.37201161408613515,0.40809248554913297
290,0,0.4266666666666667,0.38666666666666666,0.37,0.36333333333333334,0.37333333333333335,0.39723782607227714,0.3584296844235673,0.32480561825934284
291,1,0.2833333333333333,0.32,0.2866666666666667,0.25,0.2,0.28350024299876186,0.3342229410765026,0.3132686084142395
292,1,0.3333333333333333,0.38333333333333336,0.41,0.36,0.32,0.3647197200864473,0.3290801972791992,0.32480561825934284
293,0,0.36,0.39,0.3933333333333333,0.47,0.33,0.3449577044791172,0.3713602053102008,0.37863690713431647
294,1,0.33,0.31666666666666665,0.32666666666666666,0.31666666666666665,0.27,0.3503794973920084,0.38055629392077917,0.32480561825934284
295,0,0.2966666666666667,0.32,0.31666666666666665,0.32666666666666666,0.2733333333333333,0.3076531033340501,0.28933536166908513,0.3132686084142395
296,0,0.4533333333333333,0.44666666666666666,0.39,0.41333333333333333,0.2866666666666667,0.43191855249877603,0.3801376019711631,0.32480561825934284
297,0,0.4,0.44333333333333336,0.43333333333333335,0.3933333333333333,0.33666666666666667,0.37214201163320304,0.3837528639692382,0.37863690713431647
298,0,0.3466666666666667,0.37,0.42333333333333334,0.3466666666666667,0.23666666666666666,0.3638131964890256,0.36846385525307906,0.3132686084142395
299,1,0.36333333333333334,0.4266666666666667,0.41,0.46,0.3233333333333333,0.3722186804192619,0.3292223283384345,0.3132686084142395
300,0,0.38333333333333336,0.43666666666666665,0.4666666666666667,0.44666666666666666,0.3433333333333333,0.37304107389500935,0.3473439013260535,0.32480561825934284
301,0,0.3466666666666667,0.3,0.30666666666666664,0.33,0.3333333333333333,0.3564583672956417,0.34413095994933185,0.3132686084142395
302,1,0.23666666666666666,0.2966666666666667,0.29333333333333333,0.2733333333333333,0.19,0.22774420834734027,0.2834546915161463,0.3132686084142395
303,1,0.3,0.3,0.35333333333333333,0.31,0.34,0.3339210112690571,0.35251576986384314,0.3132686084142395
304,1,0.39,0.3433333333333333,0.39,0.30666666666666664,0.3,0.34906553069370455,0.32340643029834243,0.3132686084142395
305,1,0.38666666666666666,0.30333333333333334,0.30333333333333334,0.2966666666666667,0.21,0.33383741131974976,0.3411843027857495,0.37863690713431647
306,0,0.31,0.3333333333333333,0.33,0.30666666666666664,0.15,0.3022077929214748,0.44508668264849305,0.40809248554913297
307,0,0.39,0.35,0.43,0.4033333333333333,0.2833333333333333,0.3439979539640062,0.3291195121615016,0.3132686084142395
308,1,0.38666666666666666,0.33666666666666667,0.3933333333333333,0.37333333333333335,0.4066666666666667,0.3898954420880944,0.3378513329032158,0.3132686084142395
309,0,0.35,0.45666666666666667,0.36666666666666664,0.45666666666666667,0.3233333333333333,0.36815761128975827,0.32016370364843805,0.3132686084142395
310,0,0.29,0.32,0.30666666666666664,0.2866666666666667,0.31,0.3139561665601147,0.2939778338370258,0.3132686084142395
311,1,0.3466666666666667,0.33666666666666667,0.35,0.3466666666666667,0.28,0.3494502262198483,0.34998024165790276,0.32480561825934284
312,1,0.3233333333333333,0.2733333333333333,0.32,0.24333333333333335,0.32666666666666666,0.3155112589417649,0.2939778338370258,0.3132686084142395
313,0,0.4533333333333333,0.43666666666666665,0.43,0.3933333333333333,0.36333333333333334,0.41790148704756247,0.38116690884340987,0.37863690713431647
314,0,0.26,0.22666666666666666,0.2866666666666667,0.23333333333333334,0.17,0.2483198284158852,0.29167368089468354,0.32480561825934284
315,0,0.4066666666666667,0.35333333333333333,0.39,0.4066666666666667,0.32666666666666666,0.3922429789994334,0.33443382337180977,0.32480561825934284
316,0,0.47,0.45666666666666667,0.42,0.43333333333333335,0.4,0.41193430180125457,0.3775610827003731,0.40809248554913297
317,0,0.3,0.44333333333333336,0.45,0.36333333333333334,0.32666666666666666,0.33347670466236196,0.3084802452936414,0.3132686084142395
318,0,0.19333333333333333,0.20333333333333334,0.2,0.19666666666666666,0.16,0.21763748682568132,0.283418527057911,0.32480561825934284
319,1,0.3233333333333333,0.30666666666666664,0.3,0.33666666666666667,0.3433333333333333,0.3224020216284142,0.3225515108296549,0.3132686084142395
320,0,0.5,0.36,0.41,0.3333333333333333,0.46,0.437566164469091,0.36598629978379144,0.37863690713431647
321,0,0.27666666666666667,0.2866666666666667,0.30666666666666664,0.3433333333333333,0.2966666666666667,0.3334508820964805,0.3087555517471695,0.3132686084142395
322,1,0.36666666666666664,0.29,0.36,0.34,0.2833333333333333,0.3366716635775972,0.3472787167751307,0.37863690713431647
323,0,0.3233333333333333,0.37,0.43,0.39666666666666667,0.2833333333333333,0.3363617888006849,0.3547883375208287,0.32480561825934284
324,1,0.35333333333333333,0.3466666666666667,0.4,0.43,0.27,0.399957534975338,0.3907190233541516,0.40809248554913297
325,1,0.33666666666666667,0.2866666666666667,0.33666666666666667,0.3,0.2966666666666667,0.3504610526979473,0.3463526864281765,0.32480561825934284
326,0,0.33666666666666667,0.26666666666666666,0.27666666666666667,0.33666666666666667,0.25,0.31360098358072236,0.41591205668825176,0.37863690713431647
327,0,0.33666666666666667,0.36333333333333334,0.3,0.2866666666666667,0.31333333333333335,0.3622262753186287,0.34074509671170655,0.32480561825934284
328,1,0.32,0.31666666666666665,0.31666666666666665,0.30666666666666664,0.30333333333333334,0.3354565512161259,0.30022184908265187,0.3132686084142395
329,0,0.4166666666666667,0.31333333333333335,0.36333333333333334,0.3566666666666667,0.32666666666666666,0.3908527414845886,0.3436496361456847,0.3132686084142395
330,1,0.42333333333333334,0.43333333333333335,0.37666666666666665,0.38,0.3933333333333333,0.3951055622029837,0.34413095994933185,0.3132686084142395
331,0,0.23333333333333334,0.25333333333333335,0.29333333333333333,0.30666666666666664,0.24666666666666667,0.26978454579592726,0.27761113793797026,0.32480561825934284
332,0,0.4266666666666667,0.36333333333333334,0.37,0.35333333333333333,0.31666666666666665,0.38502768839363505,0.3649716349350417,0.37863690713431647
333,0,0.27666666666666667,0.29,0.3,0.3,0.28,0.3070674931181746,0.2971875033874238,0.32480561825934284
334,1,0.3466666666666667,0.36333333333333334,0.42333333333333334,0.37,0.36666666666666664,0.3787263732399223,0.37729658812622036,0.32480561825934284
335,1,0.3933333333333333,0.36,0.39,0.38666666666666666,0.29333333333333333,0.3575180901034585,0.3688077812768109,0.37863690713431647
336,0,0.43333333333333335,0.44,0.4633333333333333,0.47,0.38333333333333336,0.4297058548212959,0.413254717806299,0.37863690713431647
337,0,0.3466666666666667,0.3466666666666667,0.4033333333333333,0.35,0.33,0.3479849651201062,0.3801376019711631,0.32480561825934284
338,0,0.30333333333333334,0.35,0.30333333333333334,0.3,0.22333333333333333,0.28370634658472876,0.33999111402461263,0.32480561825934284
339,0,0.39,0.30666666666666664,0.3466666666666667,0.37333333333333335,0.3566666666666667,0.38708346464310944,0.34074509671170655,0.32480561825934284
340,0,0.36,0.35333333333333333,0.33,0.3333333333333333,0.33666666666666667,0.3631321877007988,0.3649718073231984,0.32480561825934284
341,0,0.3933333333333333,0.4166666666666667,0.42333333333333334,0.4166666666666667,0.34,0.41909970839288635,0.36869939774787414,0.37863690713431647
342,0,0.38,0.32666666666666666,0.35333333333333333,0.2833333333333333,0.25333333333333335,0.32565331175468093,0.311518431103041,0.32480561825934284
343,0,0.3933333333333333,0.37333333333333335,0.3933333333333333,0.39,0.32,0.39922447747707124,0.3849289032246405,0.37863690713431647
344,1,0.3,0.23,0.2633333333333333,0.3,0.21666666666666667,0.3212357821598492,0.31773252923848805,0.32480561825934284
345,1,0.36666666666666664,0.43666666666666665,0.42,0.37333333333333335,0.32,0.3668035675133719,0.2732400977758239,0.3132686084142395
346,0,0.4,0.43333333333333335,0.4533333333333333,0.4066666666666667,0.37,0.3760632455070987,0.37710065884565214,0.3132686084142395
347,0,0.34,0.2966666666666667,0.26,0.25666666666666665,0.19,0.2844107383229993,0.3709747877687848,0.32480561825934284
348,1,0.36333333333333334,0.4,0.41333333333333333,0.37333333333333335,0.33,0.388796008321886,0.35273207919449556,0.32480561825934284
349,0,0.34,0.3433333333333333,0.30333333333333334,0.31666666666666665,0.29333333333333333,0.3607106156424069,0.34976470796807985,0.3132686084142395
350,1,0.31666666666666665,0.3333333333333333,0.33,0.34,0.2866666666666667,0.3180448086456225,0.30591047608381694,0.3132686084142395
351,1,0.34,0.31666666666666665,0.34,0.32,0.27,0.3406997234120166,0.3291195121615016,0.3132686084142395
352,0,0.2,0.15,0.14333333333333334,0.19,0.20333333333333334,0.21058324411944607,0.21185203901856486,0.32480561825934284
353,1,0.4166666666666667,0.4766666666666667,0.44333333333333336,0.41333333333333333,0.36,0.39504973161168,0.3713602053102008,0.37863690713431647
354,1,0.3566666666666667,0.38,0.38,0.38333333333333336,0.3233333333333333,0.3722329524424081,0.32897379934603904,0.3132686084142395
355,0,0.39666666666666667,0.41,0.46,0.44333333333333336,0.30333333333333334,0.40533300461070343,0.3801376019711631,0.32480561825934284
356,1,0.38666666666666666,0.37,0.33666666666666667,0.35333333333333333,0.29333333333333333,0.4005781638430529,0.39395265942890306,0.37863690713431647
357,0,0.3466666666666667,0.4,0.45666666666666667,0.42,0.31333333333333335,0.37572570228780455,0.3415155315922274,0.3132686084142395
358,1,0.36333333333333334,0.3933333333333333,0.4033333333333333,0.35,0.31,0.3352590998398739,0.27026430751321295,0.32480561825934284
359,0,0.2633333333333333,0.2833333333333333,0.30333333333333334,0.27666666666666667,0.2633333333333333,0.2818649106482363,0.33154153891269705,0.3132686084142395
360,0,0.24333333333333335,0.23666666666666666,0.2833333333333333,0.2966666666666667,0.19333333333333333,0.2722106937851234,0.28636957137613644,0.3132686084142395
361,1,0.24333333333333335,0.29,0.31,0.24666666666666667,0.23333333333333334,0.2460031616584012,0.31145676135260414,0.3132686084142395
362,0,0.2866666666666667,0.37,0.38,0.36333333333333334,0.25,0.3327397780402539,0.31754129876665793,0.3132686084142395
363,1,0.4066666666666667,0.43666666666666665,0.42333333333333334,0.36333333333333334,0.39666666666666667,0.43872569896027536,0.4225406249392561,0.40809248554913297
364,1,0.39,0.3466666666666667,0.3433333333333333,0.32,0.38333333333333336,0.39624240046366815,0.2968373236463727,0.32480561825934284
365,1,0.3466666666666667,0.3433333333333333,0.33666666666666667,0.36,0.23333333333333334,0.3325482278964014,0.3463526864281765,0.32480561825934284
366,0,0.33666666666666667,0.4266666666666667,0.45,0.37333333333333335,0.26,0.3655256897804183,0.41602517290197094,0.37863690713431647
367,1,0.31,0.33,0.3566666666666667,0.2833333333333333,0.2633333333333333,0.29453347355475296,0.30311599848844206,0.32480561825934284
368,1,0.34,0.4166666666666667,0.36666666666666664,0.39,0.29,0.36629300522863034,0.3904934727382804,0.37863690713431647
369,0,0.2833333333333333,0.31,0.3433333333333333,0.33,0.29,0.29369618808443326,0.34909131922120545,0.32480561825934284
370,0,0.31333333333333335,0.25333333333333335,0.29,0.23666666666666666,0.26,0.29263909895929435,0.3709747877687848,0.32480561825934284
371,0,0.3433333333333333,0.32666666666666666,0.31,0.31,0.23,0.29247371999375343,0.33443382337180977,0.32480561825934284
372,1,0.2,0.21,0.22333333333333333,0.19333333333333333,0.16666666666666666,0.22453181082533116,0.2832261242062304,0.3132686084142395
373,1,0.43333333333333335,0.41333333333333333,0.37333333333333335,0.32,0.2866666666666667,0.39957519805244085,0.439435459365566,0.37863690713431647
374,1,0.30666666666666664,0.2866666666666667,0.36,0.32,0.31,0.3301306609012083,0.31145676135260414,0.3132686084142395
375,1,0.37333333333333335,0.34,0.2966666666666667,0.32666666666666666,0.21333333333333335,0.31228651946889563,0.3927512658837421,0.32480561825934284
376,0,0.26,0.2,0.23333333333333334,0.22,0.19,0.20293330156158132,0.2915918647722958,0.3132686084142395
377,0,0.2833333333333333,0.30333333333333334,0.2833333333333333,0.2833333333333333,0.20666666666666667,0.23993588530189683,0.3220249750193526,0.32480561825934284
378,0,0.3433333333333333,0.38333333333333336,0.3566666666666667,0.35333333333333333,0.25666666666666665,0.3571386796633545,0.34738426840150083,0.37863690713431647
379,1,0.4766666666666667,0.4533333333333333,0.5,0.49666666666666665,0.4266666666666667,0.44948261622684954,0.44238412132029553,0.40809248554913297
380,1,0.3566666666666667,0.30666666666666664,0.35,0.36666666666666664,0.29,0.35809574659086246,0.3463526864281765,0.32480561825934284
381,1,0.27,0.2733333333333333,0.27,0.29,0.22666666666666666,0.3450425905320977,0.42537572036006976,0.40809248554913297
382,1,0.4166666666666667,0.3466666666666667,0.32666666666666666,0.31666666666666665,0.2733333333333333,0.3660760120259786,0.3471291241771058,0.3132686084142395
383,1,0.3433333333333333,0.3,0.33666666666666667,0.35333333333333333,0.21666666666666667,0.3185442571545719,0.3463526864281765,0.32480561825934284
384,0,0.4,0.3333333333333333,0.34,0.32,0.31,0.3791640917504557,0.3649718073231984,0.32480561825934284
385,0,0.34,0.27666666666666667,0.3,0.26666666666666666,0.23666666666666666,0.312996250147245,0.32012494809537945,0.32480561825934284
386,0,0.20333333333333334,0.24,0.2,0.23666666666666666,0.18,0.20945687791542814,0.2622072815485365,0.3132686084142395
387,0,0.3233333333333333,0.31,0.32,0.33,0.29333333333333333,0.3449400808845486,0.3258079757197164,0.32480561825934284
388,0,0.42333333333333334,0.4266666666666667,0.43666666666666665,0.37,0.4033333333333333,0.421206677626283,0.3965699474424473,0.32480561825934284
389,0,0.33,0.30666666666666664,0.27666666666666667,0.27666666666666667,0.21,0.2880422367101384,0.2939778338370258,0.3132686084142395
390,0,0.24333333333333335,0.23,0.2733333333333333,0.27,0.23,0.2957828619518673,0.2898422771762386,0.32480561825934284
391,1,0.4533333333333333,0.39,0.39666666666666667,0.45,0.3933333333333333,0.4015547089981149,0.36869939774787414,0.37863690713431647
392,0,0.35333333333333333,0.36666666666666664,0.32666666666666666,0.36333333333333334,0.3333333333333333,0.3644860077966955,0.33484390513165174,0.32480561825934284
393,1,0.19,0.24666666666666667,0.21,0.25666666666666665,0.19333333333333333,0.24978574474982074,0.2999854217518009,0.3132686084142395
394,0,0.43,0.3933333333333333,0.4166666666666667,0.4033333333333333,0.37,0.4427548958780958,0.37729658812622036,0.32480561825934284
395,1,0.37333333333333335,0.4666666666666667,0.47,0.48333333333333334,0.2966666666666667,0.3866230469603329,0.3745322863323335,0.37863690713431647
396,0,0.31,0.3433333333333333,0.36333333333333334,0.42,0.2633333333333333,0.3521895517761799,0.3498706101744335,0.3132686084142395
397,1,0.23333333333333334,0.24,0.25,0.2866666666666667,0.23333333333333334,0.27911482558710526,0.2947899746276062,0.3132686084142395
398,0,0.37333333333333335,0.35333333333333333,0.32666666666666666,0.32,0.2833333333333333,0.3486324279914519,0.3801376019711631,0.32480561825934284
399,0,0.43,0.34,0.36333333333333334,0.36,0.3933333333333333,0.3702514152086964,0.34976470796807985,0.3132686084142395
400,1,0.25,0.22,0.26666666666666666,0.26666666666666666,0.21666666666666667,0.25970127956607814,0.3087416212546336,0.3132686084142395
401,0,0.4066666666666667,0.3433333333333333,0.4,0.37666666666666665,0.39666666666666667,0.36293847613938757,0.3007543971223319,0.3132686084142395
402,1,0.33,0.36333333333333334,0.3233333333333333,0.4033333333333333,0.31,0.3692929356650891,0.3687663314262475,0.32480561825934284
403,1,0.32666666666666666,0.23,0.27,0.2733333333333333,0.25333333333333335,0.3096485588248863,0.3588383080478218,0.32480561825934284
404,1,0.49333333333333335,0.37666666666666665,0.38,0.38,0.5033333333333333,0.3836656527061293,0.24743920486537294,0.3132686084142395
405,0,0.21666666666666667,0.23,0.2833333333333333,0.3,0.22333333333333333,0.26495385575239355,0.3080013265612287,0.32480561825934284
406,1,0.37,0.3933333333333333,0.38,0.42,0.2866666666666667,0.38863101695789987,0.3713602053102008,0.37863690713431647
407,1,0.31,0.36,0.3933333333333333,0.36666666666666664,0.29333333333333333,0.35259997618841254,0.3531526928968528,0.32480561825934284
408,0,0.25,0.27,0.23,0.29333333333333333,0.3,0.29208204574858304,0.2917876372002141,0.32480561825934284
409,0,0.26666666666666666,0.25666666666666665,0.29,0.24666666666666667,0.30666666666666664,0.28101883756524276,0.32055049897182514,0.3132686084142395
410,0,0.42,0.39666666666666667,0.38666666666666666,0.41,0.37666666666666665,0.40205152144963346,0.32821755512352474,0.32480561825934284
411,1,0.38,0.37666666666666665,0.41,0.4066666666666667,0.37,0.3968534683074028,0.30272708906794427,0.32480561825934284
412,1,0.2733333333333333,0.32666666666666666,0.31333333333333335,0.31666666666666665,0.25,0.2961783636797366,0.33999111402461263,0.32480561825934284
413,0,0.36666666666666664,0.36666666666666664,0.35333333333333333,0.36,0.3566666666666667,0.38275921420523823,0.3175271539643719,0.3132686084142395
414,0,0.36666666666666664,0.29333333333333333,0.27,0.34,0.24666666666666667,0.31544297016036404,0.3472787167751307,0.37863690713431647
415,0,0.32666666666666666,0.31333333333333335,0.38333333333333336,0.2966666666666667,0.30666666666666664,0.3486468812498052,0.36774842972128496,0.32480561825934284
416,0,0.37333333333333335,0.38,0.3933333333333333,0.3433333333333333,0.3466666666666667,0.3677232713359152,0.35283839232985986,0.32480561825934284
417,0,0.29,0.30333333333333334,0.25666666666666665,0.27,0.2633333333333333,0.32058889963970655,0.3080013265612287,0.32480561825934284
418,0,0.27666666666666667,0.24333333333333335,0.25,0.29333333333333333,0.16666666666666666,0.27158275674864574,0.2993637479590815,0.32480561825934284
419,0,0.38,0.38666666666666666,0.33,0.3566666666666667,0.25,0.3628111644800586,0.3472787167751307,0.37863690713431647
420,0,0.3933333333333333,0.3566666666666667,0.38666666666666666,0.36333333333333334,0.35,0.3746524970461002,0.3966542045514839,0.40809248554913297
421,1,0.38666666666666666,0.43666666666666665,0.43,0.42333333333333334,0.32,0.3648073394394069,0.3963432163999766,0.37863690713431647
422,0,0.38,0.39666666666666667,0.3933333333333333,0.30333333333333334,0.30666666666666664,0.34714696724411115,0.2865774796831604,0.3132686084142395
423,0,0.42,0.35,0.4066666666666667,0.36333333333333334,0.31333333333333335,0.3807548134386329,0.32275859895650966,0.32480561825934284
424,0,0.27,0.3333333333333333,0.29333333333333333,0.36333333333333334,0.21666666666666667,0.29782182424853115,0.3359460066431425,0.3132686084142395
425,0,0.27666666666666667,0.32,0.2833333333333333,0.36,0.24,0.2935620723336108,0.3584296844235673,0.32480561825934284
426,0,0.39,0.44666666666666666,0.42333333333333334,0.43,0.31333333333333335,0.35960844823070515,0.37101651352536363,0.32480561825934284
427,0,0.3433333333333333,0.34,0.3466666666666667,0.31666666666666665,0.2866666666666667,0.3362887878610047,0.36854578794423015,0.37863690713431647
428,0,0.31666666666666665,0.35333333333333333,0.35,0.3433333333333333,0.2633333333333333,0.31903160820040083,0.33154153891269705,0.3132686084142395
429,0,0.3,0.31,0.33,0.2733333333333333,0.2733333333333333,0.31910251112263377,0.3228194062200784,0.32480561825934284
430,1,0.30666666666666664,0.31333333333333335,0.33,0.36333333333333334,0.2866666666666667,0.36422237326884344,0.3380631756499611,0.3132686084142395
431,1,0.4066666666666667,0.36333333333333334,0.41333333333333333,0.31333333333333335,0.30333333333333334,0.37431946091355583,0.4162552185601643,0.37863690713431647
432,0,0.32,0.37,0.3233333333333333,0.3333333333333333,0.29333333333333333,0.3813699092774734,0.37457305279396724,0.32480561825934284
433,1,0.31,0.26666666666666666,0.32,0.29,0.27,0.3550596733370214,0.32556077323447563,0.32480561825934284
434,0,0.3466666666666667,0.4066666666666667,0.35,0.38666666666666666,0.25666666666666665,0.3405794011672271,0.3837528639692382,0.37863690713431647
435,1,0.4266666666666667,0.39666666666666667,0.39,0.36,0.43333333333333335,0.4163962936575528,0.37125151287359176,0.37863690713431647
436,0,0.3466666666666667,0.34,0.32666666666666666,0.35333333333333333,0.29333333333333333,0.3422700501341131,0.33716361298226794,0.32480561825934284
437,0,0.5066666666666667,0.4266666666666667,0.41333333333333333,0.4633333333333333,0.4,0.4385653164361211,0.46234854487644367,0.37863690713431647
438,0,0.36333333333333334,0.4266666666666667,0.39,0.3566666666666667,0.3433333333333333,0.34871198789168295,0.3084802452936414,0.3132686084142395
439,0,0.43,0.38,0.38666666666666666,0.35333333333333333,0.35333333333333333,0.3895938906346151,0.3317515723860618,0.32480561825934284
440,0,0.33,0.34,0.33666666666666667,0.3233333333333333,0.26,0.3548995159406787,0.3994357539266264,0.40809248554913297
441,0,0.3,0.34,0.32666666666666666,0.3333333333333333,0.30666666666666664,0.312241243198464,0.3258079757197164,0.32480561825934284
442,0,0.34,0.33,0.32666666666666666,0.3433333333333333,0.35,0.36156518263361476,0.3061117078456651,0.32480561825934284
443,0,0.25,0.16666666666666666,0.16,0.23333333333333334,0.20333333333333334,0.20217180587470845,0.24180914691178157,0.32480561825934284
444,0,0.26,0.3566666666666667,0.2833333333333333,0.34,0.31,0.337060239628864,0.33807778209270867,0.37863690713431647
445,0,0.45,0.4633333333333333,0.43333333333333335,0.43333333333333335,0.3933333333333333,0.4130756472705397,0.3501266887911026,0.37863690713431647
446,0,0.36333333333333334,0.37333333333333335,0.36,0.33,0.2866666666666667,0.35263762651356845,0.39118442198068787,0.37863690713431647
447,0,0.42,0.41333333333333333,0.38,0.43666666666666665,0.3566666666666667,0.39324296474853404,0.3584296844235673,0.32480561825934284
448,0,0.4,0.36,0.43333333333333335,0.3433333333333333,0.31333333333333335,0.3673384252275139,0.41591205668825176,0.37863690713431647
449,0,0.24,0.21666666666666667,0.17,0.2633333333333333,0.19333333333333333,0.2554137290478911,0.2701862061036348,0.3132686084142395
450,0,0.18,0.17666666666666667,0.17666666666666667,0.17333333333333334,0.20333333333333334,0.20763856028477498,0.2859338155522098,0.3132686084142395
451,1,0.5466666666666666,0.4066666666666667,0.47333333333333333,0.4166666666666667,0.45,0.4470661770396077,0.3878906859565231,0.37863690713431647
452,1,0.36666666666666664,0.3233333333333333,0.32666666666666666,0.35333333333333333,0.29,0.3552472733606065,0.3192746097797806,0.32480561825934284
453,0,0.2733333333333333,0.2833333333333333,0.22666666666666666,0.3,0.27666666666666667,0.3194650682603719,0.27061481521664976,0.32480561825934284
454,0,0.31666666666666665,0.32666666666666666,0.2966666666666667,0.31333333333333335,0.25,0.2961326602773122,0.33154153891269705,0.3132686084142395
455,1,0.32,0.24,0.29,0.26,0.19,0.2533679420351009,0.27500722204689754,0.3132686084142395
456,0,0.2833333333333333,0.32666666666666666,0.30333333333333334,0.29,0.30333333333333334,0.30022972289526706,0.26693800073438023,0.3132686084142395
457,0,0.31,0.32666666666666666,0.2866666666666667,0.35,0.27,0.3101244061434742,0.3237157312436256,0.32480561825934284
458,0,0.3933333333333333,0.4066666666666667,0.43666666666666665,0.4066666666666667,0.37666666666666665,0.4180280505708476,0.38116690884340987,0.37863690713431647
459,1,0.2866666666666667,0.31666666666666665,0.29,0.3433333333333333,0.31666666666666665,0.3325828614253653,0.32963774842345656,0.3132686084142395
460,0,0.46,0.44,0.4,0.42333333333333334,0.3333333333333333,0.43533406667610053,0.37192919097331756,0.37863690713431647
461,0,0.31666666666666665,0.3,0.31333333333333335,0.28,0.23,0.3251590366303142,0.3380631756499611,0.3132686084142395
462,0,0.30333333333333334,0.3333333333333333,0.42333333333333334,0.36333333333333334,0.27666666666666667,0.32278593865684063,0.37125151287359176,0.37863690713431647
463,0,0.43666666666666665,0.48,0.48333333333333334,0.3933333333333333,0.37333333333333335,0.44032641760300795,0.3994357539266264,0.40809248554913297
464,0,0.24666666666666667,0.28,0.27666666666666667,0.29,0.22666666666666666,0.24964318340529285,0.2783958930317626,0.32480561825934284
465,0,0.25333333333333335,0.3333333333333333,0.2733333333333333,0.2633333333333333,0.19,0.23714689428743116,0.34909131922120545,0.32480561825934284
466,0,0.31,0.3233333333333333,0.31333333333333335,0.3233333333333333,0.4,0.3236705236822927,0.2732400977758239,0.3132686084142395
467,0,0.4066666666666667,0.36666666666666664,0.4266666666666667,0.33666666666666667,0.30333333333333334,0.36853137298682387,0.3994357539266264,0.40809248554913297
468,1,0.41,0.38333333333333336,0.43666666666666665,0.4033333333333333,0.3566666666666667,0.41325235619336675,0.3837528639692382,0.37863690713431647
469,0,0.23,0.22333333333333333,0.18666666666666668,0.23333333333333334,0.21333333333333335,0.21924390027339957,0.27260637294309215,0.3132686084142395
470,0,0.44666666666666666,0.45,0.43666666666666665,0.43333333333333335,0.35,0.42189003007857456,0.3969236194030947,0.40809248554913297
471,0,0.41,0.46,0.4666666666666667,0.44666666666666666,0.37666666666666665,0.45523396758181855,0.3969236194030947,0.40809248554913297
472,1,0.44666666666666666,0.36333333333333334,0.44666666666666666,0.37333333333333335,0.3233333333333333,0.39983101022677364,0.37729658812622036,0.32480561825934284
473,0,0.33,0.31666666666666665,0.32,0.25,0.25666666666666665,0.3083526460168011,0.3142916836155808,0.32480561825934284
474,0,0.2966666666666667,0.4166666666666667,0.32666666666666666,0.36,0.35,0.3531247823096201,0.3308853811480467,0.32480561825934284
475,0,0.39666666666666667,0.36333333333333334,0.37,0.42333333333333334,0.4066666666666667,0.4044541520366031,0.33484390513165174,0.32480561825934284
476,0,0.29,0.31333333333333335,0.30666666666666664,0.33,0.2866666666666667,0.2896218900659975,0.3288710227311006,0.3132686084142395
477,0,0.3433333333333333,0.41,0.4033333333333333,0.32,0.36666666666666664,0.36891328914469623,0.2892219719697223,0.3132686084142395
478,0,0.36,0.38,0.36333333333333334,0.39666666666666667,0.39,0.36931479053670707,0.3138096061342417,0.3132686084142395
479,0,0.31,0.4033333333333333,0.3333333333333333,0.38666666666666666,0.2733333333333333,0.35446375038254463,0.35002075080398914,0.37863690713431647
480,0,0.44,0.33666666666666667,0.4,0.35333333333333333,0.4,0.3796401229028172,0.3537146047872252,0.3132686084142395
481,0,0.25,0.23333333333333334,0.2,0.2,0.18,0.2562952391150641,0.252836332905461,0.3132686084142395
482,1,0.3466666666666667,0.33,0.3433333333333333,0.3,0.33666666666666667,0.35245649406822516,0.30591047608381694,0.3132686084142395
483,0,0.37666666666666665,0.27666666666666667,0.2833333333333333,0.31666666666666665,0.2833333333333333,0.34062186825782353,0.3472787167751307,0.37863690713431647
484,1,0.32666666666666666,0.3333333333333333,0.32,0.30333333333333334,0.35,0.3154603951280411,0.2406248866207293,0.3132686084142395
485,0,0.30666666666666664,0.38333333333333336,0.3433333333333333,0.37,0.32,0.33366412075007645,0.35251576986384314,0.3132686084142395
486,1,0.42333333333333334,0.43333333333333335,0.43,0.4766666666666667,0.4,0.4408368009350324,0.4427325690979623,0.40809248554913297
487,1,0.24666666666666667,0.2966666666666667,0.31,0.26666666666666666,0.24666666666666667,0.26498459086187554,0.3138096061342417,0.3132686084142395
488,0,0.26,0.32,0.37666666666666665,0.29333333333333333,0.26,0.2905735233762963,0.28895680202721563,0.3132686084142395
489,1,0.42333333333333334,0.37666666666666665,0.39666666666666667,0.4033333333333333,0.3433333333333333,0.39980509579796936,0.3061117078456651,0.32480561825934284
490,1,0.30333333333333334,0.31,0.30666666666666664,0.2866666666666667,0.2733333333333333,0.3170241765496135,0.29250543419630526,0.3132686084142395
491,0,0.3,0.41,0.43,0.39,0.34,0.35472935699742375,0.37125151287359176,0.37863690713431647
492,0,0.36666666666666664,0.44,0.43333333333333335,0.44333333333333336,0.33666666666666667,0.39042286587413594,0.3585367635856029,0.32480561825934284
493,0,0.4266666666666667,0.35333333333333333,0.36666666666666664,0.33,0.37,0.4254273042069777,0.41323889110415807,0.37863690713431647
494,0,0.3233333333333333,0.38333333333333336,0.35,0.33,0.2833333333333333,0.2990653797660288,0.3559158166533139,0.32480561825934284
495,0,0.44666666666666666,0.41,0.43333333333333335,0.38333333333333336,0.37333333333333335,0.4276504610661565,0.419871379015335,0.40809248554913297
496,0,0.38666666666666666,0.4,0.3933333333333333,0.33666666666666667,0.41333333333333333,0.3805114723375246,0.3372868791468017,0.32480561825934284
497,0,0.27666666666666667,0.25,0.25,0.3,0.29,0.27353683494116354,0.24909665903096137,0.3132686084142395
498,1,0.38333333333333336,0.33,0.37,0.3433333333333333,0.32666666666666666,0.35532495443658624,0.36243780480517324,0.37863690713431647
499,0,0.36333333333333334,0.26,0.28,0.31666666666666665,0.25333333333333335,0.36044428655368127,0.37729658812622036,0.32480561825934284
500,1,0.4166666666666667,0.39,0.37666666666666665,0.29,0.3433333333333333,0.37871870704474636,0.3966542045514839,0.40809248554913297
501,1,0.43333333333333335,0.4166666666666667,0.38,0.47,0.37666666666666665,0.4183116947261518,0.3837528639692382,0.37863690713431647
502,0,0.33666666666666667,0.38,0.4266666666666667,0.39666666666666667,0.23333333333333334,0.3356838517190837,0.3342229410765026,0.3132686084142395
503,0,0.39,0.42,0.4533333333333333,0.45,0.26666666666666666,0.3777339174897128,0.32016370364843805,0.3132686084142395
504,0,0.31333333333333335,0.31333333333333335,0.2866666666666667,0.27,0.29,0.2957740545125814,0.32275859895650966,0.32480561825934284
505,0,0.4,0.33666666666666667,0.30333333333333334,0.27666666666666667,0.2866666666666667,0.3379010290145968,0.31991875153273214,0.3132686084142395
506,0,0.33666666666666667,0.3466666666666667,0.33,0.2833333333333333,0.37333333333333335,0.3361766498995736,0.2551241355904995,0.3132686084142395
507,0,0.3,0.30666666666666664,0.38333333333333336,0.35,0.28,0.30050464333266697,0.2940923166018388,0.3132686084142395
508,0,0.2833333333333333,0.24666666666666667,0.30666666666666664,0.29,0.2,0.25938242910131165,0.34976470796807985,0.3132686084142395
509,1,0.32,0.3466666666666667,0.35333333333333333,0.32,0.22333333333333333,0.32735985525740696,0.36869939774787414,0.37863690713431647
510,1,0.22,0.3233333333333333,0.34,0.39,0.29333333333333333,0.3010608472200225,0.30640062213994407,0.3132686084142395
511,0,0.34,0.4033333333333333,0.37333333333333335,0.36666666666666664,0.3233333333333333,0.35148936213506654,0.3649718073231984,0.32480561825934284
512,0,0.22333333333333333,0.19666666666666666,0.18666666666666668,0.18,0.15333333333333332,0.1938133382065462,0.2304913359441845,0.3132686084142395
513,0,0.34,0.3566666666666667,0.32666666666666666,0.3333333333333333,0.25,0.34824184734016056,0.3584296844235673,0.32480561825934284
514,0,0.36,0.2866666666666667,0.34,0.33,0.21333333333333335,0.3247155810619256,0.36774842972128496,0.32480561825934284
515,0,0.32,0.3233333333333333,0.33,0.3433333333333333,0.29,0.35966261954045503,0.3359460066431425,0.3132686084142395
516,1,0.4066666666666667,0.37,0.39,0.38333333333333336,0.27666666666666667,0.4137035357764099,0.42537572036006976,0.40809248554913297
517,1,0.3433333333333333,0.36666666666666664,0.37333333333333335,0.37,0.24,0.3389076225995416,0.3994357539266264,0.40809248554913297
518,1,0.2633333333333333,0.21,0.27666666666666667,0.23333333333333334,0.19,0.27239655859743017,0.3463526864281765,0.32480561825934284
519,1,0.32666666666666666,0.39666666666666667,0.31666666666666665,0.32666666666666666,0.20333333333333334,0.3035729709079732,0.3715814419150233,0.32480561825934284
520,1,0.36666666666666664,0.3466666666666667,0.34,0.36666666666666664,0.33666666666666667,0.35389062619398176,0.3175271539643719,0.3132686084142395
521,0,0.33,0.33,0.32666666666666666,0.3233333333333333,0.29,0.3608613240173893,0.31754129876665793,0.3132686084142395
522,0,0.31666666666666665,0.33,0.29,0.25666666666666665,0.25333333333333335,0.32264202764269495,0.3140734467948754,0.3132686084142395
523,0,0.44333333333333336,0.43666666666666665,0.4866666666666667,0.47333333333333333,0.39666666666666667,0.44554293703817954,0.37729658812622036,0.32480561825934284
524,1,0.3333333333333333,0.38333333333333336,0.41333333333333333,0.39,0.31333333333333335,0.3529440160330171,0.3612110402418727,0.32480561825934284
525,1,0.37,0.32,0.3333333333333333,0.3466666666666667,0.31,0.39568526749257266,0.37729658812622036,0.32480561825934284
526,1,0.4066666666666667,0.36,0.39,0.36333333333333334,0.39666666666666667,0.36040413412268624,0.3317515723860618,0.32480561825934284
527,0,0.17,0.16333333333333333,0.19,0.21,0.18666666666666668,0.17005949083699454,0.23781623830702248,0.3132686084142395
528,0,0.37333333333333335,0.34,0.27666666666666667,0.32,0.31666666666666665,0.3099336206984669,0.3342229410765026,0.3132686084142395
529,1,0.32666666666666666,0.31,0.31666666666666665,0.30333333333333334,0.24,0.28485989470416645,0.2782055760916587,0.3132686084142395
530,1,0.45666666666666667,0.39,0.44666666666666666,0.3933333333333333,0.45,0.4221389208670384,0.36598629978379144,0.37863690713431647
531,0,0.36,0.35,0.35333333333333333,0.43333333333333335,0.35,0.3866106818101559,0.30272708906794427,0.32480561825934284
532,0,0.25333333333333335,0.2733333333333333,0.25,0.2733333333333333,0.16333333333333333,0.2602776074603288,0.30065648655997274,0.3132686084142395
533,0,0.26666666666666666,0.24666666666666667,0.27,0.32,0.18666666666666668,0.2880857324185633,0.3372868791468017,0.32480561825934284
534,1,0.39666666666666667,0.3933333333333333,0.39,0.4066666666666667,0.35333333333333333,0.40564773274575283,0.37729658812622036,0.32480561825934284
535,1,0.4533333333333333,0.49,0.39666666666666667,0.44,0.4,0.45814905629975006,0.3904934727382804,0.37863690713431647
536,0,0.31,0.37666666666666665,0.36333333333333334,0.36333333333333334,0.23,0.28918244021428025,0.3052818783914104,0.32480561825934284
537,0,0.38666666666666666,0.37333333333333335,0.3233333333333333,0.32666666666666666,0.3566666666666667,0.3624561186234001,0.3258079757197164,0.32480561825934284
538,1,0.24333333333333335,0.28,0.2733333333333333,0.31666666666666665,0.30666666666666664,0.25847911975888316,0.3025271122217413,0.3132686084142395
539,0,0.34,0.39666666666666667,0.4166666666666667,0.39,0.30333333333333334,0.3554309749500517,0.32615645484900685,0.3132686084142395
540,0,0.4,0.4,0.39666666666666667,0.37,0.25333333333333335,0.3682397321425117,0.3789189679428943,0.37863690713431647
541,0,0.38,0.38666666666666666,0.36,0.37666666666666665,0.32,0.38550604157122165,0.3688077812768109,0.37863690713431647
542,1,0.39,0.36333333333333334,0.4066666666666667,0.3466666666666667,0.27666666666666667,0.35641733311058194,0.3789189679428943,0.37863690713431647
543,1,0.2866666666666667,0.30666666666666664,0.31,0.32666666666666666,0.2833333333333333,0.2968008800904194,0.252836332905461,0.3132686084142395
544,1,0.36333333333333334,0.35,0.39,0.36,0.29,0.3249981572454739,0.3713602053102008,0.37863690713431647
545,0,0.22,0.3,0.23666666666666666,0.2633333333333333,0.23666666666666666,0.2739947689837066,0.256815499927449,0.3132686084142395
546,1,0.22666666666666666,0.2633333333333333,0.18666666666666668,0.24333333333333335,0.26,0.27574396220680536,0.24743920486537294,0.3132686084142395
547,0,0.35,0.39,0.42333333333333334,0.42,0.3466666666666667,0.36937306250946955,0.3559158166533139,0.32480561825934284
548,1,0.4866666666666667,0.4766666666666667,0.4166666666666667,0.4866666666666667,0.38,0.41682442908235545,0.362778305158342,0.37863690713431647
549,0,0.20666666666666667,0.29,0.28,0.23333333333333334,0.17333333333333334,0.2438490632279505,0.2790850333385204,0.3132686084142395
550,0,0.32,0.34,0.3333333333333333,0.2833333333333333,0.24333333333333335,0.31253527783721397,0.3875398905396283,0.37863690713431647
551,0,0.36666666666666664,0.37333333333333335,0.38666666666666666,0.3333333333333333,0.23666666666666666,0.3408478051337933,0.3585367635856029,0.32480561825934284
552,0,0.31,0.26666666666666666,0.3333333333333333,0.33,0.22333333333333333,0.2816300773840712,0.27899136258308765,0.3132686084142395
553,0,0.25,0.30666666666666664,0.2733333333333333,0.21333333333333335,0.22,0.27942694978655325,0.2832261242062304,0.3132686084142395
554,0,0.2966666666666667,0.34,0.3333333333333333,0.3333333333333333,0.25666666666666665,0.2923679453058813,0.3145331970388933,0.3132686084142395
555,1,0.37666666666666665,0.41333333333333333,0.31666666666666665,0.3466666666666667,0.2833333333333333,0.32816983135611183,0.3660014456017049,0.37863690713431647
556,1,0.23666666666666666,0.33,0.3466666666666667,0.32,0.24,0.2912500577672678,0.2604928539157076,0.3132686084142395
557,0,0.42333333333333334,0.32666666666666666,0.4033333333333333,0.3333333333333333,0.36,0.371623601575247,0.4093685900105095,0.37863690713431647
558,0,0.31,0.34,0.31,0.31666666666666665,0.31666666666666665,0.3372149125701966,0.32012494809537945,0.32480561825934284
559,0,0.21666666666666667,0.31,0.21333333333333335,0.2833333333333333,0.21666666666666667,0.26245458248464987,0.2968029608498245,0.32480561825934284
560,0,0.25333333333333335,0.2866666666666667,0.2966666666666667,0.26666666666666666,0.22333333333333333,0.29341375267036995,0.32012494809537945,0.32480561825934284
561,0,0.35,0.38333333333333336,0.43,0.36,0.33,0.369349662333201,0.3236138051105137,0.32480561825934284
562,0,0.25666666666666665,0.25333333333333335,0.27,0.3566666666666667,0.19333333333333333,0.22709965062091303,0.26726631488056946,0.3132686084142395
563,0,0.4266666666666667,0.4066666666666667,0.35,0.36,0.3566666666666667,0.4163299982819646,0.4093685900105095,0.37863690713431647
564,0,0.36333333333333334,0.3933333333333333,0.4033333333333333,0.42333333333333334,0.27666666666666667,0.39109447666585406,0.3291195121615016,0.3132686084142395
565,0,0.26,0.3,0.2966666666666667,0.3433333333333333,0.24666666666666667,0.28648595210400835,0.28142668811222266,0.3132686084142395
566,0,0.19333333333333333,0.2633333333333333,0.24333333333333335,0.27666666666666667,0.15333333333333332,0.22973634975712687,0.26790320972650816,0.3132686084142395
567,0,0.3233333333333333,0.24666666666666667,0.29,0.24,0.2633333333333333,0.3009901933009195,0.33716361298226794,0.32480561825934284
568,1,0.4033333333333333,0.3233333333333333,0.35,0.33,0.3333333333333333,0.37647739093196075,0.3652064084140301,0.40809248554913297
569,0,0.33666666666666667,0.2733333333333333,0.27666666666666667,0.29333333333333333,0.27,0.2982200141376115,0.2941745429696612,0.32480561825934284
570,0,0.49666666666666665,0.37666666666666665,0.43,0.43666666666666665,0.44666666666666666,0.4690987521934522,0.4027630183041761,0.40809248554913297
571,0,0.22,0.20333333333333334,0.23,0.20666666666666667,0.21666666666666667,0.222492583888222,0.2801835064144784,0.32480561825934284
572,0,0.29333333333333333,0.26666666666666666,0.23,0.25333333333333335,0.25,0.2741630615321075,0.32645897728259843,0.3132686084142395
573,0,0.18333333333333332,0.22,0.18666666666666668,0.18666666666666668,0.16,0.18628088532285503,0.2646892152860524,0.3132686084142395
574,0,0.39666666666666667,0.4666666666666667,0.47,0.42333333333333334,0.33666666666666667,0.39949991802949997,0.4224706447513661,0.40809248554913297
575,0,0.33,0.41,0.38333333333333336,0.44,0.34,0.36224522851462904,0.30591047608381694,0.3132686084142395
576,0,0.3466666666666667,0.2833333333333333,0.2866666666666667,0.3,0.2866666666666667,0.3139070142524111,0.2783958930317626,0.32480561825934284
577,0,0.36666666666666664,0.31333333333333335,0.32666666666666666,0.36333333333333334,0.2833333333333333,0.3537903840144056,0.34413095994933185,0.3132686084142395
578,0,0.35333333333333333,0.29333333333333333,0.3233333333333333,0.33666666666666667,0.2,0.33162695326381153,0.3907190233541516,0.40809248554913297
579,0,0.27,0.29333333333333333,0.2833333333333333,0.31,0.26,0.264960620583918,0.275231703485917,0.3132686084142395
580,0,0.18333333333333332,0.20333333333333334,0.18333333333333332,0.20666666666666667,0.19666666666666666,0.18266162725044824,0.23727972981724155,0.32480561825934284
581,0,0.39,0.38666666666666666,0.38,0.39,0.31,0.36869859749377815,0.3937266259574301,0.37863690713431647
582,0,0.27666666666666667,0.27,0.28,0.28,0.21,0.23400702251143277,0.3112154212585413,0.3132686084142395
583,0,0.27,0.31,0.4033333333333333,0.31666666666666665,0.39666666666666667,0.3348703233938177,0.2551241355904995,0.3132686084142395
584,1,0.25333333333333335,0.26,0.2733333333333333,0.30666666666666664,0.17,0.27367749436262456,0.3405322709173217,0.3132686084142395
585,1,0.39,0.38,0.39,0.4033333333333333,0.33,0.3860150728454009,0.4331578234218965,0.37863690713431647
586,1,0.3333333333333333,0.30333333333333334,0.31,0.2966666666666667,0.23,0.30152516353868714,0.3235083223557999,0.3132686084142395
587,0,0.2633333333333333,0.22,0.22,0.23,0.21666666666666667,0.252791479689451,0.2892219719697223,0.3132686084142395
588,0,0.3466666666666667,0.33,0.3333333333333333,0.33,0.2966666666666667,0.28028771573662575,0.31401368324951906,0.32480561825934284
589,1,0.31666666666666665,0.3233333333333333,0.28,0.2833333333333333,0.27,0.30233947773444797,0.33807778209270867,0.37863690713431647
590,0,0.25,0.23666666666666666,0.22666666666666666,0.24666666666666667,0.21,0.24980929137782007,0.2371082848908668,0.3132686084142395
591,1,0.32666666666666666,0.26666666666666666,0.25666666666666665,0.32,0.2733333333333333,0.3025343240386683,0.2753062059683402,0.32480561825934284
592,0,0.3,0.35,0.3433333333333333,0.3,0.29333333333333333,0.30802656385444466,0.3414363588357414,0.3132686084142395
593,0,0.45666666666666667,0.44666666666666666,0.48,0.39666666666666667,0.34,0.44272448096615963,0.44213429009423233,0.37863690713431647
594,1,0.38666666666666666,0.37666666666666665,0.37333333333333335,0.39,0.2733333333333333,0.37451820998450386,0.3715814419150233,0.32480561825934284
595,0,0.27666666666666667,0.31666666666666665,0.3,0.32666666666666666,0.32,0.3266793514912165,0.34660756293984846,0.32480561825934284
596,0,0.3933333333333333,0.33,0.39666666666666667,0.38333333333333336,0.2866666666666667,0.38663596406916917,0.39297710235907696,0.40809248554913297
597,1,0.3433333333333333,0.36,0.36333333333333334,0.3566666666666667,0.30333333333333334,0.3829364084649466,0.3940369011729263,0.40809248554913297
598,0,0.4033333333333333,0.36666666666666664,0.44,0.3466666666666667,0.38666666666666666,0.38388630036066645,0.3378513329032158,0.3132686084142395
599,0,0.31,0.30666666666666664,0.32,0.35,0.3333333333333333,0.3141191375004025,0.32645897728259843,0.3132686084142395
600,1,0.37333333333333335,0.42333333333333334,0.4633333333333333,0.37666666666666665,0.37666666666666665,0.38627067066271153,0.3472787167751307,0.37863690713431647
601,0,0.4033333333333333,0.4066666666666667,0.42,0.4,0.38333333333333336,0.41227445949231795,0.4093685900105095,0.37863690713431647
602,0,0.34,0.35,0.35,0.3433333333333333,0.3566666666666667,0.325531542987365,0.31991875153273214,0.3132686084142395
603,0,0.3333333333333333,0.33666666666666667,0.37,0.35,0.26,0.32173576283934535,0.31809060388065546,0.3132686084142395
604,0,0.3466666666666667,0.3333333333333333,0.3,0.35,0.3433333333333333,0.3644129998871518,0.34074509671170655,0.32480561825934284
605,1,0.32666666666666666,0.34,0.31,0.35,0.26666666666666666,0.3394457632156904,0.32897379934603904,0.3132686084142395
606,0,0.31333333333333335,0.3233333333333333,0.28,0.36,0.32,0.336982426847482,0.28393145486626303,0.3132686084142395
607,1,0.3433333333333333,0.41,0.35333333333333333,0.36666666666666664,0.24666666666666667,0.3362582233366402,0.3584296844235673,0.32480561825934284
608,0,0.31,0.33666666666666667,0.2733333333333333,0.31333333333333335,0.30333333333333334,0.3502527576668957,0.37782350520748686,0.32480561825934284
609,1,0.33,0.27666666666666667,0.29,0.29,0.18666666666666668,0.3178913554209273,0.37729658812622036,0.32480561825934284
610,0,0.2633333333333333,0.3333333333333333,0.2866666666666667,0.35,0.19,0.252685200474131,0.28895680202721563,0.3132686084142395
611,0,0.19666666666666666,0.26,0.24666666666666667,0.24666666666666667,0.23333333333333334,0.23061717620788683,0.28063671223863973,0.3132686084142395
612,1,0.33666666666666667,0.29333333333333333,0.37333333333333335,0.3466666666666667,0.27,0.3459102079397212,0.41591205668825176,0.37863690713431647
613,0,0.37333333333333335,0.36333333333333334,0.35,0.37666666666666665,0.26,0.3775200235731321,0.3966542045514839,0.40809248554913297
614,0,0.43666666666666665,0.46,0.41333333333333333,0.36333333333333334,0.3,0.3967872417270505,0.37147272298887307,0.32480561825934284
615,0,0.27,0.26,0.23,0.29333333333333333,0.18666666666666668,0.27869058720506257,0.32340643029834243,0.3132686084142395
616,1,0.4166666666666667,0.4033333333333333,0.44333333333333336,0.4033333333333333,0.38,0.4086900895987336,0.3963432163999766,0.37863690713431647
617,0,0.22,0.24333333333333335,0.25,0.21,0.19,0.24455217994000086,0.2973063412979579,0.3132686084142395
618,0,0.2833333333333333,0.31666666666666665,0.3466666666666667,0.24333333333333335,0.26666666666666666,0.3168552855601613,0.2732400977758239,0.3132686084142395
619,0,0.36666666666666664,0.38666666666666666,0.4066666666666667,0.43666666666666665,0.25333333333333335,0.3547251811378443,0.3876504116057036,0.37863690713431647
620,0,0.2866666666666667,0.3233333333333333,0.36333333333333334,0.29333333333333333,0.2833333333333333,0.312993826561158,0.24771845803414952,0.32480561825934284
621,0,0.2866666666666667,0.2633333333333333,0.31666666666666665,0.29,0.27,0.3164683066538308,0.24927393995814284,0.32480561825934284
622,0,0.22666666666666666,0.2833333333333333,0.22,0.20333333333333334,0.24,0.28629332006186764,0.2892085540631505,0.3132686084142395
623,0,0.3933333333333333,0.38666666666666666,0.38,0.36,0.3,0.3709348653032684,0.37729658812622036,0.32480561825934284
624,0,0.31666666666666665,0.2866666666666667,0.27666666666666667,0.2733333333333333,0.24666666666666667,0.3060824896612693,0.35273207919449556,0.32480561825934284
625,0,0.43333333333333335,0.4,0.4533333333333333,0.49,0.37,0.40893016138860827,0.3342229410765026,0.3132686084142395
626,0,0.5366666666666666,0.44333333333333336,0.37666666666666665,0.44333333333333336,0.4766666666666667,0.44572302275734993,0.3258079757197164,0.32480561825934284
627,1,0.26,0.2633333333333333,0.23666666666666666,0.24666666666666667,0.2966666666666667,0.27808676874289584,0.22555235247412997,0.3132686084142395
628,0,0.22333333333333333,0.25333333333333335,0.25666666666666665,0.23666666666666666,0.19,0.220915612196336,0.3105808004797788,0.32480561825934284
629,1,0.37666666666666665,0.35,0.3466666666666667,0.3466666666666667,0.39,0.3791630608153384,0.34423605941321556,0.3132686084142395
630,0,0.24,0.24666666666666667,0.25,0.24,0.25666666666666665,0.25504792624875666,0.2790850333385204,0.3132686084142395
631,1,0.4866666666666667,0.41333333333333333,0.42333333333333334,0.4533333333333333,0.32,0.44096258588456355,0.3940369011729263,0.40809248554913297
632,0,0.22333333333333333,0.27,0.2733333333333333,0.26666666666666666,0.2633333333333333,0.27641558401151906,0.2968373236463727,0.32480561825934284
633,1,0.43333333333333335,0.36666666666666664,0.39,0.31333333333333335,0.35,0.35857784954364613,0.3405322709173217,0.3132686084142395
634,0,0.30666666666666664,0.3466666666666667,0.30333333333333334,0.2966666666666667,0.29,0.31840578645746426,0.28895680202721563,0.3132686084142395
635,1,0.43,0.33,0.33666666666666667,0.3233333333333333,0.27,0.39593608996511026,0.3966542045514839,0.40809248554913297
636,1,0.3933333333333333,0.3566666666666667,0.4166666666666667,0.39,0.36666666666666664,0.36682792537845726,0.3138096061342417,0.3132686084142395
637,0,0.29,0.3,0.34,0.31333333333333335,0.31,0.2861489533591304,0.3372868791468017,0.32480561825934284
638,0,0.4866666666666667,0.48,0.44333333333333336,0.43666666666666665,0.31333333333333335,0.44232074095333795,0.43317384981074974,0.37863690713431647
639,0,0.30666666666666664,0.31,0.30666666666666664,0.35,0.2733333333333333,0.33562757886461037,0.31991875153273214,0.3132686084142395
640,0,0.41,0.45666666666666667,0.5133333333333333,0.4533333333333333,0.25,0.4121483252820744,0.44249898280277833,0.40809248554913297
641,1,0.4033333333333333,0.44333333333333336,0.42,0.4166666666666667,0.3,0.3894996760271439,0.3747276839524262,0.40809248554913297
642,0,0.3333333333333333,0.34,0.32666666666666666,0.3233333333333333,0.25666666666666665,0.32087706648549963,0.3775610827003731,0.40809248554913297
643,1,0.42333333333333334,0.4266666666666667,0.47333333333333333,0.43333333333333335,0.31666666666666665,0.4284236442843652,0.3559158166533139,0.32480561825934284
644,0,0.27,0.28,0.2633333333333333,0.24666666666666667,0.18666666666666668,0.22250298770667293,0.33154153891269705,0.3132686084142395
645,0,0.34,0.3566666666666667,0.33666666666666667,0.30666666666666664,0.41,0.3638238806502636,0.3359460066431425,0.3132686084142395
646,1,0.3933333333333333,0.36333333333333334,0.38666666666666666,0.38,0.3433333333333333,0.38155094708426013,0.3342229410765026,0.3132686084142395
647,1,0.44,0.49666666666666665,0.41,0.4,0.4066666666666667,0.41513672293841447,0.3801376019711631,0.32480561825934284
648,0,0.5033333333333333,0.4633333333333333,0.4166666666666667,0.39,0.39,0.46996868672581965,0.377405988055231,0.32480561825934284
649,1,0.33,0.3233333333333333,0.36,0.32666666666666666,0.41,0.3562989101742693,0.36846385525307906,0.3132686084142395
650,0,0.26,0.24666666666666667,0.22666666666666666,0.24666666666666667,0.17,0.2010646117358884,0.28636957137613644,0.3132686084142395
651,0,0.31666666666666665,0.24666666666666667,0.23333333333333334,0.29333333333333333,0.2733333333333333,0.3016282834665448,0.37147272298887307,0.32480561825934284
652,0,0.28,0.26666666666666666,0.3333333333333333,0.2966666666666667,0.25333333333333335,0.28833639396027344,0.3105808004797788,0.32480561825934284
653,1,0.3333333333333333,0.38666666666666666,0.38,0.35333333333333333,0.3433333333333333,0.3329317034817733,0.3498706101744335,0.3132686084142395
654,0,0.27,0.32666666666666666,0.35333333333333333,0.30666666666666664,0.21,0.28351460500564385,0.3084802452936414,0.3132686084142395
655,0,0.30333333333333334,0.30666666666666664,0.32,0.33,0.36,0.3283758508248477,0.30591047608381694,0.3132686084142395
656,0,0.34,0.2833333333333333,0.2833333333333333,0.2633333333333333,0.2733333333333333,0.3115935746922749,0.2659663549908212,0.3132686084142395
657,1,0.31666666666666665,0.31666666666666665,0.31666666666666665,0.32,0.31333333333333335,0.3419055085996055,0.37738844662171134,0.37863690713431647
658,1,0.38,0.35,0.3233333333333333,0.32,0.29333333333333333,0.35431449026817896,0.3525792646827798,0.3132686084142395
659,0,0.4633333333333333,0.3933333333333333,0.4066666666666667,0.39,0.38666666666666666,0.4136037880900019,0.37125151287359176,0.37863690713431647
660,0,0.33666666666666667,0.3433333333333333,0.3233333333333333,0.34,0.24666666666666667,0.33255590862808265,0.3622190461424011,0.37863690713431647
661,0,0.2633333333333333,0.3,0.31666666666666665,0.31666666666666665,0.27,0.3019927216191889,0.32275859895650966,0.32480561825934284
662,1,0.41333333333333333,0.38,0.3933333333333333,0.36333333333333334,0.45,0.38172489175922236,0.2973063412979579,0.3132686084142395
663,0,0.26,0.22,0.25333333333333335,0.2833333333333333,0.23666666666666666,0.26355777215801784,0.31991875153273214,0.3132686084142395
664,1,0.29333333333333333,0.3233333333333333,0.36333333333333334,0.2966666666666667,0.19333333333333333,0.2935655408376,0.33443382337180977,0.32480561825934284
665,0,0.3333333333333333,0.31,0.36666666666666664,0.30333333333333334,0.26,0.3702236716850869,0.3839769739484619,0.32480561825934284
666,1,0.2833333333333333,0.2733333333333333,0.29333333333333333,0.35,0.27666666666666667,0.3439607276776585,0.3142916836155808,0.32480561825934284
667,1,0.4066666666666667,0.4633333333333333,0.4166666666666667,0.43666666666666665,0.33666666666666667,0.38190716221905163,0.3801376019711631,0.32480561825934284
668,0,0.41,0.36333333333333334,0.41333333333333333,0.44,0.39,0.39025188096848634,0.3498706101744335,0.3132686084142395
669,0,0.2733333333333333,0.37,0.35333333333333333,0.3466666666666667,0.25666666666666665,0.3121379934816645,0.3288710227311006,0.3132686084142395
670,0,0.31333333333333335,0.31,0.27666666666666667,0.24666666666666667,0.26666666666666666,0.26491478061409485,0.32340643029834243,0.3132686084142395
671,0,0.25666666666666665,0.32,0.2633333333333333,0.29333333333333333,0.20666666666666667,0.2793092156581204,0.3405322709173217,0.3132686084142395
672,0,0.3233333333333333,0.32666666666666666,0.3933333333333333,0.3566666666666667,0.34,0.3901331193472411,0.3559158166533139,0.32480561825934284
673,0,0.39,0.4033333333333333,0.41333333333333333,0.44,0.39,0.40183108401354256,0.3531526928968528,0.32480561825934284
674,1,0.4166666666666667,0.41,0.4266666666666667,0.4766666666666667,0.38,0.41249820772661805,0.413367622779479,0.37863690713431647
675,1,0.48,0.3933333333333333,0.41,0.46,0.38666666666666666,0.3988475172984815,0.41591205668825176,0.37863690713431647
676,0,0.37666666666666665,0.36,0.43,0.38666666666666666,0.2633333333333333,0.3672148811829215,0.3775610827003731,0.40809248554913297
677,0,0.38,0.37333333333333335,0.37333333333333335,0.39666666666666667,0.33666666666666667,0.39673236750729374,0.34726392136275597,0.3132686084142395
678,1,0.4266666666666667,0.43,0.4166666666666667,0.45666666666666667,0.37,0.4348791029078208,0.3775610827003731,0.40809248554913297
679,0,0.20333333333333334,0.24333333333333335,0.24,0.23,0.23,0.21394566802752976,0.2379880354414723,0.32480561825934284
680,0,0.4166666666666667,0.43666666666666665,0.41333333333333333,0.38333333333333336,0.26666666666666666,0.38152038074619404,0.34998024165790276,0.32480561825934284
681,0,0.29333333333333333,0.2966666666666667,0.30333333333333334,0.30333333333333334,0.21333333333333335,0.30073263519050064,0.32316131569222517,0.32480561825934284
682,0,0.2966666666666667,0.31333333333333335,0.27666666666666667,0.2866666666666667,0.3333333333333333,0.3091287670323394,0.3030233315977792,0.3132686084142395
683,1,0.27,0.30333333333333334,0.37333333333333335,0.38,0.31,0.30221799103258135,0.30824128961169656,0.32480561825934284
684,1,0.3333333333333333,0.35,0.34,0.36333333333333334,0.25333333333333335,0.3354011315163881,0.35251576986384314,0.3132686084142395
685,1,0.29,0.21333333333333335,0.26666666666666666,0.22333333333333333,0.21666666666666667,0.283979600223495,0.261990589979054,0.32480561825934284
686,0,0.29,0.3,0.3566666666666667,0.2966666666666667,0.21666666666666667,0.29584145841932324,0.3584296844235673,0.32480561825934284
687,1,0.23333333333333334,0.26,0.2966666666666667,0.26,0.19,0.24926088919539843,0.31665609528747624,0.32480561825934284
688,1,0.30666666666666664,0.2866666666666667,0.3,0.24,0.2,0.24823969560395479,0.3025271122217413,0.3132686084142395
689,0,0.26666666666666666,0.27666666666666667,0.25666666666666665,0.25,0.21666666666666667,0.2644807906593928,0.23727972981724155,0.32480561825934284
690,0,0.4266666666666667,0.38,0.44333333333333336,0.41,0.43,0.41070021928590217,0.3937950913911924,0.37863690713431647
691,1,0.35333333333333333,0.33666666666666667,0.37666666666666665,0.30333333333333334,0.29333333333333333,0.3488738782266668,0.3378513329032158,0.3132686084142395
692,0,0.29333333333333333,0.38,0.33666666666666667,0.37,0.2966666666666667,0.312652466967927,0.28082804522353133,0.32480561825934284
693,0,0.41,0.43,0.42333333333333334,0.43666666666666665,0.33666666666666667,0.4395589343867083,0.43586412576016587,0.37863690713431647
694,0,0.18333333333333332,0.2,0.22,0.22333333333333333,0.2,0.2009835644113356,0.24457663527993453,0.3132686084142395
695,0,0.35333333333333333,0.44333333333333336,0.44666666666666666,0.4533333333333333,0.33666666666666667,0.4029491792963276,0.39954745435784933,0.40809248554913297
696,0,0.32,0.4066666666666667,0.36666666666666664,0.37333333333333335,0.25333333333333335,0.31832744330550844,0.35251576986384314,0.3132686084142395
697,0,0.3,0.31333333333333335,0.3233333333333333,0.3233333333333333,0.29333333333333333,0.31526957392084626,0.31754129876665793,0.3132686084142395
698,0,0.23666666666666666,0.25,0.27666666666666667,0.23333333333333334,0.19,0.25542893151841833,0.2882112273646874,0.3132686084142395
699,0,0.22333333333333333,0.22333333333333333,0.21666666666666667,0.24666666666666667,0.15666666666666668,0.2329770418388136,0.3175271539643719,0.3132686084142395
700,0,0.32,0.38,0.37666666666666665,0.3333333333333333,0.25666666666666665,0.3308098618350266,0.35002075080398914,0.37863690713431647
701,1,0.3466666666666667,0.4166666666666667,0.43666666666666665,0.4033333333333333,0.31,0.38661879795260123,0.32656136688712645,0.3132686084142395
702,1,0.3233333333333333,0.29,0.2966666666666667,0.31333333333333335,0.20333333333333334,0.26255640386872936,0.32016370364843805,0.3132686084142395
703,1,0.2833333333333333,0.31,0.29333333333333333,0.26666666666666666,0.21,0.3042346648184287,0.3584296844235673,0.32480561825934284
704,1,0.42333333333333334,0.43333333333333335,0.42333333333333334,0.37666666666666665,0.36,0.39187481632991916,0.30022184908265187,0.3132686084142395
705,1,0.41,0.41,0.42333333333333334,0.41,0.37333333333333335,0.37424417169228386,0.32605413073284595,0.3132686084142395
706,0,0.47333333333333333,0.4166666666666667,0.38,0.4033333333333333,0.4033333333333333,0.43031886537351244,0.35565782114275774,0.32480561825934284
707,1,0.41333333333333333,0.4666666666666667,0.4266666666666667,0.43666666666666665,0.38333333333333336,0.41696707597594285,0.35002075080398914,0.37863690713431647
708,0,0.4,0.42333333333333334,0.44333333333333336,0.4666666666666667,0.37333333333333335,0.4478543624709348,0.33807778209270867,0.37863690713431647
709,1,0.35,0.4033333333333333,0.37,0.43,0.42333333333333334,0.401218527347642,0.30897267590842303,0.3132686084142395
710,1,0.48333333333333334,0.44666666666666666,0.4266666666666667,0.46,0.38333333333333336,0.4159177803220774,0.3837528639692382,0.37863690713431647
711,0,0.29333333333333333,0.29333333333333333,0.24666666666666667,0.2866666666666667,0.18666666666666668,0.253201823482683,0.2968373236463727,0.32480561825934284
712,0,0.20333333333333334,0.23,0.21666666666666667,0.21666666666666667,0.22333333333333333,0.2522325279676797,0.2351014395205031,0.32480561825934284
713,0,0.37333333333333335,0.36666666666666664,0.31333333333333335,0.3333333333333333,0.4033333333333333,0.3631502188418287,0.34413095994933185,0.3132686084142395
714,0,0.24,0.32666666666666666,0.26,0.2733333333333333,0.23,0.274562499119493,0.28082804522353133,0.32480561825934284
715,1,0.2833333333333333,0.26,0.25333333333333335,0.3,0.2966666666666667,0.26642276964820705,0.33154153891269705,0.3132686084142395
716,1,0.31,0.3433333333333333,0.3333333333333333,0.31666666666666665,0.3233333333333333,0.33346882204508915,0.31754129876665793,0.3132686084142395
717,0,0.36333333333333334,0.4033333333333333,0.48333333333333334,0.36333333333333334,0.3,0.3811678951625156,0.33739096363814275,0.32480561825934284
718,0,0.27666666666666667,0.3566666666666667,0.33666666666666667,0.31,0.27,0.3192678596996571,0.34976470796807985,0.3132686084142395
719,0,0.35,0.37,0.4033333333333333,0.38333333333333336,0.2866666666666667,0.3448506870537337,0.35283839232985986,0.32480561825934284
720,1,0.41333333333333333,0.4866666666666667,0.48333333333333334,0.48333333333333334,0.3333333333333333,0.42776802638697636,0.42258425418194,0.40809248554913297
721,0,0.29,0.2633333333333333,0.26666666666666666,0.3,0.2866666666666667,0.29890762318818687,0.319394487219817,0.32480561825934284
722,0,0.33666666666666667,0.32666666666666666,0.35,0.31333333333333335,0.22,0.3142050039296238,0.37729658812622036,0.32480561825934284
723,1,0.4166666666666667,0.41333333333333333,0.38333333333333336,0.37333333333333335,0.38666666666666666,0.4125859827918173,0.44213429009423233,0.37863690713431647
724,1,0.46,0.44,0.43,0.4666666666666667,0.3466666666666667,0.4391436208706017,0.43317384981074974,0.37863690713431647
725,1,0.32666666666666666,0.39,0.4,0.4066666666666667,0.32666666666666666,0.37282990705419217,0.32275859895650966,0.32480561825934284
726,0,0.2833333333333333,0.2733333333333333,0.30333333333333334,0.26,0.21333333333333335,0.2782450782010514,0.28667602367509987,0.32480561825934284
727,0,0.39,0.42,0.44666666666666666,0.4866666666666667,0.35,0.3937166247655672,0.3308853811480467,0.32480561825934284
728,1,0.3566666666666667,0.37666666666666665,0.3933333333333333,0.4033333333333333,0.41,0.39413919987615104,0.34976470796807985,0.3132686084142395
729,0,0.30333333333333334,0.26,0.2833333333333333,0.32,0.24333333333333335,0.29428450094251835,0.319394487219817,0.32480561825934284
730,0,0.35,0.42333333333333334,0.36333333333333334,0.37333333333333335,0.29333333333333333,0.3416505078500415,0.289151527414682,0.32480561825934284
731,0,0.42,0.38333333333333336,0.42333333333333334,0.4266666666666667,0.37,0.4256932754364518,0.44213429009423233,0.37863690713431647
732,0,0.2633333333333333,0.2633333333333333,0.21333333333333335,0.21333333333333335,0.19333333333333333,0.2517393224746975,0.30018444158755725,0.32480561825934284
733,1,0.31,0.3233333333333333,0.2866666666666667,0.29,0.26,0.3195257689446267,0.2892219719697223,0.3132686084142395
734,0,0.30333333333333334,0.2833333333333333,0.21666666666666667,0.23,0.21,0.2869349301235491,0.3531526928968528,0.32480561825934284
735,0,0.47,0.4866666666666667,0.44,0.37,0.3566666666666667,0.4744714652773629,0.4427325690979623,0.40809248554913297
736,1,0.43666666666666665,0.4266666666666667,0.33,0.42333333333333334,0.37666666666666665,0.3897768335660819,0.3585367635856029,0.32480561825934284
737,0,0.23333333333333334,0.21,0.24666666666666667,0.2,0.18333333333333332,0.24035378760594217,0.30335272328958024,0.3132686084142395
738,0,0.31333333333333335,0.3466666666666667,0.35333333333333333,0.36666666666666664,0.23333333333333334,0.3403564397228638,0.34660756293984846,0.32480561825934284
739,0,0.5266666666666666,0.4066666666666667,0.46,0.44666666666666666,0.4066666666666667,0.4439766352339635,0.34998024165790276,0.32480561825934284
740,0,0.34,0.45,0.43333333333333335,0.38333333333333336,0.41333333333333333,0.37580945348630956,0.3025271122217413,0.3132686084142395
741,0,0.29333333333333333,0.28,0.23666666666666666,0.25333333333333335,0.18666666666666668,0.2803023487734978,0.2628574661170909,0.3132686084142395
742,0,0.31,0.28,0.3233333333333333,0.29333333333333333,0.3433333333333333,0.3187974271223427,0.2801835064144784,0.32480561825934284
743,0,0.37,0.38666666666666666,0.4066666666666667,0.38333333333333336,0.33,0.38639807598344317,0.3498706101744335,0.3132686084142395
744,1,0.36,0.41333333333333333,0.4066666666666667,0.41333333333333333,0.3466666666666667,0.35009265672021006,0.3584296844235673,0.32480561825934284
745,0,0.33,0.37666666666666665,0.3233333333333333,0.30666666666666664,0.33,0.336699900399222,0.2559565023562298,0.3132686084142395
746,0,0.30666666666666664,0.25,0.23666666666666666,0.2833333333333333,0.2866666666666667,0.30823993144176126,0.30893465942646076,0.32480561825934284
747,0,0.37333333333333335,0.32,0.32,0.32,0.38666666666666666,0.3277075889822565,0.3019024428319203,0.32480561825934284
748,1,0.35,0.36333333333333334,0.36,0.38,0.26,0.35667413411117205,0.3937266259574301,0.37863690713431647
749,0,0.25666666666666665,0.27666666666666667,0.30333333333333334,0.27,0.19666666666666666,0.2397910736128417,0.3088732716999506,0.3132686084142395
750,0,0.31666666666666665,0.32666666666666666,0.31666666666666665,0.31666666666666665,0.31333333333333335,0.3091153675452199,0.2701862061036348,0.3132686084142395
751,0,0.21666666666666667,0.20333333333333334,0.2733333333333333,0.24,0.19666666666666666,0.2524016071104801,0.2623906327631322,0.32480561825934284
752,0,0.31333333333333335,0.32,0.2866666666666667,0.35,0.21,0.31064065857125006,0.3308853811480467,0.32480561825934284
753,0,0.3333333333333333,0.3333333333333333,0.35333333333333333,0.31,0.36,0.3546933129697769,0.28161834883908005,0.32480561825934284
754,0,0.4766666666666667,0.49666666666666665,0.39666666666666667,0.49333333333333335,0.35,0.42461692839215887,0.3688077812768109,0.37863690713431647
755,0,0.31,0.3333333333333333,0.38333333333333336,0.36666666666666664,0.29,0.33796366142861217,0.3498706101744335,0.3132686084142395
756,0,0.25,0.30333333333333334,0.25666666666666665,0.2733333333333333,0.29,0.2972086232188909,0.2646039802275537,0.3132686084142395
757,1,0.30333333333333334,0.38666666666666666,0.35,0.36666666666666664,0.24,0.3294462330609125,0.3585367635856029,0.32480561825934284
758,1,0.27666666666666667,0.31666666666666665,0.2866666666666667,0.3233333333333333,0.2,0.266844832682378,0.32897379934603904,0.3132686084142395
759,0,0.31666666666666665,0.44333333333333336,0.4066666666666667,0.37333333333333335,0.32,0.3572181552149799,0.42525810422530674,0.40809248554913297
760,0,0.37666666666666665,0.36,0.4066666666666667,0.4033333333333333,0.3433333333333333,0.38977959320763067,0.3290801972791992,0.32480561825934284
761,0,0.33,0.28,0.30333333333333334,0.3333333333333333,0.23,0.3467871508783768,0.3966542045514839,0.40809248554913297
762,0,0.4,0.4033333333333333,0.3466666666666667,0.4066666666666667,0.36333333333333334,0.37608129415663716,0.32636474244503316,0.32480561825934284
763,0,0.4,0.38333333333333336,0.37,0.33666666666666667,0.27666666666666667,0.3581785528711004,0.3472787167751307,0.37863690713431647
764,0,0.34,0.31333333333333335,0.30333333333333334,0.33,0.26666666666666666,0.29916215271024493,0.33154153891269705,0.3132686084142395
765,0,0.35333333333333333,0.36333333333333334,0.39666666666666667,0.34,0.3,0.3706927589878493,0.37729658812622036,0.32480561825934284
766,1,0.46,0.42333333333333334,0.41,0.49333333333333335,0.4166666666666667,0.44272448096615963,0.44213429009423233,0.37863690713431647
767,0,0.27666666666666667,0.35,0.2966666666666667,0.26666666666666666,0.19,0.28080121279057774,0.3225515108296549,0.3132686084142395
768,0,0.5133333333333333,0.41,0.43666666666666665,0.45666666666666667,0.34,0.4235490138061374,0.36869939774787414,0.37863690713431647
769,0,0.23333333333333334,0.18666666666666668,0.31666666666666665,0.29,0.14666666666666667,0.2542729066927922,0.3061117078456651,0.32480561825934284
770,0,0.2733333333333333,0.2633333333333333,0.32,0.26666666666666666,0.23333333333333334,0.2752384912604678,0.28142668811222266,0.3132686084142395
771,1,0.41,0.45666666666666667,0.43333333333333335,0.42,0.3233333333333333,0.4154964846001013,0.39681216774771044,0.40809248554913297
772,0,0.43,0.38333333333333336,0.38333333333333336,0.39,0.37666666666666665,0.43785853826878063,0.4057379363568362,0.40809248554913297
773,0,0.25333333333333335,0.3,0.27666666666666667,0.24333333333333335,0.24,0.2536389839487412,0.2973063412979579,0.3132686084142395
774,0,0.26,0.24,0.21666666666666667,0.22666666666666666,0.22,0.2311886510369128,0.2782055760916587,0.3132686084142395
775,0,0.31,0.3233333333333333,0.31333333333333335,0.35,0.33666666666666667,0.3202217669767855,0.3056726310968324,0.32480561825934284
776,0,0.38,0.3566666666666667,0.39,0.37333333333333335,0.26666666666666666,0.31914337992544045,0.37125151287359176,0.37863690713431647
777,0,0.30666666666666664,0.32666666666666666,0.29,0.33,0.21666666666666667,0.29740551296356754,0.30276467633384785,0.3132686084142395
778,0,0.3,0.19333333333333333,0.21,0.25,0.26666666666666666,0.27818007187900007,0.3264446252566856,0.3132686084142395
779,0,0.23333333333333334,0.26,0.30333333333333334,0.24333333333333335,0.22666666666666666,0.2741885856242546,0.32012494809537945,0.32480561825934284
780,1,0.36333333333333334,0.30666666666666664,0.2866666666666667,0.25666666666666665,0.31333333333333335,0.3206260621662249,0.30591047608381694,0.3132686084142395
781,0,0.30333333333333334,0.31,0.31333333333333335,0.28,0.21666666666666667,0.2619358452341469,0.31145676135260414,0.3132686084142395
782,0,0.29,0.3,0.31333333333333335,0.2633333333333333,0.26666666666666666,0.3038201907813197,0.30863303616300786,0.3132686084142395
783,0,0.37333333333333335,0.4166666666666667,0.4266666666666667,0.43666666666666665,0.31666666666666665,0.38363897607267333,0.3501266887911026,0.37863690713431647
784,1,0.41333333333333333,0.4,0.44333333333333336,0.4033333333333333,0.37333333333333335,0.3775329052377709,0.33164473768808256,0.3132686084142395
785,0,0.3233333333333333,0.4,0.35333333333333333,0.38,0.3466666666666667,0.35155820200588195,0.34738426840150083,0.37863690713431647
786,1,0.43333333333333335,0.36,0.39666666666666667,0.38,0.33,0.3933079873678572,0.41591205668825176,0.37863690713431647
787,0,0.39666666666666667,0.3933333333333333,0.3333333333333333,0.35333333333333333,0.27666666666666667,0.35528785856915934,0.36774842972128496,0.32480561825934284
788,0,0.26666666666666666,0.3333333333333333,0.32666666666666666,0.30666666666666664,0.24666666666666667,0.2852599650747511,0.3084802452936414,0.3132686084142395
789,0,0.36333333333333334,0.27666666666666667,0.33,0.3466666666666667,0.30333333333333334,0.36191800948414127,0.37125151287359176,0.37863690713431647
790,0,0.32,0.3433333333333333,0.29333333333333333,0.27666666666666667,0.36,0.3516495805223847,0.3317515723860618,0.32480561825934284
791,0,0.2866666666666667,0.23,0.27,0.27,0.24666666666666667,0.28950353836075876,0.3562364926905811,0.3132686084142395
792,0,0.4,0.3,0.3333333333333333,0.33,0.29333333333333333,0.34829952464718605,0.32275859895650966,0.32480561825934284
793,0,0.38,0.43666666666666665,0.3466666666666667,0.4033333333333333,0.35,0.3693414600668873,0.2570303964702651,0.3132686084142395
794,0,0.21,0.23666666666666666,0.24333333333333335,0.23333333333333334,0.27,0.2627289482850977,0.24702120083938084,0.32480561825934284
795,1,0.29333333333333333,0.24,0.31666666666666665,0.32,0.21333333333333335,0.28856186250469334,0.3235083223557999,0.3132686084142395
796,0,0.24666666666666667,0.2966666666666667,0.25,0.24666666666666667,0.17666666666666667,0.25486228989709575,0.3342229410765026,0.3132686084142395
797,1,0.38666666666666666,0.37666666666666665,0.34,0.4033333333333333,0.29,0.3489861493209452,0.3497905293916805,0.3132686084142395
798,0,0.38,0.36666666666666664,0.3466666666666667,0.4066666666666667,0.24333333333333335,0.32682288889695704,0.30591047608381694,0.3132686084142395
799,1,0.4766666666666667,0.41,0.49,0.3933333333333333,0.38333333333333336,0.4217793225612497,0.43586412576016587,0.37863690713431647
800,1,0.45666666666666667,0.47,0.4066666666666667,0.3933333333333333,0.4666666666666667,0.41636644498166436,0.34465193656963755,0.37863690713431647
801,0,0.46,0.43666666666666665,0.44333333333333336,0.37666666666666665,0.36666666666666664,0.40267730823738923,0.35002075080398914,0.37863690713431647
802,0,0.25666666666666665,0.23,0.25333333333333335,0.2833333333333333,0.25,0.28679010014521933,0.32556077323447563,0.32480561825934284
803,1,0.43666666666666665,0.4766666666666667,0.43333333333333335,0.41333333333333333,0.41,0.4492323619603673,0.41648548146411735,0.40809248554913297
804,0,0.5233333333333333,0.4533333333333333,0.45666666666666667,0.4066666666666667,0.38666666666666666,0.44232074095333795,0.43317384981074974,0.37863690713431647
805,1,0.2733333333333333,0.2833333333333333,0.29,0.2733333333333333,0.27,0.28101430100613517,0.3168997133419095,0.32480561825934284
806,1,0.29,0.32,0.26,0.2866666666666667,0.31,0.3300645086577362,0.30335272328958024,0.3132686084142395
807,0,0.4,0.3566666666666667,0.37333333333333335,0.36666666666666664,0.2633333333333333,0.37093302189189553,0.37147272298887307,0.32480561825934284
808,0,0.39666666666666667,0.37333333333333335,0.27666666666666667,0.31666666666666665,0.23666666666666666,0.3507889094443744,0.35292136015379805,0.3132686084142395
809,0,0.18,0.20666666666666667,0.24333333333333335,0.17333333333333334,0.19,0.21860938066114766,0.2659663549908212,0.3132686084142395
810,1,0.38333333333333336,0.38,0.43,0.37666666666666665,0.4066666666666667,0.4303837653414969,0.36868420520847506,0.37863690713431647
811,1,0.3233333333333333,0.44,0.4666666666666667,0.39,0.3,0.4007484131304875,0.413254717806299,0.37863690713431647
812,1,0.31,0.37666666666666665,0.3433333333333333,0.36333333333333334,0.24333333333333335,0.3243962058513839,0.35002075080398914,0.37863690713431647
813,0,0.30333333333333334,0.3933333333333333,0.39,0.3566666666666667,0.24333333333333335,0.3350068467855686,0.35251576986384314,0.3132686084142395
814,1,0.2866666666666667,0.29333333333333333,0.32,0.36,0.2,0.2976303470067051,0.32605413073284595,0.3132686084142395
815,1,0.27666666666666667,0.2633333333333333,0.28,0.32,0.25,0.26344823325028244,0.3084802452936414,0.3132686084142395
816,0,0.32,0.3433333333333333,0.32,0.3233333333333333,0.24333333333333335,0.29945179575337816,0.30824128961169656,0.32480561825934284
817,1,0.4166666666666667,0.4066666666666667,0.45666666666666667,0.41333333333333333,0.3233333333333333,0.4123639040614879,0.3994357539266264,0.40809248554913297
818,0,0.45666666666666667,0.41,0.36666666666666664,0.39666666666666667,0.3233333333333333,0.4027557226172112,0.36475222186675477,0.3132686084142395
819,0,0.42,0.41333333333333333,0.47333333333333333,0.4066666666666667,0.35333333333333333,0.45978826291961533,0.3994357539266264,0.40809248554913297
820,0,0.2733333333333333,0.2633333333333333,0.29,0.28,0.19333333333333333,0.2893190514673715,0.36774842972128496,0.32480561825934284
821,0,0.45,0.4,0.4066666666666667,0.36333333333333334,0.38333333333333336,0.40667908798950025,0.35273207919449556,0.32480561825934284
822,0,0.2866666666666667,0.3233333333333333,0.31,0.31333333333333335,0.30333333333333334,0.31068825059265986,0.30863303616300786,0.3132686084142395
823,0,0.25,0.3,0.30333333333333334,0.31333333333333335,0.23,0.2943940479468554,0.3463526864281765,0.32480561825934284
824,0,0.35,0.3433333333333333,0.2833333333333333,0.2866666666666667,0.26666666666666666,0.31779433659408174,0.32645897728259843,0.3132686084142395
825,0,0.35,0.37333333333333335,0.2966666666666667,0.35333333333333333,0.29333333333333333,0.3259290886234395,0.33999111402461263,0.32480561825934284
826,0,0.30666666666666664,0.4266666666666667,0.3433333333333333,0.36,0.37666666666666665,0.33517021742553643,0.3612110402418727,0.32480561825934284
827,0,0.31666666666666665,0.3466666666666667,0.42,0.39666666666666667,0.25,0.3611393228935293,0.2751961852271309,0.32480561825934284
828,0,0.31666666666666665,0.31666666666666665,0.3333333333333333,0.38666666666666666,0.31,0.35215834776529314,0.3372868791468017,0.32480561825934284
829,0,0.30666666666666664,0.27666666666666667,0.21333333333333335,0.28,0.23333333333333334,0.2946423123313073,0.2968373236463727,0.32480561825934284
830,0,0.49,0.4266666666666667,0.4033333333333333,0.42333333333333334,0.3933333333333333,0.44685181656818945,0.44213429009423233,0.37863690713431647
831,0,0.36333333333333334,0.3433333333333333,0.26666666666666666,0.31333333333333335,0.2633333333333333,0.3310605321457773,0.33904297230194147,0.3132686084142395
832,1,0.28,0.3333333333333333,0.35,0.31666666666666665,0.26666666666666666,0.3004439454763091,0.3086824156986753,0.32480561825934284
833,1,0.38666666666666666,0.42,0.37666666666666665,0.39666666666666667,0.37666666666666665,0.40086345285106134,0.3687663314262475,0.32480561825934284
834,0,0.44333333333333336,0.42333333333333334,0.43333333333333335,0.44,0.38,0.4413462845085394,0.36869939774787414,0.37863690713431647
835,1,0.2833333333333333,0.2733333333333333,0.2733333333333333,0.31,0.28,0.29960481067727973,0.2867712483364878,0.32480561825934284
836,0,0.35,0.42333333333333334,0.35,0.3933333333333333,0.29333333333333333,0.34335618071181834,0.41602517290197094,0.37863690713431647
837,1,0.23666666666666666,0.2866666666666667,0.33,0.29333333333333333,0.26,0.29606211253229725,0.30335272328958024,0.3132686084142395
838,0,0.5133333333333333,0.39666666666666667,0.41,0.4533333333333333,0.46,0.45486307775646373,0.413254717806299,0.37863690713431647
839,0,0.34,0.33666666666666667,0.2733333333333333,0.31333333333333335,0.32,0.3548404345260507,0.34909131922120545,0.32480561825934284
840,0,0.32666666666666666,0.23666666666666666,0.31333333333333335,0.2866666666666667,0.23666666666666666,0.2899274545962086,0.32340643029834243,0.3132686084142395
841,1,0.38666666666666666,0.4,0.44333333333333336,0.4033333333333333,0.3333333333333333,0.3813498591302963,0.3411843027857495,0.37863690713431647
842,1,0.43333333333333335,0.36666666666666664,0.38333333333333336,0.34,0.32666666666666666,0.3796005155927385,0.34413095994933185,0.3132686084142395
843,0,0.43666666666666665,0.37666666666666665,0.38666666666666666,0.37,0.38333333333333336,0.3813498591302963,0.3411843027857495,0.37863690713431647
844,0,0.3233333333333333,0.31,0.30666666666666664,0.32,0.20666666666666667,0.3185499294619813,0.3775610827003731,0.40809248554913297
845,0,0.30333333333333334,0.28,0.22666666666666666,0.25,0.26,0.2582570412766353,0.21641418841792617,0.3132686084142395
846,0,0.37,0.42333333333333334,0.3566666666666667,0.41333333333333333,0.2866666666666667,0.3617548159704657,0.3969236194030947,0.40809248554913297
847,0,0.25,0.2733333333333333,0.2633333333333333,0.25333333333333335,0.17333333333333334,0.22367887711346612,0.2782055760916587,0.3132686084142395
848,0,0.35333333333333333,0.36666666666666664,0.38333333333333336,0.32666666666666666,0.35333333333333333,0.38679663763011757,0.31991875153273214,0.3132686084142395
849,0,0.2633333333333333,0.21333333333333335,0.22333333333333333,0.21,0.19333333333333333,0.24700653512634513,0.3080013265612287,0.32480561825934284
850,1,0.28,0.2733333333333333,0.26666666666666666,0.24333333333333335,0.23666666666666666,0.2873893228403531,0.34413095994933185,0.3132686084142395
851,1,0.23,0.21666666666666667,0.26666666666666666,0.23,0.23,0.2573913138208239,0.30335272328958024,0.3132686084142395
852,0,0.42333333333333334,0.4,0.38666666666666666,0.31666666666666665,0.29,0.3769065495435935,0.44213429009423233,0.37863690713431647
853,0,0.42333333333333334,0.43666666666666665,0.42,0.38333333333333336,0.38666666666666666,0.44799787689970827,0.44213429009423233,0.37863690713431647
854,0,0.41,0.36666666666666664,0.36666666666666664,0.36333333333333334,0.31333333333333335,0.3894605521628301,0.32605413073284595,0.3132686084142395
855,0,0.29333333333333333,0.27,0.2633333333333333,0.29333333333333333,0.21666666666666667,0.3013384399486676,0.37729658812622036,0.32480561825934284
856,0,0.25666666666666665,0.2733333333333333,0.29333333333333333,0.2966666666666667,0.2833333333333333,0.2713764722092388,0.34909131922120545,0.32480561825934284
857,1,0.45666666666666667,0.45666666666666667,0.48,0.44333333333333336,0.39,0.46157947214074085,0.413597239697446,0.37863690713431647
858,1,0.4033333333333333,0.36,0.38666666666666666,0.45,0.37666666666666665,0.40008960448926484,0.3709747877687848,0.32480561825934284
859,0,0.38333333333333336,0.37333333333333335,0.38,0.38,0.3566666666666667,0.3669041772550581,0.3405322709173217,0.3132686084142395
860,1,0.21333333333333335,0.26666666666666666,0.22333333333333333,0.2866666666666667,0.24,0.2860963076548316,0.32821755512352474,0.32480561825934284
861,0,0.36333333333333334,0.36666666666666664,0.3433333333333333,0.31666666666666665,0.3933333333333333,0.40294945809661864,0.34998024165790276,0.32480561825934284
862,0,0.31,0.28,0.2633333333333333,0.31333333333333335,0.2,0.3117878226980123,0.3229398205728625,0.3132686084142395
863,0,0.25333333333333335,0.16666666666666666,0.2866666666666667,0.21333333333333335,0.17333333333333334,0.25541619467984605,0.2696349238086346,0.32480561825934284
864,0,0.38,0.38,0.41,0.4033333333333333,0.38,0.4318546703351416,0.3876504116057036,0.37863690713431647
865,0,0.32,0.32,0.32666666666666666,0.31333333333333335,0.24666666666666667,0.32967832494219373,0.3472787167751307,0.37863690713431647
866,0,0.45,0.5033333333333333,0.4266666666666667,0.3933333333333333,0.3933333333333333,0.47338017644354885,0.46234854487644367,0.37863690713431647
867,0,0.25666666666666665,0.31333333333333335,0.31,0.30666666666666664,0.2866666666666667,0.3112354510648895,0.2570303964702651,0.3132686084142395
868,0,0.23,0.29333333333333333,0.2866666666666667,0.31666666666666665,0.24,0.27274027706704324,0.27204187296122206,0.32480561825934284
869,0,0.4266666666666667,0.4266666666666667,0.42333333333333334,0.37666666666666665,0.37666666666666665,0.40973674130874665,0.3994357539266264,0.40809248554913297
870,1,0.37666666666666665,0.39,0.38,0.41333333333333333,0.3,0.3866763773595563,0.37147272298887307,0.32480561825934284
871,0,0.27666666666666667,0.31,0.3433333333333333,0.31,0.23333333333333334,0.2687603551115481,0.30824128961169656,0.32480561825934284
872,0,0.2866666666666667,0.29333333333333333,0.3333333333333333,0.33,0.26,0.3508362009628378,0.3500691883758739,0.3132686084142395
873,1,0.35333333333333333,0.3433333333333333,0.30333333333333334,0.36333333333333334,0.3,0.36397339604787604,0.34909131922120545,0.32480561825934284
874,1,0.31,0.32666666666666666,0.34,0.3333333333333333,0.23666666666666666,0.3124923987258646,0.3472787167751307,0.37863690713431647
875,0,0.42333333333333334,0.4066666666666667,0.46,0.38666666666666666,0.3466666666666667,0.423487648053175,0.39954745435784933,0.40809248554913297
876,1,0.39,0.47333333333333333,0.4533333333333333,0.48333333333333334,0.33666666666666667,0.4100888355110001,0.3904934727382804,0.37863690713431647
877,1,0.43666666666666665,0.37,0.2866666666666667,0.3333333333333333,0.33666666666666667,0.3548709715858756,0.3405322709173217,0.3132686084142395
878,0,0.37,0.42,0.4066666666666667,0.37,0.32666666666666666,0.35202661133545615,0.31317210058876593,0.32480561825934284
879,0,0.26,0.24333333333333335,0.31666666666666665,0.25666666666666665,0.25666666666666665,0.3062945407685612,0.3110972104611617,0.3132686084142395
880,0,0.49,0.4266666666666667,0.45,0.44666666666666666,0.39666666666666667,0.46118491029232256,0.37125151287359176,0.37863690713431647
881,0,0.36333333333333334,0.3933333333333333,0.36333333333333334,0.38333333333333336,0.3,0.3980499822072061,0.44236802011117204,0.40809248554913297
882,1,0.35333333333333333,0.3933333333333333,0.38333333333333336,0.39666666666666667,0.23333333333333334,0.3373661129276227,0.3686843783321149,0.32480561825934284
883,0,0.3566666666666667,0.32666666666666666,0.33,0.31666666666666665,0.29333333333333333,0.3401098860313949,0.34976470796807985,0.3132686084142395
884,0,0.31,0.2633333333333333,0.2833333333333333,0.3,0.2733333333333333,0.288316389864905,0.3025271122217413,0.3132686084142395
885,0,0.2833333333333333,0.22666666666666666,0.23,0.23333333333333334,0.23333333333333334,0.27524081811207485,0.2732400977758239,0.3132686084142395
886,0,0.21,0.2633333333333333,0.22666666666666666,0.29333333333333333,0.20333333333333334,0.22687626137604003,0.2625637375420556,0.3132686084142395
887,0,0.2866666666666667,0.35,0.3433333333333333,0.2966666666666667,0.25666666666666665,0.29876432232826866,0.33999111402461263,0.32480561825934284
888,0,0.18,0.2833333333333333,0.23,0.22666666666666666,0.18,0.1950992235011325,0.24001178936315049,0.3132686084142395
889,1,0.33,0.4533333333333333,0.4166666666666667,0.3333333333333333,0.23,0.34021194411301453,0.3937266259574301,0.37863690713431647
890,0,0.41,0.4066666666666667,0.44,0.44,0.28,0.3945823576784833,0.3612110402418727,0.32480561825934284
891,0,0.36,0.35,0.36333333333333334,0.38333333333333336,0.29333333333333333,0.3627673766684815,0.36854578794423015,0.37863690713431647
892,0,0.30333333333333334,0.24666666666666667,0.2966666666666667,0.29333333333333333,0.21666666666666667,0.28960870428660346,0.32275859895650966,0.32480561825934284
893,1,0.39,0.45,0.37333333333333335,0.42333333333333334,0.37333333333333335,0.42408034804104905,0.3585367635856029,0.32480561825934284
894,0,0.43,0.4033333333333333,0.41333333333333333,0.42,0.43333333333333335,0.39985450120133675,0.35251576986384314,0.3132686084142395
895,1,0.31,0.31,0.31333333333333335,0.31666666666666665,0.25,0.3006552230673374,0.28387490198601995,0.3132686084142395
896,1,0.4266666666666667,0.4033333333333333,0.43666666666666665,0.43333333333333335,0.37333333333333335,0.43790198198419433,0.3649716349350417,0.37863690713431647
897,0,0.39666666666666667,0.35,0.32666666666666666,0.32,0.30333333333333334,0.37519917266528563,0.3291830072006409,0.32480561825934284
898,1,0.33666666666666667,0.27,0.2833333333333333,0.2866666666666667,0.21666666666666667,0.267330842712322,0.3405322709173217,0.3132686084142395
899,0,0.38666666666666666,0.31666666666666665,0.36,0.3566666666666667,0.36,0.36491764703311513,0.25209845553619215,0.3132686084142395
900,1,0.4,0.38666666666666666,0.3466666666666667,0.34,0.32,0.38461902957742544,0.34976470796807985,0.3132686084142395
901,1,0.38,0.3933333333333333,0.4,0.3566666666666667,0.33,0.37016350594813074,0.3801376019711631,0.32480561825934284
902,0,0.3433333333333333,0.34,0.36333333333333334,0.33666666666666667,0.25333333333333335,0.3534840795632504,0.3779786672652319,0.40809248554913297
903,1,0.38333333333333336,0.4066666666666667,0.37666666666666665,0.4,0.27666666666666667,0.36643462500243873,0.3876504116057036,0.37863690713431647
904,1,0.39666666666666667,0.43333333333333335,0.46,0.45,0.33,0.4143976465679365,0.3969236194030947,0.40809248554913297
905,0,0.25666666666666665,0.25,0.27666666666666667,0.2633333333333333,0.18,0.25296611591995455,0.3344955782549368,0.3132686084142395
906,1,0.35333333333333333,0.39666666666666667,0.3233333333333333,0.3466666666666667,0.2633333333333333,0.33407184578734106,0.37125151287359176,0.37863690713431647
907,1,0.26,0.24333333333333335,0.20666666666666667,0.26,0.16333333333333333,0.21071898154413207,0.3052818783914104,0.32480561825934284
908,0,0.39666666666666667,0.43333333333333335,0.46,0.43,0.35333333333333333,0.4154061729775582,0.36869939774787414,0.37863690713431647
909,0,0.4066666666666667,0.39,0.37333333333333335,0.38333333333333336,0.36,0.3911431095981238,0.3145331970388933,0.3132686084142395
910,0,0.31333333333333335,0.25,0.31333333333333335,0.30666666666666664,0.31333333333333335,0.3460516921632179,0.2968373236463727,0.32480561825934284
911,1,0.41,0.42,0.44,0.44666666666666666,0.39,0.4141734591102024,0.35002075080398914,0.37863690713431647
912,1,0.4033333333333333,0.45666666666666667,0.4866666666666667,0.39,0.37333333333333335,0.45880447934899354,0.4427325690979623,0.40809248554913297
913,1,0.2633333333333333,0.29,0.36,0.35333333333333333,0.33666666666666667,0.3308379035397237,0.2783958930317626,0.32480561825934284
914,0,0.31666666666666665,0.25333333333333335,0.30666666666666664,0.2866666666666667,0.30333333333333334,0.3133980168620819,0.33716361298226794,0.32480561825934284
915,0,0.35333333333333333,0.3,0.2866666666666667,0.31,0.28,0.33638601117888817,0.3937950913911924,0.37863690713431647
916,0,0.32,0.4066666666666667,0.36333333333333334,0.36,0.31666666666666665,0.3607618174624674,0.34909131922120545,0.32480561825934284
917,0,0.22333333333333333,0.17,0.23333333333333334,0.22333333333333333,0.16333333333333333,0.20068107989309947,0.2622072815485365,0.3132686084142395
918,0,0.29333333333333333,0.32666666666666666,0.3,0.2733333333333333,0.21333333333333335,0.2662212770187593,0.30022184908265187,0.3132686084142395
919,1,0.20666666666666667,0.21333333333333335,0.26,0.24333333333333335,0.23333333333333334,0.23375671031473766,0.24982868521697293,0.3132686084142395
920,0,0.42,0.38333333333333336,0.39666666666666667,0.36333333333333334,0.25333333333333335,0.36594221178598324,0.3878906859565231,0.37863690713431647
921,1,0.35333333333333333,0.25333333333333335,0.36666666666666664,0.30666666666666664,0.25666666666666665,0.33471521008305627,0.34413095994933185,0.3132686084142395
922,0,0.2833333333333333,0.25333333333333335,0.25333333333333335,0.30333333333333334,0.21333333333333335,0.30919823322952783,0.3531526928968528,0.32480561825934284
923,0,0.39666666666666667,0.43333333333333335,0.38333333333333336,0.43666666666666665,0.29333333333333333,0.39893476892089796,0.3963432163999766,0.37863690713431647
924,1,0.30333333333333334,0.27,0.31,0.28,0.31333333333333335,0.3216638101161776,0.25473134541498926,0.3132686084142395
925,1,0.33666666666666667,0.2866666666666667,0.35333333333333333,0.2966666666666667,0.23333333333333334,0.3113757813622804,0.32897379934603904,0.3132686084142395
926,1,0.48333333333333334,0.43,0.4166666666666667,0.4266666666666667,0.46,0.42332321416731333,0.3904934727382804,0.37863690713431647
927,0,0.3566666666666667,0.42,0.39,0.43666666666666665,0.29,0.36960331430180376,0.34909131922120545,0.32480561825934284
928,1,0.48333333333333334,0.4633333333333333,0.45666666666666667,0.4633333333333333,0.4066666666666667,0.4542336347901417,0.41650134424633434,0.40809248554913297
929,0,0.30666666666666664,0.38333333333333336,0.3566666666666667,0.3466666666666667,0.23666666666666666,0.3310598542012309,0.3225515108296549,0.3132686084142395
930,1,0.4033333333333333,0.51,0.4666666666666667,0.4266666666666667,0.35333333333333333,0.4323496179016261,0.43317384981074974,0.37863690713431647
931,0,0.37666666666666665,0.4533333333333333,0.37666666666666665,0.41,0.32666666666666666,0.3945629469441757,0.3559158166533139,0.32480561825934284
932,0,0.3466666666666667,0.38333333333333336,0.41333333333333333,0.41333333333333333,0.27,0.36009372963947067,0.35283839232985986,0.32480561825934284
933,1,0.2866666666666667,0.28,0.36333333333333334,0.3933333333333333,0.31,0.3360811449313717,0.3584296844235673,0.32480561825934284
934,0,0.30666666666666664,0.35333333333333333,0.35,0.38333333333333336,0.25333333333333335,0.30262135594934675,0.3317910485868398,0.3132686084142395
935,0,0.52,0.4633333333333333,0.5,0.44333333333333336,0.42333333333333334,0.46097000240558744,0.41602517290197094,0.37863690713431647
936,0,0.44,0.4533333333333333,0.4066666666666667,0.48,0.3566666666666667,0.45927490446979546,0.45962798574473324,0.37863690713431647
937,0,0.3433333333333333,0.36333333333333334,0.35333333333333333,0.37666666666666665,0.39666666666666667,0.3398547321248665,0.2834546915161463,0.3132686084142395
938,0,0.4066666666666667,0.38333333333333336,0.38,0.39,0.3433333333333333,0.3751959783533266,0.32605413073284595,0.3132686084142395
939,0,0.25666666666666665,0.29333333333333333,0.31333333333333335,0.3433333333333333,0.25,0.2693746359372476,0.3084802452936414,0.3132686084142395
940,0,0.3933333333333333,0.33666666666666667,0.3466666666666667,0.3333333333333333,0.36333333333333334,0.34826754089116635,0.3584296844235673,0.32480561825934284
941,1,0.36333333333333334,0.3433333333333333,0.29,0.33,0.23666666666666666,0.33158021897126516,0.3472787167751307,0.37863690713431647
942,0,0.39,0.31666666666666665,0.37333333333333335,0.41333333333333333,0.36,0.3669936793465806,0.2892219719697223,0.3132686084142395
943,0,0.32,0.27,0.2833333333333333,0.30333333333333334,0.2966666666666667,0.34187231897878223,0.3210779730660044,0.32480561825934284
944,0,0.4533333333333333,0.37666666666666665,0.37333333333333335,0.46,0.41333333333333333,0.44736856572147904,0.37729658812622036,0.32480561825934284
945,0,0.29,0.24333333333333335,0.3433333333333333,0.3433333333333333,0.22666666666666666,0.3063945330249864,0.34976470796807985,0.3132686084142395
946,1,0.38666666666666666,0.4,0.44,0.43,0.4066666666666667,0.40753823724861205,0.35251576986384314,0.3132686084142395
947,0,0.30666666666666664,0.31333333333333335,0.33666666666666667,0.36,0.2733333333333333,0.3182939637844772,0.3225515108296549,0.3132686084142395
948,0,0.2733333333333333,0.32,0.35,0.2833333333333333,0.26,0.27447409986126686,0.28895680202721563,0.3132686084142395
949,1,0.25333333333333335,0.3233333333333333,0.34,0.31666666666666665,0.25666666666666665,0.3124291163124002,0.3113152397045738,0.3132686084142395
950,0,0.4766666666666667,0.44333333333333336,0.43,0.44333333333333336,0.3566666666666667,0.43463076945106327,0.3904934727382804,0.37863690713431647
951,1,0.4533333333333333,0.38,0.43,0.38333333333333336,0.37333333333333335,0.4121199479670864,0.44213429009423233,0.37863690713431647
952,0,0.25666666666666665,0.35,0.3466666666666667,0.2866666666666667,0.25666666666666665,0.26317749399423185,0.33443382337180977,0.32480561825934284
953,1,0.44,0.4766666666666667,0.43,0.4,0.37333333333333335,0.45927490446979546,0.45962798574473324,0.37863690713431647
954,1,0.33666666666666667,0.33,0.31333333333333335,0.2866666666666667,0.29333333333333333,0.3049398845816628,0.3138096061342417,0.3132686084142395
955,1,0.31,0.28,0.3333333333333333,0.3233333333333333,0.27666666666666667,0.32260476575670166,0.3438633943418339,0.32480561825934284
956,0,0.36333333333333334,0.38333333333333336,0.37,0.36666666666666664,0.36,0.41569983197587207,0.3649716349350417,0.37863690713431647
957,0,0.33666666666666667,0.23333333333333334,0.30333333333333334,0.2633333333333333,0.23,0.3007321143720649,0.3208714523609311,0.3132686084142395
958,0,0.24666666666666667,0.2866666666666667,0.2733333333333333,0.29333333333333333,0.23,0.25546802348005165,0.285877174917217,0.32480561825934284
959,0,0.33,0.30666666666666664,0.24333333333333335,0.29333333333333333,0.2733333333333333,0.3372336118878295,0.3649718073231984,0.32480561825934284
960,1,0.29,0.30333333333333334,0.29333333333333333,0.3566666666666667,0.29,0.29768907726898514,0.2622072815485365,0.3132686084142395
961,1,0.39666666666666667,0.42333333333333334,0.5033333333333333,0.43333333333333335,0.37333333333333335,0.4744714652773629,0.4427325690979623,0.40809248554913297
962,1,0.36666666666666664,0.43,0.46,0.41333333333333333,0.30333333333333334,0.36327216697754494,0.3498706101744335,0.3132686084142395
963,1,0.48333333333333334,0.4166666666666667,0.37,0.36333333333333334,0.49,0.43625384263397166,0.2970723228019305,0.32480561825934284
964,1,0.45,0.4166666666666667,0.4033333333333333,0.44333333333333336,0.37,0.4329343685769777,0.3688077812768109,0.37863690713431647
965,1,0.42,0.34,0.32666666666666666,0.31666666666666665,0.41,0.37294224398964493,0.3231470390857462,0.32480561825934284
966,0,0.2733333333333333,0.2966666666666667,0.26666666666666666,0.26666666666666666,0.24666666666666667,0.23878671845572255,0.3084802452936414,0.3132686084142395
967,0,0.42,0.30666666666666664,0.3566666666666667,0.32666666666666666,0.3333333333333333,0.3803045857259844,0.3562364926905811,0.3132686084142395
968,0,0.3933333333333333,0.41,0.44666666666666666,0.38666666666666666,0.3566666666666667,0.40020530106727287,0.362778305158342,0.37863690713431647
969,0,0.36666666666666664,0.30333333333333334,0.31666666666666665,0.3333333333333333,0.38,0.35986042177860866,0.34998024165790276,0.32480561825934284
970,0,0.2833333333333333,0.24,0.25333333333333335,0.25666666666666665,0.25333333333333335,0.2546093677236194,0.31991875153273214,0.3132686084142395
971,1,0.44,0.43,0.41333333333333333,0.4166666666666667,0.35333333333333333,0.41678117427402184,0.3745322863323335,0.37863690713431647
972,0,0.48,0.4,0.44666666666666666,0.4,0.38333333333333336,0.4256005099203725,0.38116690884340987,0.37863690713431647
973,1,0.4266666666666667,0.4033333333333333,0.39666666666666667,0.37666666666666665,0.42,0.3795725842688766,0.3557645314125261,0.32480561825934284
974,1,0.2866666666666667,0.30666666666666664,0.26666666666666666,0.30333333333333334,0.22,0.295504994459542,0.3262623846224553,0.32480561825934284
975,1,0.37,0.29,0.29333333333333333,0.32,0.26666666666666666,0.3295875584385357,0.31411196845782147,0.3132686084142395
976,0,0.2733333333333333,0.24333333333333335,0.29,0.3,0.22,0.29418774993361596,0.39297710235907696,0.40809248554913297
977,0,0.41333333333333333,0.43666666666666665,0.4266666666666667,0.43333333333333335,0.36666666666666664,0.4186389885038181,0.43586412576016587,0.37863690713431647
978,0,0.27666666666666667,0.29,0.30666666666666664,0.3,0.25333333333333335,0.2810178463154782,0.294289070407718,0.32480561825934284
979,0,0.26666666666666666,0.27666666666666667,0.3,0.3466666666666667,0.30333333333333334,0.294028950549737,0.28895680202721563,0.3132686084142395
980,0,0.35,0.35333333333333333,0.38666666666666666,0.3933333333333333,0.35,0.35883878833656385,0.28895680202721563,0.3132686084142395
981,0,0.33,0.27666666666666667,0.3,0.30666666666666664,0.3233333333333333,0.29348737516550855,0.3225515108296549,0.3132686084142395
982,0,0.31666666666666665,0.3466666666666667,0.32666666666666666,0.3233333333333333,0.35,0.3492332003381502,0.35251576986384314,0.3132686084142395
983,0,0.3933333333333333,0.37,0.36666666666666664,0.43666666666666665,0.4033333333333333,0.3687815174372826,0.2970723228019305,0.32480561825934284
984,0,0.3466666666666667,0.42333333333333334,0.38333333333333336,0.37666666666666665,0.25333333333333335,0.34844629615888534,0.39954745435784933,0.40809248554913297
985,1,0.27666666666666667,0.30666666666666664,0.34,0.3566666666666667,0.3,0.3392513575531504,0.37449040059471034,0.37863690713431647
986,0,0.2,0.17333333333333334,0.23,0.23333333333333334,0.16333333333333333,0.23611999336396064,0.23223918495243254,0.32480561825934284
987,1,0.2866666666666667,0.33,0.3466666666666667,0.2866666666666667,0.26666666666666666,0.29304605681126344,0.32611525989777057,0.3132686084142395
988,0,0.31,0.33666666666666667,0.31,0.37,0.25666666666666665,0.343789003128546,0.33484390513165174,0.32480561825934284
989,1,0.32666666666666666,0.27666666666666667,0.36666666666666664,0.28,0.23666666666666666,0.2948339749034466,0.3025271122217413,0.3132686084142395
990,0,0.4,0.43666666666666665,0.4633333333333333,0.4766666666666667,0.35333333333333333,0.43496809748985243,0.3907190233541516,0.40809248554913297
991,0,0.33,0.27,0.2733333333333333,0.25666666666666665,0.32,0.294874267913974,0.2801835064144784,0.32480561825934284
992,0,0.45,0.4066666666666667,0.32666666666666666,0.4033333333333333,0.47,0.4176436596213873,0.3291195121615016,0.3132686084142395
993,0,0.45,0.4033333333333333,0.43666666666666665,0.4066666666666667,0.42333333333333334,0.42185287512499686,0.3472787167751307,0.37863690713431647
994,0,0.38,0.37333333333333335,0.36,0.3333333333333333,0.2833333333333333,0.35356841238802345,0.37201161408613515,0.40809248554913297
995,0,0.27,0.32,0.3,0.29333333333333333,0.25,0.2761276771023134,0.30345113090594944,0.3132686084142395
996,1,0.2966666666666667,0.30666666666666664,0.3466666666666667,0.2966666666666667,0.26,0.3319875192291538,0.35279559174590036,0.32480561825934284
997,1,0.24333333333333335,0.2966666666666667,0.33,0.2966666666666667,0.19333333333333333,0.2544726862706691,0.30022184908265187,0.3132686084142395
998,1,0.36,0.39,0.42333333333333334,0.45666666666666667,0.27666666666666667,0.3550464979781203,0.3443448604670595,0.32480561825934284
999,0,0.24,0.2733333333333333,0.2966666666666667,0.2866666666666667,0.26,0.25974751638941984,0.3025271122217413,0.3132686084142395
1000,1,0.29333333333333333,0.32,0.26,0.34,0.21666666666666667,0.2894105957494837,0.3415155315922274,0.3132686084142395
1001,0,0.4,0.41333333333333333,0.42,0.4266666666666667,0.36333333333333334,0.43187979404478044,0.362778305158342,0.37863690713431647
1002,0,0.2633333333333333,0.3233333333333333,0.2966666666666667,0.35333333333333333,0.3,0.3158754356170544,0.30508095229781185,0.3132686084142395
1003,1,0.35333333333333333,0.3466666666666667,0.38,0.35,0.25666666666666665,0.35984124209571794,0.32016370364843805,0.3132686084142395
1004,0,0.25333333333333335,0.30333333333333334,0.27666666666666667,0.2633333333333333,0.23333333333333334,0.3232732067947128,0.34413095994933185,0.3132686084142395
1005,0,0.31,0.29333333333333333,0.3233333333333333,0.31333333333333335,0.32,0.3227582238721732,0.3025271122217413,0.3132686084142395
1006,0,0.33,0.26666666666666666,0.29333333333333333,0.33,0.21,0.26559502122442974,0.34413095994933185,0.3132686084142395
1007,0,0.3566666666666667,0.3,0.36333333333333334,0.3,0.33666666666666667,0.344244024363538,0.3056726310968324,0.32480561825934284
1008,1,0.3933333333333333,0.3566666666666667,0.38333333333333336,0.35,0.33666666666666667,0.39203385336700114,0.4162552185601643,0.37863690713431647
1009,0,0.4033333333333333,0.4766666666666667,0.4866666666666667,0.41,0.35,0.4362482451934704,0.39954745435784933,0.40809248554913297
1010,0,0.26666666666666666,0.32,0.32666666666666666,0.30666666666666664,0.22666666666666666,0.29915435732699647,0.31401368324951906,0.32480561825934284
1011,1,0.27666666666666667,0.29,0.3,0.28,0.31,0.341689674107178,0.3649716349350417,0.37863690713431647
1012,0,0.3333333333333333,0.33666666666666667,0.38333333333333336,0.2833333333333333,0.25,0.3293870162377825,0.35002075080398914,0.37863690713431647
1013,0,0.2733333333333333,0.29333333333333333,0.24,0.22,0.19,0.25234689362150786,0.3080013265612287,0.32480561825934284
1014,0,0.36,0.37333333333333335,0.38,0.32666666666666666,0.36666666666666664,0.36476966407336703,0.3114185769672878,0.32480561825934284
1015,0,0.3566666666666667,0.28,0.34,0.31,0.25666666666666665,0.32194016252115976,0.3380631756499611,0.3132686084142395
1016,0,0.3333333333333333,0.2966666666666667,0.27666666666666667,0.3,0.26,0.31492389631982465,0.32100106648416593,0.3132686084142395
1017,0,0.3333333333333333,0.34,0.31333333333333335,0.33666666666666667,0.25666666666666665,0.31122465187087384,0.3500861739881233,0.32480561825934284
1018,1,0.30333333333333334,0.30666666666666664,0.2633333333333333,0.3,0.25333333333333335,0.3134231818200703,0.2941745429696612,0.32480561825934284
1019,1,0.29333333333333333,0.25,0.2833333333333333,0.26,0.20333333333333334,0.2317671422203103,0.2973063412979579,0.3132686084142395
1020,1,0.39,0.39,0.39666666666666667,0.4266666666666667,0.3,0.4030166713197248,0.36774842972128496,0.32480561825934284
1021,0,0.4533333333333333,0.39,0.4066666666666667,0.38333333333333336,0.37333333333333335,0.4448185907710487,0.42537572036006976,0.40809248554913297
1022,1,0.35333333333333333,0.31666666666666665,0.42,0.36,0.23,0.33044461867856256,0.3199434537323654,0.3132686084142395
1023,1,0.37666666666666665,0.36333333333333334,0.31666666666666665,0.3566666666666667,0.27,0.3255135338668053,0.3501266887911026,0.37863690713431647
1024,0,0.41,0.42,0.4533333333333333,0.4766666666666667,0.3433333333333333,0.43524635157527725,0.43586412576016587,0.37863690713431647
1025,1,0.3466666666666667,0.25333333333333335,0.30666666666666664,0.3,0.2866666666666667,0.32041835275321257,0.3145331970388933,0.3132686084142395
1026,0,0.3466666666666667,0.43666666666666665,0.45,0.4066666666666667,0.28,0.337234606671477,0.3171199372360182,0.32480561825934284
1027,0,0.23333333333333334,0.20333333333333334,0.24,0.23,0.24333333333333335,0.2554605747384524,0.24529971759400965,0.3132686084142395
1028,0,0.3233333333333333,0.3,0.42333333333333334,0.36666666666666664,0.38333333333333336,0.32893912896100264,0.28636957137613644,0.3132686084142395
1029,0,0.27,0.31,0.29,0.25666666666666665,0.20333333333333334,0.24752854253505843,0.30345113090594944,0.3132686084142395
1030,0,0.31666666666666665,0.26666666666666666,0.31333333333333335,0.32,0.31333333333333335,0.2937914630941581,0.3025271122217413,0.3132686084142395
1031,1,0.37,0.37,0.38,0.38333333333333336,0.38,0.39005039142387005,0.30272708906794427,0.32480561825934284
1032,1,0.2966666666666667,0.35333333333333333,0.35,0.4033333333333333,0.25,0.2985519816336027,0.25930877527382107,0.32480561825934284
1033,0,0.2733333333333333,0.30333333333333334,0.2966666666666667,0.31333333333333335,0.19333333333333333,0.3055508595063901,0.3415155315922274,0.3132686084142395
1034,1,0.17666666666666667,0.25666666666666665,0.2633333333333333,0.2833333333333333,0.20333333333333334,0.2642744996460907,0.31665609528747624,0.32480561825934284
1035,0,0.32,0.3333333333333333,0.33,0.29,0.34,0.33045168972171407,0.3087555517471695,0.3132686084142395
1036,0,0.25,0.2966666666666667,0.2633333333333333,0.29,0.19333333333333333,0.24800418407956323,0.27282963212468464,0.3132686084142395
1037,0,0.29333333333333333,0.29333333333333333,0.30333333333333334,0.2866666666666667,0.21333333333333335,0.2790634702987175,0.2782055760916587,0.3132686084142395
1038,1,0.29333333333333333,0.32666666666666666,0.3233333333333333,0.39,0.26666666666666666,0.32602876322340574,0.34413095994933185,0.3132686084142395
1039,0,0.46,0.43,0.41,0.38666666666666666,0.43333333333333335,0.4092243302923495,0.33807778209270867,0.37863690713431647
1040,0,0.4,0.4166666666666667,0.4266666666666667,0.42333333333333334,0.37333333333333335,0.4090884521694963,0.43586412576016587,0.37863690713431647
1041,0,0.21333333333333335,0.27,0.21666666666666667,0.30333333333333334,0.22333333333333333,0.2309122471910032,0.33154153891269705,0.3132686084142395
1042,0,0.18333333333333332,0.20333333333333334,0.23333333333333334,0.18,0.21,0.20217673289651808,0.25209845553619215,0.3132686084142395
1043,0,0.42,0.37333333333333335,0.34,0.3466666666666667,0.30333333333333334,0.35594948670441817,0.362778305158342,0.37863690713431647
1044,1,0.33666666666666667,0.35,0.3433333333333333,0.31666666666666665,0.31333333333333335,0.3293888463411971,0.30853958806337856,0.3132686084142395
1045,0,0.2866666666666667,0.30666666666666664,0.3333333333333333,0.2733333333333333,0.31333333333333335,0.3033107524191858,0.2973063412979579,0.3132686084142395
1046,0,0.42333333333333334,0.44,0.43333333333333335,0.38333333333333336,0.2633333333333333,0.3948560233896584,0.3713602053102008,0.37863690713431647
1047,0,0.27666666666666667,0.24666666666666667,0.2733333333333333,0.24333333333333335,0.23333333333333334,0.27584358798321695,0.2751961852271309,0.32480561825934284
1048,1,0.24,0.24666666666666667,0.24333333333333335,0.2733333333333333,0.21,0.2683651140479733,0.2993637479590815,0.32480561825934284
1049,0,0.36,0.36333333333333334,0.33666666666666667,0.25666666666666665,0.25333333333333335,0.3542136280570481,0.34660756293984846,0.32480561825934284
1050,0,0.24666666666666667,0.27,0.25666666666666665,0.30333333333333334,0.21333333333333335,0.2576942978986024,0.2947899746276062,0.3132686084142395
1051,0,0.35,0.46,0.43333333333333335,0.37,0.31666666666666665,0.37715977700112124,0.42514430522545604,0.40809248554913297
1052,0,0.30666666666666664,0.30333333333333334,0.2733333333333333,0.25333333333333335,0.18666666666666668,0.2540544897217348,0.3994357539266264,0.40809248554913297
1053,0,0.36333333333333334,0.33666666666666667,0.39,0.29,0.2733333333333333,0.32317714342257503,0.3372868791468017,0.32480561825934284
1054,1,0.30333333333333334,0.3233333333333333,0.35,0.31,0.2866666666666667,0.32342372689018967,0.3225515108296549,0.3132686084142395
1055,0,0.3566666666666667,0.3566666666666667,0.35333333333333333,0.37333333333333335,0.2966666666666667,0.40680388260644085,0.37147272298887307,0.32480561825934284
1056,0,0.30666666666666664,0.31333333333333335,0.38333333333333336,0.35,0.25333333333333335,0.2867082229640677,0.2834546915161463,0.3132686084142395
1057,0,0.31,0.2633333333333333,0.30333333333333334,0.30666666666666664,0.23333333333333334,0.31370757905749375,0.28861340726073514,0.32480561825934284
1058,0,0.29,0.27666666666666667,0.26666666666666666,0.32666666666666666,0.22666666666666666,0.2998206200119919,0.25930877527382107,0.32480561825934284
1059,0,0.2733333333333333,0.2966666666666667,0.24333333333333335,0.25,0.25666666666666665,0.2797964261173202,0.24001178936315049,0.3132686084142395
1060,0,0.41333333333333333,0.4066666666666667,0.41333333333333333,0.38666666666666666,0.42,0.37821383365867256,0.362778305158342,0.37863690713431647
1061,1,0.37,0.34,0.31666666666666665,0.31333333333333335,0.32,0.32967183786579446,0.33484390513165174,0.32480561825934284
1062,1,0.2733333333333333,0.32666666666666666,0.2966666666666667,0.27666666666666667,0.21333333333333335,0.3011665280138831,0.3652064084140301,0.40809248554913297
1063,1,0.35,0.33666666666666667,0.33666666666666667,0.38666666666666666,0.31333333333333335,0.3687941371215474,0.36869939774787414,0.37863690713431647
1064,1,0.4066666666666667,0.43,0.44,0.37666666666666665,0.39,0.41447709839749336,0.3875398905396283,0.37863690713431647
1065,1,0.38,0.4266666666666667,0.4866666666666667,0.45666666666666667,0.3333333333333333,0.42509785528651234,0.3715814419150233,0.32480561825934284
1066,0,0.25333333333333335,0.25666666666666665,0.2966666666666667,0.25,0.3,0.26492555908438253,0.256815499927449,0.3132686084142395
1067,1,0.3,0.3333333333333333,0.3333333333333333,0.3466666666666667,0.24,0.2993681515733691,0.3291195121615016,0.3132686084142395
1068,0,0.3466666666666667,0.3233333333333333,0.33666666666666667,0.30333333333333334,0.31333333333333335,0.35327136220911787,0.381151512740267,0.37863690713431647
1069,1,0.19666666666666666,0.29,0.2633333333333333,0.2733333333333333,0.18666666666666668,0.26666948299485366,0.28667602367509987,0.32480561825934284
1070,0,0.38,0.35,0.3,0.34,0.21333333333333335,0.35867290657334633,0.3967965449039576,0.40809248554913297
1071,0,0.38,0.30333333333333334,0.30666666666666664,0.29,0.26666666666666666,0.32390142747956296,0.32012494809537945,0.32480561825934284
1072,1,0.47333333333333333,0.42333333333333334,0.44666666666666666,0.46,0.38,0.4246545212066496,0.36243780480517324,0.37863690713431647
1073,0,0.19666666666666666,0.14666666666666667,0.18333333333333332,0.22333333333333333,0.18,0.210101246573031,0.26006041847647476,0.32480561825934284
1074,0,0.35,0.30666666666666664,0.36333333333333334,0.37333333333333335,0.42333333333333334,0.40011779059688934,0.3994357539266264,0.40809248554913297
1075,0,0.33666666666666667,0.3466666666666667,0.34,0.33666666666666667,0.29333333333333333,0.35059510831988955,0.3748367873854129,0.40809248554913297
1076,0,0.3333333333333333,0.3566666666666667,0.31,0.3333333333333333,0.33,0.3698978254585193,0.3264446252566856,0.3132686084142395
1077,0,0.38333333333333336,0.36,0.41333333333333333,0.39,0.29333333333333333,0.37077681839736315,0.32275859895650966,0.32480561825934284
1078,1,0.38666666666666666,0.3566666666666667,0.37666666666666665,0.3933333333333333,0.3933333333333333,0.37045734283391735,0.2941745429696612,0.32480561825934284
1079,0,0.4633333333333333,0.4666666666666667,0.4,0.4033333333333333,0.39666666666666667,0.45089886652834504,0.439435459365566,0.37863690713431647
1080,0,0.3333333333333333,0.33,0.29,0.31666666666666665,0.26666666666666666,0.3513647084373954,0.41226387725016045,0.40809248554913297
1081,0,0.37333333333333335,0.35333333333333333,0.3566666666666667,0.37666666666666665,0.23333333333333334,0.3500760361100062,0.3713602053102008,0.37863690713431647
1082,0,0.34,0.36666666666666664,0.33666666666666667,0.37,0.25666666666666665,0.3557173900852059,0.33154153891269705,0.3132686084142395
1083,1,0.39666666666666667,0.37666666666666665,0.41333333333333333,0.38,0.3,0.36017379157713236,0.30065648655997274,0.3132686084142395
1084,0,0.38666666666666666,0.48333333333333334,0.44666666666666666,0.4066666666666667,0.38666666666666666,0.4321324041181622,0.41602517290197094,0.37863690713431647
1085,0,0.31666666666666665,0.31,0.33,0.33666666666666667,0.31,0.3473425028770224,0.3717750279913139,0.37863690713431647
1086,1,0.38,0.35,0.31333333333333335,0.37,0.31333333333333335,0.3876416346732504,0.39118442198068787,0.37863690713431647
1087,0,0.37333333333333335,0.3433333333333333,0.31,0.3233333333333333,0.2633333333333333,0.35962131304808675,0.3629973813310387,0.32480561825934284
1088,0,0.28,0.29333333333333333,0.2733333333333333,0.31666666666666665,0.25333333333333335,0.26448222999366955,0.32821755512352474,0.32480561825934284
1089,0,0.27,0.2833333333333333,0.29,0.3466666666666667,0.21333333333333335,0.2969169142288269,0.34413095994933185,0.3132686084142395
1090,1,0.35333333333333333,0.32666666666666666,0.3433333333333333,0.3,0.35333333333333333,0.4037166322615645,0.3687663314262475,0.32480561825934284
1091,1,0.33666666666666667,0.4066666666666667,0.38,0.34,0.3,0.31929180327045303,0.30824128961169656,0.32480561825934284
1092,0,0.21333333333333335,0.18333333333333332,0.18666666666666668,0.19,0.22,0.23964419081244795,0.24702120083938084,0.32480561825934284
1093,0,0.37,0.30666666666666664,0.33,0.36333333333333334,0.29,0.3430521062644461,0.35292136015379805,0.3132686084142395
1094,0,0.36,0.31333333333333335,0.35,0.3333333333333333,0.38333333333333336,0.33250884017032833,0.30591047608381694,0.3132686084142395
1095,0,0.37333333333333335,0.35333333333333333,0.43666666666666665,0.32666666666666666,0.28,0.37431946091355583,0.4162552185601643,0.37863690713431647
1096,0,0.27,0.19666666666666666,0.20666666666666667,0.22666666666666666,0.24333333333333335,0.2641587840699811,0.2777547804472864,0.32480561825934284
1097,1,0.42,0.3933333333333333,0.36333333333333334,0.37666666666666665,0.37,0.4160156048290688,0.37201161408613515,0.40809248554913297
1098,0,0.19666666666666666,0.22666666666666666,0.20666666666666667,0.24333333333333335,0.18333333333333332,0.1975442705910926,0.2551241355904995,0.3132686084142395
1099,1,0.49,0.4066666666666667,0.39666666666666667,0.4666666666666667,0.36333333333333334,0.4728801153515772,0.46234854487644367,0.37863690713431647
1100,1,0.37333333333333335,0.39,0.2966666666666667,0.35333333333333333,0.30333333333333334,0.32520239431762077,0.34738426840150083,0.37863690713431647
1101,1,0.3566666666666667,0.35,0.36,0.36,0.37,0.39443266527393894,0.31991875153273214,0.3132686084142395
1102,1,0.30333333333333334,0.24,0.2966666666666667,0.2833333333333333,0.17666666666666667,0.2568598850963046,0.3145331970388933,0.3132686084142395
1103,0,0.24666666666666667,0.23333333333333334,0.2833333333333333,0.27,0.25333333333333335,0.2578520056806616,0.283418527057911,0.32480561825934284
1104,1,0.36333333333333334,0.3566666666666667,0.36,0.31333333333333335,0.2733333333333333,0.3606108192536786,0.3258079757197164,0.32480561825934284
1105,0,0.3233333333333333,0.38333333333333336,0.3566666666666667,0.3466666666666667,0.30333333333333334,0.33473195655558036,0.36475222186675477,0.3132686084142395
1106,0,0.38666666666666666,0.3933333333333333,0.41,0.3566666666666667,0.29,0.3508309942653554,0.3789189679428943,0.37863690713431647
1107,0,0.35,0.30333333333333334,0.2866666666666667,0.32,0.22666666666666666,0.314572436643475,0.37192919097331756,0.37863690713431647
1108,0,0.23666666666666666,0.24,0.23666666666666666,0.24666666666666667,0.24333333333333335,0.26728412272341157,0.2732400977758239,0.3132686084142395
1109,0,0.31,0.31333333333333335,0.31333333333333335,0.38,0.25,0.32058151605676216,0.3258079757197164,0.32480561825934284
1110,0,0.30666666666666664,0.35333333333333333,0.4266666666666667,0.3566666666666667,0.2866666666666667,0.3499054215374461,0.41591205668825176,0.37863690713431647
1111,0,0.34,0.34,0.31666666666666665,0.29,0.21666666666666667,0.32163448574105297,0.3114185769672878,0.32480561825934284
1112,1,0.37333333333333335,0.37333333333333335,0.43666666666666665,0.38666666666666666,0.35333333333333333,0.39639046309376375,0.3532590636162021,0.32480561825934284
1113,0,0.33666666666666667,0.33666666666666667,0.36666666666666664,0.4033333333333333,0.2833333333333333,0.360522497633986,0.3526220533212853,0.3132686084142395
1114,0,0.27666666666666667,0.25333333333333335,0.26666666666666666,0.27,0.31666666666666665,0.27404476114394316,0.31991875153273214,0.3132686084142395
1115,0,0.4066666666666667,0.4066666666666667,0.44,0.45,0.28,0.38069378726878383,0.4054426079177081,0.32480561825934284
1116,1,0.25333333333333335,0.2833333333333333,0.27666666666666667,0.31,0.16,0.2606407410974032,0.3080013265612287,0.32480561825934284
1117,0,0.38666666666666666,0.30666666666666664,0.29333333333333333,0.31,0.31666666666666665,0.3787893459721757,0.36243780480517324,0.37863690713431647
1118,0,0.31333333333333335,0.3,0.32666666666666666,0.34,0.32,0.3108510468484149,0.31701911435469016,0.32480561825934284
1119,0,0.26,0.22666666666666666,0.23333333333333334,0.2,0.24666666666666667,0.23260156343776472,0.24001178936315049,0.3132686084142395
1120,0,0.47333333333333333,0.35,0.36666666666666664,0.36666666666666664,0.4633333333333333,0.42576326281957494,0.31991875153273214,0.3132686084142395
1121,1,0.2966666666666667,0.38,0.32666666666666666,0.35333333333333333,0.2866666666666667,0.30743939285460525,0.26145162583176135,0.3132686084142395
1122,0,0.21333333333333335,0.24333333333333335,0.25666666666666665,0.29333333333333333,0.18666666666666668,0.23289842767652827,0.285877174917217,0.32480561825934284
1123,0,0.3,0.31666666666666665,0.31333333333333335,0.3233333333333333,0.23666666666666666,0.3325286391074246,0.3839769739484619,0.32480561825934284
1124,1,0.38666666666666666,0.36666666666666664,0.41,0.35333333333333333,0.27666666666666667,0.40067608804670757,0.3904934727382804,0.37863690713431647
1125,1,0.3233333333333333,0.31333333333333335,0.36333333333333334,0.3333333333333333,0.2866666666666667,0.35725162991062775,0.37192919097331756,0.37863690713431647
1126,0,0.33,0.38333333333333336,0.38,0.33,0.30333333333333334,0.3343903996795516,0.35002075080398914,0.37863690713431647
1127,0,0.2866666666666667,0.3,0.31333333333333335,0.31333333333333335,0.3433333333333333,0.33108107330069475,0.37729658812622036,0.32480561825934284
1128,0,0.24666666666666667,0.26,0.23666666666666666,0.23,0.22666666666666666,0.2711946679260996,0.3112154212585413,0.3132686084142395
1129,0,0.35333333333333333,0.37333333333333335,0.45,0.35,0.26,0.3590508254984102,0.3875398905396283,0.37863690713431647
1130,0,0.3933333333333333,0.3333333333333333,0.4266666666666667,0.45666666666666667,0.32666666666666666,0.4190815619868429,0.413254717806299,0.37863690713431647
1131,0,0.4533333333333333,0.35333333333333333,0.38,0.37333333333333335,0.45666666666666667,0.37900039149802833,0.3290801972791992,0.32480561825934284
1132,0,0.31333333333333335,0.27666666666666667,0.3333333333333333,0.31333333333333335,0.18333333333333332,0.2837973270385315,0.32016370364843805,0.3132686084142395
1133,1,0.37666666666666665,0.32666666666666666,0.38,0.36,0.31,0.35711035925090023,0.3599105673622236,0.3132686084142395
1134,1,0.37,0.42333333333333334,0.44333333333333336,0.45,0.32666666666666666,0.37667058981650864,0.3317910485868398,0.3132686084142395
1135,0,0.2866666666666667,0.3433333333333333,0.32666666666666666,0.33,0.2733333333333333,0.3276003769818748,0.31401368324951906,0.32480561825934284
1136,1,0.33,0.27666666666666667,0.33,0.31666666666666665,0.22,0.2683386101447857,0.3084802452936414,0.3132686084142395
1137,0,0.30333333333333334,0.34,0.34,0.33666666666666667,0.2866666666666667,0.27820525973644605,0.30824128961169656,0.32480561825934284
1138,1,0.31666666666666665,0.37333333333333335,0.36666666666666664,0.3233333333333333,0.27,0.32729756443777575,0.2993637479590815,0.32480561825934284
1139,0,0.4166666666666667,0.4166666666666667,0.42,0.33666666666666667,0.33,0.4086164923330972,0.3438781211998904,0.32480561825934284
1140,0,0.37,0.35333333333333333,0.3333333333333333,0.30333333333333334,0.23333333333333334,0.40269832631180635,0.44236802011117204,0.40809248554913297
1141,0,0.35333333333333333,0.34,0.32666666666666666,0.29333333333333333,0.36666666666666664,0.37586056182641675,0.3192746097797806,0.32480561825934284
1142,1,0.4266666666666667,0.43,0.38666666666666666,0.42333333333333334,0.37333333333333335,0.37357939917467725,0.30022184908265187,0.3132686084142395
1143,0,0.27666666666666667,0.37666666666666665,0.33,0.29,0.19666666666666666,0.27290118620916715,0.3342229410765026,0.3132686084142395
1144,1,0.3333333333333333,0.31,0.32,0.37,0.28,0.35803954583446573,0.3875398905396283,0.37863690713431647
1145,1,0.3466666666666667,0.3,0.2866666666666667,0.31333333333333335,0.2833333333333333,0.3514263596190233,0.2968373236463727,0.32480561825934284
1146,0,0.45,0.41,0.44333333333333336,0.4166666666666667,0.4033333333333333,0.4131733119632718,0.36869939774787414,0.37863690713431647
1147,0,0.25333333333333335,0.27666666666666667,0.24666666666666667,0.23666666666666666,0.26,0.2736083000622299,0.32261229766344246,0.3132686084142395
1148,1,0.33666666666666667,0.32,0.3433333333333333,0.3466666666666667,0.3,0.34777808159116635,0.36854578794423015,0.37863690713431647
1149,1,0.5233333333333333,0.42333333333333334,0.45666666666666667,0.43,0.4633333333333333,0.4226298922654922,0.3025271122217413,0.3132686084142395
1150,0,0.41333333333333333,0.45,0.4633333333333333,0.46,0.36,0.4439426020640832,0.3937266259574301,0.37863690713431647
1151,0,0.24333333333333335,0.31666666666666665,0.27666666666666667,0.27,0.16,0.23395275370018231,0.3105808004797788,0.32480561825934284
1152,1,0.22333333333333333,0.24,0.23,0.25666666666666665,0.2,0.2341622453249436,0.28815416507828867,0.3132686084142395
1153,0,0.22666666666666666,0.27,0.2,0.2866666666666667,0.22333333333333333,0.274603516316782,0.30893465942646076,0.32480561825934284
1154,1,0.33,0.30666666666666664,0.3433333333333333,0.33666666666666667,0.28,0.3305941634362639,0.3649716349350417,0.37863690713431647
1155,0,0.36,0.37666666666666665,0.38,0.36,0.26,0.3485746603198933,0.3937950913911924,0.37863690713431647
1156,0,0.3333333333333333,0.31,0.36,0.33666666666666667,0.3233333333333333,0.339495428464677,0.3062106170738162,0.32480561825934284
1157,0,0.25333333333333335,0.24333333333333335,0.21666666666666667,0.23333333333333334,0.25,0.28398712290382827,0.28088422919367656,0.32480561825934284
1158,0,0.2633333333333333,0.31,0.2966666666666667,0.3566666666666667,0.24666666666666667,0.2774044350622819,0.3317515723860618,0.32480561825934284
1159,0,0.3933333333333333,0.30666666666666664,0.3566666666666667,0.2966666666666667,0.19666666666666666,0.3083391398436106,0.3713602053102008,0.37863690713431647
1160,0,0.25666666666666665,0.2833333333333333,0.35333333333333333,0.3933333333333333,0.29333333333333333,0.3057408613293784,0.2939778338370258,0.3132686084142395
1161,1,0.35,0.32,0.2866666666666667,0.3,0.21666666666666667,0.34111788094236345,0.3878751884930007,0.37863690713431647
1162,0,0.26666666666666666,0.29333333333333333,0.3233333333333333,0.2866666666666667,0.29,0.32337720883011606,0.3288710227311006,0.3132686084142395
1163,0,0.26,0.3233333333333333,0.37333333333333335,0.3466666666666667,0.23333333333333334,0.28559011254916755,0.3612110402418727,0.32480561825934284
1164,0,0.38666666666666666,0.32666666666666666,0.2833333333333333,0.36,0.3333333333333333,0.3871237390101194,0.36774842972128496,0.32480561825934284
1165,0,0.2733333333333333,0.35333333333333333,0.38333333333333336,0.32,0.22666666666666666,0.3171331467988836,0.30276467633384785,0.3132686084142395
1166,1,0.4066666666666667,0.3933333333333333,0.38333333333333336,0.39666666666666667,0.3933333333333333,0.42650821965891145,0.3937950913911924,0.37863690713431647
1167,0,0.24333333333333335,0.29,0.3,0.2966666666666667,0.24666666666666667,0.29302343456640306,0.29147795345706207,0.3132686084142395
1168,1,0.31666666666666665,0.31333333333333335,0.31333333333333335,0.36,0.2833333333333333,0.30606144173940586,0.31401368324951906,0.32480561825934284
1169,1,0.25666666666666665,0.23333333333333334,0.2866666666666667,0.3333333333333333,0.16333333333333333,0.2649767521948842,0.3105808004797788,0.32480561825934284
1170,0,0.26666666666666666,0.21666666666666667,0.23,0.19666666666666666,0.22,0.26540076696118775,0.31665609528747624,0.32480561825934284
1171,0,0.31666666666666665,0.4,0.43666666666666665,0.4266666666666667,0.32666666666666666,0.35756518332295323,0.32846579245683577,0.32480561825934284
1172,0,0.22,0.2633333333333333,0.25,0.23666666666666666,0.21,0.20289271438733356,0.2227439900400962,0.3132686084142395
1173,0,0.4,0.43,0.4033333333333333,0.38,0.2866666666666667,0.3994923019623872,0.3904934727382804,0.37863690713431647
1174,1,0.21333333333333335,0.20666666666666667,0.21,0.25666666666666665,0.19666666666666666,0.26460638927668834,0.2500063136684296,0.32480561825934284
1175,0,0.5,0.45,0.36666666666666664,0.41,0.37333333333333335,0.44351132490173645,0.44213429009423233,0.37863690713431647
1176,0,0.32666666666666666,0.38666666666666666,0.4,0.3466666666666667,0.21,0.32619065200741576,0.3775610827003731,0.40809248554913297
1177,1,0.23333333333333334,0.29,0.24333333333333335,0.25,0.22,0.2613931666136544,0.285877174917217,0.32480561825934284
1178,0,0.36,0.37,0.4033333333333333,0.4033333333333333,0.29333333333333333,0.35684955319292333,0.32656136688712645,0.3132686084142395
1179,1,0.31666666666666665,0.29,0.31,0.26666666666666666,0.26,0.3171897689827337,0.32012494809537945,0.32480561825934284
1180,1,0.30333333333333334,0.38,0.33,0.37333333333333335,0.29333333333333333,0.3201620381044203,0.3060093489656814,0.3132686084142395
1181,0,0.2966666666666667,0.3,0.3466666666666667,0.3233333333333333,0.26666666666666666,0.3150944401368626,0.3405322709173217,0.3132686084142395
1182,1,0.44333333333333336,0.42333333333333334,0.4533333333333333,0.37333333333333335,0.37,0.4346784771815267,0.4001321384986196,0.40809248554913297
1183,0,0.3333333333333333,0.3333333333333333,0.2966666666666667,0.2866666666666667,0.27666666666666667,0.3322628983175772,0.377405988055231,0.32480561825934284
1184,0,0.3566666666666667,0.37333333333333335,0.3566666666666667,0.3566666666666667,0.29333333333333333,0.3546304618538348,0.31798961609816245,0.3132686084142395
1185,0,0.30333333333333334,0.31666666666666665,0.31666666666666665,0.3333333333333333,0.2866666666666667,0.336932865552333,0.3175271539643719,0.3132686084142395
1186,0,0.3433333333333333,0.30333333333333334,0.32,0.29333333333333333,0.25333333333333335,0.3409463974378881,0.39656976944988853,0.37863690713431647
1187,0,0.2633333333333333,0.27666666666666667,0.27666666666666667,0.29333333333333333,0.16666666666666666,0.25360050434818593,0.2551241355904995,0.3132686084142395
1188,1,0.37333333333333335,0.41,0.4,0.4033333333333333,0.39,0.39907069021434277,0.36846385525307906,0.3132686084142395
1189,0,0.27666666666666667,0.25333333333333335,0.24666666666666667,0.26666666666666666,0.24333333333333335,0.297031555685649,0.2976776136585759,0.3132686084142395
1190,0,0.38333333333333336,0.3,0.27666666666666667,0.31333333333333335,0.33,0.36191686629767605,0.30894388642922394,0.32480561825934284
1191,0,0.44,0.4266666666666667,0.4666666666666667,0.37666666666666665,0.3233333333333333,0.4490104714842905,0.43586412576016587,0.37863690713431647
1192,0,0.34,0.33666666666666667,0.3466666666666667,0.3466666666666667,0.32,0.35748116364775706,0.32340643029834243,0.3132686084142395
1193,0,0.31,0.3466666666666667,0.35,0.35333333333333333,0.23666666666666666,0.31569256267100615,0.291920669607596,0.3132686084142395
1194,0,0.23333333333333334,0.31666666666666665,0.3333333333333333,0.27,0.2633333333333333,0.2901962808790458,0.28636957137613644,0.3132686084142395
1195,0,0.33666666666666667,0.3433333333333333,0.32666666666666666,0.29,0.3,0.34858061396308754,0.32275859895650966,0.32480561825934284
1196,1,0.37,0.32,0.36,0.37666666666666665,0.29,0.3489141294469533,0.3745322863323335,0.37863690713431647
1197,1,0.4266666666666667,0.39,0.4,0.3933333333333333,0.3466666666666667,0.4172692242443417,0.41614226508915075,0.40809248554913297
1198,1,0.49,0.5066666666666667,0.4266666666666667,0.3933333333333333,0.4033333333333333,0.4687183816966216,0.4653233292117337,0.40809248554913297
1199,0,0.30666666666666664,0.31333333333333335,0.35333333333333333,0.33,0.24,0.292754757941122,0.3007543971223319,0.3132686084142395
1200,1,0.24,0.26,0.22333333333333333,0.2733333333333333,0.19666666666666666,0.2203773902640333,0.32012494809537945,0.32480561825934284
1201,0,0.37666666666666665,0.2966666666666667,0.29333333333333333,0.31333333333333335,0.2733333333333333,0.31377252532726846,0.3025271122217413,0.3132686084142395
1202,0,0.36333333333333334,0.36666666666666664,0.3566666666666667,0.37333333333333335,0.2866666666666667,0.3508515387109101,0.35251576986384314,0.3132686084142395
1203,0,0.31,0.37,0.35,0.35333333333333333,0.2833333333333333,0.2971968387592387,0.35868857133845966,0.32480561825934284
1204,0,0.3,0.3433333333333333,0.33666666666666667,0.35,0.25333333333333335,0.3247479944252507,0.3052818783914104,0.32480561825934284
1205,1,0.38333333333333336,0.3933333333333333,0.36,0.4166666666666667,0.37666666666666665,0.39443583778950936,0.31216338002400595,0.3132686084142395
1206,0,0.34,0.32,0.31666666666666665,0.29333333333333333,0.24666666666666667,0.31116921597002367,0.3584296844235673,0.32480561825934284
1207,0,0.3,0.2733333333333333,0.24666666666666667,0.2866666666666667,0.24,0.28235002076275023,0.30591047608381694,0.3132686084142395
1208,0,0.41333333333333333,0.41,0.4,0.4033333333333333,0.42,0.42018390839852554,0.4067239463579503,0.37863690713431647
1209,1,0.28,0.34,0.3433333333333333,0.3433333333333333,0.27,0.34443082776197925,0.3748192934751695,0.37863690713431647
1210,0,0.35,0.3233333333333333,0.29333333333333333,0.31,0.24333333333333335,0.28828988182423276,0.3061117078456651,0.32480561825934284
1211,0,0.31,0.30666666666666664,0.26,0.25333333333333335,0.2833333333333333,0.29004772910935295,0.3056726310968324,0.32480561825934284
1212,1,0.38333333333333336,0.38333333333333336,0.36,0.3333333333333333,0.2733333333333333,0.3706907119896353,0.37192919097331756,0.37863690713431647
1213,0,0.39666666666666667,0.2633333333333333,0.3,0.25,0.28,0.32830198445058406,0.37192919097331756,0.37863690713431647
1214,0,0.2833333333333333,0.26,0.33,0.2733333333333333,0.15,0.27247884021122626,0.3405322709173217,0.3132686084142395
1215,0,0.26666666666666666,0.23333333333333334,0.30666666666666664,0.27666666666666667,0.22333333333333333,0.27748465850965515,0.2968373236463727,0.32480561825934284
1216,0,0.34,0.39666666666666667,0.39666666666666667,0.42333333333333334,0.38666666666666666,0.3794084487122779,0.291710469907523,0.3132686084142395
1217,1,0.42333333333333334,0.38,0.39,0.29,0.29,0.3492685742407108,0.39656976944988853,0.37863690713431647
1218,0,0.19333333333333333,0.24333333333333335,0.19666666666666666,0.21333333333333335,0.23,0.21042314243970267,0.22996636640480989,0.32480561825934284
1219,1,0.36,0.33666666666666667,0.31666666666666665,0.2966666666666667,0.23666666666666666,0.33946223706081236,0.3801376019711631,0.32480561825934284
1220,1,0.35,0.36666666666666664,0.42333333333333334,0.4,0.2833333333333333,0.362862222919369,0.41602517290197094,0.37863690713431647
1221,0,0.38,0.38666666666666666,0.4166666666666667,0.39,0.26666666666666666,0.3923139993442541,0.4653233292117337,0.40809248554913297
1222,0,0.31,0.35333333333333333,0.3566666666666667,0.4033333333333333,0.3466666666666667,0.3660742516505258,0.32897379934603904,0.3132686084142395
1223,1,0.33,0.33,0.33,0.32666666666666666,0.22666666666666666,0.31939002548428097,0.36774842972128496,0.32480561825934284
1224,0,0.36,0.35333333333333333,0.2866666666666667,0.3466666666666667,0.31666666666666665,0.3371563327734241,0.31798961609816245,0.3132686084142395
1225,0,0.3933333333333333,0.3466666666666667,0.36,0.38333333333333336,0.38333333333333336,0.3718346380497769,0.34976470796807985,0.3132686084142395
1226,1,0.31666666666666665,0.33666666666666667,0.31333333333333335,0.35333333333333333,0.2633333333333333,0.2874531137278622,0.26531124825007735,0.3132686084142395
1227,0,0.32666666666666666,0.31,0.24,0.2833333333333333,0.31666666666666665,0.3300325882899146,0.30591047608381694,0.3132686084142395
1228,1,0.32,0.26,0.3566666666666667,0.33666666666666667,0.33666666666666667,0.33152918268075354,0.32605413073284595,0.3132686084142395
1229,0,0.2733333333333333,0.30333333333333334,0.27666666666666667,0.25,0.15666666666666668,0.23705995794992377,0.3317515723860618,0.32480561825934284
1230,0,0.3,0.26,0.27666666666666667,0.2966666666666667,0.16666666666666666,0.2532699443782629,0.2976912599261899,0.3132686084142395
1231,0,0.47333333333333333,0.35,0.37666666666666665,0.41333333333333333,0.4,0.43629696522843414,0.3837528639692382,0.37863690713431647
1232,0,0.23666666666666666,0.34,0.34,0.30666666666666664,0.2633333333333333,0.28434519270413655,0.235505581768981,0.3132686084142395
1233,0,0.4533333333333333,0.4866666666666667,0.43,0.45,0.36333333333333334,0.44798144188486044,0.3748367873854129,0.40809248554913297
1234,0,0.22333333333333333,0.21,0.26,0.23333333333333334,0.18,0.21707087645375553,0.2832261242062304,0.3132686084142395
1235,1,0.43333333333333335,0.44333333333333336,0.41,0.4,0.39,0.4200161774601132,0.34909131922120545,0.32480561825934284
1236,0,0.30333333333333334,0.28,0.31333333333333335,0.30333333333333334,0.28,0.3325851020105079,0.34726392136275597,0.3132686084142395
1237,1,0.43666666666666665,0.4666666666666667,0.4533333333333333,0.43333333333333335,0.4266666666666667,0.45405005068869053,0.36868420520847506,0.37863690713431647
1238,0,0.35,0.27,0.21666666666666667,0.25333333333333335,0.22333333333333333,0.2921940210493693,0.31560574744720893,0.3132686084142395
1239,1,0.31333333333333335,0.36333333333333334,0.32,0.3433333333333333,0.29333333333333333,0.3309809450257444,0.32016370364843805,0.3132686084142395
1240,1,0.41,0.42,0.4,0.38666666666666666,0.43333333333333335,0.3841186638855718,0.36475222186675477,0.3132686084142395
1241,0,0.3233333333333333,0.35333333333333333,0.36666666666666664,0.3333333333333333,0.25666666666666665,0.3258356433887542,0.3965699474424473,0.32480561825934284
1242,1,0.26666666666666666,0.38,0.3433333333333333,0.35,0.25666666666666665,0.30736746938103593,0.30085576025867833,0.32480561825934284
1243,0,0.37,0.30666666666666664,0.33,0.26666666666666666,0.3,0.32495497167709714,0.3525792646827798,0.3132686084142395
1244,0,0.3333333333333333,0.3466666666666667,0.31333333333333335,0.2966666666666667,0.29333333333333333,0.33858442317270027,0.3308853811480467,0.32480561825934284
1245,0,0.2833333333333333,0.35,0.3466666666666667,0.3466666666666667,0.27666666666666667,0.335844519972442,0.3557645314125261,0.32480561825934284
1246,0,0.28,0.31,0.3333333333333333,0.3466666666666667,0.2966666666666667,0.3186784273666181,0.3144105542628477,0.32480561825934284
1247,1,0.2866666666666667,0.27,0.2966666666666667,0.32666666666666666,0.3,0.30863858735105204,0.32340643029834243,0.3132686084142395
1248,0,0.33,0.3333333333333333,0.3933333333333333,0.41333333333333333,0.34,0.3765394877515157,0.33443382337180977,0.32480561825934284
1249,1,0.37333333333333335,0.44,0.38,0.39666666666666667,0.3566666666666667,0.39692185229649185,0.35251576986384314,0.3132686084142395
1250,0,0.33,0.24,0.25666666666666665,0.25333333333333335,0.26,0.3086719207386316,0.273593017862527,0.3132686084142395
1251,0,0.27,0.27666666666666667,0.26666666666666666,0.27666666666666667,0.27,0.2933012262069161,0.3208714523609311,0.3132686084142395
1252,0,0.26666666666666666,0.22,0.24333333333333335,0.24333333333333335,0.22333333333333333,0.2641736035917691,0.27578742649228055,0.3132686084142395
1253,0,0.43333333333333335,0.2866666666666667,0.4066666666666667,0.3233333333333333,0.41333333333333333,0.40676479749179734,0.39297710235907696,0.40809248554913297
1254,0,0.24666666666666667,0.29333333333333333,0.28,0.31333333333333335,0.28,0.32306806055527926,0.30018444158755725,0.32480561825934284
1255,0,0.33666666666666667,0.3566666666666667,0.35333333333333333,0.3433333333333333,0.22,0.3202939129994864,0.3258079757197164,0.32480561825934284
1256,0,0.36,0.35333333333333333,0.3,0.36,0.29,0.3788369823800133,0.37729658812622036,0.32480561825934284
1257,1,0.29,0.26,0.26666666666666666,0.23333333333333334,0.3,0.3265846832903068,0.28667602367509987,0.32480561825934284
1258,0,0.42,0.37333333333333335,0.43333333333333335,0.41333333333333333,0.41333333333333333,0.3759361292402963,0.3317515723860618,0.32480561825934284
1259,0,0.4266666666666667,0.36333333333333334,0.4166666666666667,0.3933333333333333,0.3433333333333333,0.406437617314674,0.37147272298887307,0.32480561825934284
1260,0,0.31,0.2733333333333333,0.26,0.3,0.19666666666666666,0.2630388390405101,0.3436496361456847,0.3132686084142395
1261,0,0.27666666666666667,0.31333333333333335,0.30666666666666664,0.2966666666666667,0.23333333333333334,0.29539937450397413,0.26770376565053267,0.3132686084142395
1262,1,0.41333333333333333,0.33666666666666667,0.31333333333333335,0.32,0.39,0.3626796204940984,0.3317515723860618,0.32480561825934284
1263,0,0.37333333333333335,0.35,0.37,0.28,0.30333333333333334,0.3477926993344415,0.32605413073284595,0.3132686084142395
1264,0,0.18666666666666668,0.18666666666666668,0.21666666666666667,0.18666666666666668,0.21333333333333335,0.2272611737453612,0.22783515947296673,0.32480561825934284
1265,0,0.33666666666666667,0.34,0.36333333333333334,0.28,0.24,0.31624350642525434,0.33484390513165174,0.32480561825934284
1266,0,0.3566666666666667,0.31,0.2966666666666667,0.30666666666666664,0.2833333333333333,0.3159711673226463,0.28667602367509987,0.32480561825934284
1267,0,0.31,0.36666666666666664,0.33666666666666667,0.3333333333333333,0.25333333333333335,0.3087412178591615,0.3498706101744335,0.3132686084142395
1268,1,0.41333333333333333,0.31666666666666665,0.37,0.38666666666666666,0.36,0.4017162230896827,0.39297710235907696,0.40809248554913297
1269,0,0.25,0.21666666666666667,0.22666666666666666,0.25333333333333335,0.18,0.23763759884177282,0.33716361298226794,0.32480561825934284
1270,0,0.31666666666666665,0.34,0.39666666666666667,0.36666666666666664,0.25333333333333335,0.3308080941142637,0.3025271122217413,0.3132686084142395
1271,1,0.3333333333333333,0.3,0.3,0.28,0.27,0.3382017719147736,0.3236138051105137,0.32480561825934284
1272,0,0.30333333333333334,0.28,0.31,0.30666666666666664,0.26,0.29941014646177244,0.3110972104611617,0.3132686084142395
1273,0,0.4066666666666667,0.37,0.4266666666666667,0.4033333333333333,0.3566666666666667,0.38881927098636443,0.3497905293916805,0.3132686084142395
1274,1,0.33666666666666667,0.25,0.2966666666666667,0.29,0.26666666666666666,0.31149098175026135,0.3652064084140301,0.40809248554913297
1275,0,0.38666666666666666,0.31666666666666665,0.36666666666666664,0.36666666666666664,0.27666666666666667,0.3280989207669935,0.3436899677514021,0.3132686084142395
1276,1,0.21666666666666667,0.26666666666666666,0.27666666666666667,0.30666666666666664,0.2733333333333333,0.2766280543412259,0.291710469907523,0.3132686084142395
1277,0,0.31666666666666665,0.2833333333333333,0.2833333333333333,0.30666666666666664,0.25333333333333335,0.3136042810630428,0.2947899746276062,0.3132686084142395
1278,0,0.24,0.24333333333333335,0.22,0.22,0.21333333333333335,0.22482393373915016,0.28142668811222266,0.3132686084142395
1279,1,0.24333333333333335,0.29,0.25666666666666665,0.2866666666666667,0.29,0.2820876759158428,0.25987812186377635,0.3132686084142395
1280,1,0.36333333333333334,0.2966666666666667,0.2833333333333333,0.34,0.36333333333333334,0.3676292349085128,0.3994357539266264,0.40809248554913297
1281,0,0.38333333333333336,0.27,0.30333333333333334,0.2966666666666667,0.29333333333333333,0.315009725413837,0.32340643029834243,0.3132686084142395
1282,0,0.3333333333333333,0.32666666666666666,0.37666666666666665,0.36333333333333334,0.24333333333333335,0.3575512501083248,0.3660014456017049,0.37863690713431647
1283,1,0.26666666666666666,0.2966666666666667,0.24666666666666667,0.3233333333333333,0.24,0.2801334713476231,0.3114185769672878,0.32480561825934284
1284,0,0.3433333333333333,0.36666666666666664,0.36666666666666664,0.33666666666666667,0.2633333333333333,0.34295103706221525,0.32016370364843805,0.3132686084142395
1285,0,0.30666666666666664,0.31666666666666665,0.38,0.33,0.2833333333333333,0.30963555546803634,0.33154153891269705,0.3132686084142395
1286,1,0.42,0.41333333333333333,0.48,0.43666666666666665,0.4066666666666667,0.4073209974343442,0.3713602053102008,0.37863690713431647
1287,0,0.27666666666666667,0.34,0.31666666666666665,0.3233333333333333,0.24333333333333335,0.29050850227528136,0.33999111402461263,0.32480561825934284
1288,0,0.44666666666666666,0.48333333333333334,0.41,0.42,0.38333333333333336,0.4760055206475601,0.4689353966900018,0.40809248554913297
1289,1,0.3333333333333333,0.4066666666666667,0.4066666666666667,0.42,0.30333333333333334,0.367646150118475,0.3964546229127153,0.37863690713431647
1290,0,0.35,0.33,0.39,0.35333333333333333,0.2633333333333333,0.35357388870938466,0.36846385525307906,0.3132686084142395
1291,0,0.2966666666666667,0.25333333333333335,0.2733333333333333,0.27,0.24666666666666667,0.30456515974208365,0.3319353685217295,0.3132686084142395
1292,0,0.24333333333333335,0.20666666666666667,0.23333333333333334,0.18666666666666668,0.20666666666666667,0.2344543740680625,0.3463526864281765,0.32480561825934284
1293,0,0.32666666666666666,0.39666666666666667,0.37,0.28,0.25333333333333335,0.3571185377175135,0.3168997133419095,0.32480561825934284
1294,0,0.20333333333333334,0.31333333333333335,0.25333333333333335,0.31,0.17333333333333334,0.27169849914447836,0.31798961609816245,0.3132686084142395
1295,0,0.4066666666666667,0.41,0.37333333333333335,0.36,0.41,0.4014737364400734,0.3875398905396283,0.37863690713431647
1296,0,0.3,0.3433333333333333,0.29333333333333333,0.29333333333333333,0.28,0.2908550721859335,0.33154153891269705,0.3132686084142395
1297,0,0.4633333333333333,0.42333333333333334,0.4066666666666667,0.45666666666666667,0.31666666666666665,0.40225063781706016,0.4054426079177081,0.32480561825934284
1298,1,0.35,0.38666666666666666,0.41,0.4166666666666667,0.33666666666666667,0.3545473756349383,0.3317910485868398,0.3132686084142395
1299,1,0.35,0.3433333333333333,0.37333333333333335,0.33,0.4,0.3536359835661616,0.26770376565053267,0.3132686084142395
1300,0,0.22333333333333333,0.29333333333333333,0.31,0.30666666666666664,0.24666666666666667,0.27609374347748483,0.28063671223863973,0.3132686084142395
1301,0,0.32666666666666666,0.23666666666666666,0.26,0.26,0.25666666666666665,0.31098324997963894,0.2968373236463727,0.32480561825934284
1302,0,0.34,0.2733333333333333,0.2866666666666667,0.3,0.2866666666666667,0.2852373540191137,0.32846579245683577,0.32480561825934284
1303,0,0.36333333333333334,0.28,0.2833333333333333,0.29,0.27666666666666667,0.2915924125341596,0.3415155315922274,0.3132686084142395
1304,1,0.35,0.44666666666666666,0.39,0.4533333333333333,0.35333333333333333,0.4297058548212959,0.413254717806299,0.37863690713431647
1305,1,0.26666666666666666,0.27,0.30333333333333334,0.23666666666666666,0.21,0.28553831615672176,0.2993637479590815,0.32480561825934284
1306,0,0.28,0.31,0.31666666666666665,0.31666666666666665,0.2866666666666667,0.29637360881208197,0.30508095229781185,0.3132686084142395
1307,0,0.4766666666666667,0.48,0.44666666666666666,0.46,0.35,0.4168008241335293,0.3937266259574301,0.37863690713431647
1308,1,0.31666666666666665,0.3333333333333333,0.3566666666666667,0.37,0.25666666666666665,0.3492492956109693,0.3801376019711631,0.32480561825934284
1309,1,0.29333333333333333,0.33666666666666667,0.27,0.31,0.24333333333333335,0.341357107476278,0.39402131621871966,0.40809248554913297
1310,1,0.37666666666666665,0.36666666666666664,0.3566666666666667,0.38333333333333336,0.25333333333333335,0.3500760361100062,0.3713602053102008,0.37863690713431647
1311,1,0.3233333333333333,0.2966666666666667,0.33666666666666667,0.36666666666666664,0.29333333333333333,0.2925271142372817,0.3225515108296549,0.3132686084142395
1312,0,0.3233333333333333,0.31333333333333335,0.28,0.32,0.18333333333333332,0.2756360219831692,0.33428484210096016,0.3132686084142395
1313,0,0.26,0.2866666666666667,0.28,0.32,0.2,0.2785311952398216,0.3584296844235673,0.32480561825934284
1314,0,0.36,0.29,0.29,0.29333333333333333,0.31333333333333335,0.287859778240105,0.3088732716999506,0.3132686084142395
1315,1,0.38333333333333336,0.37666666666666665,0.38,0.3466666666666667,0.31,0.3767213287073494,0.294289070407718,0.32480561825934284
1316,1,0.24333333333333335,0.18,0.28,0.23333333333333334,0.16666666666666666,0.20480976238777923,0.2783958930317626,0.32480561825934284
1317,0,0.24,0.32,0.2866666666666667,0.2633333333333333,0.18,0.2718121789079237,0.31991875153273214,0.3132686084142395
1318,0,0.3466666666666667,0.3433333333333333,0.28,0.3466666666666667,0.26,0.33290659180535515,0.3801376019711631,0.32480561825934284
1319,0,0.4633333333333333,0.44666666666666666,0.41333333333333333,0.4166666666666667,0.39,0.43530170751587716,0.32821755512352474,0.32480561825934284
1320,0,0.31666666666666665,0.37666666666666665,0.43333333333333335,0.3566666666666667,0.27,0.3468901544709974,0.3025271122217413,0.3132686084142395
1321,1,0.32,0.31333333333333335,0.35,0.37666666666666665,0.2733333333333333,0.3640299465503463,0.34909131922120545,0.32480561825934284
1322,0,0.29333333333333333,0.35,0.31666666666666665,0.35333333333333333,0.2866666666666667,0.33977671886661476,0.37729658812622036,0.32480561825934284
1323,0,0.41333333333333333,0.44333333333333336,0.41333333333333333,0.4033333333333333,0.3466666666666667,0.41585543345152304,0.34976470796807985,0.3132686084142395
1324,0,0.37,0.42333333333333334,0.36333333333333334,0.36,0.30666666666666664,0.36996340064651745,0.3056726310968324,0.32480561825934284
1325,0,0.44,0.33666666666666667,0.39666666666666667,0.3566666666666667,0.35333333333333333,0.42715352845891186,0.4162552185601643,0.37863690713431647
1326,1,0.3333333333333333,0.30333333333333334,0.30666666666666664,0.31333333333333335,0.25333333333333335,0.3559044491156271,0.32556077323447563,0.32480561825934284
1327,1,0.25666666666666665,0.27,0.2833333333333333,0.2866666666666667,0.21666666666666667,0.2666277391045399,0.3225515108296549,0.3132686084142395
1328,1,0.4766666666666667,0.38333333333333336,0.47,0.43,0.35,0.43780072598881536,0.3904934727382804,0.37863690713431647
1329,1,0.44333333333333336,0.4166666666666667,0.4266666666666667,0.4033333333333333,0.38333333333333336,0.41653553050607567,0.3837528639692382,0.37863690713431647
1330,1,0.42333333333333334,0.3466666666666667,0.36,0.38333333333333336,0.3433333333333333,0.41428934355462427,0.44213429009423233,0.37863690713431647
1331,1,0.41,0.39666666666666667,0.34,0.2966666666666667,0.37333333333333335,0.3608045664765319,0.35273207919449556,0.32480561825934284
1332,0,0.49333333333333335,0.39,0.37333333333333335,0.38666666666666666,0.37,0.42974289776740093,0.33716361298226794,0.32480561825934284
1333,1,0.37,0.4033333333333333,0.4,0.4,0.30333333333333334,0.36462243194142835,0.33164473768808256,0.3132686084142395
1334,0,0.39666666666666667,0.34,0.37333333333333335,0.41333333333333333,0.3333333333333333,0.36938523182345956,0.39118442198068787,0.37863690713431647
1335,1,0.31666666666666665,0.31666666666666665,0.2866666666666667,0.38,0.31666666666666665,0.2783754018477278,0.2371082848908668,0.3132686084142395
1336,0,0.35333333333333333,0.4,0.31333333333333335,0.31,0.2866666666666667,0.3503820034902734,0.39656976944988853,0.37863690713431647
1337,1,0.44333333333333336,0.36333333333333334,0.35333333333333333,0.3566666666666667,0.30333333333333334,0.36344760955352207,0.31411196845782147,0.3132686084142395
1338,1,0.3233333333333333,0.38,0.35333333333333333,0.31333333333333335,0.30666666666666664,0.335573904065229,0.34976470796807985,0.3132686084142395
1339,0,0.30666666666666664,0.28,0.25666666666666665,0.27,0.25,0.3214264382503353,0.34700999864116977,0.32480561825934284
1340,0,0.32666666666666666,0.36,0.31333333333333335,0.31666666666666665,0.31333333333333335,0.34828298083706927,0.3411843027857495,0.37863690713431647
1341,1,0.4066666666666667,0.39666666666666667,0.37,0.3433333333333333,0.32666666666666666,0.4040308561496933,0.39681216774771044,0.40809248554913297
1342,0,0.2966666666666667,0.32,0.3233333333333333,0.25,0.26,0.3319935175658002,0.32340643029834243,0.3132686084142395
1343,0,0.44333333333333336,0.4766666666666667,0.3466666666666667,0.3466666666666667,0.4066666666666667,0.4268743786888366,0.3839769739484619,0.32480561825934284
1344,1,0.3933333333333333,0.42,0.36,0.35333333333333333,0.35333333333333333,0.4346586126529121,0.3747276839524262,0.40809248554913297
1345,1,0.5,0.4,0.39666666666666667,0.42,0.4766666666666667,0.4681232524204197,0.37125151287359176,0.37863690713431647
1346,1,0.33666666666666667,0.30666666666666664,0.36,0.30666666666666664,0.3,0.33179725892573975,0.3994357539266264,0.40809248554913297
1347,0,0.4266666666666667,0.39,0.4166666666666667,0.3566666666666667,0.38666666666666666,0.39645557955365535,0.34726392136275597,0.3132686084142395
1348,0,0.3233333333333333,0.31,0.24,0.35333333333333333,0.32666666666666666,0.33980234487276567,0.32821755512352474,0.32480561825934284
1349,0,0.36333333333333334,0.31,0.35333333333333333,0.41333333333333333,0.2833333333333333,0.33608744984486427,0.3308853811480467,0.32480561825934284
1350,0,0.31,0.29,0.31,0.32,0.19333333333333333,0.2750811394490485,0.3497905293916805,0.3132686084142395
1351,1,0.25666666666666665,0.24666666666666667,0.22666666666666666,0.21,0.21,0.2859071892127345,0.30018444158755725,0.32480561825934284
1352,0,0.42,0.43333333333333335,0.45666666666666667,0.43,0.43666666666666665,0.39997976438992383,0.34423605941321556,0.3132686084142395
1353,0,0.34,0.32666666666666666,0.32,0.3,0.33,0.33068147315436686,0.3500861739881233,0.32480561825934284
1354,1,0.3933333333333333,0.31,0.32666666666666666,0.3,0.28,0.3247516679369829,0.32340643029834243,0.3132686084142395
1355,1,0.4533333333333333,0.46,0.46,0.41333333333333333,0.38333333333333336,0.4463560266367552,0.44213429009423233,0.37863690713431647
1356,1,0.23333333333333334,0.30666666666666664,0.3,0.27666666666666667,0.24666666666666667,0.3032573817320134,0.2591268210312006,0.3132686084142395
1357,1,0.43333333333333335,0.46,0.47,0.46,0.36333333333333334,0.4402898600323313,0.4191646457282391,0.40809248554913297
1358,0,0.32666666666666666,0.30666666666666664,0.2966666666666667,0.2966666666666667,0.24,0.3072232154728005,0.32340643029834243,0.3132686084142395
1359,0,0.38333333333333336,0.3466666666666667,0.42,0.35,0.2833333333333333,0.3438190556940815,0.38116690884340987,0.37863690713431647
1360,0,0.4166666666666667,0.44333333333333336,0.37,0.38333333333333336,0.3933333333333333,0.41179326096208235,0.37729658812622036,0.32480561825934284
1361,1,0.43333333333333335,0.4166666666666667,0.44,0.37666666666666665,0.39,0.44480986247962756,0.413597239697446,0.37863690713431647
1362,1,0.3433333333333333,0.2833333333333333,0.27,0.3233333333333333,0.31,0.32907484062165443,0.2892219719697223,0.3132686084142395
1363,0,0.33,0.33,0.30666666666666664,0.30666666666666664,0.26,0.32403421763124457,0.3291195121615016,0.3132686084142395
1364,0,0.2866666666666667,0.29,0.2633333333333333,0.31,0.21,0.2689704815383381,0.33154153891269705,0.3132686084142395
1365,0,0.29333333333333333,0.2866666666666667,0.3,0.3,0.25333333333333335,0.2942792130986907,0.32821755512352474,0.32480561825934284
1366,0,0.23666666666666666,0.30666666666666664,0.2833333333333333,0.2866666666666667,0.31333333333333335,0.29171488690196923,0.3025271122217413,0.3132686084142395
1367,0,0.37333333333333335,0.44,0.44666666666666666,0.42,0.35,0.40297994139385895,0.34024374595062556,0.32480561825934284
1368,1,0.4666666666666667,0.45666666666666667,0.4666666666666667,0.47,0.3933333333333333,0.4473532311465033,0.41591205668825176,0.37863690713431647
1369,1,0.39,0.3566666666666667,0.38333333333333336,0.4033333333333333,0.39666666666666667,0.4047575559615757,0.3291195121615016,0.3132686084142395
1370,1,0.42,0.39666666666666667,0.36666666666666664,0.4,0.37,0.4100289270719918,0.3557645314125261,0.32480561825934284
1371,0,0.43333333333333335,0.38,0.37,0.36,0.3933333333333333,0.41077365866147253,0.33807778209270867,0.37863690713431647
1372,0,0.5033333333333333,0.43,0.4866666666666667,0.4066666666666667,0.39666666666666667,0.44232074095333795,0.43317384981074974,0.37863690713431647
1373,0,0.26,0.2833333333333333,0.3,0.2633333333333333,0.21666666666666667,0.23976769348560398,0.2856837684018658,0.3132686084142395
1374,0,0.24666666666666667,0.27666666666666667,0.24666666666666667,0.2966666666666667,0.20666666666666667,0.28789066956455084,0.2993637479590815,0.32480561825934284
1375,0,0.23666666666666666,0.2833333333333333,0.27,0.2833333333333333,0.2733333333333333,0.25556959618626973,0.2570303964702651,0.3132686084142395
1376,0,0.27666666666666667,0.30666666666666664,0.31333333333333335,0.2966666666666667,0.24333333333333335,0.2901103747838084,0.3112154212585413,0.3132686084142395
1377,0,0.48333333333333334,0.43666666666666665,0.42,0.41,0.43333333333333335,0.4318291799431616,0.39668137580656243,0.32480561825934284
1378,0,0.38333333333333336,0.37666666666666665,0.39,0.36333333333333334,0.32,0.3893566417005945,0.34976470796807985,0.3132686084142395
1379,1,0.42,0.38,0.43,0.4,0.29,0.3688490055980742,0.35251576986384314,0.3132686084142395
1380,0,0.37,0.37,0.3433333333333333,0.4,0.43666666666666665,0.37028716506144127,0.30591047608381694,0.3132686084142395
1381,1,0.3333333333333333,0.4,0.43,0.39,0.25,0.3659775835666389,0.44508668264849305,0.40809248554913297
1382,1,0.3333333333333333,0.38666666666666666,0.38666666666666666,0.38,0.4066666666666667,0.4170142471327881,0.37125151287359176,0.37863690713431647
1383,0,0.4166666666666667,0.35,0.39666666666666667,0.42,0.37,0.41400318335281266,0.34465193656963755,0.37863690713431647
1384,0,0.25666666666666665,0.34,0.22666666666666666,0.27666666666666667,0.24666666666666667,0.2871525038478543,0.23727972981724155,0.32480561825934284
1385,0,0.23333333333333334,0.26,0.16,0.21666666666666667,0.21666666666666667,0.24209843678052273,0.29498700013505713,0.32480561825934284
1386,1,0.3233333333333333,0.31,0.29333333333333333,0.31,0.26,0.33611558831112615,0.3438781211998904,0.32480561825934284
1387,1,0.37333333333333335,0.3466666666666667,0.32,0.4066666666666667,0.29,0.3775591069540181,0.4384287513334244,0.40809248554913297
1388,0,0.4,0.37,0.3433333333333333,0.34,0.37666666666666665,0.35643593340895746,0.36774842972128496,0.32480561825934284
1389,1,0.2633333333333333,0.31,0.2966666666666667,0.32,0.26,0.3252562880058963,0.32275859895650966,0.32480561825934284
1390,1,0.19,0.18333333333333332,0.22333333333333333,0.24,0.19333333333333333,0.19860627468683736,0.2672314455356707,0.32480561825934284
1391,1,0.37333333333333335,0.41,0.39666666666666667,0.43,0.4,0.4341182730418998,0.39954745435784933,0.40809248554913297
1392,0,0.39,0.39,0.44333333333333336,0.4266666666666667,0.3466666666666667,0.4145233162545078,0.34976470796807985,0.3132686084142395
1393,1,0.49333333333333335,0.4,0.37333333333333335,0.39,0.36666666666666664,0.4529837897847966,0.3709747877687848,0.32480561825934284
1394,0,0.4266666666666667,0.4533333333333333,0.43666666666666665,0.4633333333333333,0.31666666666666665,0.4205930960463806,0.3801376019711631,0.32480561825934284
1395,1,0.47,0.42,0.4033333333333333,0.4166666666666667,0.36333333333333334,0.434005728182718,0.413254717806299,0.37863690713431647
1396,1,0.22666666666666666,0.27,0.30333333333333334,0.2733333333333333,0.21,0.2540968852757194,0.35251576986384314,0.3132686084142395
1397,0,0.23666666666666666,0.2966666666666667,0.19333333333333333,0.27666666666666667,0.16,0.21577304098825897,0.2700774689307741,0.3132686084142395
1398,0,0.52,0.36666666666666664,0.4266666666666667,0.43333333333333335,0.5066666666666667,0.4521189120684128,0.37729658812622036,0.32480561825934284
1399,0,0.37666666666666665,0.44666666666666666,0.4166666666666667,0.38,0.37,0.36576984225929304,0.32275859895650966,0.32480561825934284
1400,1,0.47333333333333333,0.44666666666666666,0.47333333333333333,0.47,0.37333333333333335,0.4728801153515772,0.46234854487644367,0.37863690713431647
1401,0,0.2733333333333333,0.3,0.2966666666666667,0.29333333333333333,0.24333333333333335,0.2990695590535465,0.32340643029834243,0.3132686084142395
1402,1,0.37,0.44666666666666666,0.3566666666666667,0.41333333333333333,0.38333333333333336,0.3819281869803098,0.32645897728259843,0.3132686084142395
1403,1,0.3433333333333333,0.2866666666666667,0.2966666666666667,0.2733333333333333,0.22333333333333333,0.30695880770713635,0.31991875153273214,0.3132686084142395
1404,0,0.31,0.44,0.37666666666666665,0.42,0.30666666666666664,0.35836314881977005,0.36869939774787414,0.37863690713431647
1405,0,0.4066666666666667,0.4,0.41,0.41333333333333333,0.38333333333333336,0.4125064229850565,0.3713602053102008,0.37863690713431647
1406,0,0.26,0.27666666666666667,0.27666666666666667,0.25,0.25,0.30966566176191906,0.34998024165790276,0.32480561825934284
1407,0,0.37333333333333335,0.3466666666666667,0.4066666666666667,0.4,0.41,0.3955147203892914,0.3562364926905811,0.3132686084142395
1408,1,0.32666666666666666,0.36666666666666664,0.34,0.31666666666666665,0.30666666666666664,0.33101678989168615,0.34726392136275597,0.3132686084142395
1409,0,0.27666666666666667,0.34,0.30666666666666664,0.29,0.18666666666666668,0.24002965074008795,0.30022184908265187,0.3132686084142395
1410,0,0.31333333333333335,0.3,0.2966666666666667,0.26,0.22666666666666666,0.30763423027085723,0.4027630183041761,0.40809248554913297
1411,0,0.30333333333333334,0.3233333333333333,0.38333333333333336,0.29,0.33,0.3519601014432754,0.33716361298226794,0.32480561825934284
1412,1,0.41,0.41333333333333333,0.43333333333333335,0.43333333333333335,0.3466666666666667,0.4450951286193551,0.40707948739936284,0.37863690713431647
1413,0,0.35,0.2833333333333333,0.3,0.26666666666666666,0.2733333333333333,0.3259032323204289,0.3436496361456847,0.3132686084142395
1414,1,0.4533333333333333,0.4533333333333333,0.4533333333333333,0.45,0.4066666666666667,0.42885731503573915,0.3963432163999766,0.37863690713431647
1415,0,0.3466666666666667,0.38333333333333336,0.4033333333333333,0.37666666666666665,0.36333333333333334,0.370680127272137,0.32615645484900685,0.3132686084142395
1416,0,0.19666666666666666,0.20666666666666667,0.17,0.20666666666666667,0.19666666666666666,0.18066715961114102,0.2071778685800693,0.38461538461538464
1417,0,0.31,0.25,0.25666666666666665,0.30333333333333334,0.19,0.29386416755246564,0.3839769739484619,0.32480561825934284
1418,0,0.33,0.34,0.31666666666666665,0.3333333333333333,0.22333333333333333,0.3484213580192453,0.4027630183041761,0.40809248554913297
1419,0,0.27,0.26666666666666666,0.27,0.26,0.23666666666666666,0.26087589823385515,0.30508095229781185,0.3132686084142395
1420,1,0.41333333333333333,0.43,0.43333333333333335,0.4166666666666667,0.4,0.405075573275313,0.36774842972128496,0.32480561825934284
1421,0,0.32,0.32,0.33666666666666667,0.36666666666666664,0.31666666666666665,0.3655447651853562,0.34074509671170655,0.32480561825934284
1422,1,0.36,0.34,0.37333333333333335,0.36666666666666664,0.38,0.35878591368126084,0.26770376565053267,0.3132686084142395
1423,1,0.2833333333333333,0.31,0.29,0.31333333333333335,0.15333333333333332,0.2540544897217348,0.3994357539266264,0.40809248554913297
1424,0,0.36333333333333334,0.36666666666666664,0.39,0.37,0.2966666666666667,0.34081590734021094,0.35251576986384314,0.3132686084142395
1425,1,0.39,0.32666666666666666,0.3,0.36,0.24666666666666667,0.3534778049643348,0.3291195121615016,0.3132686084142395
1426,0,0.23333333333333334,0.29,0.25,0.23,0.25666666666666665,0.26008057710330784,0.3080013265612287,0.32480561825934284
1427,0,0.25666666666666665,0.22666666666666666,0.24666666666666667,0.29,0.23,0.242192685719925,0.27742115122416683,0.3132686084142395
1428,0,0.24666666666666667,0.25333333333333335,0.29,0.2833333333333333,0.27,0.3037484838598331,0.3040869120959226,0.3132686084142395
1429,0,0.23666666666666666,0.26,0.31666666666666665,0.29333333333333333,0.22333333333333333,0.26639778611118126,0.3199434537323654,0.3132686084142395
1430,0,0.35,0.36333333333333334,0.36333333333333334,0.3333333333333333,0.34,0.3360724630842912,0.35251576986384314,0.3132686084142395
1431,0,0.38333333333333336,0.3233333333333333,0.36333333333333334,0.39,0.32,0.37991922601150474,0.3904934727382804,0.37863690713431647
1432,0,0.26,0.2833333333333333,0.3333333333333333,0.30333333333333334,0.23333333333333334,0.2983073503145644,0.34976470796807985,0.3132686084142395
1433,1,0.31,0.2966666666666667,0.32666666666666666,0.30333333333333334,0.31333333333333335,0.3354005164931088,0.3145331970388933,0.3132686084142395
1434,1,0.2866666666666667,0.2866666666666667,0.2833333333333333,0.29,0.15333333333333332,0.2204706107559345,0.28895680202721563,0.3132686084142395
1435,1,0.37,0.4066666666666667,0.43,0.3933333333333333,0.30666666666666664,0.3955652946718595,0.34074509671170655,0.32480561825934284
1436,0,0.3233333333333333,0.3333333333333333,0.25666666666666665,0.2866666666666667,0.22666666666666666,0.29625702858866665,0.32897379934603904,0.3132686084142395
1437,0,0.25666666666666665,0.24666666666666667,0.2966666666666667,0.3,0.19333333333333333,0.25611872055418217,0.31798961609816245,0.3132686084142395
1438,0,0.25666666666666665,0.27,0.2633333333333333,0.22,0.19,0.2245907408812056,0.24001178936315049,0.3132686084142395
1439,0,0.35,0.2633333333333333,0.2833333333333333,0.29333333333333333,0.25666666666666665,0.3357797839742568,0.3061117078456651,0.32480561825934284
1440,1,0.49,0.44,0.44,0.47333333333333333,0.41333333333333333,0.4652261214229303,0.413597239697446,0.37863690713431647
1441,1,0.31666666666666665,0.37333333333333335,0.3233333333333333,0.43666666666666665,0.30333333333333334,0.35889153162150933,0.3344955782549368,0.3132686084142395
1442,0,0.28,0.3,0.24666666666666667,0.27,0.17333333333333334,0.26540200448525636,0.33807778209270867,0.37863690713431647
1443,0,0.30666666666666664,0.25666666666666665,0.25,0.2866666666666667,0.2733333333333333,0.31969673622147465,0.3290801972791992,0.32480561825934284
1444,1,0.39666666666666667,0.3466666666666667,0.42,0.4066666666666667,0.34,0.3973398416794466,0.42537572036006976,0.40809248554913297
1445,0,0.21,0.31333333333333335,0.29333333333333333,0.2733333333333333,0.18666666666666668,0.23481057530163618,0.3405322709173217,0.3132686084142395
1446,0,0.23666666666666666,0.31,0.31333333333333335,0.28,0.26,0.2886888490911254,0.3110972104611617,0.3132686084142395
1447,0,0.36333333333333334,0.3566666666666667,0.3566666666666667,0.3566666666666667,0.38333333333333336,0.372600162391528,0.40707948739936284,0.37863690713431647
1448,0,0.22333333333333333,0.21666666666666667,0.27666666666666667,0.2966666666666667,0.14333333333333334,0.23501630364645798,0.2973063412979579,0.3132686084142395
1449,0,0.37666666666666665,0.32,0.38,0.4266666666666667,0.2866666666666667,0.3391085423899896,0.3963432163999766,0.37863690713431647
1450,1,0.4533333333333333,0.43,0.44333333333333336,0.42333333333333334,0.36,0.44809938496686197,0.3660014456017049,0.37863690713431647
1451,1,0.44,0.42,0.4,0.4,0.36666666666666664,0.41328243401863163,0.3966542045514839,0.40809248554913297
1452,0,0.2733333333333333,0.29,0.32666666666666666,0.28,0.18666666666666668,0.25494232709437903,0.33154153891269705,0.3132686084142395
1453,1,0.42,0.3233333333333333,0.3,0.32,0.31,0.3811986129136874,0.334721080843733,0.32480561825934284
1454,0,0.35333333333333333,0.39,0.4033333333333333,0.3933333333333333,0.30333333333333334,0.36728492823605313,0.3105808004797788,0.32480561825934284
1455,1,0.30666666666666664,0.3566666666666667,0.35,0.39,0.31,0.32155296440492626,0.33739096363814275,0.32480561825934284
1456,1,0.2866666666666667,0.2866666666666667,0.29,0.2833333333333333,0.26666666666666666,0.2708835122018296,0.3113152397045738,0.3132686084142395
1457,0,0.27666666666666667,0.2,0.18,0.23666666666666666,0.19333333333333333,0.23414316669881446,0.2727943071754748,0.32480561825934284
1458,1,0.42333333333333334,0.4266666666666667,0.42333333333333334,0.43,0.45,0.40701841545540873,0.36243780480517324,0.37863690713431647
1459,0,0.2833333333333333,0.3233333333333333,0.35,0.33666666666666667,0.27,0.278734637911755,0.26960250266135954,0.32480561825934284
1460,1,0.3433333333333333,0.31,0.32,0.2966666666666667,0.21333333333333335,0.29461526933120424,0.3649716349350417,0.37863690713431647
1461,0,0.31666666666666665,0.24,0.25,0.29,0.24666666666666667,0.29674506573933707,0.29434669072967595,0.3132686084142395
1462,0,0.25333333333333335,0.21666666666666667,0.19666666666666666,0.21333333333333335,0.17666666666666667,0.24547410065734063,0.34949509620497576,0.32480561825934284
1463,0,0.31,0.31,0.31333333333333335,0.2966666666666667,0.3233333333333333,0.3354276431725316,0.294289070407718,0.32480561825934284
1464,1,0.36333333333333334,0.3333333333333333,0.31666666666666665,0.37666666666666665,0.27,0.33833746553904936,0.3463526864281765,0.32480561825934284
1465,1,0.3433333333333333,0.36666666666666664,0.38666666666666666,0.27666666666666667,0.2833333333333333,0.29025598959305027,0.31145676135260414,0.3132686084142395
1466,1,0.43666666666666665,0.37,0.37666666666666665,0.36333333333333334,0.4533333333333333,0.43669951245820365,0.3500691883758739,0.3132686084142395
1467,1,0.4033333333333333,0.36666666666666664,0.41,0.42,0.37,0.4211468595356247,0.3904934727382804,0.37863690713431647
1468,0,0.3233333333333333,0.3333333333333333,0.32,0.31333333333333335,0.26,0.31474683549818244,0.3342229410765026,0.3132686084142395
1469,0,0.37,0.32,0.3433333333333333,0.3433333333333333,0.36333333333333334,0.36147469021065687,0.34074509671170655,0.32480561825934284
1470,0,0.26666666666666666,0.28,0.2633333333333333,0.24,0.23,0.27822240393660713,0.28142668811222266,0.3132686084142395
1471,1,0.32,0.2966666666666667,0.34,0.31333333333333335,0.2866666666666667,0.351188691089035,0.39297710235907696,0.40809248554913297
1472,0,0.31666666666666665,0.31666666666666665,0.32666666666666666,0.34,0.2966666666666667,0.33570907726809956,0.3114185769672878,0.32480561825934284
1473,0,0.31666666666666665,0.36666666666666664,0.39666666666666667,0.37,0.2866666666666667,0.34133404761172337,0.34738426840150083,0.37863690713431647
1474,0,0.29333333333333333,0.29,0.2633333333333333,0.29333333333333333,0.27666666666666667,0.3193783128851811,0.3229398205728625,0.3132686084142395
1475,0,0.23333333333333334,0.30666666666666664,0.31333333333333335,0.2966666666666667,0.22333333333333333,0.2595752333937806,0.27282963212468464,0.3132686084142395
1476,0,0.3,0.37,0.3233333333333333,0.35,0.20666666666666667,0.32439754308586305,0.3532590636162021,0.32480561825934284
1477,1,0.35333333333333333,0.4033333333333333,0.42333333333333334,0.37333333333333335,0.44333333333333336,0.3669619062808324,0.319394487219817,0.32480561825934284
1478,0,0.36333333333333334,0.37333333333333335,0.3933333333333333,0.3433333333333333,0.27,0.3566393605625761,0.4001321384986196,0.40809248554913297
1479,0,0.3933333333333333,0.3933333333333333,0.3566666666666667,0.31666666666666665,0.35,0.3885981752435321,0.29098035489434154,0.32480561825934284
1480,1,0.43666666666666665,0.4,0.4266666666666667,0.45666666666666667,0.35333333333333333,0.41703390012344044,0.39656976944988853,0.37863690713431647
1481,0,0.43,0.41,0.5,0.4266666666666667,0.4033333333333333,0.4369869099515797,0.41602517290197094,0.37863690713431647
1482,0,0.5066666666666667,0.4066666666666667,0.4633333333333333,0.4166666666666667,0.3433333333333333,0.4343862436837764,0.37147272298887307,0.32480561825934284
1483,1,0.35,0.35,0.35333333333333333,0.35,0.25,0.34661291527448834,0.32275859895650966,0.32480561825934284
1484,0,0.3566666666666667,0.3566666666666667,0.2833333333333333,0.31333333333333335,0.21666666666666667,0.3409463974378881,0.39656976944988853,0.37863690713431647
1485,1,0.24666666666666667,0.22333333333333333,0.28,0.25666666666666665,0.23,0.28213896274620176,0.3114185769672878,0.32480561825934284
1486,1,0.23666666666666666,0.28,0.2733333333333333,0.24333333333333335,0.19,0.21507717936317416,0.3084802452936414,0.3132686084142395
1487,0,0.3233333333333333,0.2833333333333333,0.2833333333333333,0.3233333333333333,0.18,0.2891618943403708,0.31991875153273214,0.3132686084142395
1488,1,0.4533333333333333,0.4066666666666667,0.4633333333333333,0.44666666666666666,0.36,0.4551230584820988,0.3652064084140301,0.40809248554913297
1489,0,0.37333333333333335,0.34,0.38333333333333336,0.41,0.39,0.4211749430528559,0.41323889110415807,0.37863690713431647
1490,1,0.2633333333333333,0.27666666666666667,0.26666666666666666,0.3,0.18666666666666668,0.2296545671812386,0.35251576986384314,0.3132686084142395
1491,0,0.2733333333333333,0.31,0.3433333333333333,0.2733333333333333,0.2833333333333333,0.30182720034463345,0.34976470796807985,0.3132686084142395
1492,1,0.2833333333333333,0.3,0.26666666666666666,0.2833333333333333,0.29,0.28325201569688746,0.285877174917217,0.32480561825934284
1493,0,0.27,0.26,0.2833333333333333,0.23666666666666666,0.23333333333333334,0.29555204057396317,0.2947899746276062,0.3132686084142395
1494,1,0.3933333333333333,0.35,0.36333333333333334,0.3333333333333333,0.32,0.38889707235220006,0.3878751884930007,0.37863690713431647
1495,0,0.3333333333333333,0.31,0.37333333333333335,0.39666666666666667,0.27,0.3667306506136808,0.32340643029834243,0.3132686084142395
1496,0,0.39,0.4666666666666667,0.43,0.4533333333333333,0.28,0.38560719677501726,0.42525810422530674,0.40809248554913297
1497,0,0.22333333333333333,0.20333333333333334,0.2866666666666667,0.30666666666666664,0.19666666666666666,0.22116422970783164,0.2856837684018658,0.3132686084142395
1498,1,0.37,0.3466666666666667,0.39,0.4,0.2833333333333333,0.37879434953537894,0.3878906859565231,0.37863690713431647
1499,0,0.37,0.33,0.3466666666666667,0.3333333333333333,0.2833333333333333,0.33219507967521206,0.3525792646827798,0.3132686084142395
1500,0,0.25333333333333335,0.26,0.2833333333333333,0.2833333333333333,0.26,0.26631197674799245,0.3084802452936414,0.3132686084142395
1501,0,0.43333333333333335,0.44,0.3933333333333333,0.4266666666666667,0.39666666666666667,0.42173656133854986,0.3559158166533139,0.32480561825934284
1502,0,0.2966666666666667,0.3466666666666667,0.4,0.37333333333333335,0.25333333333333335,0.32369095845615264,0.33154153891269705,0.3132686084142395
1503,0,0.2,0.24333333333333335,0.24,0.23666666666666666,0.20333333333333334,0.2169142465573559,0.21846878819897161,0.3132686084142395
1504,0,0.2833333333333333,0.25333333333333335,0.2733333333333333,0.29,0.27,0.27804004138688054,0.3110972104611617,0.3132686084142395
1505,1,0.4633333333333333,0.39666666666666667,0.38,0.42333333333333334,0.4533333333333333,0.39195430913334744,0.34660756293984846,0.32480561825934284
1506,0,0.3433333333333333,0.36,0.3466666666666667,0.38,0.25333333333333335,0.3557026209202408,0.34465193656963755,0.37863690713431647
1507,0,0.21333333333333335,0.23666666666666666,0.21666666666666667,0.22,0.20333333333333334,0.2269165934285749,0.22776549232050208,0.3132686084142395
1508,0,0.51,0.37333333333333335,0.41,0.4066666666666667,0.48333333333333334,0.44254480032894294,0.3966542045514839,0.40809248554913297
1509,1,0.27,0.23,0.24,0.23666666666666666,0.20333333333333334,0.2796916549923863,0.27578742649228055,0.3132686084142395
1510,1,0.42,0.37333333333333335,0.36,0.4,0.36666666666666664,0.37045734283391735,0.2941745429696612,0.32480561825934284
1511,1,0.38333333333333336,0.35,0.36666666666666664,0.38,0.41333333333333333,0.3405175132295945,0.28142668811222266,0.3132686084142395
1512,0,0.28,0.2866666666666667,0.32,0.24666666666666667,0.22,0.27367999145741806,0.34413095994933185,0.3132686084142395
1513,1,0.3233333333333333,0.2833333333333333,0.24333333333333335,0.27,0.23,0.3376537946754186,0.3087416212546336,0.3132686084142395
1514,0,0.29333333333333333,0.32,0.3433333333333333,0.31666666666666665,0.23666666666666666,0.2988967463528801,0.3138096061342417,0.3132686084142395
1515,1,0.42,0.48333333333333334,0.44666666666666666,0.46,0.2966666666666667,0.4002935569268027,0.39681216774771044,0.40809248554913297
1516,0,0.47333333333333333,0.42,0.39666666666666667,0.38333333333333336,0.3466666666666667,0.4246495182782219,0.39681216774771044,0.40809248554913297
1517,0,0.32666666666666666,0.3566666666666667,0.37,0.35,0.36,0.35385824435518887,0.36869939774787414,0.37863690713431647
1518,0,0.33,0.29,0.31333333333333335,0.36333333333333334,0.25666666666666665,0.30419835325779093,0.3225515108296549,0.3132686084142395
1519,1,0.26,0.25333333333333335,0.31666666666666665,0.30666666666666664,0.14,0.2588940905886166,0.34976470796807985,0.3132686084142395
1520,1,0.43333333333333335,0.32666666666666666,0.36333333333333334,0.3233333333333333,0.31,0.388025540536108,0.34976470796807985,0.3132686084142395
1521,1,0.31333333333333335,0.30333333333333334,0.34,0.3233333333333333,0.23333333333333334,0.2694053889126839,0.3052818783914104,0.32480561825934284
1522,0,0.34,0.3333333333333333,0.3,0.3333333333333333,0.26666666666666666,0.3438113601243167,0.3747276839524262,0.40809248554913297
1523,1,0.29333333333333333,0.24333333333333335,0.31,0.2833333333333333,0.21,0.27514175418535,0.32340643029834243,0.3132686084142395
1524,0,0.3333333333333333,0.30666666666666664,0.22666666666666666,0.29,0.2633333333333333,0.34291964518829154,0.3319353685217295,0.3132686084142395
1525,0,0.4266666666666667,0.47,0.45,0.45,0.31333333333333335,0.427975407278663,0.43586412576016587,0.37863690713431647
1526,0,0.45,0.36333333333333334,0.41333333333333333,0.38666666666666666,0.39,0.37917420322241063,0.3344957438306082,0.32480561825934284
1527,0,0.38666666666666666,0.44333333333333336,0.4666666666666667,0.3933333333333333,0.38333333333333336,0.4145359568531253,0.3308853811480467,0.32480561825934284
1528,0,0.4033333333333333,0.41,0.45666666666666667,0.4766666666666667,0.31333333333333335,0.3947972312342427,0.3776705128076358,0.40809248554913297
1529,0,0.25666666666666665,0.21666666666666667,0.21,0.19333333333333333,0.23333333333333334,0.22967527030716212,0.2801835064144784,0.32480561825934284
1530,0,0.3333333333333333,0.34,0.3466666666666667,0.3333333333333333,0.23333333333333334,0.3337993319994178,0.33807778209270867,0.37863690713431647
1531,0,0.30333333333333334,0.31333333333333335,0.2866666666666667,0.31,0.20666666666666667,0.2806273797423077,0.30508095229781185,0.3132686084142395
1532,0,0.38666666666666666,0.43,0.39666666666666667,0.41,0.41,0.41057209089160424,0.3994357539266264,0.40809248554913297
1533,0,0.43666666666666665,0.4166666666666667,0.4266666666666667,0.39666666666666667,0.36333333333333334,0.4153753909555455,0.3904934727382804,0.37863690713431647
1534,0,0.4533333333333333,0.43,0.41333333333333333,0.38333333333333336,0.38666666666666666,0.436197214053822,0.36774842972128496,0.32480561825934284
1535,0,0.24,0.27,0.29333333333333333,0.4066666666666667,0.2833333333333333,0.26996951645139977,0.3025271122217413,0.3132686084142395
1536,0,0.35,0.37666666666666665,0.42333333333333334,0.4033333333333333,0.3,0.3697426774587417,0.39656976944988853,0.37863690713431647
1537,0,0.21666666666666667,0.2966666666666667,0.32666666666666666,0.32,0.21,0.27038047690895695,0.2916396679341305,0.32480561825934284
1538,0,0.3933333333333333,0.31,0.30666666666666664,0.29,0.28,0.34490440767800157,0.3709747877687848,0.32480561825934284
1539,0,0.38,0.42333333333333334,0.45,0.36,0.3933333333333333,0.4101760905504508,0.3969236194030947,0.40809248554913297
1540,0,0.34,0.4066666666666667,0.43333333333333335,0.3933333333333333,0.27666666666666667,0.374668122366289,0.37710065884565214,0.3132686084142395
1541,0,0.3933333333333333,0.37333333333333335,0.33666666666666667,0.32,0.2833333333333333,0.356387514219901,0.36243780480517324,0.37863690713431647
1542,0,0.2,0.25666666666666665,0.23,0.20333333333333334,0.21333333333333335,0.22021155511728693,0.2782055760916587,0.3132686084142395
1543,1,0.25666666666666665,0.3466666666666667,0.34,0.36333333333333334,0.26,0.2824272182124937,0.3292223283384345,0.3132686084142395
1544,0,0.33666666666666667,0.3566666666666667,0.31333333333333335,0.2966666666666667,0.3,0.32256868759695423,0.3145331970388933,0.3132686084142395
1545,1,0.33666666666666667,0.3,0.30666666666666664,0.28,0.34,0.3395049711801219,0.32656136688712645,0.3132686084142395
1546,0,0.35,0.35333333333333333,0.38,0.4166666666666667,0.37,0.37383638227761756,0.31991875153273214,0.3132686084142395
1547,0,0.29,0.34,0.3,0.30333333333333334,0.24666666666666667,0.3139227296537566,0.33154153891269705,0.3132686084142395
1548,0,0.23333333333333334,0.20333333333333334,0.24333333333333335,0.23,0.2,0.224482011613055,0.25987812186377635,0.3132686084142395
1549,0,0.24333333333333335,0.2633333333333333,0.30333333333333334,0.29,0.20666666666666667,0.25444164104400124,0.32016370364843805,0.3132686084142395
1550,0,0.35333333333333333,0.4,0.4033333333333333,0.3566666666666667,0.32666666666666666,0.39734190891123694,0.2975043391315459,0.32480561825934284
1551,1,0.4066666666666667,0.42,0.37666666666666665,0.38,0.4266666666666667,0.39039136621649023,0.32821755512352474,0.32480561825934284
1552,0,0.25,0.29333333333333333,0.31,0.33666666666666667,0.25333333333333335,0.2727464849090588,0.3025271122217413,0.3132686084142395
1553,1,0.25666666666666665,0.32666666666666666,0.33,0.30333333333333334,0.2633333333333333,0.2827441459768051,0.285877174917217,0.32480561825934284
1554,1,0.3,0.27,0.26,0.2833333333333333,0.25666666666666665,0.31695489471561944,0.36598629978379144,0.37863690713431647
1555,1,0.3566666666666667,0.30333333333333334,0.37333333333333335,0.38666666666666666,0.38,0.35927486800081637,0.34423605941321556,0.3132686084142395
1556,0,0.31666666666666665,0.22666666666666666,0.2733333333333333,0.27666666666666667,0.24,0.32242455236441236,0.2841239956491178,0.3132686084142395
1557,1,0.44666666666666666,0.47,0.42,0.4766666666666667,0.38333333333333336,0.41800459787205313,0.41602517290197094,0.37863690713431647
1558,1,0.41333333333333333,0.4533333333333333,0.4266666666666667,0.44,0.32,0.4156604725263595,0.3878906859565231,0.37863690713431647
1559,0,0.31,0.27666666666666667,0.2833333333333333,0.30333333333333334,0.32666666666666666,0.3213640415932673,0.26006041847647476,0.32480561825934284
1560,0,0.29,0.31333333333333335,0.3333333333333333,0.3333333333333333,0.23333333333333334,0.2925318132976941,0.3113152397045738,0.3132686084142395
1561,0,0.37666666666666665,0.42333333333333334,0.38,0.37,0.39666666666666667,0.40523461962667207,0.32605413073284595,0.3132686084142395
1562,1,0.3233333333333333,0.31666666666666665,0.31,0.30666666666666664,0.2833333333333333,0.3048028330957634,0.32821755512352474,0.32480561825934284
1563,0,0.37666666666666665,0.37666666666666665,0.3933333333333333,0.38666666666666666,0.35,0.35885243802169775,0.2856837684018658,0.3132686084142395
1564,1,0.31333333333333335,0.36666666666666664,0.29333333333333333,0.2866666666666667,0.3,0.3340589923392948,0.35279559174590036,0.32480561825934284
1565,1,0.24666666666666667,0.29,0.30333333333333334,0.2633333333333333,0.26666666666666666,0.295736049930931,0.25930877527382107,0.32480561825934284
1566,0,0.3466666666666667,0.31666666666666665,0.29333333333333333,0.3433333333333333,0.2966666666666667,0.3545788193578192,0.3525792646827798,0.3132686084142395
1567,1,0.43,0.36333333333333334,0.39666666666666667,0.38333333333333336,0.36333333333333334,0.4042557976982222,0.362778305158342,0.37863690713431647
1568,1,0.4266666666666667,0.45,0.41333333333333333,0.4066666666666667,0.38333333333333336,0.4201400709164036,0.32016370364843805,0.3132686084142395
1569,0,0.3333333333333333,0.38333333333333336,0.32666666666666666,0.30666666666666664,0.3566666666666667,0.3481019743710353,0.26411308974465064,0.32480561825934284
1570,1,0.35333333333333333,0.3233333333333333,0.2966666666666667,0.31666666666666665,0.29,0.3458634747265164,0.377405988055231,0.32480561825934284
1571,1,0.37333333333333335,0.3,0.36666666666666664,0.37333333333333335,0.25666666666666665,0.3292065241882131,0.3904934727382804,0.37863690713431647
1572,1,0.4266666666666667,0.4066666666666667,0.37333333333333335,0.4066666666666667,0.37666666666666665,0.4014674675186245,0.3713602053102008,0.37863690713431647
1573,1,0.32,0.33,0.3433333333333333,0.3233333333333333,0.27,0.3443297407430542,0.36598629978379144,0.37863690713431647
1574,0,0.3566666666666667,0.3333333333333333,0.36,0.33666666666666667,0.30666666666666664,0.36228172971919564,0.34074509671170655,0.32480561825934284
1575,0,0.39,0.35,0.31,0.33666666666666667,0.33666666666666667,0.3706362501109594,0.36869939774787414,0.37863690713431647
1576,1,0.39,0.36,0.38666666666666666,0.38,0.4066666666666667,0.3460814042531524,0.2834546915161463,0.3132686084142395
1577,0,0.2633333333333333,0.3433333333333333,0.28,0.29333333333333333,0.19333333333333333,0.2913838320291002,0.3463783901414603,0.32480561825934284
1578,0,0.25666666666666665,0.25666666666666665,0.35333333333333333,0.30666666666666664,0.19666666666666666,0.2809880551103796,0.2867712483364878,0.32480561825934284
1579,0,0.30666666666666664,0.32666666666666666,0.30666666666666664,0.3333333333333333,0.22666666666666666,0.29398001964545384,0.31401368324951906,0.32480561825934284
1580,0,0.34,0.36666666666666664,0.3433333333333333,0.35,0.2733333333333333,0.352039696038458,0.28895680202721563,0.3132686084142395
1581,0,0.24666666666666667,0.2633333333333333,0.2733333333333333,0.23666666666666666,0.27666666666666667,0.25117788621878595,0.31754129876665793,0.3132686084142395
1582,0,0.23333333333333334,0.31,0.34,0.29333333333333333,0.2,0.24712875923029493,0.33154153891269705,0.3132686084142395
1583,0,0.30666666666666664,0.33,0.3566666666666667,0.3566666666666667,0.3433333333333333,0.36988482832316666,0.3875398905396283,0.37863690713431647
1584,0,0.29,0.32666666666666666,0.3233333333333333,0.30333333333333334,0.19333333333333333,0.2688760074069673,0.3547883375208287,0.32480561825934284
1585,1,0.5533333333333333,0.44333333333333336,0.4533333333333333,0.4266666666666667,0.5066666666666667,0.474150948094939,0.46234854487644367,0.37863690713431647
1586,0,0.35333333333333333,0.32,0.38,0.33,0.24666666666666667,0.36225459469558013,0.37147272298887307,0.32480561825934284
1587,1,0.42,0.38666666666666666,0.38,0.33666666666666667,0.32,0.3648987270557473,0.35251576986384314,0.3132686084142395
1588,0,0.43666666666666665,0.36666666666666664,0.4266666666666667,0.43333333333333335,0.41,0.43149955346807467,0.3837528639692382,0.37863690713431647
1589,0,0.22,0.24,0.22666666666666666,0.22666666666666666,0.18666666666666668,0.22251857981551484,0.24180914691178157,0.32480561825934284
1590,0,0.4166666666666667,0.35333333333333333,0.3433333333333333,0.38666666666666666,0.39666666666666667,0.38795464489214626,0.3308853811480467,0.32480561825934284
1591,0,0.28,0.2733333333333333,0.2966666666666667,0.2633333333333333,0.25666666666666665,0.2734484851209519,0.3584296844235673,0.32480561825934284
1592,0,0.2866666666666667,0.3,0.32,0.3566666666666667,0.24333333333333335,0.30623048247596585,0.3498706101744335,0.3132686084142395
1593,0,0.36333333333333334,0.42333333333333334,0.42,0.43666666666666665,0.34,0.40040931847094435,0.3969236194030947,0.40809248554913297
1594,0,0.35,0.31666666666666665,0.34,0.33,0.24,0.3262596233231025,0.39395265942890306,0.37863690713431647
1595,1,0.2833333333333333,0.41,0.39666666666666667,0.41333333333333333,0.33,0.3432311698716573,0.3060093489656814,0.3132686084142395
1596,1,0.30666666666666664,0.2733333333333333,0.31333333333333335,0.27,0.20333333333333334,0.25926697310610136,0.33154153891269705,0.3132686084142395
1597,0,0.23666666666666666,0.19333333333333333,0.24,0.24666666666666667,0.2733333333333333,0.24753953626396022,0.2396023377819182,0.32480561825934284
1598,0,0.39666666666666667,0.38666666666666666,0.41,0.36,0.39666666666666667,0.39001231779802975,0.33154153891269705,0.3132686084142395
1599,1,0.24666666666666667,0.26,0.21666666666666667,0.24333333333333335,0.19,0.22610019707147674,0.29098035489434154,0.32480561825934284
1600,1,0.3933333333333333,0.36333333333333334,0.37333333333333335,0.3466666666666667,0.32666666666666666,0.35419136727326084,0.3025271122217413,0.3132686084142395
1601,0,0.26666666666666666,0.24,0.29,0.30333333333333334,0.25666666666666665,0.27863181344760507,0.28097270482856473,0.32480561825934284
1602,1,0.3233333333333333,0.41,0.38333333333333336,0.36666666666666664,0.22333333333333333,0.3723806303262461,0.4096135010284015,0.40809248554913297
1603,0,0.47333333333333333,0.43666666666666665,0.39666666666666667,0.37666666666666665,0.44666666666666666,0.4363890436735152,0.3875398905396283,0.37863690713431647
1604,1,0.32,0.3433333333333333,0.36333333333333334,0.28,0.36666666666666664,0.3618146972097029,0.3937950913911924,0.37863690713431647
1605,1,0.3466666666666667,0.30333333333333334,0.31666666666666665,0.3,0.29333333333333333,0.3567801602296647,0.39402131621871966,0.40809248554913297
1606,1,0.2966666666666667,0.29333333333333333,0.26666666666666666,0.28,0.24,0.3066645544993262,0.2751961852271309,0.32480561825934284
1607,0,0.23333333333333334,0.21,0.24666666666666667,0.24333333333333335,0.18,0.2720306389844956,0.30018444158755725,0.32480561825934284
1608,0,0.42,0.37,0.4533333333333333,0.48333333333333334,0.36333333333333334,0.42400373596087926,0.36868420520847506,0.37863690713431647
1609,0,0.3466666666666667,0.34,0.36333333333333334,0.29333333333333333,0.30333333333333334,0.3513469499463561,0.37125151287359176,0.37863690713431647
1610,0,0.3333333333333333,0.2833333333333333,0.25,0.2966666666666667,0.19666666666666666,0.2571865515607853,0.3138096061342417,0.3132686084142395
1611,0,0.39,0.39,0.43666666666666665,0.39666666666666667,0.33666666666666667,0.3719105519361711,0.3501266887911026,0.37863690713431647
1612,0,0.25333333333333335,0.24333333333333335,0.23333333333333334,0.22,0.20333333333333334,0.2313456622380801,0.28063671223863973,0.3132686084142395
1613,0,0.24333333333333335,0.25666666666666665,0.27,0.24666666666666667,0.19666666666666666,0.2567005629289791,0.30272708906794427,0.32480561825934284
1614,0,0.3233333333333333,0.2866666666666667,0.28,0.35,0.2866666666666667,0.33468746586251535,0.2973063412979579,0.3132686084142395
1615,1,0.46,0.49,0.47333333333333333,0.43333333333333335,0.37,0.43899557813892887,0.413367622779479,0.37863690713431647
1616,1,0.18333333333333332,0.20666666666666667,0.20666666666666667,0.25,0.17666666666666667,0.18518740665385575,0.25146580510881006,0.3132686084142395
1617,1,0.51,0.38333333333333336,0.4533333333333333,0.47,0.39666666666666667,0.43924227389727655,0.41591205668825176,0.37863690713431647
1618,0,0.29333333333333333,0.3,0.2733333333333333,0.25,0.24,0.2935406390534904,0.3717750279913139,0.37863690713431647
1619,1,0.30333333333333334,0.28,0.31333333333333335,0.32,0.2833333333333333,0.3393004778656688,0.3588383080478218,0.32480561825934284
1620,0,0.26,0.23333333333333334,0.20333333333333334,0.24666666666666667,0.15,0.21125452767606964,0.2782055760916587,0.3132686084142395
1621,0,0.3233333333333333,0.31,0.36,0.37,0.36666666666666664,0.34712389490294815,0.3562364926905811,0.3132686084142395
1622,0,0.3233333333333333,0.35333333333333333,0.32666666666666666,0.36333333333333334,0.24666666666666667,0.3139488762301608,0.31145676135260414,0.3132686084142395
1623,1,0.44333333333333336,0.42333333333333334,0.46,0.43333333333333335,0.39,0.4418727550832897,0.44213429009423233,0.37863690713431647
1624,0,0.43666666666666665,0.4266666666666667,0.43666666666666665,0.41,0.37333333333333335,0.4941963451026675,0.47166296071804653,0.40809248554913297
1625,0,0.36666666666666664,0.3433333333333333,0.38666666666666666,0.4033333333333333,0.33,0.34585264581018804,0.33753852931336165,0.32480561825934284
1626,1,0.48,0.38,0.44333333333333336,0.38333333333333336,0.41333333333333333,0.4186937981816747,0.32821755512352474,0.32480561825934284
1627,0,0.2733333333333333,0.2966666666666667,0.38333333333333336,0.32666666666666666,0.23333333333333334,0.3093034080770177,0.32605413073284595,0.3132686084142395
1628,0,0.31666666666666665,0.3,0.35333333333333333,0.2833333333333333,0.2866666666666667,0.33247923086784603,0.36774842972128496,0.32480561825934284
1629,1,0.35,0.41333333333333333,0.3933333333333333,0.36666666666666664,0.3566666666666667,0.3530813034728701,0.3801376019711631,0.32480561825934284
1630,1,0.30333333333333334,0.29333333333333333,0.32666666666666666,0.3333333333333333,0.29,0.32495063485800424,0.3112154212585413,0.3132686084142395
1631,0,0.3933333333333333,0.41,0.44666666666666666,0.4766666666666667,0.35,0.4312923529776615,0.4653233292117337,0.40809248554913297
1632,0,0.3566666666666667,0.38333333333333336,0.41333333333333333,0.3933333333333333,0.33666666666666667,0.3641273277767668,0.2834546915161463,0.3132686084142395
1633,0,0.30666666666666664,0.32666666666666666,0.2733333333333333,0.28,0.21333333333333335,0.2902582682964324,0.3105808004797788,0.32480561825934284
1634,0,0.24,0.17333333333333334,0.24,0.21333333333333335,0.18666666666666668,0.22170773203831556,0.27578742649228055,0.3132686084142395
1635,1,0.4166666666666667,0.4033333333333333,0.4066666666666667,0.41,0.37666666666666665,0.37451623626533226,0.3225515108296549,0.3132686084142395
1636,1,0.2833333333333333,0.37,0.3933333333333333,0.36,0.23,0.3143617378386546,0.32615645484900685,0.3132686084142395
1637,0,0.25666666666666665,0.20333333333333334,0.19333333333333333,0.26666666666666666,0.21333333333333335,0.25321181445575197,0.27578742649228055,0.3132686084142395
1638,1,0.3933333333333333,0.3333333333333333,0.38666666666666666,0.36,0.38666666666666666,0.38097535174547437,0.29147795345706207,0.3132686084142395
1639,0,0.33,0.39666666666666667,0.44333333333333336,0.36666666666666664,0.2866666666666667,0.3323997247274687,0.27257372784733697,0.3132686084142395
1640,0,0.33,0.33,0.29333333333333333,0.3333333333333333,0.25666666666666665,0.3343962063722962,0.3837528639692382,0.37863690713431647
1641,0,0.4766666666666667,0.49,0.44333333333333336,0.44,0.4,0.46527499528389754,0.39681216774771044,0.40809248554913297
1642,1,0.33,0.4166666666666667,0.37666666666666665,0.41333333333333333,0.3,0.33817215239734466,0.2939778338370258,0.3132686084142395
1643,0,0.37333333333333335,0.3433333333333333,0.36333333333333334,0.38666666666666666,0.25666666666666665,0.3964882836785904,0.419871379015335,0.40809248554913297
1644,0,0.32,0.30666666666666664,0.25666666666666665,0.31,0.22,0.3036489373128659,0.3472787167751307,0.37863690713431647
1645,1,0.3933333333333333,0.38666666666666666,0.41333333333333333,0.38,0.35333333333333333,0.35588836716151445,0.2918244346647297,0.3132686084142395
1646,0,0.26,0.23666666666666666,0.25,0.22666666666666666,0.25,0.2667348488436421,0.3288710227311006,0.3132686084142395
1647,0,0.44666666666666666,0.43333333333333335,0.4533333333333333,0.43333333333333335,0.4033333333333333,0.46157947214074085,0.413597239697446,0.37863690713431647
1648,1,0.3,0.31666666666666665,0.35,0.30333333333333334,0.2,0.2560781672662026,0.33154153891269705,0.3132686084142395
1649,0,0.3433333333333333,0.26,0.2966666666666667,0.28,0.31666666666666665,0.32082135698656555,0.2672314455356707,0.32480561825934284
1650,0,0.3233333333333333,0.35,0.35,0.2866666666666667,0.25666666666666665,0.3372545153687945,0.3559158166533139,0.32480561825934284
1651,1,0.24,0.23666666666666666,0.26,0.22333333333333333,0.16666666666666666,0.235308017482085,0.3372868791468017,0.32480561825934284
1652,0,0.31,0.3333333333333333,0.3433333333333333,0.32666666666666666,0.25,0.29935920369328917,0.34976470796807985,0.3132686084142395
1653,0,0.2733333333333333,0.2733333333333333,0.2833333333333333,0.25,0.22666666666666666,0.2709567947871561,0.3036514526322925,0.32480561825934284
1654,0,0.39,0.37,0.36,0.42,0.25666666666666665,0.359767118552976,0.3875398905396283,0.37863690713431647
1655,1,0.4633333333333333,0.4266666666666667,0.44333333333333336,0.43666666666666665,0.36333333333333334,0.42174754205790393,0.41591205668825176,0.37863690713431647
1656,1,0.25,0.2633333333333333,0.2633333333333333,0.22666666666666666,0.21666666666666667,0.28046300298893456,0.3113003238796346,0.32480561825934284
1657,0,0.28,0.35,0.4,0.35,0.2833333333333333,0.35404923820617973,0.37125151287359176,0.37863690713431647
1658,0,0.24333333333333335,0.24,0.22,0.26,0.18,0.24999301083565928,0.28840565410878033,0.32480561825934284
1659,0,0.4633333333333333,0.43333333333333335,0.44666666666666666,0.4166666666666667,0.4533333333333333,0.4321328156002912,0.36869939774787414,0.37863690713431647
1660,0,0.44333333333333336,0.45666666666666667,0.45,0.51,0.34,0.3761092958656577,0.3964546229127153,0.37863690713431647
1661,0,0.36666666666666664,0.38,0.37333333333333335,0.38333333333333336,0.2966666666666667,0.35518456064029297,0.34909131922120545,0.32480561825934284
1662,1,0.33666666666666667,0.4266666666666667,0.41333333333333333,0.42,0.26,0.36432466241752026,0.3138096061342417,0.3132686084142395
1663,0,0.28,0.3566666666666667,0.36333333333333334,0.30333333333333334,0.31333333333333335,0.31946093092749794,0.29498700013505713,0.32480561825934284
1664,1,0.4066666666666667,0.36333333333333334,0.4166666666666667,0.3933333333333333,0.3433333333333333,0.411401469171048,0.36774842972128496,0.32480561825934284
1665,1,0.27,0.24,0.25666666666666665,0.25666666666666665,0.21333333333333335,0.2476621582639944,0.28387490198601995,0.3132686084142395
1666,1,0.44333333333333336,0.42,0.45,0.4166666666666667,0.4066666666666667,0.43029856542346906,0.4027630183041761,0.40809248554913297
1667,1,0.37333333333333335,0.30666666666666664,0.3433333333333333,0.30333333333333334,0.27,0.33665416966392714,0.34726392136275597,0.3132686084142395
1668,0,0.41333333333333333,0.38333333333333336,0.38333333333333336,0.37666666666666665,0.3,0.36380136459106727,0.3415155315922274,0.3132686084142395
1669,1,0.25333333333333335,0.25,0.24666666666666667,0.23666666666666666,0.3233333333333333,0.3121197518406467,0.3113003238796346,0.32480561825934284
1670,0,0.4,0.35,0.38,0.38666666666666666,0.43666666666666665,0.37864997483512824,0.32605413073284595,0.3132686084142395
1671,0,0.3466666666666667,0.34,0.36,0.33,0.31333333333333335,0.34683370561032567,0.3317515723860618,0.32480561825934284
1672,1,0.2633333333333333,0.2966666666666667,0.29,0.2966666666666667,0.2,0.2782462555582925,0.3612110402418727,0.32480561825934284
1673,0,0.27,0.24666666666666667,0.2633333333333333,0.30666666666666664,0.24666666666666667,0.2924015856959697,0.2628574661170909,0.3132686084142395
1674,1,0.35,0.36666666666666664,0.33,0.33666666666666667,0.33666666666666667,0.35784644305660634,0.3599105673622236,0.3132686084142395
1675,0,0.37,0.31333333333333335,0.3566666666666667,0.29,0.31666666666666665,0.32968590292907807,0.32316131569222517,0.32480561825934284
1676,0,0.4,0.46,0.47333333333333333,0.4,0.29,0.418619905375859,0.41614226508915075,0.40809248554913297
1677,1,0.45666666666666667,0.43333333333333335,0.45666666666666667,0.44666666666666666,0.35,0.4257540338562448,0.377405988055231,0.32480561825934284
1678,0,0.4533333333333333,0.39,0.44333333333333336,0.39666666666666667,0.41,0.44580639417078105,0.3878906859565231,0.37863690713431647
1679,1,0.24666666666666667,0.2833333333333333,0.36,0.2866666666666667,0.18,0.27129837999394346,0.3105808004797788,0.32480561825934284
1680,0,0.4666666666666667,0.44333333333333336,0.4,0.48333333333333334,0.4,0.4152241871613497,0.3688077812768109,0.37863690713431647
1681,0,0.2866666666666667,0.35333333333333333,0.37666666666666665,0.4033333333333333,0.25333333333333335,0.27569826316370305,0.291710469907523,0.3132686084142395
1682,0,0.23,0.29333333333333333,0.24666666666666667,0.24666666666666667,0.17333333333333334,0.24057508089164198,0.2782055760916587,0.3132686084142395
1683,0,0.33666666666666667,0.2966666666666667,0.29,0.31666666666666665,0.31666666666666665,0.32011070192817287,0.3438781211998904,0.32480561825934284
1684,0,0.37,0.46,0.45666666666666667,0.46,0.34,0.37637709452792745,0.4029180405056753,0.40809248554913297
1685,0,0.4166666666666667,0.44666666666666666,0.42333333333333334,0.43333333333333335,0.35333333333333333,0.4281142117665346,0.413597239697446,0.37863690713431647
1686,0,0.27,0.43333333333333335,0.38666666666666666,0.36666666666666664,0.33,0.31235485426386417,0.30508095229781185,0.3132686084142395
1687,0,0.18,0.23333333333333334,0.2633333333333333,0.25,0.18,0.20329361148917416,0.3112154212585413,0.3132686084142395
1688,0,0.2833333333333333,0.30333333333333334,0.2866666666666667,0.29333333333333333,0.23333333333333334,0.2925271142372817,0.3225515108296549,0.3132686084142395
1689,0,0.21666666666666667,0.26666666666666666,0.24333333333333335,0.24,0.19333333333333333,0.2646688890115675,0.28082804522353133,0.32480561825934284
1690,0,0.18,0.20666666666666667,0.22666666666666666,0.24666666666666667,0.20666666666666667,0.22960867580200928,0.2577436670296671,0.32480561825934284
1691,0,0.4166666666666667,0.31666666666666665,0.35,0.3233333333333333,0.3,0.35949553458175515,0.34465193656963755,0.37863690713431647
1692,0,0.32,0.32,0.38333333333333336,0.37666666666666665,0.17,0.31402374223814644,0.32016370364843805,0.3132686084142395
1693,0,0.2733333333333333,0.31666666666666665,0.31666666666666665,0.30333333333333334,0.22666666666666666,0.2971364243710398,0.36854578794423015,0.37863690713431647
1694,0,0.23666666666666666,0.22666666666666666,0.17,0.25666666666666665,0.17666666666666667,0.20831124185439584,0.2783958930317626,0.32480561825934284
1695,1,0.2866666666666667,0.2866666666666667,0.3,0.31,0.2833333333333333,0.3163873266444145,0.32556077323447563,0.32480561825934284
1696,1,0.36333333333333334,0.43333333333333335,0.44,0.41333333333333333,0.3566666666666667,0.3711218320384255,0.3318527237066344,0.3132686084142395
1697,0,0.26,0.29333333333333333,0.22333333333333333,0.26,0.24333333333333335,0.24969320131017064,0.2973063412979579,0.3132686084142395
1698,1,0.38666666666666666,0.39666666666666667,0.41333333333333333,0.39666666666666667,0.3333333333333333,0.3678632896675401,0.3612110402418727,0.32480561825934284
1699,0,0.37666666666666665,0.23333333333333334,0.3233333333333333,0.2966666666666667,0.26666666666666666,0.34995672192488136,0.37457305279396724,0.32480561825934284
1700,1,0.3566666666666667,0.36666666666666664,0.30333333333333334,0.33,0.2866666666666667,0.325897005667024,0.37449040059471034,0.37863690713431647
1701,0,0.43,0.4166666666666667,0.33666666666666667,0.36333333333333334,0.29333333333333333,0.39488230328790924,0.3937950913911924,0.37863690713431647
1702,0,0.4033333333333333,0.36,0.33666666666666667,0.37333333333333335,0.38666666666666666,0.3926656927798432,0.3208714523609311,0.3132686084142395
1703,0,0.30666666666666664,0.3333333333333333,0.2966666666666667,0.31666666666666665,0.27,0.2777740900199638,0.3007543971223319,0.3132686084142395
1704,0,0.35,0.4,0.4066666666666667,0.3933333333333333,0.31333333333333335,0.36995401539227535,0.3342229410765026,0.3132686084142395
1705,0,0.27666666666666667,0.30666666666666664,0.32,0.33,0.20333333333333334,0.28295492740957123,0.28142668811222266,0.3132686084142395
1706,0,0.35,0.3466666666666667,0.32,0.35,0.3233333333333333,0.3658264079395034,0.37201161408613515,0.40809248554913297
1707,0,0.3333333333333333,0.38,0.38333333333333336,0.43333333333333335,0.3,0.34905115714256874,0.3963432163999766,0.37863690713431647
1708,1,0.23,0.15,0.17666666666666667,0.19666666666666666,0.22,0.2153887932774598,0.25469754300375536,0.32480561825934284
1709,0,0.25333333333333335,0.31,0.29333333333333333,0.32,0.22333333333333333,0.26283991692854625,0.25209845553619215,0.3132686084142395
1710,0,0.18,0.27,0.27666666666666667,0.24,0.18333333333333332,0.21925784938469,0.25164420709360785,0.32480561825934284
1711,0,0.3,0.27,0.26666666666666666,0.31,0.2833333333333333,0.3104746540376458,0.2551241355904995,0.3132686084142395
1712,0,0.31666666666666665,0.23333333333333334,0.24666666666666667,0.22,0.2633333333333333,0.29379963091045275,0.2958977591183011,0.32480561825934284
1713,0,0.24,0.21,0.24,0.2,0.16666666666666666,0.20415105349378007,0.28142668811222266,0.3132686084142395
1714,0,0.34,0.26,0.24333333333333335,0.31333333333333335,0.18666666666666668,0.29615065428501264,0.36854578794423015,0.37863690713431647
1715,0,0.46,0.4633333333333333,0.41333333333333333,0.41333333333333333,0.41,0.5095497407694266,0.4427325690979623,0.40809248554913297
1716,0,0.26666666666666666,0.31666666666666665,0.3,0.3,0.24333333333333335,0.2604953525673199,0.26704593635058993,0.3132686084142395
1717,1,0.16666666666666666,0.24333333333333335,0.23666666666666666,0.23666666666666666,0.17333333333333334,0.21612308576140724,0.3114185769672878,0.32480561825934284
1718,0,0.4166666666666667,0.45,0.44666666666666666,0.44,0.4,0.4272544525108821,0.3937266259574301,0.37863690713431647
1719,1,0.36333333333333334,0.3566666666666667,0.37333333333333335,0.36666666666666664,0.35333333333333333,0.3520311590249498,0.2574255072132265,0.3132686084142395
1720,0,0.28,0.32,0.3466666666666667,0.31,0.24,0.29697802464354917,0.36475222186675477,0.3132686084142395
1721,0,0.26666666666666666,0.2866666666666667,0.2633333333333333,0.23,0.27666666666666667,0.26561448009543265,0.285877174917217,0.32480561825934284
1722,1,0.51,0.47,0.44,0.4866666666666667,0.4166666666666667,0.4167886826862309,0.3225515108296549,0.3132686084142395
1723,1,0.32,0.34,0.3466666666666667,0.3433333333333333,0.32666666666666666,0.34286422253890203,0.3963432163999766,0.37863690713431647
1724,1,0.44,0.45666666666666667,0.46,0.49333333333333335,0.36666666666666664,0.4194038979549982,0.39383777682967797,0.37863690713431647
1725,0,0.33666666666666667,0.30666666666666664,0.36333333333333334,0.34,0.30333333333333334,0.31394495422535645,0.3088732716999506,0.3132686084142395
1726,1,0.23666666666666666,0.28,0.30666666666666664,0.35,0.27,0.2988382903859634,0.30272708906794427,0.32480561825934284
1727,1,0.36333333333333334,0.29333333333333333,0.2966666666666667,0.30333333333333334,0.20666666666666667,0.31551390010595215,0.30065648655997274,0.3132686084142395
1728,0,0.4266666666666667,0.38666666666666666,0.4033333333333333,0.38,0.38666666666666666,0.41199168809271053,0.3927512658837421,0.32480561825934284
1729,0,0.4266666666666667,0.38,0.43,0.39666666666666667,0.2966666666666667,0.4023283840707391,0.3965699474424473,0.32480561825934284
1730,0,0.4633333333333333,0.34,0.38,0.4066666666666667,0.4033333333333333,0.3726563342914811,0.31798961609816245,0.3132686084142395
1731,1,0.33,0.35333333333333333,0.2833333333333333,0.2833333333333333,0.2866666666666667,0.3453578035368804,0.3709747877687848,0.32480561825934284
1732,1,0.31333333333333335,0.23333333333333334,0.2866666666666667,0.2833333333333333,0.27,0.2606598102627679,0.2975043391315459,0.32480561825934284
1733,1,0.37333333333333335,0.4033333333333333,0.43,0.37666666666666665,0.33666666666666667,0.41264041356947057,0.32012494809537945,0.32480561825934284
1734,0,0.43333333333333335,0.43666666666666665,0.36666666666666664,0.4166666666666667,0.4,0.4229707603391358,0.4191646457282391,0.40809248554913297
1735,1,0.25666666666666665,0.2733333333333333,0.28,0.22666666666666666,0.15333333333333332,0.25495924653131813,0.3649716349350417,0.37863690713431647
1736,1,0.35333333333333333,0.36333333333333334,0.4,0.46,0.2633333333333333,0.3497935298999573,0.3964546229127153,0.37863690713431647
1737,0,0.4033333333333333,0.44333333333333336,0.5066666666666667,0.43,0.31,0.40880634600963683,0.42525810422530674,0.40809248554913297
1738,1,0.39,0.4033333333333333,0.41,0.3933333333333333,0.30666666666666664,0.3817131715020682,0.3904934727382804,0.37863690713431647
1739,1,0.38666666666666666,0.38333333333333336,0.36666666666666664,0.34,0.23666666666666666,0.3657301877955203,0.37147272298887307,0.32480561825934284
1740,1,0.43,0.41333333333333333,0.4066666666666667,0.43666666666666665,0.27666666666666667,0.39501558057444347,0.35002075080398914,0.37863690713431647
1741,0,0.41,0.4166666666666667,0.4166666666666667,0.4533333333333333,0.37333333333333335,0.39928783179048516,0.362778305158342,0.37863690713431647
1742,1,0.30333333333333334,0.25333333333333335,0.26666666666666666,0.31,0.18666666666666668,0.26322115184068073,0.3584296844235673,0.32480561825934284
1743,1,0.25,0.30333333333333334,0.31333333333333335,0.3233333333333333,0.27,0.2663926379409708,0.2777217542145513,0.32480561825934284
1744,0,0.29,0.25,0.24666666666666667,0.22,0.22666666666666666,0.2800201184049219,0.34976470796807985,0.3132686084142395
1745,0,0.38666666666666666,0.39,0.38,0.37333333333333335,0.31666666666666665,0.38835084346715176,0.34413095994933185,0.3132686084142395
1746,0,0.3333333333333333,0.33666666666666667,0.35,0.33,0.25,0.3041143806233799,0.3472787167751307,0.37863690713431647
1747,0,0.31,0.26666666666666666,0.27666666666666667,0.26666666666666666,0.20333333333333334,0.28198561679210465,0.35273207919449556,0.32480561825934284
1748,1,0.37,0.4,0.4,0.4066666666666667,0.37,0.3622652139653904,0.3342229410765026,0.3132686084142395
1749,0,0.31333333333333335,0.33,0.3933333333333333,0.33666666666666667,0.32666666666666666,0.34092610868687584,0.36127522736494355,0.32480561825934284
1750,1,0.30666666666666664,0.27666666666666667,0.27,0.31666666666666665,0.22,0.291458216247652,0.37710065884565214,0.3132686084142395
1751,1,0.4866666666666667,0.49666666666666665,0.4533333333333333,0.45666666666666667,0.4066666666666667,0.46157947214074085,0.413597239697446,0.37863690713431647
1752,0,0.30333333333333334,0.24666666666666667,0.22666666666666666,0.23,0.2833333333333333,0.31223915870716945,0.31427761690657985,0.32480561825934284
1753,1,0.5033333333333333,0.4533333333333333,0.4,0.44333333333333336,0.4533333333333333,0.4655294633730961,0.439435459365566,0.37863690713431647
1754,0,0.42,0.4666666666666667,0.42,0.49,0.32,0.3718140183442865,0.35868857133845966,0.32480561825934284
1755,0,0.42,0.37666666666666665,0.3933333333333333,0.37666666666666665,0.36666666666666664,0.38212390337703195,0.3380631756499611,0.3132686084142395
1756,0,0.24666666666666667,0.25666666666666665,0.30666666666666664,0.33666666666666667,0.26,0.29197520835888957,0.30591047608381694,0.3132686084142395
1757,1,0.3,0.31333333333333335,0.2866666666666667,0.3433333333333333,0.24333333333333335,0.33263520384057355,0.381151512740267,0.37863690713431647
1758,0,0.35,0.38333333333333336,0.39,0.33,0.2733333333333333,0.3389166911563468,0.36869939774787414,0.37863690713431647
1759,0,0.36666666666666664,0.41333333333333333,0.37333333333333335,0.37333333333333335,0.38,0.3968534683074028,0.30272708906794427,0.32480561825934284
1760,0,0.29333333333333333,0.2866666666666667,0.2966666666666667,0.25,0.17666666666666667,0.26110977462329543,0.3113152397045738,0.3132686084142395
1761,0,0.30333333333333334,0.31,0.29333333333333333,0.33666666666666667,0.21333333333333335,0.2846255344255593,0.35251576986384314,0.3132686084142395
1762,1,0.27,0.25333333333333335,0.30333333333333334,0.32,0.18666666666666668,0.2740943062468462,0.30873239759397536,0.3132686084142395
1763,0,0.21,0.3,0.24666666666666667,0.22333333333333333,0.21333333333333335,0.20868897977395004,0.24457663527993453,0.3132686084142395
1764,0,0.24,0.27,0.2733333333333333,0.2633333333333333,0.19333333333333333,0.2591046076190932,0.28082804522353133,0.32480561825934284
1765,1,0.38333333333333336,0.44333333333333336,0.41333333333333333,0.37666666666666665,0.39,0.399494527076308,0.39656976944988853,0.37863690713431647
1766,0,0.31,0.2633333333333333,0.25666666666666665,0.25666666666666665,0.18333333333333332,0.2654607778570178,0.27500722204689754,0.3132686084142395
1767,0,0.2866666666666667,0.2966666666666667,0.32,0.32666666666666666,0.31333333333333335,0.3328319597095593,0.3471291241771058,0.3132686084142395
1768,1,0.31,0.37,0.38333333333333336,0.39,0.2966666666666667,0.373011674680444,0.3660014456017049,0.37863690713431647
1769,0,0.25333333333333335,0.31,0.33,0.2966666666666667,0.21333333333333335,0.2564418847102816,0.2973063412979579,0.3132686084142395
1770,0,0.26666666666666666,0.28,0.31666666666666665,0.24666666666666667,0.22666666666666666,0.2835353093514896,0.28082804522353133,0.32480561825934284
1771,0,0.44,0.36333333333333334,0.4166666666666667,0.37,0.3566666666666667,0.38801562723742034,0.3317515723860618,0.32480561825934284
1772,0,0.4066666666666667,0.27666666666666667,0.3433333333333333,0.30666666666666664,0.3433333333333333,0.377065072631182,0.34998024165790276,0.32480561825934284
1773,0,0.27666666666666667,0.35333333333333333,0.36,0.33666666666666667,0.23666666666666666,0.28572122105933734,0.32656136688712645,0.3132686084142395
1774,0,0.25333333333333335,0.27,0.32,0.3,0.26666666666666666,0.2970458189646764,0.2920776588297738,0.3132686084142395
1775,0,0.34,0.2833333333333333,0.29333333333333333,0.34,0.22333333333333333,0.3182040046777831,0.3525792646827798,0.3132686084142395
1776,0,0.38333333333333336,0.4,0.4033333333333333,0.42333333333333334,0.3433333333333333,0.39304789675412655,0.36475222186675477,0.3132686084142395
1777,0,0.25,0.2733333333333333,0.28,0.25666666666666665,0.20666666666666667,0.2924878852405419,0.3839769739484619,0.32480561825934284
1778,1,0.3,0.3466666666666667,0.3333333333333333,0.31333333333333335,0.24333333333333335,0.3115100718896475,0.3112154212585413,0.3132686084142395
1779,1,0.2866666666666667,0.30666666666666664,0.29333333333333333,0.30333333333333334,0.18666666666666668,0.28082509817512785,0.2783958930317626,0.32480561825934284
1780,1,0.2633333333333333,0.30666666666666664,0.2733333333333333,0.25333333333333335,0.24,0.2829577333357018,0.2917876372002141,0.32480561825934284
1781,1,0.42333333333333334,0.46,0.42333333333333334,0.36666666666666664,0.44,0.40354266991300364,0.39656976944988853,0.37863690713431647
1782,0,0.37333333333333335,0.35333333333333333,0.36333333333333334,0.27,0.27,0.38634686924313866,0.4027630183041761,0.40809248554913297
1783,0,0.44333333333333336,0.38,0.38,0.39,0.36333333333333334,0.40956248012200164,0.381151512740267,0.37863690713431647
1784,0,0.21,0.27,0.24,0.27,0.19666666666666666,0.2190232643798891,0.319394487219817,0.32480561825934284
1785,1,0.22333333333333333,0.22,0.21,0.25333333333333335,0.14666666666666667,0.1835481065575094,0.26704593635058993,0.3132686084142395
1786,0,0.32,0.3,0.3,0.33,0.36666666666666664,0.3323304384242189,0.3112154212585413,0.3132686084142395
1787,0,0.4066666666666667,0.37333333333333335,0.37,0.41333333333333333,0.24666666666666667,0.4105032007611512,0.3967965449039576,0.40809248554913297
1788,1,0.43,0.3933333333333333,0.38333333333333336,0.39,0.3433333333333333,0.377533551575622,0.35251576986384314,0.3132686084142395
1789,0,0.21333333333333335,0.22333333333333333,0.23,0.22333333333333333,0.16666666666666666,0.25569442145360527,0.27201938981078677,0.32480561825934284
1790,0,0.3433333333333333,0.30333333333333334,0.39666666666666667,0.2833333333333333,0.24,0.29676950911057737,0.3056726310968324,0.32480561825934284
1791,1,0.21666666666666667,0.3466666666666667,0.2866666666666667,0.2866666666666667,0.24333333333333335,0.28232454343056285,0.27511719591768735,0.3132686084142395
1792,0,0.27666666666666667,0.30333333333333334,0.2833333333333333,0.26,0.22333333333333333,0.26316437409394655,0.3112154212585413,0.3132686084142395
1793,0,0.23666666666666666,0.24,0.25,0.21,0.17666666666666667,0.22619765169735292,0.2826251591008918,0.32480561825934284
1794,0,0.27,0.25333333333333335,0.23333333333333334,0.25666666666666665,0.2,0.2749873851272672,0.30311599848844206,0.32480561825934284
1795,0,0.37,0.37,0.41333333333333333,0.38666666666666666,0.33,0.37126382233250926,0.30272708906794427,0.32480561825934284
1796,0,0.22666666666666666,0.21666666666666667,0.17,0.18333333333333332,0.16,0.21581431026960235,0.2993637479590815,0.32480561825934284
1797,1,0.30333333333333334,0.22,0.23333333333333334,0.23666666666666666,0.22333333333333333,0.28593509033678016,0.34949509620497576,0.32480561825934284
1798,1,0.45,0.37666666666666665,0.37666666666666665,0.33,0.43666666666666665,0.38327557216249114,0.2993637479590815,0.32480561825934284
1799,1,0.43666666666666665,0.4166666666666667,0.42333333333333334,0.43333333333333335,0.38666666666666666,0.3928525385901703,0.3560225615603507,0.32480561825934284
1800,0,0.29333333333333333,0.27,0.28,0.24333333333333335,0.22666666666666666,0.2803420382891326,0.35292136015379805,0.3132686084142395
1801,0,0.29,0.28,0.2966666666666667,0.30666666666666664,0.21,0.27748533735153014,0.35251576986384314,0.3132686084142395
1802,0,0.43333333333333335,0.3333333333333333,0.36,0.39,0.41,0.38620441085350105,0.35565782114275774,0.32480561825934284
1803,1,0.36333333333333334,0.4166666666666667,0.43666666666666665,0.4533333333333333,0.32,0.40228534894435997,0.3801376019711631,0.32480561825934284
1804,0,0.21333333333333335,0.22,0.2633333333333333,0.22,0.19666666666666666,0.24678719973459143,0.256815499927449,0.3132686084142395
1805,1,0.39666666666666667,0.3933333333333333,0.3566666666666667,0.38666666666666666,0.35,0.3787195914976142,0.37125151287359176,0.37863690713431647
1806,0,0.2866666666666667,0.35333333333333333,0.3466666666666667,0.31,0.23666666666666666,0.33898653529120865,0.37732326263462923,0.32480561825934284
1807,0,0.19333333333333333,0.2733333333333333,0.2633333333333333,0.28,0.21666666666666667,0.2715885365247559,0.30335272328958024,0.3132686084142395
1808,0,0.23,0.23333333333333334,0.23,0.24,0.20333333333333334,0.2202327403845902,0.256815499927449,0.3132686084142395
1809,0,0.30666666666666664,0.28,0.3433333333333333,0.37666666666666665,0.2633333333333333,0.3438113601243167,0.3747276839524262,0.40809248554913297
1810,0,0.30666666666666664,0.30666666666666664,0.26,0.33,0.2733333333333333,0.26313368442109786,0.26305459660170083,0.3132686084142395
1811,0,0.30666666666666664,0.25666666666666665,0.2866666666666667,0.29333333333333333,0.24333333333333335,0.28345180159008443,0.3225515108296549,0.3132686084142395
1812,1,0.30333333333333334,0.35,0.33,0.30666666666666664,0.31,0.3162549315077439,0.32897379934603904,0.3132686084142395
1813,1,0.24,0.21666666666666667,0.24,0.21333333333333335,0.21333333333333335,0.26680434149314936,0.2976776136585759,0.3132686084142395
1814,1,0.39666666666666667,0.44333333333333336,0.4533333333333333,0.4166666666666667,0.31333333333333335,0.378129716157783,0.3612110402418727,0.32480561825934284
1815,0,0.2966666666666667,0.34,0.41,0.37,0.25,0.335152367282721,0.3937266259574301,0.37863690713431647
1816,0,0.30666666666666664,0.35333333333333333,0.29,0.31,0.29,0.3369243009443323,0.2759767216966853,0.32480561825934284
1817,0,0.37,0.37,0.36,0.3333333333333333,0.31,0.36523830847530575,0.362778305158342,0.37863690713431647
1818,0,0.24666666666666667,0.27666666666666667,0.22333333333333333,0.24,0.26,0.24841383595991995,0.2975043391315459,0.32480561825934284
1819,0,0.25666666666666665,0.19,0.22666666666666666,0.25333333333333335,0.22,0.2649864989590809,0.24018467274313496,0.32480561825934284
1820,0,0.31333333333333335,0.27,0.32,0.2733333333333333,0.24,0.3320900494511419,0.3472787167751307,0.37863690713431647
1821,1,0.37666666666666665,0.4166666666666667,0.42,0.42,0.3433333333333333,0.41315523965618434,0.413254717806299,0.37863690713431647
1822,1,0.22,0.25333333333333335,0.23333333333333334,0.23666666666666666,0.25,0.23903567542854118,0.27500722204689754,0.3132686084142395
1823,0,0.19333333333333333,0.19666666666666666,0.17333333333333334,0.19,0.18,0.20370281746868066,0.27578742649228055,0.3132686084142395
1824,1,0.38333333333333336,0.29,0.29333333333333333,0.3466666666666667,0.32666666666666666,0.36043452156430705,0.3438781211998904,0.32480561825934284
1825,1,0.32,0.41333333333333333,0.38333333333333336,0.37333333333333335,0.3,0.3200834312295178,0.3342229410765026,0.3132686084142395
1826,0,0.41333333333333333,0.4,0.4166666666666667,0.4066666666666667,0.3466666666666667,0.41673011934571946,0.34413095994933185,0.3132686084142395
1827,0,0.29,0.37333333333333335,0.3466666666666667,0.32,0.2733333333333333,0.2857782563570864,0.30276467633384785,0.3132686084142395
1828,0,0.24666666666666667,0.29333333333333333,0.2866666666666667,0.30666666666666664,0.2966666666666667,0.28808987278564635,0.2850796625780213,0.32480561825934284
1829,0,0.47,0.43,0.4666666666666667,0.3466666666666667,0.3566666666666667,0.40998506630455545,0.36475222186675477,0.3132686084142395
1830,1,0.4666666666666667,0.45,0.4633333333333333,0.44,0.36333333333333334,0.4493636917541312,0.4191646457282391,0.40809248554913297
1831,0,0.42,0.44333333333333336,0.35333333333333333,0.38333333333333336,0.2866666666666667,0.34876212717322586,0.36869939774787414,0.37863690713431647
1832,0,0.21333333333333335,0.22666666666666666,0.22,0.27666666666666667,0.19666666666666666,0.22560592149859698,0.32821755512352474,0.32480561825934284
1833,0,0.33,0.3466666666666667,0.3566666666666667,0.30666666666666664,0.22666666666666666,0.31893209240231113,0.31991875153273214,0.3132686084142395
1834,0,0.36,0.38,0.31333333333333335,0.37333333333333335,0.33,0.33332923522113406,0.34413095994933185,0.3132686084142395
1835,1,0.38666666666666666,0.4533333333333333,0.4266666666666667,0.47,0.43666666666666665,0.45927490446979546,0.45962798574473324,0.37863690713431647
1836,0,0.4766666666666667,0.38666666666666666,0.46,0.4166666666666667,0.3566666666666667,0.43852214405412066,0.3747276839524262,0.40809248554913297
1837,0,0.27,0.25666666666666665,0.32666666666666666,0.24666666666666667,0.21666666666666667,0.30884552774100954,0.3291830072006409,0.32480561825934284
1838,1,0.47,0.4066666666666667,0.42,0.41,0.4066666666666667,0.42822151382388113,0.37457305279396724,0.32480561825934284
1839,1,0.25666666666666665,0.3466666666666667,0.2866666666666667,0.2733333333333333,0.24,0.29411299459005846,0.2826251591008918,0.32480561825934284
1840,1,0.34,0.2966666666666667,0.2966666666666667,0.3233333333333333,0.2833333333333333,0.3030241811628557,0.32340643029834243,0.3132686084142395
1841,1,0.30666666666666664,0.2633333333333333,0.24666666666666667,0.28,0.23333333333333334,0.2758108387154065,0.27037309204607607,0.32480561825934284
1842,0,0.3566666666666667,0.3566666666666667,0.26666666666666666,0.33,0.2833333333333333,0.3302036330554955,0.291710469907523,0.3132686084142395
1843,1,0.44333333333333336,0.33,0.3566666666666667,0.42333333333333334,0.3466666666666667,0.40180280230254883,0.39395265942890306,0.37863690713431647
1844,1,0.32,0.32,0.26666666666666666,0.2733333333333333,0.25666666666666665,0.32115393129154807,0.32012494809537945,0.32480561825934284
1845,0,0.3233333333333333,0.29333333333333333,0.32,0.31333333333333335,0.32666666666666666,0.31619501349218637,0.2993637479590815,0.32480561825934284
1846,1,0.44,0.38,0.4,0.4,0.44333333333333336,0.43176154769286895,0.36868420520847506,0.37863690713431647
1847,0,0.4633333333333333,0.46,0.4533333333333333,0.4066666666666667,0.3466666666666667,0.4428932204819904,0.39656976944988853,0.37863690713431647
1848,0,0.2966666666666667,0.36666666666666664,0.27666666666666667,0.36333333333333334,0.23333333333333334,0.2924609071172564,0.3138096061342417,0.3132686084142395
1849,1,0.36333333333333334,0.3233333333333333,0.38333333333333336,0.3466666666666667,0.26666666666666666,0.31189387765609017,0.291710469907523,0.3132686084142395
1850,1,0.43666666666666665,0.31333333333333335,0.34,0.37,0.33,0.3931547350892029,0.3649716349350417,0.37863690713431647
1851,0,0.2966666666666667,0.3333333333333333,0.26666666666666666,0.33,0.24333333333333335,0.2959046513278148,0.28815416507828867,0.3132686084142395
1852,0,0.32,0.22,0.23333333333333334,0.20666666666666667,0.2633333333333333,0.30221186662069344,0.3265222088582182,0.32480561825934284
1853,0,0.44666666666666666,0.39666666666666667,0.39666666666666667,0.4066666666666667,0.32666666666666666,0.40422372049736216,0.3687663314262475,0.32480561825934284
1854,0,0.2966666666666667,0.32666666666666666,0.36,0.3333333333333333,0.25333333333333335,0.3049574625075824,0.2856837684018658,0.3132686084142395
1855,1,0.29333333333333333,0.31333333333333335,0.25333333333333335,0.32666666666666666,0.18666666666666668,0.31029603447142595,0.36869939774787414,0.37863690713431647
1856,0,0.2866666666666667,0.25333333333333335,0.2633333333333333,0.30333333333333334,0.19,0.2642011941471403,0.3372868791468017,0.32480561825934284
1857,1,0.3466666666666667,0.31333333333333335,0.41,0.3333333333333333,0.2966666666666667,0.3944146400436865,0.41591205668825176,0.37863690713431647
1858,0,0.29333333333333333,0.2733333333333333,0.22666666666666666,0.27666666666666667,0.25,0.2875542447889419,0.30591047608381694,0.3132686084142395
1859,0,0.3433333333333333,0.43,0.4033333333333333,0.3566666666666667,0.2833333333333333,0.35757109094639966,0.32340643029834243,0.3132686084142395
1860,0,0.3466666666666667,0.24666666666666667,0.29333333333333333,0.23666666666666666,0.21333333333333335,0.31537890274384867,0.3709747877687848,0.32480561825934284
1861,1,0.42,0.35,0.36666666666666664,0.36666666666666664,0.25,0.38695698523423094,0.38116690884340987,0.37863690713431647
1862,0,0.5333333333333333,0.43666666666666665,0.3433333333333333,0.42,0.4766666666666667,0.4191716742789523,0.36857220996619905,0.3132686084142395
1863,1,0.2833333333333333,0.17333333333333334,0.22,0.22,0.25333333333333335,0.24611919020533973,0.21437361104183214,0.3132686084142395
1864,0,0.3233333333333333,0.3233333333333333,0.32,0.29,0.23333333333333334,0.3259906280333551,0.27578742649228055,0.3132686084142395
1865,1,0.31666666666666665,0.4033333333333333,0.3233333333333333,0.3466666666666667,0.21666666666666667,0.3407339664496647,0.34909131922120545,0.32480561825934284
1866,0,0.3333333333333333,0.29,0.37,0.35333333333333333,0.26,0.3172145569864122,0.32562480253549525,0.3132686084142395
1867,1,0.43,0.3466666666666667,0.30666666666666664,0.33666666666666667,0.37,0.3836497672350268,0.37729658812622036,0.32480561825934284
1868,1,0.43,0.4166666666666667,0.42333333333333334,0.4266666666666667,0.27,0.3882750727313354,0.3775610827003731,0.40809248554913297
1869,0,0.4266666666666667,0.41333333333333333,0.4,0.4266666666666667,0.2966666666666667,0.4024831250496436,0.39681216774771044,0.40809248554913297
1870,0,0.2733333333333333,0.3,0.25333333333333335,0.29333333333333333,0.2633333333333333,0.2768499493350602,0.2591268210312006,0.3132686084142395
1871,0,0.28,0.30666666666666664,0.2633333333333333,0.33666666666666667,0.19666666666666666,0.26739159302717236,0.32611525989777057,0.3132686084142395
1872,1,0.38,0.37,0.38333333333333336,0.39,0.41,0.4159518506585258,0.3473439013260535,0.32480561825934284
1873,0,0.36333333333333334,0.3466666666666667,0.37333333333333335,0.3933333333333333,0.35333333333333333,0.3866831254044156,0.3965699474424473,0.32480561825934284
1874,0,0.32666666666666666,0.24666666666666667,0.3233333333333333,0.29333333333333333,0.20333333333333334,0.2796744666087607,0.33807778209270867,0.37863690713431647
1875,0,0.17666666666666667,0.17666666666666667,0.20333333333333334,0.21,0.19666666666666666,0.21177960974996682,0.2751961852271309,0.32480561825934284
1876,0,0.23666666666666666,0.31333333333333335,0.25,0.29333333333333333,0.24666666666666667,0.2676275221474494,0.32605413073284595,0.3132686084142395
1877,1,0.3466666666666667,0.3433333333333333,0.33,0.31,0.3466666666666667,0.3532426555012396,0.35008403920583436,0.37863690713431647
1878,0,0.25,0.2833333333333333,0.26666666666666666,0.2,0.17333333333333334,0.26105665588662186,0.31991875153273214,0.3132686084142395
1879,0,0.31333333333333335,0.27666666666666667,0.3333333333333333,0.3433333333333333,0.33666666666666667,0.33740558884258115,0.4093685900105095,0.37863690713431647
1880,0,0.34,0.35333333333333333,0.3233333333333333,0.32666666666666666,0.2633333333333333,0.3290769998624286,0.2918244346647297,0.3132686084142395
1881,1,0.30666666666666664,0.3566666666666667,0.31333333333333335,0.32,0.17666666666666667,0.3104496525821187,0.36854578794423015,0.37863690713431647
1882,0,0.37666666666666665,0.32666666666666666,0.33,0.32666666666666666,0.34,0.3602122088006313,0.32340643029834243,0.3132686084142395
1883,0,0.31666666666666665,0.32666666666666666,0.31333333333333335,0.28,0.27,0.32376179280621203,0.3114185769672878,0.32480561825934284
1884,0,0.25,0.32666666666666666,0.3466666666666667,0.38,0.29,0.29249078005969725,0.3112154212585413,0.3132686084142395
1885,1,0.2966666666666667,0.38666666666666666,0.39666666666666667,0.3333333333333333,0.23666666666666666,0.2944636543426751,0.3436899677514021,0.3132686084142395
1886,0,0.3333333333333333,0.30666666666666664,0.32666666666666666,0.33,0.22,0.32249535617690345,0.34976470796807985,0.3132686084142395
1887,0,0.3233333333333333,0.3566666666666667,0.37666666666666665,0.37333333333333335,0.26,0.3537875057389266,0.37125151287359176,0.37863690713431647
1888,1,0.27,0.28,0.2866666666666667,0.31,0.22,0.29176685520890916,0.3238972332474295,0.3132686084142395
1889,1,0.2833333333333333,0.31,0.3,0.31333333333333335,0.2833333333333333,0.28231186670436664,0.3028234010789322,0.3132686084142395
1890,0,0.22,0.23333333333333334,0.22666666666666666,0.19333333333333333,0.16333333333333333,0.22287403418060456,0.2973063412979579,0.3132686084142395
1891,0,0.2633333333333333,0.21333333333333335,0.21333333333333335,0.24,0.19,0.2291614574274088,0.2975043391315459,0.32480561825934284
1892,0,0.31666666666666665,0.32666666666666666,0.3433333333333333,0.3566666666666667,0.2733333333333333,0.32267877046910665,0.37732326263462923,0.32480561825934284
1893,0,0.19333333333333333,0.17,0.19,0.18333333333333332,0.19666666666666666,0.1709891373154223,0.20102368930611117,0.3132686084142395
1894,0,0.45,0.38666666666666666,0.4166666666666667,0.38,0.43,0.43632605328961793,0.3472787167751307,0.37863690713431647
1895,0,0.23,0.2866666666666667,0.22666666666666666,0.24666666666666667,0.24333333333333335,0.23483054425138375,0.2700774689307741,0.3132686084142395
1896,1,0.51,0.4666666666666667,0.35,0.38666666666666666,0.4066666666666667,0.43270845026209254,0.3940369011729263,0.40809248554913297
1897,1,0.38333333333333336,0.35333333333333333,0.39,0.4,0.2966666666666667,0.3472745403214778,0.3688077812768109,0.37863690713431647
1898,0,0.23666666666666666,0.23,0.19333333333333333,0.19333333333333333,0.20333333333333334,0.23886603990696376,0.27260637294309215,0.3132686084142395
1899,0,0.30333333333333334,0.35,0.36,0.3333333333333333,0.25666666666666665,0.2899047031480181,0.2918244346647297,0.3132686084142395
1900,0,0.43333333333333335,0.36666666666666664,0.43666666666666665,0.4033333333333333,0.3433333333333333,0.4354925759639334,0.41323889110415807,0.37863690713431647
1901,0,0.28,0.37,0.29,0.2633333333333333,0.24666666666666667,0.26736559123558457,0.3208714523609311,0.3132686084142395
1902,1,0.33,0.2633333333333333,0.35333333333333333,0.32,0.31666666666666665,0.31696091405157306,0.2574255072132265,0.3132686084142395
1903,0,0.3233333333333333,0.32666666666666666,0.32,0.28,0.31333333333333335,0.32624999442613073,0.33716361298226794,0.32480561825934284
1904,0,0.4066666666666667,0.4266666666666667,0.39666666666666667,0.41,0.38,0.378272556513532,0.37125151287359176,0.37863690713431647
1905,1,0.4266666666666667,0.36333333333333334,0.3433333333333333,0.37,0.4166666666666667,0.39927140999176336,0.3145331970388933,0.3132686084142395
1906,0,0.41333333333333333,0.36333333333333334,0.43666666666666665,0.36,0.43333333333333335,0.4079353018781454,0.3472787167751307,0.37863690713431647
1907,1,0.30333333333333334,0.3233333333333333,0.31666666666666665,0.31666666666666665,0.2633333333333333,0.3283385379264953,0.3415155315922274,0.3132686084142395
1908,0,0.37666666666666665,0.3,0.23,0.2966666666666667,0.21666666666666667,0.30490237089520644,0.3378513329032158,0.3132686084142395
1909,0,0.44,0.47,0.4266666666666667,0.44666666666666666,0.3466666666666667,0.4054179102352057,0.33154153891269705,0.3132686084142395
1910,0,0.44666666666666666,0.42,0.4766666666666667,0.45,0.37333333333333335,0.45365153194127006,0.4454355586740865,0.40809248554913297
1911,0,0.4633333333333333,0.4033333333333333,0.4166666666666667,0.46,0.37333333333333335,0.4256504095113336,0.3438781211998904,0.32480561825934284
1912,0,0.4266666666666667,0.41,0.39666666666666667,0.45,0.30666666666666664,0.3751679902196592,0.3317910485868398,0.3132686084142395
1913,0,0.3,0.3333333333333333,0.33666666666666667,0.3333333333333333,0.32666666666666666,0.37933202879553307,0.3438633943418339,0.32480561825934284
1914,0,0.31333333333333335,0.31,0.3333333333333333,0.30666666666666664,0.33,0.3397019423523461,0.3415155315922274,0.3132686084142395
1915,0,0.31333333333333335,0.3566666666666667,0.3466666666666667,0.3566666666666667,0.25,0.3450996034762727,0.3525792646827798,0.3132686084142395
1916,0,0.37333333333333335,0.37,0.41,0.3433333333333333,0.29,0.38126565353552105,0.34998024165790276,0.32480561825934284
1917,0,0.22,0.18,0.24666666666666667,0.26666666666666666,0.21,0.21802981106592903,0.2783958930317626,0.32480561825934284
1918,0,0.34,0.31666666666666665,0.3233333333333333,0.30333333333333334,0.20333333333333334,0.3003000729586239,0.36475222186675477,0.3132686084142395
1919,0,0.38666666666666666,0.38666666666666666,0.35,0.39,0.27666666666666667,0.38004000759104295,0.43586412576016587,0.37863690713431647
1920,0,0.37,0.43,0.4,0.43666666666666665,0.3433333333333333,0.3698379420469448,0.3801376019711631,0.32480561825934284
1921,0,0.32666666666666666,0.31333333333333335,0.36333333333333334,0.34,0.2833333333333333,0.3381566854836082,0.27026430751321295,0.32480561825934284
1922,0,0.31,0.25333333333333335,0.25,0.26666666666666666,0.31333333333333335,0.33201493564894446,0.32556077323447563,0.32480561825934284
1923,0,0.4,0.33666666666666667,0.4066666666666667,0.38333333333333336,0.2966666666666667,0.36473011197082444,0.3258079757197164,0.32480561825934284
1924,0,0.22333333333333333,0.20666666666666667,0.22666666666666666,0.26,0.21666666666666667,0.22878735664413616,0.2941745429696612,0.32480561825934284
1925,0,0.30666666666666664,0.4,0.42,0.38333333333333336,0.35,0.36203783517110394,0.3192746097797806,0.32480561825934284
1926,0,0.4,0.35333333333333333,0.37333333333333335,0.33,0.36,0.3983502582895194,0.33999111402461263,0.32480561825934284
1927,1,0.35333333333333333,0.36333333333333334,0.36666666666666664,0.33666666666666667,0.32,0.3725879183951478,0.3405322709173217,0.3132686084142395
1928,0,0.46,0.48333333333333334,0.44333333333333336,0.44333333333333336,0.37,0.45927490446979546,0.45962798574473324,0.37863690713431647
1929,0,0.43,0.3466666666666667,0.2833333333333333,0.35333333333333333,0.3,0.38773629348328303,0.3747276839524262,0.40809248554913297
1930,0,0.43333333333333335,0.45666666666666667,0.38333333333333336,0.38666666666666666,0.3566666666666667,0.4338735326863007,0.369221427385113,0.37863690713431647
1931,0,0.38666666666666666,0.41,0.37666666666666665,0.34,0.2866666666666667,0.36502074723829575,0.37729658812622036,0.32480561825934284
1932,0,0.4766666666666667,0.43,0.39,0.38,0.4633333333333333,0.4381646406346023,0.33807778209270867,0.37863690713431647
1933,1,0.42333333333333334,0.42,0.38,0.36,0.37,0.41806844284648986,0.37147272298887307,0.32480561825934284
1934,1,0.26666666666666666,0.24666666666666667,0.29333333333333333,0.2833333333333333,0.16,0.259645878645859,0.3105808004797788,0.32480561825934284
1935,0,0.3433333333333333,0.3433333333333333,0.4066666666666667,0.4266666666666667,0.35333333333333333,0.3831552599323379,0.3878906859565231,0.37863690713431647
1936,0,0.30333333333333334,0.33666666666666667,0.36,0.38,0.3,0.3633543000830001,0.34976470796807985,0.3132686084142395
1937,0,0.29,0.25333333333333335,0.30666666666666664,0.27,0.24666666666666667,0.2817347550873749,0.34909131922120545,0.32480561825934284
1938,1,0.3433333333333333,0.27,0.3,0.31666666666666665,0.21666666666666667,0.29038318670176955,0.3415155315922274,0.3132686084142395
1939,1,0.41,0.45666666666666667,0.44,0.43333333333333335,0.30666666666666664,0.4298558688895102,0.3875398905396283,0.37863690713431647
1940,0,0.16666666666666666,0.23,0.21333333333333335,0.19333333333333333,0.17,0.2205605090311893,0.2569963941819016,0.32480561825934284
1941,0,0.29,0.30333333333333334,0.36,0.3333333333333333,0.2733333333333333,0.3058279468660286,0.3309469712971431,0.32480561825934284
1942,0,0.2733333333333333,0.31333333333333335,0.31666666666666665,0.27666666666666667,0.31666666666666665,0.30726516024857775,0.27282963212468464,0.3132686084142395
1943,0,0.25,0.26666666666666666,0.23,0.23333333333333334,0.17333333333333334,0.23598044220909148,0.3436496361456847,0.3132686084142395
1944,0,0.30666666666666664,0.35333333333333333,0.3566666666666667,0.33,0.34,0.30232533727131633,0.275231703485917,0.3132686084142395
1945,0,0.4633333333333333,0.4166666666666667,0.4,0.48,0.37666666666666665,0.42072585812408725,0.36868420520847506,0.37863690713431647
1946,0,0.37,0.2866666666666667,0.28,0.2866666666666667,0.3433333333333333,0.33150634144235586,0.2993637479590815,0.32480561825934284
1947,0,0.37333333333333335,0.37333333333333335,0.35,0.37666666666666665,0.36666666666666664,0.37330022880475433,0.31991875153273214,0.3132686084142395
1948,0,0.31333333333333335,0.31,0.31333333333333335,0.30333333333333334,0.24,0.34161215256507105,0.34909131922120545,0.32480561825934284
1949,0,0.26,0.27,0.3,0.25666666666666665,0.21,0.28165232111279226,0.31754129876665793,0.3132686084142395
1950,1,0.25,0.2866666666666667,0.2733333333333333,0.24,0.16666666666666666,0.24369396605068633,0.28063671223863973,0.3132686084142395
1951,0,0.3933333333333333,0.3233333333333333,0.41,0.37333333333333335,0.26666666666666666,0.35132189315791507,0.39954745435784933,0.40809248554913297
1952,0,0.4066666666666667,0.3466666666666667,0.4,0.32666666666666666,0.4033333333333333,0.40463874848688086,0.3288710227311006,0.3132686084142395
1953,1,0.4166666666666667,0.3933333333333333,0.42,0.48333333333333334,0.3566666666666667,0.4173735769095669,0.44520168559188994,0.40809248554913297
1954,0,0.25,0.27666666666666667,0.27,0.26666666666666666,0.22,0.24821384436869892,0.3166204712796765,0.32480561825934284
1955,1,0.35333333333333333,0.43,0.4166666666666667,0.4033333333333333,0.3,0.3722618342871364,0.283418527057911,0.32480561825934284
1956,0,0.4,0.4033333333333333,0.39666666666666667,0.37333333333333335,0.31666666666666665,0.37014981271677166,0.3344957438306082,0.32480561825934284
1957,1,0.39,0.3466666666666667,0.38666666666666666,0.38666666666666666,0.31333333333333335,0.3817808068578574,0.3966542045514839,0.40809248554913297
1958,0,0.17666666666666667,0.19666666666666666,0.20666666666666667,0.22666666666666666,0.21333333333333335,0.19858708632917585,0.20245387367984255,0.3132686084142395
1959,0,0.36333333333333334,0.34,0.37,0.37666666666666665,0.2733333333333333,0.3216772490154223,0.3963432163999766,0.37863690713431647
1960,1,0.3433333333333333,0.38,0.3333333333333333,0.37333333333333335,0.25333333333333335,0.3236506307514724,0.33164473768808256,0.3132686084142395
1961,0,0.24666666666666667,0.2733333333333333,0.26666666666666666,0.27,0.25333333333333335,0.2644280411886292,0.28895680202721563,0.3132686084142395
1962,0,0.39,0.42,0.48,0.45,0.39,0.42696602863365,0.3748367873854129,0.40809248554913297
1963,0,0.23666666666666666,0.21333333333333335,0.2633333333333333,0.27,0.23666666666666666,0.24573163329300407,0.2522771550844406,0.32480561825934284
1964,0,0.2866666666666667,0.34,0.3233333333333333,0.30666666666666664,0.25,0.32708195574137305,0.35565782114275774,0.32480561825934284
1965,0,0.22666666666666666,0.2733333333333333,0.32666666666666666,0.2966666666666667,0.22333333333333333,0.2527963590320133,0.2834546915161463,0.3132686084142395
1966,0,0.27,0.31666666666666665,0.26666666666666666,0.25,0.22333333333333333,0.2627425378427284,0.3145331970388933,0.3132686084142395
1967,0,0.36666666666666664,0.35333333333333333,0.39,0.38333333333333336,0.3333333333333333,0.37759222241569024,0.34413095994933185,0.3132686084142395
1968,0,0.33666666666666667,0.26,0.3,0.29333333333333333,0.22333333333333333,0.3209326876781892,0.32055049897182514,0.3132686084142395
1969,1,0.27,0.2633333333333333,0.21666666666666667,0.23666666666666666,0.22333333333333333,0.27124391236184553,0.32012494809537945,0.32480561825934284
1970,0,0.23,0.24666666666666667,0.30666666666666664,0.32666666666666666,0.27,0.3233608999326179,0.34976470796807985,0.3132686084142395
1971,0,0.22,0.26666666666666666,0.24666666666666667,0.23666666666666666,0.22333333333333333,0.2596534326074727,0.3025271122217413,0.3132686084142395
1972,1,0.2833333333333333,0.25,0.31666666666666665,0.3333333333333333,0.18333333333333332,0.2767194072897403,0.35251576986384314,0.3132686084142395
1973,0,0.3933333333333333,0.36666666666666664,0.37666666666666665,0.38333333333333336,0.38,0.4000455082523861,0.3231470390857462,0.32480561825934284
1974,1,0.36,0.38333333333333336,0.3433333333333333,0.37333333333333335,0.4,0.3903952204084576,0.3114185769672878,0.32480561825934284
1975,0,0.48333333333333334,0.43333333333333335,0.43333333333333335,0.43,0.37333333333333335,0.41552025874052106,0.3937266259574301,0.37863690713431647
1976,0,0.42,0.43333333333333335,0.38333333333333336,0.39666666666666667,0.3466666666666667,0.4076594930799676,0.32016370364843805,0.3132686084142395
1977,1,0.3566666666666667,0.36333333333333334,0.31666666666666665,0.32666666666666666,0.2733333333333333,0.33093276740836525,0.31991875153273214,0.3132686084142395
1978,0,0.32666666666666666,0.28,0.3333333333333333,0.36,0.25666666666666665,0.3381625033631782,0.3525792646827798,0.3132686084142395
1979,1,0.38666666666666666,0.39,0.37333333333333335,0.4166666666666667,0.30333333333333334,0.3643722325938447,0.3498706101744335,0.3132686084142395
1980,0,0.3933333333333333,0.38333333333333336,0.35333333333333333,0.4,0.33666666666666667,0.37885905512729384,0.3056726310968324,0.32480561825934284
1981,1,0.25,0.22333333333333333,0.24666666666666667,0.21,0.18666666666666668,0.26261996745055477,0.31991875153273214,0.3132686084142395
1982,0,0.22,0.20333333333333334,0.21,0.29,0.25666666666666665,0.25658198633593765,0.283418527057911,0.32480561825934284
1983,0,0.27666666666666667,0.32,0.30666666666666664,0.32,0.23666666666666666,0.3117116387139799,0.3288710227311006,0.3132686084142395
1984,0,0.22666666666666666,0.32,0.29,0.23666666666666666,0.19666666666666666,0.26256971946390645,0.3225515108296549,0.3132686084142395
1985,0,0.32,0.2966666666666667,0.33,0.36666666666666664,0.26666666666666666,0.35403561332775974,0.3405322709173217,0.3132686084142395
1986,1,0.38666666666666666,0.37333333333333335,0.3433333333333333,0.34,0.2633333333333333,0.38234261591464175,0.3145331970388933,0.3132686084142395
1987,1,0.42,0.43,0.48333333333333334,0.4633333333333333,0.32666666666666666,0.3893774297016844,0.34423605941321556,0.3132686084142395
1988,1,0.23,0.24666666666666667,0.25666666666666665,0.21,0.24666666666666667,0.20945020114264515,0.23493108371217603,0.3132686084142395
1989,0,0.30666666666666664,0.28,0.35,0.31333333333333335,0.27,0.2939554176248265,0.28142668811222266,0.3132686084142395
1990,1,0.27666666666666667,0.2733333333333333,0.23333333333333334,0.27,0.24,0.2917882554672416,0.29147795345706207,0.3132686084142395
1991,1,0.41333333333333333,0.42333333333333334,0.4266666666666667,0.42333333333333334,0.35,0.37395022251966226,0.30857957948995746,0.3132686084142395
1992,1,0.27666666666666667,0.27666666666666667,0.33,0.3466666666666667,0.24333333333333335,0.29457293492521064,0.275231703485917,0.3132686084142395
1993,0,0.29333333333333333,0.34,0.27666666666666667,0.31666666666666665,0.17666666666666667,0.28894632659887404,0.36846385525307906,0.3132686084142395
1994,0,0.36666666666666664,0.3466666666666667,0.43333333333333335,0.38333333333333336,0.31333333333333335,0.3964669877585611,0.32821755512352474,0.32480561825934284
1995,0,0.3333333333333333,0.3233333333333333,0.2866666666666667,0.31666666666666665,0.29333333333333333,0.30219436382015996,0.28082804522353133,0.32480561825934284
1996,1,0.44666666666666666,0.44333333333333336,0.46,0.5033333333333333,0.2633333333333333,0.43223752733243503,0.3878906859565231,0.37863690713431647
1997,0,0.44666666666666666,0.41,0.4,0.4666666666666667,0.38333333333333336,0.44799787689970827,0.44213429009423233,0.37863690713431647
1998,0,0.31666666666666665,0.33,0.35333333333333333,0.30333333333333334,0.2733333333333333,0.3367519646614128,0.3114185769672878,0.32480561825934284
1999,0,0.35333333333333333,0.32,0.37333333333333335,0.31,0.3233333333333333,0.36308464882380553,0.3649716349350417,0.37863690713431647
2000,0,0.4266666666666667,0.4033333333333333,0.42333333333333334,0.3566666666666667,0.33,0.3506845797808513,0.33999111402461263,0.32480561825934284
2001,0,0.48333333333333334,0.4033333333333333,0.42333333333333334,0.35333333333333333,0.38333333333333336,0.4100266243036248,0.3966542045514839,0.40809248554913297
2002,0,0.26,0.27666666666666667,0.32666666666666666,0.3333333333333333,0.22333333333333333,0.2619401036101848,0.2694159526825754,0.3132686084142395
2003,0,0.2833333333333333,0.25666666666666665,0.31666666666666665,0.31666666666666665,0.2966666666666667,0.2528825790233908,0.2753417330326749,0.3132686084142395
2004,0,0.4033333333333333,0.3433333333333333,0.36333333333333334,0.35,0.31666666666666665,0.3712406747505495,0.30065648655997274,0.3132686084142395
2005,1,0.38333333333333336,0.43666666666666665,0.4166666666666667,0.43,0.35,0.41663670708920064,0.3901430628994113,0.40809248554913297
2006,1,0.4,0.39,0.4066666666666667,0.3466666666666667,0.38,0.38847209191818677,0.32645897728259843,0.3132686084142395
2007,0,0.41333333333333333,0.26666666666666666,0.30333333333333334,0.36,0.27666666666666667,0.3664693452514584,0.31665609528747624,0.32480561825934284
2008,1,0.27,0.29,0.25666666666666665,0.2633333333333333,0.17,0.244364486645355,0.3025271122217413,0.3132686084142395
2009,0,0.35,0.30333333333333334,0.26,0.2866666666666667,0.25666666666666665,0.3187510397754862,0.36868420520847506,0.37863690713431647
2010,0,0.4066666666666667,0.32666666666666666,0.3233333333333333,0.31333333333333335,0.30666666666666664,0.3378119718419336,0.3471291241771058,0.3132686084142395
2011,0,0.4266666666666667,0.44,0.46,0.42333333333333334,0.37333333333333335,0.41029954642676814,0.3560225615603507,0.32480561825934284
2012,0,0.4,0.42,0.36666666666666664,0.45666666666666667,0.34,0.3905955706853518,0.41226387725016045,0.40809248554913297
2013,1,0.35333333333333333,0.2966666666666667,0.31666666666666665,0.34,0.24333333333333335,0.35395230893353125,0.3320626914152878,0.37863690713431647
2014,0,0.16333333333333333,0.21333333333333335,0.23,0.18,0.18333333333333332,0.1951678558418083,0.21371587580585594,0.3132686084142395
2015,1,0.39666666666666667,0.4266666666666667,0.42333333333333334,0.44,0.35333333333333333,0.38449188041015475,0.36857220996619905,0.3132686084142395
2016,0,0.22666666666666666,0.27666666666666667,0.25666666666666665,0.22333333333333333,0.19333333333333333,0.1871292465945243,0.28063671223863973,0.3132686084142395
2017,0,0.24,0.2633333333333333,0.24666666666666667,0.26666666666666666,0.2633333333333333,0.2601383275800808,0.3112154212585413,0.3132686084142395
2018,0,0.25666666666666665,0.2866666666666667,0.38666666666666666,0.3466666666666667,0.24666666666666667,0.3071759610537421,0.30824128961169656,0.32480561825934284
2019,0,0.2633333333333333,0.31666666666666665,0.32,0.29,0.18666666666666668,0.2634072533219844,0.3105808004797788,0.32480561825934284
2020,0,0.33,0.2866666666666667,0.2733333333333333,0.24,0.22,0.3286311553601789,0.3436496361456847,0.3132686084142395
2021,0,0.44666666666666666,0.46,0.43333333333333335,0.44,0.36,0.40581031376545834,0.3964546229127153,0.37863690713431647
2022,0,0.3566666666666667,0.37,0.38666666666666666,0.3566666666666667,0.19666666666666666,0.2859205355448825,0.3612110402418727,0.32480561825934284
2023,0,0.42333333333333334,0.42,0.47,0.41,0.31,0.3935030073460502,0.3622190461424011,0.37863690713431647
2024,1,0.26,0.32,0.2966666666666667,0.31666666666666665,0.24,0.3219286303639184,0.31665609528747624,0.32480561825934284
2025,0,0.24,0.23333333333333334,0.23,0.30333333333333334,0.19333333333333333,0.2655518810493147,0.2732400977758239,0.3132686084142395
2026,0,0.4266666666666667,0.42,0.48,0.4633333333333333,0.37,0.44710186280506214,0.39118442198068787,0.37863690713431647
2027,0,0.30333333333333334,0.2833333333333333,0.4,0.38,0.2633333333333333,0.3207954852716311,0.31401368324951906,0.32480561825934284
2028,1,0.25666666666666665,0.24333333333333335,0.24666666666666667,0.28,0.19666666666666666,0.25475419740822863,0.29434669072967595,0.3132686084142395
2029,0,0.2866666666666667,0.25666666666666665,0.2733333333333333,0.25666666666666665,0.22,0.2562010746248251,0.31317210058876593,0.32480561825934284
2030,0,0.25333333333333335,0.30333333333333334,0.27666666666666667,0.27,0.21333333333333335,0.2478398874614954,0.3088732716999506,0.3132686084142395
2031,1,0.42,0.33,0.35333333333333333,0.33,0.24333333333333335,0.36109874480086046,0.42514430522545604,0.40809248554913297
2032,0,0.3566666666666667,0.3933333333333333,0.44,0.36333333333333334,0.38333333333333336,0.4077078225508916,0.3531526928968528,0.32480561825934284
2033,0,0.20666666666666667,0.22333333333333333,0.23666666666666666,0.24666666666666667,0.19,0.23516102340828177,0.3290801972791992,0.32480561825934284
2034,0,0.3333333333333333,0.38333333333333336,0.4066666666666667,0.36666666666666664,0.25333333333333335,0.34909148041007965,0.33164473768808256,0.3132686084142395
2035,0,0.3333333333333333,0.28,0.35333333333333333,0.28,0.2733333333333333,0.2995090547609086,0.3105808004797788,0.32480561825934284
2036,1,0.33666666666666667,0.42333333333333334,0.4033333333333333,0.4033333333333333,0.30333333333333334,0.3520012593295791,0.3427058183482123,0.32480561825934284
2037,0,0.31333333333333335,0.29,0.33,0.25333333333333335,0.25,0.347254421821995,0.3719963654871292,0.32480561825934284
2038,0,0.37333333333333335,0.31333333333333335,0.38666666666666666,0.36333333333333334,0.32666666666666666,0.37637947576851466,0.34465193656963755,0.37863690713431647
2039,1,0.43,0.4,0.4,0.3566666666666667,0.29333333333333333,0.3957431113294859,0.3904934727382804,0.37863690713431647
2040,0,0.26666666666666666,0.23,0.26,0.24333333333333335,0.2633333333333333,0.2747231042771991,0.24475174784705137,0.32480561825934284
2041,1,0.44333333333333336,0.3433333333333333,0.44,0.4166666666666667,0.46,0.40436874694627195,0.30508095229781185,0.3132686084142395
2042,0,0.44333333333333336,0.33,0.4166666666666667,0.35,0.43333333333333335,0.39461987068630233,0.3145331970388933,0.3132686084142395
2043,1,0.29333333333333333,0.29333333333333333,0.32666666666666666,0.32666666666666666,0.26666666666666666,0.304009236864444,0.30272708906794427,0.32480561825934284
2044,0,0.4033333333333333,0.4066666666666667,0.4166666666666667,0.37,0.38666666666666666,0.4167501790730498,0.3801376019711631,0.32480561825934284
2045,0,0.3333333333333333,0.35,0.38666666666666666,0.3433333333333333,0.29333333333333333,0.3156996426005179,0.3461638933555379,0.3132686084142395
2046,0,0.27,0.23333333333333334,0.20333333333333334,0.20666666666666667,0.19,0.24435727989618572,0.2892219719697223,0.3132686084142395
2047,1,0.33,0.35,0.32666666666666666,0.2966666666666667,0.30666666666666664,0.3409949628286766,0.32016370364843805,0.3132686084142395
2048,0,0.24333333333333335,0.32,0.31666666666666665,0.32666666666666666,0.23,0.2689987671705488,0.25934297671678397,0.3132686084142395
2049,1,0.3933333333333333,0.36666666666666664,0.3566666666666667,0.35333333333333333,0.37333333333333335,0.39497311853248745,0.3629973813310387,0.32480561825934284
2050,0,0.2966666666666667,0.31666666666666665,0.3433333333333333,0.30666666666666664,0.31333333333333335,0.34417887440917233,0.29454354370797764,0.32480561825934284
2051,0,0.23666666666666666,0.2733333333333333,0.24333333333333335,0.25,0.23,0.2643878595697347,0.3114185769672878,0.32480561825934284
2052,0,0.37666666666666665,0.36666666666666664,0.34,0.3433333333333333,0.37333333333333335,0.38451301043865854,0.3715814419150233,0.32480561825934284
2053,0,0.30666666666666664,0.34,0.37666666666666665,0.41,0.31,0.3320853119451187,0.2939778338370258,0.3132686084142395
2054,1,0.44333333333333336,0.4033333333333333,0.4066666666666667,0.45666666666666667,0.39666666666666667,0.43781914769319097,0.4067239463579503,0.37863690713431647
2055,0,0.37333333333333335,0.4066666666666667,0.42333333333333334,0.4,0.33666666666666667,0.3629908391386897,0.36854578794423015,0.37863690713431647
2056,1,0.3466666666666667,0.35333333333333333,0.4033333333333333,0.35333333333333333,0.2966666666666667,0.35908893583356044,0.36475222186675477,0.3132686084142395
2057,0,0.41,0.3933333333333333,0.4,0.37333333333333335,0.38666666666666666,0.3738632017347811,0.3112154212585413,0.3132686084142395
2058,0,0.19666666666666666,0.25666666666666665,0.3,0.25666666666666665,0.19666666666666666,0.2166846960475991,0.3084802452936414,0.3132686084142395
2059,0,0.3,0.37333333333333335,0.37,0.3466666666666667,0.25333333333333335,0.3271478225689666,0.3308853811480467,0.32480561825934284
2060,1,0.4533333333333333,0.4533333333333333,0.42333333333333334,0.4033333333333333,0.45666666666666667,0.42332321416731333,0.3904934727382804,0.37863690713431647
2061,1,0.42333333333333334,0.32,0.32,0.3,0.38,0.3883585703796237,0.3649716349350417,0.37863690713431647
2062,0,0.36333333333333334,0.39,0.33666666666666667,0.3566666666666667,0.32,0.368913795954915,0.37729658812622036,0.32480561825934284
2063,0,0.24,0.28,0.22666666666666666,0.23666666666666666,0.22666666666666666,0.24854949973112828,0.31991875153273214,0.3132686084142395
2064,0,0.30666666666666664,0.2733333333333333,0.2833333333333333,0.2866666666666667,0.24333333333333335,0.29733781430103345,0.35292136015379805,0.3132686084142395
2065,0,0.36,0.38333333333333336,0.4066666666666667,0.38,0.3,0.3619429341763541,0.3291195121615016,0.3132686084142395
2066,0,0.23333333333333334,0.24666666666666667,0.2733333333333333,0.25333333333333335,0.2633333333333333,0.2825146511026495,0.30272708906794427,0.32480561825934284
2067,1,0.37666666666666665,0.4266666666666667,0.33666666666666667,0.45,0.35333333333333333,0.35479271799002265,0.3342229410765026,0.3132686084142395
2068,0,0.3,0.37666666666666665,0.36,0.33666666666666667,0.25666666666666665,0.3466019618381877,0.3415155315922274,0.3132686084142395
2069,1,0.24666666666666667,0.26666666666666666,0.24333333333333335,0.25,0.2733333333333333,0.26699336968107074,0.2623906327631322,0.32480561825934284
2070,1,0.42333333333333334,0.42333333333333334,0.39666666666666667,0.48,0.29,0.39344506532714907,0.37710065884565214,0.3132686084142395
2071,1,0.27666666666666667,0.22333333333333333,0.31333333333333335,0.24333333333333335,0.25666666666666665,0.291468135790019,0.3145331970388933,0.3132686084142395
2072,0,0.43333333333333335,0.43,0.4166666666666667,0.38666666666666666,0.38666666666666666,0.42412234561284395,0.34998024165790276,0.32480561825934284
2073,1,0.45666666666666667,0.4266666666666667,0.44,0.44333333333333336,0.37666666666666665,0.43442283973210905,0.3837528639692382,0.37863690713431647
2074,0,0.45,0.42333333333333334,0.32666666666666666,0.36333333333333334,0.3933333333333333,0.39139863887539345,0.34998024165790276,0.32480561825934284
2075,0,0.25,0.24,0.27666666666666667,0.22,0.21,0.23948966689622475,0.31991875153273214,0.3132686084142395
2076,0,0.3933333333333333,0.3333333333333333,0.4033333333333333,0.27666666666666667,0.2866666666666667,0.34666792790949597,0.35251576986384314,0.3132686084142395
2077,0,0.2866666666666667,0.2833333333333333,0.30666666666666664,0.25666666666666665,0.19333333333333333,0.28366211732366703,0.2732400977758239,0.3132686084142395
2078,0,0.27,0.26666666666666666,0.31,0.31666666666666665,0.22,0.2913501162705384,0.28834856892239463,0.32480561825934284
2079,0,0.23333333333333334,0.21666666666666667,0.21,0.23666666666666666,0.23,0.2470390776140902,0.2539560800982835,0.32480561825934284
2080,0,0.43666666666666665,0.3933333333333333,0.39666666666666667,0.44666666666666666,0.3933333333333333,0.413763706512713,0.3940369011729263,0.40809248554913297
2081,0,0.4266666666666667,0.3933333333333333,0.39666666666666667,0.3933333333333333,0.38,0.4187364742934364,0.3875398905396283,0.37863690713431647
2082,0,0.25666666666666665,0.27666666666666667,0.23666666666666666,0.26,0.24333333333333335,0.3197639175386381,0.28964727615629327,0.3132686084142395
2083,1,0.3233333333333333,0.27,0.33666666666666667,0.31666666666666665,0.20333333333333334,0.29534999617962127,0.3208714523609311,0.3132686084142395
2084,1,0.18,0.20333333333333334,0.22,0.21666666666666667,0.17666666666666667,0.2075324500454317,0.2993637479590815,0.32480561825934284
2085,0,0.26666666666666666,0.3566666666666667,0.2966666666666667,0.32666666666666666,0.24666666666666667,0.3092644817768547,0.3463526864281765,0.32480561825934284
2086,0,0.3933333333333333,0.35333333333333333,0.41333333333333333,0.3433333333333333,0.2633333333333333,0.35445318038232515,0.3775610827003731,0.40809248554913297
2087,0,0.38,0.3566666666666667,0.33,0.36666666666666664,0.31,0.3596645399709697,0.362778305158342,0.37863690713431647
2088,0,0.2866666666666667,0.34,0.3433333333333333,0.3433333333333333,0.25666666666666665,0.2989449683493619,0.2973063412979579,0.3132686084142395
2089,0,0.2733333333333333,0.27666666666666667,0.2966666666666667,0.3,0.25666666666666665,0.26308893531393185,0.31401368324951906,0.32480561825934284
2090,0,0.27666666666666667,0.3466666666666667,0.35333333333333333,0.38666666666666666,0.25333333333333335,0.35725162991062775,0.37192919097331756,0.37863690713431647
2091,0,0.38,0.4066666666666667,0.4166666666666667,0.4166666666666667,0.3,0.37991213940009194,0.3317910485868398,0.3132686084142395
2092,1,0.23666666666666666,0.22666666666666666,0.20666666666666667,0.21,0.17666666666666667,0.206881954605283,0.2968373236463727,0.32480561825934284
2093,0,0.35,0.36333333333333334,0.38,0.39666666666666667,0.2966666666666667,0.37060991852322717,0.3145331970388933,0.3132686084142395
2094,1,0.36,0.3233333333333333,0.32666666666666666,0.31333333333333335,0.24,0.34534235878188413,0.35008403920583436,0.37863690713431647
2095,0,0.32,0.3566666666666667,0.35333333333333333,0.35,0.29,0.32403466318903723,0.33154153891269705,0.3132686084142395
2096,0,0.26,0.26666666666666666,0.27666666666666667,0.30666666666666664,0.19666666666666666,0.24802245899017314,0.32016370364843805,0.3132686084142395
2097,0,0.32666666666666666,0.32666666666666666,0.37333333333333335,0.33,0.27,0.31861708389852955,0.34413095994933185,0.3132686084142395
2098,0,0.3233333333333333,0.29333333333333333,0.2866666666666667,0.27,0.24333333333333335,0.3244127658316197,0.3463526864281765,0.32480561825934284
2099,0,0.35,0.41,0.39666666666666667,0.42,0.3566666666666667,0.3829977135833828,0.34660756293984846,0.32480561825934284
2100,0,0.27,0.24333333333333335,0.24666666666666667,0.27666666666666667,0.18333333333333332,0.28391636773224893,0.28636957137613644,0.3132686084142395
2101,1,0.44,0.43333333333333335,0.43333333333333335,0.45666666666666667,0.33,0.38342474985528685,0.3612110402418727,0.32480561825934284
2102,0,0.39,0.44,0.4,0.4266666666666667,0.3466666666666667,0.4256903620700341,0.42514430522545604,0.40809248554913297
2103,0,0.24666666666666667,0.26,0.29,0.27666666666666667,0.3333333333333333,0.31532693121687094,0.2782055760916587,0.3132686084142395
2104,1,0.32,0.42,0.38,0.37,0.3,0.34118212280793286,0.3342229410765026,0.3132686084142395
2105,0,0.35,0.38666666666666666,0.39666666666666667,0.41333333333333333,0.30666666666666664,0.32659528188879994,0.3837528639692382,0.37863690713431647
2106,0,0.36,0.4666666666666667,0.37666666666666665,0.4633333333333333,0.32666666666666666,0.4171956846460006,0.3907190233541516,0.40809248554913297
2107,0,0.30333333333333334,0.3233333333333333,0.2966666666666667,0.33666666666666667,0.21,0.27324766958051483,0.32615645484900685,0.3132686084142395
2108,0,0.24666666666666667,0.2866666666666667,0.2833333333333333,0.2833333333333333,0.19666666666666666,0.26907122525003635,0.2701862061036348,0.3132686084142395
2109,0,0.34,0.3433333333333333,0.38666666666666666,0.32,0.27666666666666667,0.3341646689418308,0.3713602053102008,0.37863690713431647
2110,0,0.33,0.27,0.27666666666666667,0.32666666666666666,0.21666666666666667,0.30596131644975055,0.31991875153273214,0.3132686084142395
2111,1,0.38333333333333336,0.36,0.4166666666666667,0.37666666666666665,0.41333333333333333,0.3969870969187705,0.3531377826238464,0.32480561825934284
2112,0,0.29,0.21,0.24666666666666667,0.22666666666666666,0.31333333333333335,0.2777461139271673,0.3317515723860618,0.32480561825934284
2113,0,0.5633333333333334,0.41333333333333333,0.4533333333333333,0.43666666666666665,0.45666666666666667,0.47270728184380145,0.3967965449039576,0.40809248554913297
2114,0,0.30333333333333334,0.3466666666666667,0.38666666666666666,0.36666666666666664,0.27666666666666667,0.3248768671393248,0.33753852931336165,0.32480561825934284
2115,1,0.37333333333333335,0.37,0.3333333333333333,0.35,0.3,0.38640797904787916,0.3443448604670595,0.32480561825934284
2116,1,0.2733333333333333,0.32666666666666666,0.3933333333333333,0.3566666666666667,0.2733333333333333,0.33405330655852433,0.32275859895650966,0.32480561825934284
2117,0,0.24333333333333335,0.26,0.29333333333333333,0.2966666666666667,0.21,0.2734023613667981,0.26305459660170083,0.3132686084142395
2118,0,0.22333333333333333,0.19,0.22333333333333333,0.24666666666666667,0.25333333333333335,0.2580724601413721,0.29455710655944456,0.32480561825934284
2119,0,0.26,0.2833333333333333,0.26,0.29,0.25,0.23169651355707938,0.2782055760916587,0.3132686084142395
2120,0,0.3566666666666667,0.37666666666666665,0.38333333333333336,0.39666666666666667,0.30666666666666664,0.36510424404412556,0.3660014456017049,0.37863690713431647
2121,1,0.4066666666666667,0.3,0.35,0.29333333333333333,0.31,0.3582512614376058,0.3651912765453433,0.32480561825934284
2122,0,0.18333333333333332,0.25333333333333335,0.22666666666666666,0.25666666666666665,0.20333333333333334,0.2602860462797514,0.3463526864281765,0.32480561825934284
2123,0,0.48,0.44333333333333336,0.38,0.4033333333333333,0.37333333333333335,0.43197281861402026,0.39656976944988853,0.37863690713431647
2124,0,0.24,0.27666666666666667,0.24,0.23666666666666666,0.21333333333333335,0.25944664496202474,0.31754129876665793,0.3132686084142395
2125,0,0.38666666666666666,0.43666666666666665,0.4266666666666667,0.42,0.37,0.41585543345152304,0.34976470796807985,0.3132686084142395
2126,0,0.4533333333333333,0.4666666666666667,0.42,0.43,0.43,0.4557454121826834,0.3966542045514839,0.40809248554913297
2127,0,0.19333333333333333,0.18333333333333332,0.25333333333333335,0.21333333333333335,0.18,0.21184180466172972,0.20956723321505935,0.3132686084142395
2128,1,0.2833333333333333,0.24666666666666667,0.22666666666666666,0.25,0.17,0.2528172943477144,0.34074509671170655,0.32480561825934284
2129,1,0.25333333333333335,0.2966666666666667,0.26666666666666666,0.2833333333333333,0.18333333333333332,0.27117813150746983,0.24743920486537294,0.3132686084142395
2130,0,0.5033333333333333,0.38666666666666666,0.38666666666666666,0.36,0.38666666666666666,0.40393821288886567,0.40707948739936284,0.37863690713431647
2131,1,0.36333333333333334,0.43333333333333335,0.36333333333333334,0.38,0.2866666666666667,0.362862222919369,0.41602517290197094,0.37863690713431647
2132,1,0.27,0.32666666666666666,0.31333333333333335,0.3333333333333333,0.22666666666666666,0.2892265259051197,0.3258079757197164,0.32480561825934284
2133,0,0.38333333333333336,0.31333333333333335,0.31,0.30666666666666664,0.21333333333333335,0.3333190323956339,0.3473439013260535,0.32480561825934284
2134,0,0.32,0.36333333333333334,0.35,0.35,0.23,0.32206344350898325,0.3963432163999766,0.37863690713431647
2135,0,0.36,0.31,0.32666666666666666,0.37,0.25333333333333335,0.34382856023792363,0.3904934727382804,0.37863690713431647
2136,0,0.4066666666666667,0.37333333333333335,0.4266666666666667,0.4266666666666667,0.36333333333333334,0.41878282561082963,0.39656976944988853,0.37863690713431647
2137,0,0.4,0.38333333333333336,0.31,0.36,0.33,0.3609100101858122,0.32821755512352474,0.32480561825934284
2138,0,0.29,0.3233333333333333,0.35333333333333333,0.35333333333333333,0.31,0.3561527755103942,0.3415155315922274,0.3132686084142395
2139,0,0.2733333333333333,0.29333333333333333,0.28,0.27,0.22333333333333333,0.24470920207284516,0.3225515108296549,0.3132686084142395
2140,0,0.38333333333333336,0.36,0.3233333333333333,0.3233333333333333,0.30333333333333334,0.3422060772469653,0.34976470796807985,0.3132686084142395
2141,0,0.5033333333333333,0.43,0.5,0.4266666666666667,0.4533333333333333,0.4495511106921879,0.40280602990259856,0.40809248554913297
2142,1,0.35,0.3,0.29,0.31,0.27,0.3155402434931039,0.33164473768808256,0.3132686084142395
2143,1,0.4633333333333333,0.41333333333333333,0.44333333333333336,0.43,0.38333333333333336,0.3893283860976878,0.3622190461424011,0.37863690713431647
2144,0,0.31,0.28,0.30333333333333334,0.32,0.24333333333333335,0.31122997121000084,0.30335272328958024,0.3132686084142395
2145,0,0.4033333333333333,0.4533333333333333,0.42,0.42,0.36666666666666664,0.41517812200706494,0.32016370364843805,0.3132686084142395
2146,0,0.4066666666666667,0.3466666666666667,0.3,0.3566666666666667,0.34,0.37116030498468017,0.3649716349350417,0.37863690713431647
2147,0,0.22666666666666666,0.24333333333333335,0.23,0.27666666666666667,0.22666666666666666,0.22178369978979268,0.2622072815485365,0.3132686084142395
2148,0,0.28,0.23666666666666666,0.23,0.22333333333333333,0.21,0.24649124041779136,0.3236138051105137,0.32480561825934284
2149,0,0.25666666666666665,0.21,0.21333333333333335,0.20666666666666667,0.26,0.24431032567742897,0.2645818883670581,0.3132686084142395
2150,1,0.37333333333333335,0.3466666666666667,0.36,0.38,0.2833333333333333,0.3406463877078433,0.34738426840150083,0.37863690713431647
2151,0,0.22,0.20666666666666667,0.21333333333333335,0.19666666666666666,0.18666666666666668,0.18643646032342143,0.2622072815485365,0.3132686084142395
2152,0,0.2966666666666667,0.35333333333333333,0.4033333333333333,0.42333333333333334,0.30666666666666664,0.3392134383774331,0.35251576986384314,0.3132686084142395
2153,0,0.26,0.26666666666666666,0.22,0.2633333333333333,0.24,0.2721545867339657,0.32340643029834243,0.3132686084142395
2154,0,0.32666666666666666,0.3233333333333333,0.3333333333333333,0.3433333333333333,0.25,0.32487472211301716,0.334721080843733,0.32480561825934284
2155,1,0.3933333333333333,0.43,0.3433333333333333,0.37,0.2966666666666667,0.3554232119269108,0.3878906859565231,0.37863690713431647
2156,1,0.37333333333333335,0.3333333333333333,0.3433333333333333,0.4,0.29333333333333333,0.3535795298731375,0.3660014456017049,0.37863690713431647
2157,0,0.26666666666666666,0.2866666666666667,0.31,0.29,0.23333333333333334,0.2816131328364347,0.3308853811480467,0.32480561825934284
2158,0,0.38,0.35333333333333333,0.38333333333333336,0.37333333333333335,0.3433333333333333,0.4014557794306225,0.377405988055231,0.32480561825934284
2159,0,0.30333333333333334,0.25333333333333335,0.2866666666666667,0.26666666666666666,0.21666666666666667,0.2905069017097816,0.3290801972791992,0.32480561825934284
2160,0,0.2866666666666667,0.24666666666666667,0.27666666666666667,0.2733333333333333,0.20666666666666667,0.26207872091856677,0.32055049897182514,0.3132686084142395
2161,0,0.26,0.25666666666666665,0.24,0.22666666666666666,0.19666666666666666,0.26887411793656996,0.32012494809537945,0.32480561825934284
2162,0,0.23333333333333334,0.2633333333333333,0.2633333333333333,0.24333333333333335,0.19,0.24881983029882038,0.31991875153273214,0.3132686084142395
2163,0,0.23333333333333334,0.28,0.2866666666666667,0.29,0.23666666666666666,0.2775352649249868,0.32340643029834243,0.3132686084142395
2164,1,0.38,0.3333333333333333,0.2966666666666667,0.31,0.31333333333333335,0.33849009171361183,0.3138096061342417,0.3132686084142395
2165,1,0.3566666666666667,0.3233333333333333,0.34,0.3433333333333333,0.3233333333333333,0.3336416580835217,0.2993637479590815,0.32480561825934284
2166,0,0.4066666666666667,0.43666666666666665,0.39,0.48,0.33666666666666667,0.3790326233274462,0.3526220533212853,0.3132686084142395
2167,0,0.31333333333333335,0.31666666666666665,0.2966666666666667,0.3233333333333333,0.2633333333333333,0.2937892439104208,0.3088732716999506,0.3132686084142395
2168,1,0.3433333333333333,0.2966666666666667,0.32,0.2833333333333333,0.20333333333333334,0.3326674177556267,0.3966542045514839,0.40809248554913297
2169,1,0.25666666666666665,0.28,0.27666666666666667,0.3233333333333333,0.21333333333333335,0.31185160591037236,0.33827524986358426,0.32480561825934284
2170,1,0.4066666666666667,0.39,0.37666666666666665,0.34,0.36333333333333334,0.3656104763231157,0.34726392136275597,0.3132686084142395
2171,1,0.41333333333333333,0.4,0.43666666666666665,0.43,0.36333333333333334,0.38385382459730094,0.3088732716999506,0.3132686084142395
2172,0,0.21333333333333335,0.21333333333333335,0.21666666666666667,0.24333333333333335,0.19666666666666666,0.232439373048808,0.31991875153273214,0.3132686084142395
2173,0,0.45,0.36666666666666664,0.42333333333333334,0.43,0.37666666666666665,0.401183832809848,0.3500861739881233,0.32480561825934284
2174,0,0.27,0.36,0.29,0.32666666666666666,0.19333333333333333,0.27104325142866725,0.35283839232985986,0.32480561825934284
2175,0,0.25333333333333335,0.26,0.2633333333333333,0.20333333333333334,0.22666666666666666,0.2591184447595081,0.31991875153273214,0.3132686084142395
2176,1,0.37,0.37,0.39666666666666667,0.39666666666666667,0.2866666666666667,0.3500760361100062,0.3713602053102008,0.37863690713431647
2177,0,0.42,0.4266666666666667,0.3933333333333333,0.36333333333333334,0.38333333333333336,0.37424417169228386,0.32605413073284595,0.3132686084142395
2178,1,0.3566666666666667,0.37333333333333335,0.4033333333333333,0.38666666666666666,0.35,0.36984963423486944,0.2973063412979579,0.3132686084142395
2179,0,0.2966666666666667,0.31,0.32,0.3333333333333333,0.24333333333333335,0.2942158376979152,0.36475222186675477,0.3132686084142395
2180,0,0.25,0.30333333333333334,0.3233333333333333,0.32,0.25,0.2819655525871775,0.31401368324951906,0.32480561825934284
2181,0,0.46,0.42,0.3933333333333333,0.44666666666666666,0.37333333333333335,0.45534402452106393,0.46234854487644367,0.37863690713431647
2182,0,0.29333333333333333,0.2633333333333333,0.29,0.27666666666666667,0.31333333333333335,0.3241718738288366,0.2968373236463727,0.32480561825934284
2183,0,0.31,0.32666666666666666,0.3333333333333333,0.32666666666666666,0.21333333333333335,0.3100442598050379,0.37457305279396724,0.32480561825934284
2184,1,0.26666666666666666,0.2966666666666667,0.31,0.38,0.2833333333333333,0.31308606203946976,0.32605413073284595,0.3132686084142395
2185,1,0.4533333333333333,0.39666666666666667,0.4866666666666667,0.4533333333333333,0.38333333333333336,0.46831005657123076,0.3878751884930007,0.37863690713431647
2186,1,0.3466666666666667,0.3566666666666667,0.33666666666666667,0.3566666666666667,0.29,0.348744604027996,0.31798961609816245,0.3132686084142395
2187,0,0.39666666666666667,0.41333333333333333,0.35,0.4066666666666667,0.29,0.3607907740544271,0.3262623846224553,0.32480561825934284
2188,0,0.31333333333333335,0.2733333333333333,0.26666666666666666,0.24333333333333335,0.22,0.27486950263183246,0.30508095229781185,0.3132686084142395
2189,0,0.3566666666666667,0.4066666666666667,0.4266666666666667,0.36,0.32666666666666666,0.3514549577706024,0.32016370364843805,0.3132686084142395
2190,1,0.2733333333333333,0.24333333333333335,0.24333333333333335,0.29,0.19333333333333333,0.27151322121239,0.2892085540631505,0.3132686084142395
2191,1,0.41333333333333333,0.44333333333333336,0.4633333333333333,0.38333333333333336,0.38333333333333336,0.43781914769319097,0.4067239463579503,0.37863690713431647
2192,1,0.37333333333333335,0.31,0.33,0.31333333333333335,0.28,0.30628016317900475,0.30873239759397536,0.3132686084142395
2193,0,0.35,0.44333333333333336,0.4066666666666667,0.4066666666666667,0.35333333333333333,0.37502667757803043,0.34423605941321556,0.3132686084142395
2194,0,0.4166666666666667,0.44333333333333336,0.43333333333333335,0.4866666666666667,0.3433333333333333,0.4426460928263923,0.3878906859565231,0.37863690713431647
2195,0,0.26,0.26666666666666666,0.30666666666666664,0.28,0.22666666666666666,0.2518037902519365,0.33999111402461263,0.32480561825934284
2196,0,0.39,0.45,0.4066666666666667,0.43,0.37,0.444461288799891,0.3715814419150233,0.32480561825934284
2197,1,0.39666666666666667,0.4033333333333333,0.4033333333333333,0.4033333333333333,0.30333333333333334,0.4035694239363963,0.31991875153273214,0.3132686084142395
2198,1,0.3,0.27,0.2833333333333333,0.22666666666666666,0.20666666666666667,0.24775234167883992,0.2722423481872614,0.32480561825934284
2199,0,0.24666666666666667,0.25333333333333335,0.26666666666666666,0.29,0.25,0.2827992349211021,0.3112154212585413,0.3132686084142395
2200,0,0.4066666666666667,0.38333333333333336,0.37666666666666665,0.45,0.37,0.40216581486131797,0.36869939774787414,0.37863690713431647
2201,1,0.43,0.44333333333333336,0.4,0.44333333333333336,0.37333333333333335,0.4500315410766637,0.41226387725016045,0.40809248554913297
2202,0,0.43,0.37333333333333335,0.46,0.43,0.44333333333333336,0.40883536023411493,0.41591205668825176,0.37863690713431647
2203,1,0.41,0.3933333333333333,0.31666666666666665,0.33666666666666667,0.36666666666666664,0.37720495198448484,0.2973063412979579,0.3132686084142395
2204,0,0.21333333333333335,0.24,0.24666666666666667,0.26666666666666666,0.18666666666666668,0.2551232551222476,0.24927393995814284,0.32480561825934284
2205,0,0.31333333333333335,0.36666666666666664,0.3433333333333333,0.30666666666666664,0.2733333333333333,0.3241871563712969,0.362778305158342,0.37863690713431647
2206,0,0.4,0.43333333333333335,0.43,0.37,0.3933333333333333,0.4338163376802584,0.32605413073284595,0.3132686084142395
2207,1,0.41,0.36666666666666664,0.37666666666666665,0.41333333333333333,0.3466666666666667,0.421659694546034,0.3839769739484619,0.32480561825934284
2208,0,0.43333333333333335,0.41333333333333333,0.43333333333333335,0.3933333333333333,0.3566666666666667,0.43680651033739265,0.4067239463579503,0.37863690713431647
2209,0,0.2966666666666667,0.27,0.24333333333333335,0.3233333333333333,0.2633333333333333,0.28987538824496023,0.2947899746276062,0.3132686084142395
2210,0,0.3,0.32,0.29,0.32,0.27666666666666667,0.324244249195383,0.33154153891269705,0.3132686084142395
2211,0,0.31333333333333335,0.31,0.25666666666666665,0.2733333333333333,0.25333333333333335,0.33054547448668453,0.41591205668825176,0.37863690713431647
2212,1,0.43333333333333335,0.44333333333333336,0.37333333333333335,0.4066666666666667,0.4166666666666667,0.39375778788275434,0.37125151287359176,0.37863690713431647
2213,0,0.39,0.33666666666666667,0.3433333333333333,0.33,0.37333333333333335,0.37966742805065323,0.44213429009423233,0.37863690713431647
2214,0,0.21333333333333335,0.28,0.28,0.27,0.21666666666666667,0.2372274175381481,0.30276467633384785,0.3132686084142395
2215,0,0.31666666666666665,0.2633333333333333,0.25333333333333335,0.30666666666666664,0.21666666666666667,0.266834016496428,0.37125151287359176,0.37863690713431647
2216,1,0.41,0.4533333333333333,0.39666666666666667,0.4266666666666667,0.36,0.42853522749761935,0.37449040059471034,0.37863690713431647
2217,0,0.31,0.3333333333333333,0.3433333333333333,0.32,0.28,0.29430774679960364,0.28895680202721563,0.3132686084142395
2218,1,0.48,0.4633333333333333,0.41333333333333333,0.43666666666666665,0.35,0.45093938401748984,0.39395265942890306,0.37863690713431647
2219,0,0.3933333333333333,0.4,0.42,0.4633333333333333,0.43,0.41580084471625833,0.3937266259574301,0.37863690713431647
2220,0,0.2733333333333333,0.33,0.31,0.29,0.26,0.30130093514360046,0.27742115122416683,0.3132686084142395
2221,0,0.2866666666666667,0.31666666666666665,0.2833333333333333,0.30666666666666664,0.29,0.30160288760205567,0.29147795345706207,0.3132686084142395
2222,1,0.23,0.2733333333333333,0.25333333333333335,0.24333333333333335,0.21,0.24996123220491642,0.31665609528747624,0.32480561825934284
2223,0,0.41333333333333333,0.4266666666666667,0.44,0.43,0.30333333333333334,0.39798430146967423,0.32846579245683577,0.32480561825934284
2224,1,0.48333333333333334,0.45,0.44666666666666666,0.44,0.37,0.46157947214074085,0.413597239697446,0.37863690713431647
2225,0,0.4,0.30333333333333334,0.2866666666666667,0.33,0.24666666666666667,0.3039982736694545,0.36854578794423015,0.37863690713431647
2226,0,0.27,0.22333333333333333,0.23666666666666666,0.21333333333333335,0.23,0.2577615897140916,0.2976912599261899,0.3132686084142395
2227,0,0.28,0.2966666666666667,0.34,0.31,0.22,0.318685059569067,0.32645897728259843,0.3132686084142395
2228,1,0.31,0.36,0.32666666666666666,0.3433333333333333,0.2733333333333333,0.3101114251383821,0.3317515723860618,0.32480561825934284
2229,0,0.42,0.42,0.43666666666666665,0.42,0.4033333333333333,0.41455557610014054,0.34909131922120545,0.32480561825934284
2230,0,0.3233333333333333,0.30666666666666664,0.33,0.29333333333333333,0.26666666666666666,0.3455041756676149,0.33807778209270867,0.37863690713431647
2231,1,0.32,0.31,0.27,0.3433333333333333,0.26666666666666666,0.31048122014755775,0.3088732716999506,0.3132686084142395
2232,0,0.36333333333333334,0.37333333333333335,0.33666666666666667,0.32666666666666666,0.2966666666666667,0.38245017266536874,0.4134686672944984,0.40809248554913297
2233,0,0.3,0.22666666666666666,0.29,0.2733333333333333,0.25333333333333335,0.3093388736418167,0.34726392136275597,0.3132686084142395
2234,0,0.30333333333333334,0.44333333333333336,0.36,0.4066666666666667,0.26666666666666666,0.345450690425376,0.3713602053102008,0.37863690713431647
2235,0,0.35,0.38,0.36666666666666664,0.37666666666666665,0.2633333333333333,0.3176102473168596,0.37710065884565214,0.3132686084142395
2236,1,0.3,0.23333333333333334,0.2866666666666667,0.26666666666666666,0.19333333333333333,0.2735917813638012,0.3145331970388933,0.3132686084142395
2237,0,0.23333333333333334,0.2633333333333333,0.2833333333333333,0.26666666666666666,0.21666666666666667,0.2501576669305835,0.2915918647722958,0.3132686084142395
2238,0,0.17333333333333334,0.18,0.18666666666666668,0.20333333333333334,0.14666666666666667,0.19744621113439564,0.24982868521697293,0.3132686084142395
2239,1,0.35,0.37333333333333335,0.2866666666666667,0.36666666666666664,0.2966666666666667,0.31316273369070075,0.34976470796807985,0.3132686084142395
2240,0,0.37333333333333335,0.30666666666666664,0.37333333333333335,0.36,0.2733333333333333,0.33255683969565064,0.35251576986384314,0.3132686084142395
2241,1,0.35,0.32666666666666666,0.37666666666666665,0.31666666666666665,0.35,0.35675641450485124,0.35292136015379805,0.3132686084142395
2242,0,0.34,0.3466666666666667,0.30333333333333334,0.36666666666666664,0.23666666666666666,0.3381930631913972,0.31798961609816245,0.3132686084142395
2243,0,0.4066666666666667,0.38666666666666666,0.3933333333333333,0.47,0.2966666666666667,0.38718186164157226,0.42525810422530674,0.40809248554913297
2244,0,0.26,0.28,0.2,0.2633333333333333,0.25333333333333335,0.271939921583528,0.3140734467948754,0.3132686084142395
2245,0,0.34,0.37,0.45666666666666667,0.4266666666666667,0.29333333333333333,0.37357610453415047,0.3225515108296549,0.3132686084142395
2246,0,0.32666666666666666,0.4166666666666667,0.38666666666666666,0.43,0.27666666666666667,0.3714604876833006,0.33164473768808256,0.3132686084142395
2247,0,0.35,0.41333333333333333,0.38,0.41333333333333333,0.32,0.34778309679997194,0.3317515723860618,0.32480561825934284
2248,0,0.36333333333333334,0.38666666666666666,0.37666666666666665,0.33666666666666667,0.2833333333333333,0.35263762651356845,0.39118442198068787,0.37863690713431647
2249,0,0.23666666666666666,0.29,0.27666666666666667,0.3333333333333333,0.18333333333333332,0.2676275221474494,0.32605413073284595,0.3132686084142395
2250,1,0.39,0.4066666666666667,0.3933333333333333,0.37,0.36,0.41841397782728806,0.3907190233541516,0.40809248554913297
2251,1,0.26,0.19333333333333333,0.24666666666666667,0.24,0.19,0.22741634431399801,0.2256891416291823,0.32480561825934284
2252,0,0.34,0.3933333333333333,0.38666666666666666,0.42333333333333334,0.3,0.3761374378832307,0.41614226508915075,0.40809248554913297
2253,1,0.42,0.33,0.3933333333333333,0.37,0.25666666666666665,0.34733274714618156,0.3622190461424011,0.37863690713431647
2254,0,0.44,0.45666666666666667,0.49666666666666665,0.48333333333333334,0.3466666666666667,0.40888368139528947,0.42258425418194,0.40809248554913297
2255,1,0.24666666666666667,0.29,0.26,0.3,0.19666666666666666,0.24670617967627242,0.2856837684018658,0.3132686084142395
2256,0,0.33666666666666667,0.28,0.32,0.3,0.26,0.310049046669393,0.33443382337180977,0.32480561825934284
2257,0,0.22666666666666666,0.24,0.20333333333333334,0.25,0.23,0.25247799868795345,0.2947899746276062,0.3132686084142395
2258,0,0.3566666666666667,0.29,0.31666666666666665,0.35,0.27,0.3077754048410412,0.3025271122217413,0.3132686084142395
2259,0,0.21666666666666667,0.16,0.22333333333333333,0.26666666666666666,0.18333333333333332,0.22512231893660956,0.29498700013505713,0.32480561825934284
2260,0,0.31666666666666665,0.36666666666666664,0.36,0.35,0.2866666666666667,0.30848471920935255,0.34423605941321556,0.3132686084142395
2261,1,0.36333333333333334,0.38666666666666666,0.41333333333333333,0.36,0.41,0.3923853409152618,0.31216338002400595,0.3132686084142395
2262,1,0.3933333333333333,0.41333333333333333,0.38,0.41333333333333333,0.38333333333333336,0.4245531325773561,0.44508668264849305,0.40809248554913297
2263,0,0.27666666666666667,0.31333333333333335,0.2833333333333333,0.30666666666666664,0.2833333333333333,0.2997220768750139,0.3025271122217413,0.3132686084142395
2264,1,0.43333333333333335,0.43666666666666665,0.43666666666666665,0.4866666666666667,0.3566666666666667,0.41300950643648965,0.3937266259574301,0.37863690713431647
2265,0,0.2833333333333333,0.2833333333333333,0.26,0.25666666666666665,0.2866666666666667,0.26673095277318054,0.23058917010291854,0.3132686084142395
2266,0,0.33,0.27666666666666667,0.2733333333333333,0.2866666666666667,0.25333333333333335,0.3148353787937325,0.36243780480517324,0.37863690713431647
2267,1,0.31333333333333335,0.24333333333333335,0.31666666666666665,0.32666666666666666,0.3,0.31062458269827026,0.30272708906794427,0.32480561825934284
2268,0,0.23666666666666666,0.24333333333333335,0.22333333333333333,0.21666666666666667,0.21333333333333335,0.2830781854181179,0.2504276890493409,0.3132686084142395
2269,1,0.43,0.45666666666666667,0.5166666666666667,0.47333333333333333,0.36666666666666664,0.43334002288067913,0.413367622779479,0.37863690713431647
2270,1,0.42,0.37,0.30666666666666664,0.35,0.26,0.3219303238117836,0.2940923166018388,0.3132686084142395
2271,0,0.2866666666666667,0.22666666666666666,0.2633333333333333,0.31666666666666665,0.30666666666666664,0.2922760213663082,0.34463719397917714,0.3132686084142395
2272,1,0.4066666666666667,0.31,0.38666666666666666,0.33,0.2833333333333333,0.3663412524530795,0.34976470796807985,0.3132686084142395
2273,0,0.31333333333333335,0.32,0.33,0.29,0.23666666666666666,0.2829669803243617,0.29822123209034596,0.3132686084142395
2274,1,0.33,0.35,0.3,0.2966666666666667,0.2733333333333333,0.33247731818007725,0.36854578794423015,0.37863690713431647
2275,0,0.2833333333333333,0.30333333333333334,0.36666666666666664,0.35333333333333333,0.27,0.3335719164702245,0.3649718073231984,0.32480561825934284
2276,0,0.32666666666666666,0.43666666666666665,0.36,0.36,0.25333333333333335,0.3376787074290984,0.3839769739484619,0.32480561825934284
2277,0,0.3233333333333333,0.28,0.34,0.32,0.24666666666666667,0.33857321421098896,0.3372868791468017,0.32480561825934284
2278,1,0.31333333333333335,0.32666666666666666,0.30333333333333334,0.31333333333333335,0.31,0.3275529348786244,0.3114185769672878,0.32480561825934284
2279,1,0.33666666666666667,0.35,0.35333333333333333,0.4266666666666667,0.32666666666666666,0.31048593573641076,0.26704593635058993,0.3132686084142395
2280,0,0.3333333333333333,0.3,0.34,0.31,0.29,0.35171801435670946,0.286140656041723,0.32480561825934284
2281,0,0.39666666666666667,0.35,0.31666666666666665,0.37666666666666665,0.2733333333333333,0.3836203144580352,0.36854578794423015,0.37863690713431647
2282,0,0.41333333333333333,0.34,0.36,0.3433333333333333,0.31666666666666665,0.37530995695758745,0.30591047608381694,0.3132686084142395
2283,1,0.36,0.45,0.44333333333333336,0.39,0.29,0.3623342722856229,0.3084802452936414,0.3132686084142395
2284,0,0.3233333333333333,0.26666666666666666,0.36,0.3466666666666667,0.28,0.3496424493099983,0.2947899746276062,0.3132686084142395
2285,0,0.45666666666666667,0.4666666666666667,0.3933333333333333,0.44666666666666666,0.33666666666666667,0.4343409031820609,0.3776705128076358,0.40809248554913297
2286,0,0.29,0.32,0.2733333333333333,0.33,0.27666666666666667,0.32602876322340574,0.34413095994933185,0.3132686084142395
2287,0,0.3566666666666667,0.41,0.4166666666666667,0.45666666666666667,0.32,0.3760444430345237,0.3776705128076358,0.40809248554913297
2288,1,0.5166666666666667,0.43333333333333335,0.49,0.44333333333333336,0.4533333333333333,0.48239060834878056,0.44508668264849305,0.40809248554913297
2289,1,0.29,0.33,0.32666666666666666,0.3233333333333333,0.25,0.27888875872566166,0.35251576986384314,0.3132686084142395
2290,1,0.2966666666666667,0.2633333333333333,0.26666666666666666,0.24333333333333335,0.24666666666666667,0.2731992788191808,0.3709747877687848,0.32480561825934284
2291,1,0.37666666666666665,0.3566666666666667,0.35333333333333333,0.38666666666666666,0.25666666666666665,0.3209799928060909,0.31145676135260414,0.3132686084142395
2292,0,0.28,0.34,0.28,0.3433333333333333,0.22333333333333333,0.3114951434270347,0.3105808004797788,0.32480561825934284
2293,1,0.4033333333333333,0.34,0.41333333333333333,0.4166666666666667,0.2633333333333333,0.3841662554967439,0.39118442198068787,0.37863690713431647
2294,0,0.25666666666666665,0.24333333333333335,0.26,0.23,0.26,0.24919740700950468,0.23493108371217603,0.3132686084142395
2295,1,0.29333333333333333,0.23,0.19666666666666666,0.18666666666666668,0.24,0.28911557100486435,0.29454354370797764,0.32480561825934284
2296,0,0.45666666666666667,0.3933333333333333,0.45,0.4633333333333333,0.42,0.42190908154990175,0.41591205668825176,0.37863690713431647
2297,1,0.31,0.31,0.29333333333333333,0.29,0.2866666666666667,0.3376371250545599,0.3500691883758739,0.3132686084142395
2298,0,0.33666666666666667,0.26,0.2633333333333333,0.31333333333333335,0.26666666666666666,0.29362946920264055,0.3138096061342417,0.3132686084142395
2299,0,0.4266666666666667,0.4166666666666667,0.38333333333333336,0.4,0.41,0.4104177736279108,0.377405988055231,0.32480561825934284
2300,0,0.44666666666666666,0.41,0.43,0.43,0.3566666666666667,0.399944345366925,0.34423605941321556,0.3132686084142395
2301,0,0.2866666666666667,0.39666666666666667,0.35,0.3466666666666667,0.35,0.32313162227331405,0.28895680202721563,0.3132686084142395
2302,1,0.32666666666666666,0.2966666666666667,0.42,0.39666666666666667,0.30333333333333334,0.35416537012597216,0.42514430522545604,0.40809248554913297
2303,0,0.2966666666666667,0.34,0.35333333333333333,0.36666666666666664,0.3,0.3464641198760032,0.37147272298887307,0.32480561825934284
2304,1,0.28,0.31666666666666665,0.38,0.35333333333333333,0.2733333333333333,0.32164675512102375,0.30591047608381694,0.3132686084142395
2305,1,0.2733333333333333,0.29,0.27666666666666667,0.26666666666666666,0.24,0.28568277106331674,0.32605413073284595,0.3132686084142395
2306,0,0.25666666666666665,0.22666666666666666,0.23666666666666666,0.27,0.2633333333333333,0.26507846196055257,0.27260637294309215,0.3132686084142395
2307,1,0.3,0.31333333333333335,0.30333333333333334,0.30666666666666664,0.22,0.2832821436093056,0.35251576986384314,0.3132686084142395
2308,1,0.33,0.33666666666666667,0.2966666666666667,0.33,0.28,0.30338120339365243,0.3291830072006409,0.32480561825934284
2309,0,0.2833333333333333,0.24666666666666667,0.32666666666666666,0.25666666666666665,0.25,0.2705298575656764,0.2782055760916587,0.3132686084142395
2310,1,0.26666666666666666,0.25666666666666665,0.24666666666666667,0.20666666666666667,0.29,0.27535265969071204,0.3344955782549368,0.3132686084142395
2311,0,0.36,0.35333333333333333,0.36333333333333334,0.33,0.35,0.38890895943081916,0.41614226508915075,0.40809248554913297
2312,1,0.38,0.30333333333333334,0.35333333333333333,0.35,0.37,0.36147907263013707,0.3436496361456847,0.3132686084142395
2313,0,0.24333333333333335,0.32666666666666666,0.3233333333333333,0.29333333333333333,0.16666666666666666,0.28819742688448646,0.2751961852271309,0.32480561825934284
2314,0,0.32,0.29,0.2966666666666667,0.29333333333333333,0.26,0.36098546958849614,0.3748192934751695,0.37863690713431647
2315,0,0.38666666666666666,0.3933333333333333,0.36666666666666664,0.37,0.34,0.35656486052894343,0.37125151287359176,0.37863690713431647
2316,1,0.32666666666666666,0.36666666666666664,0.4033333333333333,0.41,0.2733333333333333,0.34500749067822895,0.36846385525307906,0.3132686084142395
2317,0,0.18,0.22666666666666666,0.25666666666666665,0.21333333333333335,0.21666666666666667,0.22577216852887694,0.27044070221324107,0.3132686084142395
2318,0,0.23,0.26666666666666666,0.27,0.20666666666666667,0.22333333333333333,0.27044095362431947,0.2826251591008918,0.32480561825934284
2319,1,0.2633333333333333,0.32,0.31333333333333335,0.3433333333333333,0.24666666666666667,0.2913737390507167,0.30022184908265187,0.3132686084142395
2320,1,0.38333333333333336,0.3566666666666667,0.37333333333333335,0.4033333333333333,0.3466666666666667,0.346608145668515,0.2782055760916587,0.3132686084142395
2321,0,0.3566666666666667,0.33,0.35333333333333333,0.3333333333333333,0.3233333333333333,0.3473175498682494,0.37125151287359176,0.37863690713431647
2322,0,0.2866666666666667,0.37333333333333335,0.26,0.2966666666666667,0.23,0.3010574709341072,0.36774842972128496,0.32480561825934284
2323,0,0.36666666666666664,0.3433333333333333,0.39,0.38666666666666666,0.2833333333333333,0.37244446168593043,0.36774842972128496,0.32480561825934284
2324,0,0.38333333333333336,0.31333333333333335,0.34,0.36333333333333334,0.33666666666666667,0.3722202109896932,0.3405322709173217,0.3132686084142395
2325,1,0.49333333333333335,0.49,0.47333333333333333,0.42,0.4,0.4473785465135341,0.39656976944988853,0.37863690713431647
2326,1,0.28,0.3233333333333333,0.3,0.3433333333333333,0.22333333333333333,0.30604535767386626,0.3372868791468017,0.32480561825934284
2327,0,0.32666666666666666,0.28,0.31666666666666665,0.28,0.25,0.3333779306985003,0.3290801972791992,0.32480561825934284
2328,0,0.36,0.4866666666666667,0.4533333333333333,0.41,0.29,0.3722566008510093,0.3745322863323335,0.37863690713431647
2329,0,0.36666666666666664,0.35,0.4033333333333333,0.36333333333333334,0.28,0.3822310072741568,0.362778305158342,0.37863690713431647
2330,0,0.2733333333333333,0.38333333333333336,0.3466666666666667,0.37,0.23,0.3357893755308588,0.3498706101744335,0.3132686084142395
2331,0,0.37333333333333335,0.36333333333333334,0.32,0.3433333333333333,0.3933333333333333,0.3624082066184738,0.31317210058876593,0.32480561825934284
2332,1,0.35,0.31666666666666665,0.32666666666666666,0.3566666666666667,0.3233333333333333,0.34049247242969943,0.3112154212585413,0.3132686084142395
2333,0,0.42,0.34,0.36666666666666664,0.36666666666666664,0.28,0.3479484254823536,0.3308853811480467,0.32480561825934284
2334,0,0.3233333333333333,0.25666666666666665,0.3,0.24333333333333335,0.19333333333333333,0.2955209916579944,0.33807778209270867,0.37863690713431647
2335,1,0.3566666666666667,0.33666666666666667,0.35,0.3566666666666667,0.27666666666666667,0.365713317762431,0.37125151287359176,0.37863690713431647
2336,0,0.4166666666666667,0.37666666666666665,0.4,0.4066666666666667,0.34,0.3721194587053316,0.3405322709173217,0.3132686084142395
2337,0,0.42333333333333334,0.39,0.3566666666666667,0.41,0.3466666666666667,0.39072245942898887,0.3443448604670595,0.32480561825934284
2338,0,0.26,0.2733333333333333,0.27,0.26666666666666666,0.18666666666666668,0.2709107575557133,0.3080013265612287,0.32480561825934284
2339,1,0.52,0.44333333333333336,0.45,0.45,0.45,0.45844132119073894,0.41591205668825176,0.37863690713431647
2340,0,0.3,0.41,0.33,0.38333333333333336,0.25333333333333335,0.3339499957265069,0.3713602053102008,0.37863690713431647
2341,0,0.46,0.41,0.3933333333333333,0.4166666666666667,0.4166666666666667,0.41095874930860266,0.37729658812622036,0.32480561825934284
2342,1,0.36333333333333334,0.37333333333333335,0.3933333333333333,0.4266666666666667,0.37333333333333335,0.3986225752493073,0.33185480408218165,0.32480561825934284
2343,0,0.44,0.37333333333333335,0.38333333333333336,0.4766666666666667,0.3566666666666667,0.4175475805782977,0.3686843783321149,0.32480561825934284
2344,0,0.3233333333333333,0.41333333333333333,0.36666666666666664,0.34,0.27,0.35655064393868774,0.3292223283384345,0.3132686084142395
2345,0,0.36333333333333334,0.37,0.38666666666666666,0.33,0.31,0.3609931012579375,0.3291195121615016,0.3132686084142395
2346,0,0.33,0.3466666666666667,0.33,0.36,0.18,0.3038955654878414,0.3875398905396283,0.37863690713431647
2347,0,0.36,0.42333333333333334,0.36333333333333334,0.36,0.2966666666666667,0.39073131062233596,0.36868420520847506,0.37863690713431647
2348,0,0.19666666666666666,0.26,0.26666666666666666,0.25333333333333335,0.19,0.23401349124548002,0.30508095229781185,0.3132686084142395
2349,0,0.31666666666666665,0.3466666666666667,0.30666666666666664,0.29333333333333333,0.24,0.3176694449333818,0.3308853811480467,0.32480561825934284
2350,1,0.46,0.45,0.43,0.46,0.4766666666666667,0.44423203821445145,0.413367622779479,0.37863690713431647
2351,1,0.43666666666666665,0.4166666666666667,0.4266666666666667,0.39,0.3233333333333333,0.44052565911042507,0.38776482050326194,0.32480561825934284
2352,0,0.29,0.27666666666666667,0.2966666666666667,0.31,0.31666666666666665,0.3391225095034245,0.36774842972128496,0.32480561825934284
2353,1,0.36666666666666664,0.3933333333333333,0.37333333333333335,0.41333333333333333,0.25666666666666665,0.3527417701716763,0.3801376019711631,0.32480561825934284
2354,0,0.30666666666666664,0.26,0.23666666666666666,0.24333333333333335,0.23666666666666666,0.27655082324619706,0.29434669072967595,0.3132686084142395
2355,0,0.23,0.21,0.21666666666666667,0.22333333333333333,0.14,0.21695579442615487,0.2708489124652599,0.3132686084142395
2356,0,0.4266666666666667,0.41,0.37666666666666665,0.4166666666666667,0.3433333333333333,0.3966829963939507,0.35273207919449556,0.32480561825934284
2357,0,0.2833333333333333,0.33,0.31333333333333335,0.35333333333333333,0.29,0.2788723711919689,0.33164473768808256,0.3132686084142395
2358,1,0.39666666666666667,0.33666666666666667,0.36,0.3,0.33,0.3633780495450665,0.3837528639692382,0.37863690713431647
2359,1,0.44,0.4066666666666667,0.42,0.45,0.41333333333333333,0.4454477589055488,0.3907190233541516,0.40809248554913297
2360,0,0.4633333333333333,0.48333333333333334,0.4166666666666667,0.4166666666666667,0.35333333333333333,0.4405408433252565,0.41591205668825176,0.37863690713431647
2361,1,0.37666666666666665,0.29,0.33,0.3433333333333333,0.2866666666666667,0.3468932309638149,0.3208714523609311,0.3132686084142395
2362,0,0.18,0.19666666666666666,0.20333333333333334,0.26,0.18666666666666668,0.1971944011998559,0.2551241355904995,0.3132686084142395
2363,0,0.24333333333333335,0.24333333333333335,0.2733333333333333,0.30333333333333334,0.31666666666666665,0.3006345409686098,0.27578742649228055,0.3132686084142395
2364,0,0.34,0.27666666666666667,0.31,0.29333333333333333,0.28,0.3427464487711209,0.3687663314262475,0.32480561825934284
2365,0,0.3466666666666667,0.32666666666666666,0.2833333333333333,0.3333333333333333,0.2966666666666667,0.3315063087160763,0.25456162189665266,0.32480561825934284
2366,0,0.27,0.24333333333333335,0.23666666666666666,0.18333333333333332,0.2633333333333333,0.2723090964571373,0.31216338002400595,0.3132686084142395
2367,0,0.21,0.21,0.2866666666666667,0.21333333333333335,0.24333333333333335,0.2736583336648423,0.3290801972791992,0.32480561825934284
2368,0,0.17666666666666667,0.22,0.18,0.19333333333333333,0.19333333333333333,0.1791795451260882,0.2562505399275393,0.32480561825934284
2369,1,0.3466666666666667,0.36333333333333334,0.36333333333333334,0.3566666666666667,0.30333333333333334,0.3700146176604471,0.3713602053102008,0.37863690713431647
2370,0,0.29333333333333333,0.31666666666666665,0.35333333333333333,0.3433333333333333,0.2733333333333333,0.297462790490944,0.32897379934603904,0.3132686084142395
2371,1,0.3433333333333333,0.41333333333333333,0.41,0.41,0.28,0.3606213029761629,0.3105808004797788,0.32480561825934284
2372,0,0.26,0.31333333333333335,0.2733333333333333,0.2866666666666667,0.27666666666666667,0.3153729336459786,0.3317515723860618,0.32480561825934284
2373,1,0.39,0.4266666666666667,0.41333333333333333,0.42,0.36666666666666664,0.3913264796687272,0.3472787167751307,0.37863690713431647
2374,1,0.37333333333333335,0.31333333333333335,0.29,0.31666666666666665,0.26,0.3308393574150687,0.3878751884930007,0.37863690713431647
2375,0,0.23333333333333334,0.29,0.26,0.24666666666666667,0.22333333333333333,0.28514158585608523,0.26323832891335397,0.32480561825934284
2376,1,0.21333333333333335,0.22666666666666666,0.23666666666666666,0.19,0.15333333333333332,0.18733124344071567,0.25987812186377635,0.3132686084142395
2377,1,0.52,0.39,0.4166666666666667,0.38666666666666666,0.43333333333333335,0.39958276067495313,0.3110972104611617,0.3132686084142395
2378,0,0.37333333333333335,0.36666666666666664,0.38666666666666666,0.43666666666666665,0.35,0.40271144752944776,0.40707948739936284,0.37863690713431647
2379,0,0.44666666666666666,0.42,0.39,0.36333333333333334,0.3433333333333333,0.4069860956211051,0.44520168559188994,0.40809248554913297
2380,1,0.3466666666666667,0.34,0.38333333333333336,0.35333333333333333,0.31,0.37304112910416287,0.3652064084140301,0.40809248554913297
2381,0,0.3233333333333333,0.31333333333333335,0.22333333333333333,0.25,0.27666666666666667,0.2894280199813873,0.2783958930317626,0.32480561825934284
2382,0,0.2733333333333333,0.3433333333333333,0.30333333333333334,0.2733333333333333,0.2733333333333333,0.3344557986361463,0.311719522464692,0.3132686084142395
2383,0,0.44666666666666666,0.47,0.47,0.47333333333333333,0.37333333333333335,0.4207518639295906,0.3713602053102008,0.37863690713431647
2384,0,0.38,0.37,0.36,0.36333333333333334,0.2866666666666667,0.3670760531517761,0.3940369011729263,0.40809248554913297
2385,0,0.47333333333333333,0.45,0.44,0.42,0.45,0.48091753088313377,0.413597239697446,0.37863690713431647
2386,0,0.38666666666666666,0.31,0.3433333333333333,0.30666666666666664,0.3566666666666667,0.3483965767261207,0.32605413073284595,0.3132686084142395
2387,0,0.3566666666666667,0.31333333333333335,0.31,0.31666666666666665,0.42,0.3671088675061817,0.2941745429696612,0.32480561825934284
2388,0,0.36333333333333334,0.31666666666666665,0.30333333333333334,0.31666666666666665,0.22333333333333333,0.32440546545085064,0.34976470796807985,0.3132686084142395
2389,0,0.41,0.4,0.38666666666666666,0.43,0.36666666666666664,0.452727218841139,0.4001321384986196,0.40809248554913297
2390,1,0.35,0.38333333333333336,0.31333333333333335,0.38333333333333336,0.2733333333333333,0.36497495670611163,0.37125151287359176,0.37863690713431647
2391,0,0.47333333333333333,0.37,0.4766666666666667,0.37666666666666665,0.38333333333333336,0.3775681579468018,0.36846385525307906,0.3132686084142395
2392,0,0.20666666666666667,0.24666666666666667,0.21333333333333335,0.2833333333333333,0.16333333333333333,0.19196121687080125,0.25146580510881006,0.3132686084142395
2393,0,0.38666666666666666,0.36,0.41,0.36333333333333334,0.33666666666666667,0.4086653012611086,0.3290801972791992,0.32480561825934284
2394,0,0.2733333333333333,0.29333333333333333,0.2733333333333333,0.24333333333333335,0.21333333333333335,0.2718427688938675,0.2973063412979579,0.3132686084142395
2395,0,0.2,0.2866666666666667,0.27,0.25333333333333335,0.17333333333333334,0.21487008127627566,0.24385499572325248,0.3132686084142395
2396,0,0.23666666666666666,0.27666666666666667,0.2866666666666667,0.24666666666666667,0.21333333333333335,0.2814625919284419,0.3208714523609311,0.3132686084142395
2397,0,0.2833333333333333,0.25333333333333335,0.25,0.25333333333333335,0.2833333333333333,0.31878398870287217,0.3317515723860618,0.32480561825934284
2398,1,0.3466666666666667,0.36666666666666664,0.2733333333333333,0.32666666666666666,0.33,0.3473662064754103,0.34726392136275597,0.3132686084142395
2399,1,0.39666666666666667,0.44,0.43333333333333335,0.41,0.3466666666666667,0.43190207142678577,0.37125151287359176,0.37863690713431647
2400,0,0.4166666666666667,0.45,0.42333333333333334,0.36666666666666664,0.36666666666666664,0.42606728686656686,0.37125151287359176,0.37863690713431647
2401,0,0.36,0.34,0.31333333333333335,0.2833333333333333,0.26,0.3207514676372095,0.33154153891269705,0.3132686084142395
2402,0,0.3233333333333333,0.24,0.32666666666666666,0.27,0.23666666666666666,0.30498693301760055,0.30335272328958024,0.3132686084142395
2403,0,0.25,0.2833333333333333,0.27666666666666667,0.25666666666666665,0.20666666666666667,0.2978690574615144,0.3258079757197164,0.32480561825934284
2404,0,0.2866666666666667,0.32,0.32,0.3,0.21333333333333335,0.2894837991638929,0.33154153891269705,0.3132686084142395
2405,0,0.34,0.3233333333333333,0.31333333333333335,0.28,0.30333333333333334,0.3223749158746971,0.37457305279396724,0.32480561825934284
2406,0,0.2966666666666667,0.31333333333333335,0.3566666666666667,0.37,0.23666666666666666,0.3448745384928692,0.34976470796807985,0.3132686084142395
2407,1,0.27,0.31,0.3,0.32666666666666666,0.17666666666666667,0.26735901530257683,0.30591047608381694,0.3132686084142395
2408,0,0.29333333333333333,0.29,0.30333333333333334,0.35,0.21333333333333335,0.28732327014623404,0.34660756293984846,0.32480561825934284
2409,1,0.5033333333333333,0.44666666666666666,0.49666666666666665,0.43666666666666665,0.39666666666666667,0.4744714652773629,0.4427325690979623,0.40809248554913297
2410,1,0.34,0.3333333333333333,0.36,0.38,0.31333333333333335,0.3609162218524987,0.3994357539266264,0.40809248554913297
2411,0,0.18333333333333332,0.24333333333333335,0.2833333333333333,0.25,0.21,0.22744331553019162,0.26772602328399503,0.3132686084142395
2412,0,0.26,0.24333333333333335,0.2833333333333333,0.2733333333333333,0.19666666666666666,0.30047053476894237,0.3317515723860618,0.32480561825934284
2413,0,0.39666666666666667,0.33,0.30333333333333334,0.33,0.26666666666666666,0.38993322117297025,0.3584296844235673,0.32480561825934284
2414,0,0.2733333333333333,0.3233333333333333,0.28,0.29333333333333333,0.21666666666666667,0.3103611248487614,0.32275859895650966,0.32480561825934284
2415,1,0.42333333333333334,0.44,0.43,0.4766666666666667,0.2966666666666667,0.38511050832558924,0.41591205668825176,0.37863690713431647
2416,0,0.44333333333333336,0.4633333333333333,0.46,0.4,0.37,0.453030800212362,0.4225406249392561,0.40809248554913297
2417,0,0.34,0.31,0.35333333333333333,0.2966666666666667,0.31666666666666665,0.3582402809852812,0.3225515108296549,0.3132686084142395
2418,0,0.37,0.3466666666666667,0.38,0.35,0.2866666666666667,0.36059356244302354,0.33739096363814275,0.32480561825934284
2419,0,0.3466666666666667,0.3233333333333333,0.35,0.33,0.35,0.35362092309278725,0.3145331970388933,0.3132686084142395
2420,0,0.3433333333333333,0.37666666666666665,0.38,0.37333333333333335,0.39,0.3478999635103329,0.2574255072132265,0.3132686084142395
2421,0,0.4,0.39,0.38666666666666666,0.4066666666666667,0.3433333333333333,0.3758233401761291,0.3463783901414603,0.32480561825934284
2422,1,0.3233333333333333,0.3433333333333333,0.3233333333333333,0.27,0.32666666666666666,0.35067402636592476,0.3438633943418339,0.32480561825934284
2423,1,0.36333333333333334,0.3433333333333333,0.34,0.3333333333333333,0.33,0.3558599855269366,0.33154153891269705,0.3132686084142395
2424,0,0.46,0.39,0.47,0.4533333333333333,0.4,0.45091324602069033,0.44520168559188994,0.40809248554913297
2425,0,0.29,0.25,0.2733333333333333,0.22,0.23666666666666666,0.28222316448423285,0.28387490198601995,0.3132686084142395
2426,0,0.3933333333333333,0.35333333333333333,0.37,0.2966666666666667,0.38,0.3608285269004005,0.34413095994933185,0.3132686084142395
2427,1,0.3233333333333333,0.31,0.36666666666666664,0.36,0.31,0.3299115840798483,0.3344957438306082,0.32480561825934284
2428,1,0.37333333333333335,0.35,0.4066666666666667,0.38333333333333336,0.3566666666666667,0.42771238493115454,0.3651912765453433,0.32480561825934284
2429,0,0.25,0.2866666666666667,0.26,0.27,0.2,0.2679986626416604,0.3025271122217413,0.3132686084142395
2430,1,0.32,0.26666666666666666,0.26,0.2633333333333333,0.22333333333333333,0.28474525646003035,0.37147272298887307,0.32480561825934284
2431,0,0.21,0.22,0.23666666666666666,0.20666666666666667,0.22333333333333333,0.22111677313868963,0.2947899746276062,0.3132686084142395
2432,0,0.2966666666666667,0.35333333333333333,0.36,0.38666666666666666,0.2966666666666667,0.33466181906371706,0.3622190461424011,0.37863690713431647
2433,0,0.3,0.33,0.30666666666666664,0.31666666666666665,0.2733333333333333,0.30406374769046307,0.3113152397045738,0.3132686084142395
2434,1,0.30666666666666664,0.25,0.2866666666666667,0.26,0.27,0.2791097038892908,0.286482293519796,0.3132686084142395
2435,1,0.30666666666666664,0.25333333333333335,0.31333333333333335,0.26666666666666666,0.26666666666666666,0.28155999406717896,0.24457663527993453,0.3132686084142395
2436,1,0.37666666666666665,0.39666666666666667,0.44333333333333336,0.42,0.38,0.43631202777909806,0.36598629978379144,0.37863690713431647
2437,0,0.29333333333333333,0.2633333333333333,0.24,0.29,0.21333333333333335,0.29953542892955104,0.30863303616300786,0.3132686084142395
2438,0,0.20666666666666667,0.28,0.25333333333333335,0.27666666666666667,0.20666666666666667,0.2297129996692245,0.2672314455356707,0.32480561825934284
2439,0,0.33,0.2866666666666667,0.3233333333333333,0.29,0.28,0.3102626853754587,0.25438185467866326,0.3132686084142395
2440,0,0.2633333333333333,0.25,0.25,0.26666666666666666,0.23333333333333334,0.28048465766856867,0.32556077323447563,0.32480561825934284
2441,0,0.37,0.36666666666666664,0.38333333333333336,0.38666666666666666,0.30666666666666664,0.3627075838971098,0.3472787167751307,0.37863690713431647
2442,0,0.32,0.29,0.2733333333333333,0.30666666666666664,0.19333333333333333,0.288206788610067,0.30065648655997274,0.3132686084142395
2443,1,0.21,0.2733333333333333,0.3333333333333333,0.3,0.27666666666666667,0.2606337920774785,0.3138096061342417,0.3132686084142395
2444,0,0.3933333333333333,0.43333333333333335,0.45666666666666667,0.41,0.31,0.403745447447094,0.34738426840150083,0.37863690713431647
2445,0,0.4066666666666667,0.36333333333333334,0.38333333333333336,0.36333333333333334,0.2633333333333333,0.407316703630785,0.39395265942890306,0.37863690713431647
2446,0,0.3566666666666667,0.4,0.37333333333333335,0.36666666666666664,0.3466666666666667,0.38568530929477207,0.3308853811480467,0.32480561825934284
2447,1,0.2,0.24666666666666667,0.25666666666666665,0.25333333333333335,0.27666666666666667,0.26247583907548866,0.25930877527382107,0.32480561825934284
2448,1,0.35333333333333333,0.3433333333333333,0.27,0.28,0.29,0.3318337320376207,0.35565782114275774,0.32480561825934284
2449,0,0.24666666666666667,0.23,0.2633333333333333,0.21333333333333335,0.21666666666666667,0.23912627500756922,0.3052818783914104,0.32480561825934284
2450,0,0.4166666666666667,0.3233333333333333,0.35,0.34,0.30666666666666664,0.35116136500638767,0.35002075080398914,0.37863690713431647
2451,0,0.2866666666666667,0.31,0.2633333333333333,0.2833333333333333,0.22,0.27398912042990753,0.29812379460034655,0.3132686084142395
2452,0,0.44666666666666666,0.38333333333333336,0.38333333333333336,0.4033333333333333,0.4266666666666667,0.412611596650982,0.31401368324951906,0.32480561825934284
2453,0,0.23333333333333334,0.22333333333333333,0.23,0.21333333333333335,0.17666666666666667,0.20731572416917493,0.2276685016931031,0.3132686084142395
2454,0,0.33666666666666667,0.4766666666666667,0.46,0.45666666666666667,0.3,0.38608256473603453,0.42525810422530674,0.40809248554913297
2455,1,0.3933333333333333,0.42333333333333334,0.43666666666666665,0.43666666666666665,0.41333333333333333,0.4208846364524964,0.41650134424633434,0.40809248554913297
2456,0,0.3933333333333333,0.35,0.38,0.37,0.2833333333333333,0.33954136140306956,0.35002075080398914,0.37863690713431647
2457,1,0.46,0.39,0.4,0.4633333333333333,0.4,0.4016329041066108,0.3875398905396283,0.37863690713431647
2458,0,0.49666666666666665,0.39,0.45,0.41333333333333333,0.38666666666666666,0.42905004951954917,0.3713602053102008,0.37863690713431647
2459,0,0.5,0.4266666666666667,0.46,0.47333333333333333,0.42333333333333334,0.45283021647889804,0.41591205668825176,0.37863690713431647
2460,0,0.3433333333333333,0.38,0.36,0.35333333333333333,0.30333333333333334,0.3693301957876072,0.3837528639692382,0.37863690713431647
2461,1,0.38,0.37666666666666665,0.46,0.4533333333333333,0.34,0.4156604725263595,0.3878906859565231,0.37863690713431647
2462,0,0.2733333333333333,0.32666666666666666,0.29333333333333333,0.26666666666666666,0.2633333333333333,0.27929807502355686,0.2551241355904995,0.3132686084142395
2463,0,0.3466666666666667,0.36,0.37,0.42,0.39666666666666667,0.371377019996081,0.37125151287359176,0.37863690713431647
2464,1,0.36333333333333334,0.36666666666666664,0.3566666666666667,0.35333333333333333,0.25,0.3407164843785034,0.41226387725016045,0.40809248554913297
2465,1,0.26666666666666666,0.2866666666666667,0.27,0.24666666666666667,0.27,0.2802518499890183,0.26770376565053267,0.3132686084142395
2466,0,0.3333333333333333,0.38,0.35,0.33666666666666667,0.24,0.34464888976957414,0.36869939774787414,0.37863690713431647
2467,0,0.21333333333333335,0.21,0.22666666666666666,0.21666666666666667,0.17666666666666667,0.20818444184235113,0.25456162189665266,0.32480561825934284
2468,1,0.24666666666666667,0.30666666666666664,0.3333333333333333,0.31333333333333335,0.23333333333333334,0.2654255823071046,0.286482293519796,0.3132686084142395
2469,1,0.2966666666666667,0.2633333333333333,0.25,0.29,0.19333333333333333,0.28575352320735126,0.3463526864281765,0.32480561825934284
2470,0,0.32,0.39,0.35333333333333333,0.38,0.24333333333333335,0.34558133372558913,0.362778305158342,0.37863690713431647
2471,1,0.25,0.38,0.36333333333333334,0.33,0.2,0.30284355584643324,0.3308853811480467,0.32480561825934284
2472,0,0.37666666666666665,0.36333333333333334,0.36333333333333334,0.41,0.25333333333333335,0.32918489673323575,0.3225515108296549,0.3132686084142395
2473,1,0.38333333333333336,0.46,0.4066666666666667,0.36666666666666664,0.33666666666666667,0.3474251467839501,0.3526220533212853,0.3132686084142395
2474,1,0.32666666666666666,0.29333333333333333,0.29333333333333333,0.2966666666666667,0.25,0.299871535681173,0.3405322709173217,0.3132686084142395
2475,0,0.3,0.2833333333333333,0.32666666666666666,0.3333333333333333,0.27666666666666667,0.3160048027659804,0.2801835064144784,0.32480561825934284
2476,0,0.4,0.45,0.39666666666666667,0.4266666666666667,0.36,0.4171435977436865,0.3405322709173217,0.3132686084142395
2477,0,0.27,0.28,0.29333333333333333,0.31666666666666665,0.20333333333333334,0.2586647929994495,0.34976470796807985,0.3132686084142395
2478,1,0.36,0.37666666666666665,0.31666666666666665,0.38666666666666666,0.31333333333333335,0.38556102527297514,0.39395265942890306,0.37863690713431647
2479,1,0.41,0.35,0.38666666666666666,0.37333333333333335,0.22333333333333333,0.374484630074595,0.3660014456017049,0.37863690713431647
2480,1,0.37333333333333335,0.3333333333333333,0.3333333333333333,0.33666666666666667,0.38,0.3561874754860036,0.33716361298226794,0.32480561825934284
2481,0,0.27,0.2733333333333333,0.3,0.2733333333333333,0.23666666666666666,0.2929009754230064,0.32012494809537945,0.32480561825934284
2482,1,0.4266666666666667,0.3466666666666667,0.4033333333333333,0.4,0.35,0.4008674668798245,0.32012494809537945,0.32480561825934284
2483,0,0.22666666666666666,0.24,0.24333333333333335,0.26666666666666666,0.17666666666666667,0.24798188087418654,0.31991875153273214,0.3132686084142395
2484,0,0.2833333333333333,0.26666666666666666,0.23666666666666666,0.2633333333333333,0.26666666666666666,0.29315928066750374,0.3108431562103929,0.32480561825934284
2485,1,0.3233333333333333,0.3466666666666667,0.30666666666666664,0.34,0.21,0.3683492195460015,0.3237157312436256,0.32480561825934284
2486,0,0.2866666666666667,0.23,0.2866666666666667,0.24666666666666667,0.17333333333333334,0.2531160093406334,0.31665609528747624,0.32480561825934284
2487,0,0.29333333333333333,0.24333333333333335,0.30666666666666664,0.24,0.2633333333333333,0.3006290281671196,0.30873239759397536,0.3132686084142395
2488,0,0.29333333333333333,0.28,0.25666666666666665,0.30666666666666664,0.2866666666666667,0.29794437540057966,0.256815499927449,0.3132686084142395
2489,0,0.30666666666666664,0.26666666666666666,0.25333333333333335,0.2966666666666667,0.19333333333333333,0.29318678892648053,0.34976470796807985,0.3132686084142395
2490,1,0.3433333333333333,0.2733333333333333,0.2733333333333333,0.28,0.20666666666666667,0.3000299861662969,0.3463526864281765,0.32480561825934284
2491,1,0.28,0.23,0.29333333333333333,0.31333333333333335,0.21,0.23566511639336457,0.33154153891269705,0.3132686084142395
2492,0,0.4633333333333333,0.35,0.36333333333333334,0.36,0.38,0.37991331249067045,0.334721080843733,0.32480561825934284
2493,0,0.3333333333333333,0.4033333333333333,0.37666666666666665,0.4066666666666667,0.23,0.3492543877377863,0.3498706101744335,0.3132686084142395
2494,0,0.27,0.2966666666666667,0.35,0.3333333333333333,0.18666666666666668,0.2888856312332286,0.33154153891269705,0.3132686084142395
2495,0,0.42,0.38333333333333336,0.47,0.42333333333333334,0.37666666666666665,0.41905938339637167,0.3415155315922274,0.3132686084142395
2496,1,0.37666666666666665,0.35333333333333333,0.31666666666666665,0.28,0.24666666666666667,0.3118888257064055,0.3498706101744335,0.3132686084142395
2497,0,0.4033333333333333,0.37,0.39,0.4033333333333333,0.44333333333333336,0.3768011145780516,0.3963432163999766,0.37863690713431647
2498,1,0.3333333333333333,0.2633333333333333,0.25,0.26666666666666666,0.25333333333333335,0.3024746358244459,0.31665609528747624,0.32480561825934284
2499,0,0.38,0.31,0.32666666666666666,0.31666666666666665,0.27,0.32457145187089104,0.30863303616300786,0.3132686084142395
2500,0,0.34,0.28,0.31,0.28,0.22,0.3404267431583864,0.3290801972791992,0.32480561825934284
2501,0,0.33,0.31,0.38666666666666666,0.3933333333333333,0.35,0.35775310359986706,0.2732400977758239,0.3132686084142395
2502,0,0.29333333333333333,0.29,0.33,0.2866666666666667,0.17333333333333334,0.295603800252885,0.32340643029834243,0.3132686084142395
2503,0,0.24,0.2733333333333333,0.26,0.25666666666666665,0.22,0.2573152936104592,0.2999854217518009,0.3132686084142395
2504,0,0.37,0.22,0.27666666666666667,0.3233333333333333,0.2866666666666667,0.3324195239288924,0.31754129876665793,0.3132686084142395
2505,0,0.39666666666666667,0.4033333333333333,0.4,0.38,0.28,0.40072894064301545,0.362778305158342,0.37863690713431647
2506,1,0.3466666666666667,0.4066666666666667,0.38,0.4166666666666667,0.26666666666666666,0.3484044761600898,0.31145676135260414,0.3132686084142395
2507,0,0.26666666666666666,0.33666666666666667,0.29,0.3466666666666667,0.2,0.32643512445212586,0.3584296844235673,0.32480561825934284
2508,0,0.2866666666666667,0.33,0.33,0.27666666666666667,0.21666666666666667,0.30643725817337836,0.3380631756499611,0.3132686084142395
2509,0,0.3433333333333333,0.38333333333333336,0.33,0.37,0.30666666666666664,0.35173055857274177,0.3114185769672878,0.32480561825934284
2510,0,0.26,0.33666666666666667,0.32,0.29333333333333333,0.29333333333333333,0.27967458619017566,0.30508095229781185,0.3132686084142395
2511,0,0.30666666666666664,0.30333333333333334,0.27666666666666667,0.2966666666666667,0.22666666666666666,0.29586682355655247,0.33185480408218165,0.32480561825934284
2512,1,0.20333333333333334,0.25333333333333335,0.2,0.22333333333333333,0.29333333333333333,0.23916863276941763,0.30018444158755725,0.32480561825934284
2513,1,0.39666666666666667,0.37,0.41,0.4266666666666667,0.37666666666666665,0.38827032583134374,0.32821755512352474,0.32480561825934284
2514,0,0.23333333333333334,0.35,0.3566666666666667,0.34,0.22333333333333333,0.27184273277403503,0.30201869151309657,0.32480561825934284
2515,0,0.21333333333333335,0.22666666666666666,0.27,0.20666666666666667,0.16666666666666666,0.200228215067393,0.27500722204689754,0.3132686084142395
2516,1,0.41333333333333333,0.4066666666666667,0.44,0.38,0.33666666666666667,0.3752735974925557,0.3745322863323335,0.37863690713431647
2517,1,0.33666666666666667,0.42333333333333334,0.4266666666666667,0.43333333333333335,0.35,0.3779551839822449,0.3498706101744335,0.3132686084142395
2518,0,0.34,0.30333333333333334,0.2966666666666667,0.28,0.2866666666666667,0.3110893040152439,0.31991875153273214,0.3132686084142395
2519,0,0.29333333333333333,0.33666666666666667,0.35333333333333333,0.38,0.2833333333333333,0.3488829678446145,0.34998024165790276,0.32480561825934284
2520,0,0.35,0.33666666666666667,0.3566666666666667,0.3233333333333333,0.3566666666666667,0.35097465339701694,0.37101651352536363,0.32480561825934284
2521,0,0.26666666666666666,0.26,0.23666666666666666,0.24666666666666667,0.21666666666666667,0.24285402353806043,0.30591047608381694,0.3132686084142395
2522,0,0.33666666666666667,0.2866666666666667,0.2733333333333333,0.26,0.26,0.31190182735066446,0.2920776588297738,0.3132686084142395
2523,0,0.36,0.2833333333333333,0.29333333333333333,0.26666666666666666,0.24333333333333335,0.31139414012285055,0.3175271539643719,0.3132686084142395
2524,0,0.3566666666666667,0.33666666666666667,0.37,0.36333333333333334,0.2966666666666667,0.3409986401002538,0.34976470796807985,0.3132686084142395
2525,0,0.33666666666666667,0.3333333333333333,0.38666666666666666,0.38333333333333336,0.2633333333333333,0.33419994744649684,0.3713602053102008,0.37863690713431647
2526,0,0.22333333333333333,0.20666666666666667,0.23666666666666666,0.2966666666666667,0.23333333333333334,0.25114695409217075,0.29812379460034655,0.3132686084142395
2527,0,0.24666666666666667,0.33,0.41333333333333333,0.3333333333333333,0.24333333333333335,0.30944262233966907,0.35251576986384314,0.3132686084142395
2528,0,0.3233333333333333,0.32,0.31333333333333335,0.31,0.29333333333333333,0.3097846654299892,0.3225515108296549,0.3132686084142395
2529,0,0.39,0.38,0.36333333333333334,0.4033333333333333,0.38333333333333336,0.40912439030806264,0.3258079757197164,0.32480561825934284
2530,0,0.23,0.24,0.2633333333333333,0.25333333333333335,0.20666666666666667,0.2481750157497358,0.31991875153273214,0.3132686084142395
2531,0,0.39,0.36333333333333334,0.3933333333333333,0.39,0.38333333333333336,0.39090738015038984,0.35273207919449556,0.32480561825934284
2532,0,0.3,0.25666666666666665,0.25,0.2733333333333333,0.24,0.3350524023466911,0.3651912765453433,0.32480561825934284
2533,0,0.3333333333333333,0.4066666666666667,0.4,0.45666666666666667,0.33,0.36985107512540044,0.3114185769672878,0.32480561825934284
2534,1,0.3433333333333333,0.3233333333333333,0.34,0.33666666666666667,0.26666666666666666,0.33077529526593147,0.36854578794423015,0.37863690713431647
2535,0,0.25,0.34,0.35333333333333333,0.36,0.24,0.3289434586086009,0.31547729966123766,0.3132686084142395
2536,0,0.24666666666666667,0.23666666666666666,0.23333333333333334,0.19333333333333333,0.19666666666666666,0.2217311152733481,0.31991875153273214,0.3132686084142395
2537,0,0.31666666666666665,0.23333333333333334,0.3333333333333333,0.31333333333333335,0.19333333333333333,0.28163883960164265,0.2782055760916587,0.3132686084142395
2538,0,0.30333333333333334,0.27666666666666667,0.33666666666666667,0.32666666666666666,0.32,0.32607927353070126,0.2783958930317626,0.32480561825934284
2539,0,0.24666666666666667,0.2833333333333333,0.25666666666666665,0.26666666666666666,0.25333333333333335,0.22134564365578083,0.27257372784733697,0.3132686084142395
2540,1,0.32666666666666666,0.29,0.26666666666666666,0.3,0.31333333333333335,0.3301221111832305,0.2993637479590815,0.32480561825934284
2541,0,0.3466666666666667,0.41,0.42333333333333334,0.38666666666666666,0.33666666666666667,0.4166664979271123,0.3500861739881233,0.32480561825934284
2542,1,0.33,0.36333333333333334,0.39666666666666667,0.37333333333333335,0.27666666666666667,0.33714360407329796,0.33443382337180977,0.32480561825934284
2543,0,0.26,0.32,0.25666666666666665,0.23666666666666666,0.20666666666666667,0.2506358618824826,0.30591047608381694,0.3132686084142395
2544,0,0.2966666666666667,0.3233333333333333,0.33,0.30666666666666664,0.19333333333333333,0.2804445700006277,0.35273207919449556,0.32480561825934284
2545,0,0.38333333333333336,0.38,0.41,0.37666666666666665,0.3333333333333333,0.3369441298939386,0.30508095229781185,0.3132686084142395
2546,0,0.44,0.35333333333333333,0.37,0.37666666666666665,0.43333333333333335,0.39636025474551373,0.30272708906794427,0.32480561825934284
2547,1,0.38666666666666666,0.4166666666666667,0.4633333333333333,0.42333333333333334,0.30333333333333334,0.3785546090712077,0.3901430628994113,0.40809248554913297
2548,0,0.3233333333333333,0.3333333333333333,0.37333333333333335,0.36333333333333334,0.27666666666666667,0.36772803580379815,0.33154153891269705,0.3132686084142395
2549,0,0.4066666666666667,0.43666666666666665,0.4266666666666667,0.38333333333333336,0.35333333333333333,0.46010924614576865,0.44238412132029553,0.40809248554913297
2550,0,0.36333333333333334,0.41,0.36333333333333334,0.38666666666666666,0.31,0.3618116292391939,0.3904934727382804,0.37863690713431647
2551,0,0.29,0.3333333333333333,0.4033333333333333,0.38666666666666666,0.2633333333333333,0.3032283542279037,0.32340643029834243,0.3132686084142395
2552,0,0.4633333333333333,0.43,0.4,0.4066666666666667,0.35,0.38593930470793114,0.3801376019711631,0.32480561825934284
2553,1,0.19,0.24666666666666667,0.25,0.20666666666666667,0.17666666666666667,0.2325526752154143,0.31991875153273214,0.3132686084142395
2554,0,0.28,0.31333333333333335,0.30333333333333334,0.33,0.24333333333333335,0.29998155077523264,0.3405322709173217,0.3132686084142395
2555,0,0.32,0.37,0.2966666666666667,0.33666666666666667,0.28,0.34417438857126764,0.3463526864281765,0.32480561825934284
2556,1,0.3333333333333333,0.31333333333333335,0.33,0.34,0.22666666666666666,0.2972062053828649,0.32605413073284595,0.3132686084142395
2557,0,0.29,0.3233333333333333,0.36333333333333334,0.33666666666666667,0.21,0.2859570103831055,0.3060093489656814,0.3132686084142395
2558,0,0.35,0.37333333333333335,0.3333333333333333,0.31333333333333335,0.22,0.31658382690083736,0.32605413073284595,0.3132686084142395
2559,0,0.36,0.31,0.27666666666666667,0.3233333333333333,0.4066666666666667,0.333837138664312,0.2700774689307741,0.3132686084142395
2560,0,0.5133333333333333,0.4033333333333333,0.38333333333333336,0.36333333333333334,0.4666666666666667,0.44364333134358364,0.42537572036006976,0.40809248554913297
2561,1,0.44666666666666666,0.4066666666666667,0.4266666666666667,0.39666666666666667,0.35,0.42732014271119617,0.33807778209270867,0.37863690713431647
2562,1,0.43,0.38,0.39666666666666667,0.42333333333333334,0.37333333333333335,0.42868469819465316,0.4027630183041761,0.40809248554913297
2563,1,0.38666666666666666,0.4033333333333333,0.42333333333333334,0.38,0.42333333333333334,0.3861028501540496,0.31991875153273214,0.3132686084142395
2564,0,0.44333333333333336,0.42,0.4266666666666667,0.42,0.37,0.4280701577520646,0.34738426840150083,0.37863690713431647
2565,1,0.20666666666666667,0.2733333333333333,0.24333333333333335,0.24666666666666667,0.19,0.23962822918475937,0.2591268210312006,0.3132686084142395
2566,0,0.22,0.3466666666666667,0.33,0.28,0.26,0.27289249423396184,0.26163463602638737,0.32480561825934284
2567,1,0.2866666666666667,0.2733333333333333,0.31666666666666665,0.2833333333333333,0.2,0.250634618376508,0.2753417330326749,0.3132686084142395
2568,1,0.53,0.41333333333333333,0.38666666666666666,0.39666666666666667,0.44333333333333336,0.42916989598229005,0.3317515723860618,0.32480561825934284
2569,1,0.5133333333333333,0.49333333333333335,0.42333333333333334,0.4166666666666667,0.43333333333333335,0.447742695087545,0.3688077812768109,0.37863690713431647
2570,0,0.45666666666666667,0.44333333333333336,0.4666666666666667,0.51,0.41,0.45927490446979546,0.45962798574473324,0.37863690713431647
2571,0,0.39,0.37,0.41,0.38333333333333336,0.32,0.41037653715444905,0.4027630183041761,0.40809248554913297
2572,1,0.2966666666666667,0.36,0.35333333333333333,0.31,0.20333333333333334,0.3038955654878414,0.3875398905396283,0.37863690713431647
2573,1,0.4766666666666667,0.38666666666666666,0.47,0.44666666666666666,0.37333333333333335,0.4288643730347764,0.44508668264849305,0.40809248554913297
2574,0,0.37666666666666665,0.36333333333333334,0.37666666666666665,0.33666666666666667,0.31,0.35889211317035735,0.3405322709173217,0.3132686084142395
2575,0,0.38666666666666666,0.41333333333333333,0.3933333333333333,0.38,0.3333333333333333,0.38058946556276185,0.30022184908265187,0.3132686084142395
2576,0,0.38333333333333336,0.27666666666666667,0.30333333333333334,0.31,0.18333333333333332,0.29315340537192836,0.34423605941321556,0.3132686084142395
2577,0,0.31,0.29,0.27,0.3333333333333333,0.24,0.314498588439155,0.31991875153273214,0.3132686084142395
2578,0,0.3566666666666667,0.49,0.42,0.4033333333333333,0.33,0.36867786518113144,0.33189428646588853,0.3132686084142395
2579,0,0.31333333333333335,0.4033333333333333,0.41,0.39,0.36333333333333334,0.37436571877413155,0.3927512658837421,0.32480561825934284
2580,0,0.4033333333333333,0.4066666666666667,0.4066666666666667,0.45,0.3566666666666667,0.4168582519989407,0.3585367635856029,0.32480561825934284
2581,1,0.42333333333333334,0.44,0.43666666666666665,0.45,0.37333333333333335,0.440533152637395,0.36854578794423015,0.37863690713431647
2582,0,0.45666666666666667,0.42333333333333334,0.3933333333333333,0.41333333333333333,0.37,0.44346805021716906,0.3438781211998904,0.32480561825934284
2583,1,0.44666666666666666,0.37,0.37333333333333335,0.46,0.38666666666666666,0.456719913513235,0.37192919097331756,0.37863690713431647
2584,0,0.4,0.3466666666666667,0.35,0.38,0.32666666666666666,0.36403797793274045,0.34413095994933185,0.3132686084142395
2585,1,0.4266666666666667,0.37,0.37333333333333335,0.38666666666666666,0.37333333333333335,0.39770581993171106,0.3262623846224553,0.32480561825934284
2586,0,0.23333333333333334,0.21666666666666667,0.22666666666666666,0.25666666666666665,0.20333333333333334,0.2608375223391756,0.2883823543150101,0.32480561825934284
2587,1,0.2633333333333333,0.24,0.27,0.2833333333333333,0.20666666666666667,0.24683287819940103,0.33154153891269705,0.3132686084142395
2588,0,0.4666666666666667,0.37333333333333335,0.4066666666666667,0.41,0.4633333333333333,0.41436379637879306,0.3087555517471695,0.3132686084142395
2589,0,0.26,0.29,0.26666666666666666,0.24333333333333335,0.22333333333333333,0.2649766980159546,0.31798961609816245,0.3132686084142395
2590,0,0.38333333333333336,0.3566666666666667,0.31666666666666665,0.3933333333333333,0.31,0.39031152226139315,0.3875398905396283,0.37863690713431647
2591,0,0.38333333333333336,0.4,0.4166666666666667,0.42,0.31,0.34482189206973135,0.3526220533212853,0.3132686084142395
2592,1,0.37333333333333335,0.31333333333333335,0.32,0.37333333333333335,0.31,0.3383724969519983,0.36854578794423015,0.37863690713431647
2593,0,0.42333333333333334,0.4066666666666667,0.4066666666666667,0.42,0.4033333333333333,0.4052987870215525,0.31991875153273214,0.3132686084142395
2594,0,0.29333333333333333,0.3466666666666667,0.35,0.2833333333333333,0.17,0.26157059215860473,0.32016370364843805,0.3132686084142395
2595,1,0.4266666666666667,0.4033333333333333,0.45,0.48333333333333334,0.37333333333333335,0.4362482451934704,0.39954745435784933,0.40809248554913297
2596,0,0.4266666666666667,0.39,0.45666666666666667,0.3566666666666667,0.42,0.43462929667457645,0.38116690884340987,0.37863690713431647
2597,0,0.2866666666666667,0.30666666666666664,0.3433333333333333,0.3,0.31333333333333335,0.3164407069963251,0.30272708906794427,0.32480561825934284
2598,1,0.39,0.42333333333333334,0.37666666666666665,0.3233333333333333,0.2833333333333333,0.34126211249256844,0.3498706101744335,0.3132686084142395
2599,1,0.37666666666666665,0.3933333333333333,0.4,0.36333333333333334,0.33,0.4012667612054426,0.38055629392077917,0.32480561825934284
2600,0,0.25666666666666665,0.2733333333333333,0.27,0.30666666666666664,0.23,0.2893001859694614,0.3113003238796346,0.32480561825934284
2601,0,0.33666666666666667,0.4033333333333333,0.35333333333333333,0.38,0.19333333333333333,0.35458147189491496,0.413254717806299,0.37863690713431647
2602,1,0.23666666666666666,0.2966666666666667,0.29,0.30333333333333334,0.20333333333333334,0.27924879588965745,0.34444999094914613,0.32480561825934284
2603,1,0.3333333333333333,0.2833333333333333,0.36666666666666664,0.27,0.29333333333333333,0.33925757021906044,0.30853958806337856,0.3132686084142395
2604,0,0.31333333333333335,0.32666666666666666,0.32,0.2866666666666667,0.3566666666666667,0.3699127122887513,0.44236802011117204,0.40809248554913297
2605,0,0.2966666666666667,0.24666666666666667,0.25333333333333335,0.30333333333333334,0.23666666666666666,0.2821950649589632,0.31991875153273214,0.3132686084142395
2606,0,0.4,0.3566666666666667,0.32666666666666666,0.3566666666666667,0.30666666666666664,0.3922312184109506,0.36868420520847506,0.37863690713431647
2607,1,0.35,0.3566666666666667,0.32666666666666666,0.33666666666666667,0.31333333333333335,0.3303096644017428,0.3775610827003731,0.40809248554913297
2608,1,0.21666666666666667,0.21333333333333335,0.27,0.2633333333333333,0.24,0.22416102695325224,0.3025271122217413,0.3132686084142395
2609,1,0.3233333333333333,0.28,0.26666666666666666,0.25,0.18666666666666668,0.27131514971288373,0.31991875153273214,0.3132686084142395
2610,1,0.22666666666666666,0.19,0.22,0.20333333333333334,0.19,0.24057646679716763,0.2947899746276062,0.3132686084142395
2611,0,0.2733333333333333,0.2633333333333333,0.27,0.23333333333333334,0.22,0.27837790868532875,0.32340643029834243,0.3132686084142395
2612,0,0.30333333333333334,0.3566666666666667,0.3466666666666667,0.3933333333333333,0.3,0.32788185516896795,0.26163463602638737,0.32480561825934284
2613,0,0.24666666666666667,0.2833333333333333,0.2966666666666667,0.29,0.27666666666666667,0.31454275867816317,0.2939778338370258,0.3132686084142395
2614,0,0.24333333333333335,0.24,0.25666666666666665,0.31,0.24333333333333335,0.304181298284758,0.32556077323447563,0.32480561825934284
2615,0,0.33,0.3,0.25666666666666665,0.2733333333333333,0.18666666666666668,0.26386356818543805,0.36868420520847506,0.37863690713431647
2616,0,0.30333333333333334,0.37,0.38,0.31666666666666665,0.27666666666666667,0.3455176063416517,0.36854578794423015,0.37863690713431647
2617,0,0.2966666666666667,0.3333333333333333,0.39666666666666667,0.3233333333333333,0.24333333333333335,0.3001085187176919,0.32605413073284595,0.3132686084142395
2618,0,0.33,0.4033333333333333,0.3433333333333333,0.4266666666666667,0.29333333333333333,0.3585281731680272,0.3084802452936414,0.3132686084142395
2619,0,0.22,0.26,0.2733333333333333,0.24,0.2,0.24114213944302562,0.2832261242062304,0.3132686084142395
2620,0,0.3,0.26,0.23,0.24666666666666667,0.18,0.28024007454197164,0.3175271539643719,0.3132686084142395
2621,1,0.3566666666666667,0.36,0.37666666666666665,0.38333333333333336,0.31333333333333335,0.36087385317612014,0.34423605941321556,0.3132686084142395
2622,0,0.30333333333333334,0.35333333333333333,0.31,0.32,0.26666666666666666,0.3163215121746357,0.31798961609816245,0.3132686084142395
2623,0,0.37333333333333335,0.31666666666666665,0.37,0.2833333333333333,0.27,0.3571727499143288,0.35042502406085146,0.37863690713431647
2624,0,0.2633333333333333,0.29,0.27666666666666667,0.33666666666666667,0.16666666666666666,0.23141179834790396,0.3052818783914104,0.32480561825934284
2625,0,0.36333333333333334,0.39666666666666667,0.36666666666666664,0.35,0.31666666666666665,0.3403756533409702,0.2856837684018658,0.3132686084142395
2626,0,0.32666666666666666,0.39666666666666667,0.3566666666666667,0.37333333333333335,0.19,0.3260014568870896,0.35868857133845966,0.32480561825934284
2627,1,0.43333333333333335,0.35333333333333333,0.3233333333333333,0.3933333333333333,0.3233333333333333,0.38176469068389196,0.41591205668825176,0.37863690713431647
2628,1,0.2833333333333333,0.2966666666666667,0.2733333333333333,0.3,0.23,0.2946812072347266,0.32821755512352474,0.32480561825934284
2629,0,0.27666666666666667,0.3433333333333333,0.3433333333333333,0.3466666666666667,0.31333333333333335,0.29551349304737384,0.3138096061342417,0.3132686084142395
2630,1,0.25333333333333335,0.24,0.21333333333333335,0.20666666666666667,0.19666666666666666,0.2516756481999559,0.2727943071754748,0.32480561825934284
2631,0,0.24,0.23333333333333334,0.24,0.25333333333333335,0.25,0.2715002046711962,0.26531124825007735,0.3132686084142395
2632,0,0.39666666666666667,0.37,0.35333333333333333,0.36666666666666664,0.23666666666666666,0.37484623274256085,0.3559158166533139,0.32480561825934284
2633,0,0.34,0.3933333333333333,0.33666666666666667,0.3466666666666667,0.23333333333333334,0.329031944813587,0.35565782114275774,0.32480561825934284
2634,0,0.36,0.32666666666666666,0.35333333333333333,0.35333333333333333,0.32,0.3396580515494188,0.37192919097331756,0.37863690713431647
2635,1,0.3,0.41,0.38333333333333336,0.4033333333333333,0.33666666666666667,0.3320892507006249,0.30276467633384785,0.3132686084142395
2636,0,0.18,0.21666666666666667,0.16666666666666666,0.19333333333333333,0.22,0.2307577354774517,0.29167368089468354,0.32480561825934284
2637,1,0.33666666666666667,0.37,0.3933333333333333,0.35,0.34,0.377943358761559,0.2975043391315459,0.32480561825934284
2638,0,0.43,0.35,0.34,0.3933333333333333,0.46,0.4291063171184098,0.3438633943418339,0.32480561825934284
2639,0,0.43,0.42333333333333334,0.44333333333333336,0.39,0.37,0.4218839575428005,0.3415155315922274,0.3132686084142395
2640,0,0.30666666666666664,0.35,0.30666666666666664,0.29,0.24333333333333335,0.2993023482734565,0.35002075080398914,0.37863690713431647
2641,0,0.30333333333333334,0.32,0.31666666666666665,0.32,0.24333333333333335,0.3191450282373179,0.39656976944988853,0.37863690713431647
2642,0,0.38,0.31333333333333335,0.33666666666666667,0.31666666666666665,0.37666666666666665,0.3800323141414878,0.3994357539266264,0.40809248554913297
2643,0,0.34,0.37333333333333335,0.36666666666666664,0.3333333333333333,0.2833333333333333,0.3767793197176269,0.34413095994933185,0.3132686084142395
2644,1,0.41,0.5166666666666667,0.43,0.4033333333333333,0.4066666666666667,0.4207518639295906,0.3713602053102008,0.37863690713431647
2645,0,0.23,0.24666666666666667,0.23,0.20333333333333334,0.17666666666666667,0.24001128199342386,0.24909665903096137,0.3132686084142395
2646,0,0.25,0.31333333333333335,0.34,0.3466666666666667,0.28,0.3073358374234197,0.3052818783914104,0.32480561825934284
2647,0,0.29,0.28,0.27666666666666667,0.20666666666666667,0.18666666666666668,0.2381566612055055,0.32340643029834243,0.3132686084142395
2648,0,0.25,0.2633333333333333,0.27666666666666667,0.26,0.19,0.262570954801206,0.31401368324951906,0.32480561825934284
2649,1,0.32666666666666666,0.30333333333333334,0.32666666666666666,0.3,0.27,0.31120247815092317,0.2918244346647297,0.3132686084142395
2650,0,0.23666666666666666,0.2966666666666667,0.28,0.31666666666666665,0.26,0.28370802203971857,0.33904297230194147,0.3132686084142395
2651,0,0.30666666666666664,0.24333333333333335,0.3,0.29,0.19333333333333333,0.2905235546984269,0.2993637479590815,0.32480561825934284
2652,1,0.27666666666666667,0.2733333333333333,0.27,0.26666666666666666,0.21666666666666667,0.27009844283550405,0.2973063412979579,0.3132686084142395
2653,0,0.5233333333333333,0.46,0.43333333333333335,0.38666666666666666,0.4866666666666667,0.44969074307534856,0.4331578234218965,0.37863690713431647
2654,0,0.19666666666666666,0.23333333333333334,0.24666666666666667,0.2,0.20666666666666667,0.23027833493791103,0.2351014395205031,0.32480561825934284
2655,0,0.34,0.37333333333333335,0.31333333333333335,0.3,0.3333333333333333,0.37107308066023964,0.3236138051105137,0.32480561825934284
2656,1,0.3566666666666667,0.38666666666666666,0.38333333333333336,0.4266666666666667,0.23333333333333334,0.35555227835436926,0.3498706101744335,0.3132686084142395
2657,1,0.2733333333333333,0.2833333333333333,0.26666666666666666,0.2733333333333333,0.29,0.3157565174236877,0.31991875153273214,0.3132686084142395
2658,0,0.19666666666666666,0.21666666666666667,0.21333333333333335,0.17333333333333334,0.18666666666666668,0.24823483040265493,0.23207027389623489,0.3132686084142395
2659,0,0.33,0.4,0.33666666666666667,0.30333333333333334,0.33666666666666667,0.33913900052410534,0.31991875153273214,0.3132686084142395
2660,1,0.3333333333333333,0.3233333333333333,0.33666666666666667,0.36666666666666664,0.29333333333333333,0.3403557520701415,0.36854578794423015,0.37863690713431647
2661,1,0.3466666666666667,0.37,0.4166666666666667,0.42333333333333334,0.35,0.3662747904198222,0.35251576986384314,0.3132686084142395
2662,0,0.4666666666666667,0.4033333333333333,0.41,0.42,0.4,0.4566590651431671,0.36598629978379144,0.37863690713431647
2663,1,0.43666666666666665,0.4533333333333333,0.47333333333333333,0.44666666666666666,0.37666666666666665,0.4285587083294416,0.3713602053102008,0.37863690713431647
2664,0,0.32666666666666666,0.39666666666666667,0.33,0.3566666666666667,0.21333333333333335,0.3213575237788656,0.28895680202721563,0.3132686084142395
2665,1,0.5066666666666667,0.4066666666666667,0.4266666666666667,0.46,0.4666666666666667,0.48330636362958573,0.413597239697446,0.37863690713431647
2666,0,0.2833333333333333,0.37,0.4,0.30666666666666664,0.2633333333333333,0.34440682917118204,0.37732326263462923,0.32480561825934284
2667,0,0.4033333333333333,0.31666666666666665,0.34,0.3333333333333333,0.29,0.3487199220028628,0.34413095994933185,0.3132686084142395
2668,0,0.24,0.25,0.2633333333333333,0.2866666666666667,0.21,0.2568598850963046,0.3145331970388933,0.3132686084142395
2669,1,0.43,0.42,0.4666666666666667,0.45666666666666667,0.38333333333333336,0.44232074095333795,0.43317384981074974,0.37863690713431647
2670,1,0.2833333333333333,0.29,0.25,0.3,0.31,0.28440081239295417,0.25987812186377635,0.3132686084142395
2671,0,0.37666666666666665,0.31666666666666665,0.3466666666666667,0.37,0.3233333333333333,0.3503820034902734,0.39656976944988853,0.37863690713431647
2672,0,0.44,0.31666666666666665,0.35333333333333333,0.3433333333333333,0.36666666666666664,0.37531083877213284,0.38116690884340987,0.37863690713431647
2673,0,0.44,0.45666666666666667,0.44666666666666666,0.43333333333333335,0.31333333333333335,0.4412873612955735,0.362778305158342,0.37863690713431647
2674,1,0.25666666666666665,0.24333333333333335,0.32,0.29333333333333333,0.2733333333333333,0.2785757928720831,0.2591268210312006,0.3132686084142395
2675,1,0.2,0.24,0.27,0.3233333333333333,0.14333333333333334,0.21675104058480665,0.26145162583176135,0.3132686084142395
2676,0,0.16666666666666666,0.21,0.23333333333333334,0.21333333333333335,0.17666666666666667,0.195614917792499,0.29147795345706207,0.3132686084142395
2677,0,0.4033333333333333,0.30666666666666664,0.34,0.37333333333333335,0.31,0.3782572619624865,0.3342229410765026,0.3132686084142395
2678,1,0.38333333333333336,0.36,0.37333333333333335,0.4166666666666667,0.37666666666666665,0.35077384482250745,0.28834856892239463,0.32480561825934284
2679,1,0.2833333333333333,0.31666666666666665,0.38,0.29,0.23333333333333334,0.29224101609187525,0.3087555517471695,0.3132686084142395
2680,0,0.34,0.42333333333333334,0.42333333333333334,0.44333333333333336,0.30333333333333334,0.3599822927205186,0.3166204712796765,0.32480561825934284
2681,0,0.18,0.24666666666666667,0.21,0.21333333333333335,0.21666666666666667,0.2032921932311796,0.23439908236469195,0.32480561825934284
2682,1,0.3566666666666667,0.44,0.46,0.4633333333333333,0.31666666666666665,0.38327586781623973,0.34738426840150083,0.37863690713431647
2683,0,0.3,0.32666666666666666,0.35,0.34,0.31333333333333335,0.3334732437740795,0.36869939774787414,0.37863690713431647
2684,0,0.32666666666666666,0.30666666666666664,0.3333333333333333,0.38,0.2833333333333333,0.3080241230011278,0.3088732716999506,0.3132686084142395
2685,0,0.28,0.34,0.31333333333333335,0.31666666666666665,0.19666666666666666,0.28007185272583823,0.288726655289278,0.32480561825934284
2686,0,0.35,0.30666666666666664,0.3433333333333333,0.37333333333333335,0.2966666666666667,0.3395575091120449,0.31665609528747624,0.32480561825934284
2687,0,0.30333333333333334,0.22,0.24,0.27,0.19333333333333333,0.2906848381448492,0.3208714523609311,0.3132686084142395
2688,1,0.44,0.41,0.43666666666666665,0.41333333333333333,0.36,0.4328856916390512,0.36869939774787414,0.37863690713431647
2689,0,0.4266666666666667,0.4666666666666667,0.43,0.46,0.33666666666666667,0.39836272655496074,0.3138096061342417,0.3132686084142395
2690,1,0.32,0.38333333333333336,0.39666666666666667,0.35,0.3,0.33921979405121483,0.31401368324951906,0.32480561825934284
2691,0,0.31666666666666665,0.2,0.24333333333333335,0.20666666666666667,0.26,0.28590317393581033,0.27401718368513134,0.3132686084142395
2692,0,0.29333333333333333,0.2633333333333333,0.2966666666666667,0.2733333333333333,0.22333333333333333,0.2872378185063732,0.28667602367509987,0.32480561825934284
2693,1,0.33,0.32666666666666666,0.31666666666666665,0.3,0.2733333333333333,0.3236095264535552,0.3415155315922274,0.3132686084142395
2694,0,0.42,0.3466666666666667,0.38333333333333336,0.3566666666666667,0.32666666666666666,0.38605549616053847,0.41614226508915075,0.40809248554913297
2695,1,0.35333333333333333,0.44,0.43666666666666665,0.4033333333333333,0.3333333333333333,0.4136037880900019,0.37125151287359176,0.37863690713431647
2696,0,0.34,0.3566666666666667,0.3466666666666667,0.3233333333333333,0.25,0.3314648631113928,0.36475222186675477,0.3132686084142395
2697,1,0.41,0.3566666666666667,0.3566666666666667,0.37666666666666665,0.3433333333333333,0.37733001829096136,0.36868420520847506,0.37863690713431647
2698,0,0.39,0.39666666666666667,0.3933333333333333,0.37666666666666665,0.37,0.41088546316128044,0.44213429009423233,0.37863690713431647
2699,1,0.33666666666666667,0.3333333333333333,0.31333333333333335,0.3933333333333333,0.3233333333333333,0.3496298607072088,0.4162552185601643,0.37863690713431647
2700,0,0.2966666666666667,0.30333333333333334,0.2966666666666667,0.31,0.30333333333333334,0.28852222851968756,0.285877174917217,0.32480561825934284
2701,0,0.21,0.27,0.28,0.25666666666666665,0.18333333333333332,0.2299522087567784,0.27742115122416683,0.3132686084142395
2702,0,0.29,0.30333333333333334,0.28,0.3,0.23333333333333334,0.2979404027315604,0.36598629978379144,0.37863690713431647
2703,0,0.2866666666666667,0.2633333333333333,0.25,0.2633333333333333,0.23666666666666666,0.2851908927118934,0.30853958806337856,0.3132686084142395
2704,0,0.38333333333333336,0.2733333333333333,0.32,0.38666666666666666,0.3433333333333333,0.3794194201462313,0.3378513329032158,0.3132686084142395
2705,1,0.19666666666666666,0.25333333333333335,0.24333333333333335,0.18333333333333332,0.24,0.2651359929770356,0.2444747522053214,0.3132686084142395
2706,1,0.28,0.3,0.31333333333333335,0.34,0.2,0.26061045496056734,0.31145676135260414,0.3132686084142395
2707,1,0.30333333333333334,0.34,0.3333333333333333,0.31,0.3333333333333333,0.342325469939936,0.33484390513165174,0.32480561825934284
2708,0,0.24,0.27,0.2733333333333333,0.2866666666666667,0.20666666666666667,0.27093479046612834,0.30591047608381694,0.3132686084142395
2709,0,0.24666666666666667,0.23,0.2633333333333333,0.19666666666666666,0.18666666666666668,0.24089648056078342,0.2782055760916587,0.3132686084142395
2710,1,0.3566666666666667,0.42333333333333334,0.43333333333333335,0.41,0.32666666666666666,0.3662409056858572,0.30022184908265187,0.3132686084142395
2711,0,0.23333333333333334,0.30666666666666664,0.2,0.25333333333333335,0.19666666666666666,0.2317793571502078,0.28311417490241586,0.3132686084142395
2712,0,0.26,0.2633333333333333,0.22333333333333333,0.31666666666666665,0.19333333333333333,0.3022210672058278,0.3113003238796346,0.32480561825934284
2713,0,0.31,0.3333333333333333,0.3333333333333333,0.3566666666666667,0.31333333333333335,0.34739447959803654,0.3966542045514839,0.40809248554913297
2714,0,0.33,0.2966666666666667,0.37,0.34,0.21,0.32297920670832847,0.3557645314125261,0.32480561825934284
2715,1,0.39,0.38,0.34,0.34,0.29,0.36949196090131126,0.3849289032246405,0.37863690713431647
2716,0,0.3,0.42,0.4066666666666667,0.41333333333333333,0.2866666666666667,0.37083532677599756,0.36869939774787414,0.37863690713431647
2717,0,0.31666666666666665,0.30333333333333334,0.37666666666666665,0.34,0.29333333333333333,0.33777599974923106,0.3801376019711631,0.32480561825934284
2718,1,0.35,0.23333333333333334,0.27666666666666667,0.25333333333333335,0.30333333333333334,0.3141759927570017,0.25987812186377635,0.3132686084142395
2719,1,0.30666666666666664,0.3466666666666667,0.37333333333333335,0.38,0.2833333333333333,0.3353673577625322,0.36854578794423015,0.37863690713431647
2720,1,0.38,0.44333333333333336,0.36333333333333334,0.39,0.2866666666666667,0.3928702554540848,0.3715814419150233,0.32480561825934284
2721,0,0.35,0.4666666666666667,0.4266666666666667,0.49,0.2966666666666667,0.36957265663436545,0.3745322863323335,0.37863690713431647
2722,1,0.32666666666666666,0.33,0.29333333333333333,0.3433333333333333,0.24,0.3081284447732535,0.37125151287359176,0.37863690713431647
2723,1,0.43,0.45666666666666667,0.48,0.42333333333333334,0.39,0.44232074095333795,0.43317384981074974,0.37863690713431647
2724,1,0.31,0.38666666666666666,0.41,0.32666666666666666,0.3233333333333333,0.36621672721535503,0.34413095994933185,0.3132686084142395
2725,0,0.38333333333333336,0.37,0.4,0.42,0.3,0.40719184070654085,0.3652064084140301,0.40809248554913297
2726,1,0.2,0.18,0.19,0.23333333333333334,0.18,0.23516726460578122,0.2005483439552922,0.38461538461538464
2727,1,0.3,0.28,0.3333333333333333,0.2733333333333333,0.24666666666666667,0.261792068848418,0.27282963212468464,0.3132686084142395
2728,0,0.30333333333333334,0.28,0.20333333333333334,0.28,0.26666666666666666,0.32153975810605745,0.3747123904523388,0.32480561825934284
2729,0,0.43333333333333335,0.36666666666666664,0.4066666666666667,0.4533333333333333,0.4,0.42598992562309634,0.4162553992933376,0.40809248554913297
2730,1,0.2866666666666667,0.3,0.32,0.3,0.3,0.329943426212749,0.2968373236463727,0.32480561825934284
2731,0,0.43666666666666665,0.43666666666666665,0.48,0.46,0.37,0.46405419354823907,0.49203652301250633,0.40809248554913297
2732,0,0.26666666666666666,0.25333333333333335,0.25666666666666665,0.26,0.22,0.22588660834355834,0.28895680202721563,0.3132686084142395
2733,0,0.39,0.4166666666666667,0.34,0.31333333333333335,0.37,0.35125249302514344,0.27761113793797026,0.32480561825934284
2734,1,0.3933333333333333,0.44,0.42,0.4166666666666667,0.33,0.3745706137194891,0.32615645484900685,0.3132686084142395
2735,0,0.4633333333333333,0.38666666666666666,0.41333333333333333,0.43333333333333335,0.36666666666666664,0.4495059781389701,0.3709747877687848,0.32480561825934284
2736,1,0.33666666666666667,0.39,0.38333333333333336,0.37333333333333335,0.31666666666666665,0.35932901615986057,0.3291195121615016,0.3132686084142395
2737,0,0.2966666666666667,0.2833333333333333,0.27,0.3233333333333333,0.28,0.30566835577812157,0.36854578794423015,0.37863690713431647
2738,1,0.29,0.38,0.36333333333333334,0.36,0.30333333333333334,0.3308766606952292,0.25209845553619215,0.3132686084142395
2739,1,0.28,0.27666666666666667,0.2866666666666667,0.35333333333333333,0.17333333333333334,0.30242603691703485,0.3500861739881233,0.32480561825934284
2740,1,0.32,0.30333333333333334,0.32,0.2966666666666667,0.3,0.3298538571814019,0.3088732716999506,0.3132686084142395
2741,1,0.2833333333333333,0.26,0.27666666666666667,0.2633333333333333,0.23666666666666666,0.2883565146493608,0.30345113090594944,0.3132686084142395
2742,1,0.2866666666666667,0.2733333333333333,0.29,0.3466666666666667,0.24333333333333335,0.3088742774007743,0.3113152397045738,0.3132686084142395
2743,0,0.31333333333333335,0.22,0.2833333333333333,0.28,0.20333333333333334,0.29896673853370903,0.3436496361456847,0.3132686084142395
2744,0,0.4666666666666667,0.4633333333333333,0.49666666666666665,0.46,0.4166666666666667,0.45927490446979546,0.45962798574473324,0.37863690713431647
2745,0,0.34,0.37666666666666665,0.38333333333333336,0.37333333333333335,0.30333333333333334,0.31708583840488425,0.3403061921042594,0.32480561825934284
2746,0,0.4033333333333333,0.41333333333333333,0.48,0.47333333333333333,0.39666666666666667,0.45927490446979546,0.45962798574473324,0.37863690713431647
2747,0,0.43333333333333335,0.44666666666666666,0.45666666666666667,0.44333333333333336,0.42333333333333334,0.4507078333214679,0.4653233292117337,0.40809248554913297
2748,1,0.38666666666666666,0.47333333333333333,0.4033333333333333,0.4266666666666667,0.38333333333333336,0.37726660351169,0.32016370364843805,0.3132686084142395
2749,1,0.21333333333333335,0.25666666666666665,0.22666666666666666,0.24333333333333335,0.22,0.2162821280869982,0.2832261242062304,0.3132686084142395
2750,1,0.42,0.44333333333333336,0.38,0.41,0.38666666666666666,0.4080022740004116,0.3438781211998904,0.32480561825934284
2751,1,0.30333333333333334,0.41,0.44,0.39666666666666667,0.30333333333333334,0.35836314881977005,0.36869939774787414,0.37863690713431647
2752,1,0.29333333333333333,0.32,0.31,0.30333333333333334,0.30666666666666664,0.31137851861809607,0.37125151287359176,0.37863690713431647
2753,0,0.3433333333333333,0.28,0.27,0.30333333333333334,0.35,0.32426246215419724,0.277980644716653,0.32480561825934284
2754,0,0.2966666666666667,0.26,0.21,0.21333333333333335,0.22666666666666666,0.2683949291586776,0.27578742649228055,0.3132686084142395
2755,0,0.2733333333333333,0.34,0.4066666666666667,0.38666666666666666,0.22666666666666666,0.3313577690582247,0.3713602053102008,0.37863690713431647
2756,0,0.43333333333333335,0.43,0.46,0.43333333333333335,0.38,0.44597692510808873,0.413597239697446,0.37863690713431647
2757,0,0.36,0.35,0.37333333333333335,0.32,0.27,0.3621996139814466,0.3837528639692382,0.37863690713431647
2758,0,0.3,0.27666666666666667,0.24,0.28,0.21333333333333335,0.28181427794983993,0.3344957438306082,0.32480561825934284
2759,0,0.39666666666666667,0.3566666666666667,0.36333333333333334,0.38,0.25,0.3467574382902136,0.3584296844235673,0.32480561825934284
2760,0,0.3466666666666667,0.3333333333333333,0.4066666666666667,0.34,0.29333333333333333,0.34723560848662566,0.3380633420945212,0.32480561825934284
2761,0,0.29333333333333333,0.26,0.37666666666666665,0.36666666666666664,0.24666666666666667,0.34289833901000427,0.34423605941321556,0.3132686084142395
2762,0,0.39666666666666667,0.29333333333333333,0.3566666666666667,0.32666666666666666,0.25333333333333335,0.37068331871163035,0.37125151287359176,0.37863690713431647
2763,0,0.30333333333333334,0.26,0.3233333333333333,0.26,0.22333333333333333,0.2801804447803658,0.29086658438184565,0.32480561825934284
2764,0,0.33,0.31333333333333335,0.38,0.3233333333333333,0.23666666666666666,0.31215953830101006,0.33154153891269705,0.3132686084142395
2765,0,0.36666666666666664,0.3333333333333333,0.38666666666666666,0.4,0.24,0.35463053023394553,0.3747276839524262,0.40809248554913297
2766,1,0.37666666666666665,0.3466666666666667,0.4,0.33666666666666667,0.25,0.3823699956303581,0.36869939774787414,0.37863690713431647
2767,1,0.2966666666666667,0.36,0.36,0.35,0.31,0.330880875220112,0.3105808004797788,0.32480561825934284
2768,0,0.2733333333333333,0.3,0.2833333333333333,0.30666666666666664,0.30666666666666664,0.30099019485163114,0.2993637479590815,0.32480561825934284
2769,0,0.35,0.38,0.4166666666666667,0.39,0.32,0.36515059405257083,0.33999111402461263,0.32480561825934284
2770,0,0.24666666666666667,0.23,0.19333333333333333,0.22,0.18333333333333332,0.20570327868606067,0.2591268210312006,0.3132686084142395
2771,1,0.43666666666666665,0.37666666666666665,0.4533333333333333,0.43666666666666665,0.32,0.4168743920850597,0.36774842972128496,0.32480561825934284
2772,0,0.41333333333333333,0.35,0.38666666666666666,0.34,0.38333333333333336,0.397474743304077,0.34998024165790276,0.32480561825934284
2773,0,0.18333333333333332,0.2,0.24333333333333335,0.23,0.19,0.17781408297740992,0.22445022578185547,0.32480561825934284
2774,0,0.31333333333333335,0.33,0.3333333333333333,0.31333333333333335,0.25,0.3421309914664728,0.29812379460034655,0.3132686084142395
2775,1,0.31666666666666665,0.26666666666666666,0.2833333333333333,0.31,0.2733333333333333,0.30806949595944727,0.32340643029834243,0.3132686084142395
2776,0,0.30666666666666664,0.3433333333333333,0.37,0.35333333333333333,0.3233333333333333,0.34602472310192695,0.30345113090594944,0.3132686084142395
2777,0,0.35333333333333333,0.36,0.42333333333333334,0.4266666666666667,0.33,0.3362939462115175,0.3139098774291942,0.3132686084142395
2778,0,0.29,0.23666666666666666,0.28,0.22666666666666666,0.2866666666666667,0.30191066871459044,0.2976776136585759,0.3132686084142395
2779,1,0.32,0.4,0.2966666666666667,0.31,0.30333333333333334,0.333111927204685,0.3258079757197164,0.32480561825934284
2780,0,0.26666666666666666,0.31333333333333335,0.31666666666666665,0.29,0.22,0.27228816938452355,0.30824128961169656,0.32480561825934284
2781,0,0.23333333333333334,0.22666666666666666,0.24,0.18,0.17666666666666667,0.2524089551946788,0.32556077323447563,0.32480561825934284
2782,0,0.33,0.30333333333333334,0.32666666666666666,0.3433333333333333,0.17666666666666667,0.2861981049373585,0.33164473768808256,0.3132686084142395
2783,1,0.39,0.39666666666666667,0.44,0.38333333333333336,0.3566666666666667,0.40340464022602757,0.3235083223557999,0.3132686084142395
2784,0,0.35333333333333333,0.35,0.28,0.36,0.33666666666666667,0.35460085699842187,0.3147375288842616,0.32480561825934284
2785,0,0.35333333333333333,0.31333333333333335,0.32,0.30666666666666664,0.32,0.36730313161157996,0.3380631756499611,0.3132686084142395
2786,0,0.22333333333333333,0.29,0.23666666666666666,0.2866666666666667,0.21666666666666667,0.23979408404430458,0.30591047608381694,0.3132686084142395
2787,0,0.42333333333333334,0.36333333333333334,0.41,0.37,0.34,0.446505061092362,0.44213429009423233,0.37863690713431647
2788,0,0.3233333333333333,0.2733333333333333,0.26666666666666666,0.26666666666666666,0.2,0.32045494050915024,0.3839769739484619,0.32480561825934284
2789,0,0.32,0.31,0.29333333333333333,0.31666666666666665,0.3,0.30712680202674913,0.33154153891269705,0.3132686084142395
2790,0,0.28,0.2866666666666667,0.22333333333333333,0.23333333333333334,0.27666666666666667,0.31494480791380586,0.3380631756499611,0.3132686084142395
2791,1,0.37,0.37333333333333335,0.33,0.37333333333333335,0.30333333333333334,0.34834454245604557,0.33443382337180977,0.32480561825934284
2792,1,0.25333333333333335,0.27666666666666667,0.25,0.22,0.25666666666666665,0.2887631533931652,0.28964727615629327,0.3132686084142395
2793,0,0.35333333333333333,0.4266666666666667,0.3566666666666667,0.44,0.36666666666666664,0.38153765137529894,0.35868857133845966,0.32480561825934284
2794,0,0.2833333333333333,0.29333333333333333,0.29333333333333333,0.30666666666666664,0.25666666666666665,0.3062451744089087,0.28142668811222266,0.3132686084142395
2795,1,0.32,0.31666666666666665,0.3466666666666667,0.31666666666666665,0.26666666666666666,0.3266575539556363,0.30824128961169656,0.32480561825934284
2796,0,0.26666666666666666,0.27,0.23666666666666666,0.21666666666666667,0.22666666666666666,0.28065805489817947,0.31991875153273214,0.3132686084142395
2797,0,0.3,0.35,0.3466666666666667,0.36666666666666664,0.2866666666666667,0.3085265439029059,0.34074509671170655,0.32480561825934284
2798,1,0.37666666666666665,0.37666666666666665,0.35333333333333333,0.33666666666666667,0.34,0.3874189416171674,0.31798961609816245,0.3132686084142395
2799,0,0.44333333333333336,0.37,0.42,0.4266666666666667,0.38666666666666666,0.44738741436089857,0.362778305158342,0.37863690713431647
2800,0,0.35333333333333333,0.4266666666666667,0.38,0.36333333333333334,0.3566666666666667,0.3783262383705074,0.33753852931336165,0.32480561825934284
2801,0,0.22333333333333333,0.2733333333333333,0.29333333333333333,0.24666666666666667,0.2,0.28763385545821357,0.32556077323447563,0.32480561825934284
2802,0,0.3933333333333333,0.33666666666666667,0.36,0.37,0.32666666666666666,0.3989752569924037,0.35042502406085146,0.37863690713431647
2803,0,0.3,0.32666666666666666,0.36666666666666664,0.36333333333333334,0.31,0.31918052782156864,0.3168997133419095,0.32480561825934284
2804,0,0.17666666666666667,0.28,0.23666666666666666,0.24666666666666667,0.25666666666666665,0.24351685679114227,0.2622072815485365,0.3132686084142395
2805,0,0.34,0.35333333333333333,0.37,0.39,0.25666666666666665,0.3477887103420742,0.3061117078456651,0.32480561825934284
2806,1,0.36,0.25333333333333335,0.2733333333333333,0.2633333333333333,0.35,0.32218537597511837,0.30335272328958024,0.3132686084142395
2807,0,0.36666666666666664,0.3,0.35333333333333333,0.2733333333333333,0.24333333333333335,0.31771375607319713,0.31754129876665793,0.3132686084142395
2808,0,0.32,0.24333333333333335,0.2833333333333333,0.24333333333333335,0.26,0.29089549057791714,0.2708489124652599,0.3132686084142395
2809,0,0.24666666666666667,0.2833333333333333,0.32666666666666666,0.31,0.2,0.30254617178385507,0.2826251591008918,0.32480561825934284
2810,0,0.39,0.36666666666666664,0.41,0.37333333333333335,0.38666666666666666,0.43680651033739265,0.4067239463579503,0.37863690713431647
2811,0,0.48,0.4,0.39666666666666667,0.39,0.3566666666666667,0.4340319189448727,0.3878751884930007,0.37863690713431647
2812,0,0.33,0.38666666666666666,0.38666666666666666,0.41,0.31333333333333335,0.33648653815531643,0.3560225615603507,0.32480561825934284
2813,0,0.27666666666666667,0.2633333333333333,0.21333333333333335,0.24333333333333335,0.22333333333333333,0.29280095315220384,0.31547729966123766,0.3132686084142395
2814,1,0.45666666666666667,0.37666666666666665,0.4,0.35,0.4066666666666667,0.43220824173968775,0.3687663314262475,0.32480561825934284
2815,0,0.29333333333333333,0.30666666666666664,0.33,0.3566666666666667,0.2866666666666667,0.27165015443922996,0.30508095229781185,0.3132686084142395
2816,0,0.2833333333333333,0.2866666666666667,0.28,0.33,0.24,0.3141581970170272,0.37147272298887307,0.32480561825934284
2817,0,0.43,0.43666666666666665,0.4266666666666667,0.48,0.33666666666666667,0.45186010921161024,0.44520168559188994,0.40809248554913297
2818,0,0.19666666666666666,0.19666666666666666,0.19666666666666666,0.17,0.19666666666666666,0.21336715259449487,0.24235264260288716,0.3132686084142395
2819,0,0.3566666666666667,0.2633333333333333,0.30333333333333334,0.27,0.3333333333333333,0.29404343648319303,0.2700774689307741,0.3132686084142395
2820,0,0.27666666666666667,0.25666666666666665,0.23333333333333334,0.28,0.15666666666666668,0.2298179580360563,0.285877174917217,0.32480561825934284
2821,1,0.24666666666666667,0.31,0.30333333333333334,0.29333333333333333,0.21666666666666667,0.2934175278833685,0.32275859895650966,0.32480561825934284
2822,0,0.4533333333333333,0.44,0.39,0.4266666666666667,0.43666666666666665,0.41660747743206794,0.3380633420945212,0.32480561825934284
2823,1,0.36,0.42,0.37,0.38333333333333336,0.29333333333333333,0.36548100307289044,0.3688077812768109,0.37863690713431647
2824,1,0.30666666666666664,0.38,0.32,0.3466666666666667,0.35333333333333333,0.33161402445401383,0.32340643029834243,0.3132686084142395
2825,0,0.34,0.30666666666666664,0.2633333333333333,0.32666666666666666,0.24666666666666667,0.34292736618411046,0.3417286534684299,0.32480561825934284
2826,0,0.17333333333333334,0.20333333333333334,0.2,0.2733333333333333,0.25333333333333335,0.24978456115194664,0.25987812186377635,0.3132686084142395
2827,0,0.23666666666666666,0.2966666666666667,0.2866666666666667,0.2966666666666667,0.16,0.23362947482510038,0.31145676135260414,0.3132686084142395
2828,1,0.31333333333333335,0.32666666666666666,0.3433333333333333,0.28,0.27,0.32046295082439635,0.3557645314125261,0.32480561825934284
2829,0,0.3933333333333333,0.4166666666666667,0.32666666666666666,0.38333333333333336,0.2966666666666667,0.38329692263573134,0.39395265942890306,0.37863690713431647
2830,0,0.22,0.19666666666666666,0.19666666666666666,0.25,0.18,0.23651873583817476,0.31966083603209927,0.32480561825934284
2831,0,0.23666666666666666,0.26,0.2633333333333333,0.23666666666666666,0.19333333333333333,0.2541562654786733,0.3080013265612287,0.32480561825934284
2832,0,0.4033333333333333,0.4766666666666667,0.48333333333333334,0.41333333333333333,0.32,0.39189219597662106,0.33443382337180977,0.32480561825934284
2833,1,0.23,0.25666666666666665,0.19333333333333333,0.27666666666666667,0.13666666666666666,0.20068921394596595,0.28142668811222266,0.3132686084142395
2834,0,0.32666666666666666,0.3566666666666667,0.3433333333333333,0.3433333333333333,0.28,0.3505526408882661,0.30272708906794427,0.32480561825934284
2835,0,0.28,0.25666666666666665,0.23333333333333334,0.21666666666666667,0.19333333333333333,0.2536062618132042,0.2782055760916587,0.3132686084142395
2836,0,0.4,0.35,0.32,0.36666666666666664,0.31666666666666665,0.3752268413018188,0.39395265942890306,0.37863690713431647
2837,1,0.4033333333333333,0.35333333333333333,0.3433333333333333,0.34,0.3,0.3793347089461549,0.39036836373658657,0.40809248554913297
2838,0,0.24333333333333335,0.2733333333333333,0.33,0.30333333333333334,0.27666666666666667,0.2708178695074108,0.26704593635058993,0.3132686084142395
2839,0,0.43,0.4,0.39,0.3466666666666667,0.36,0.4114200099213317,0.34413095994933185,0.3132686084142395
2840,1,0.30666666666666664,0.39666666666666667,0.39,0.3933333333333333,0.23333333333333334,0.29497434449264776,0.3292223283384345,0.3132686084142395
2841,1,0.38666666666666666,0.4033333333333333,0.37333333333333335,0.4,0.38,0.3991401258927258,0.44213429009423233,0.37863690713431647
2842,0,0.3466666666666667,0.33666666666666667,0.33666666666666667,0.35333333333333333,0.31333333333333335,0.3197930555180569,0.34909131922120545,0.32480561825934284
2843,0,0.27666666666666667,0.30666666666666664,0.30666666666666664,0.27,0.23666666666666666,0.28133511478718953,0.3166806628725382,0.32480561825934284
2844,1,0.3333333333333333,0.3433333333333333,0.3933333333333333,0.38,0.2866666666666667,0.3344953494315658,0.3052818783914104,0.32480561825934284
2845,0,0.38666666666666666,0.45,0.41333333333333333,0.43333333333333335,0.32666666666666666,0.3854344287143931,0.33807778209270867,0.37863690713431647
2846,0,0.25,0.26666666666666666,0.2833333333333333,0.31,0.21,0.27316151753747847,0.27500722204689754,0.3132686084142395
2847,0,0.3466666666666667,0.30666666666666664,0.37666666666666665,0.30333333333333334,0.2633333333333333,0.33351356232584367,0.33484390513165174,0.32480561825934284
2848,1,0.32,0.3933333333333333,0.31,0.32,0.26666666666666666,0.3118461043195031,0.2971875033874238,0.32480561825934284
2849,0,0.35333333333333333,0.36666666666666664,0.31,0.32666666666666666,0.31666666666666665,0.3265521208116064,0.3525792646827798,0.3132686084142395
2850,0,0.51,0.45666666666666667,0.4266666666666667,0.38,0.43333333333333335,0.4650644760567277,0.3940369011729263,0.40809248554913297
2851,0,0.35333333333333333,0.38333333333333336,0.3233333333333333,0.33666666666666667,0.31666666666666665,0.36031386641318175,0.32645897728259843,0.3132686084142395
2852,1,0.31666666666666665,0.27666666666666667,0.2866666666666667,0.25,0.20666666666666667,0.26273622653536405,0.34413095994933185,0.3132686084142395
2853,0,0.41333333333333333,0.4533333333333333,0.4533333333333333,0.4266666666666667,0.34,0.4266464028865739,0.3904934727382804,0.37863690713431647
2854,0,0.49,0.43666666666666665,0.4766666666666667,0.43666666666666665,0.4533333333333333,0.4604780050428019,0.39681216774771044,0.40809248554913297
2855,0,0.33666666666666667,0.25333333333333335,0.26,0.2833333333333333,0.26666666666666666,0.3149746222504262,0.3147375288842616,0.32480561825934284
2856,1,0.37333333333333335,0.36666666666666664,0.2966666666666667,0.30666666666666664,0.3433333333333333,0.39320424730130277,0.3559158166533139,0.32480561825934284
2857,0,0.2733333333333333,0.33,0.3333333333333333,0.35333333333333333,0.2866666666666667,0.2880752909286227,0.31145676135260414,0.3132686084142395
2858,1,0.44333333333333336,0.3433333333333333,0.35333333333333333,0.38,0.2733333333333333,0.374484630074595,0.3660014456017049,0.37863690713431647
2859,0,0.5233333333333333,0.39,0.38666666666666666,0.41,0.46,0.4558665168880816,0.3649716349350417,0.37863690713431647
2860,0,0.22,0.27,0.31,0.28,0.24333333333333335,0.2638620947393421,0.34413095994933185,0.3132686084142395
2861,1,0.39,0.3233333333333333,0.3333333333333333,0.35333333333333333,0.34,0.39920736904417997,0.37729658812622036,0.32480561825934284
2862,1,0.28,0.35,0.36,0.37,0.28,0.33733406760091966,0.37125151287359176,0.37863690713431647
2863,0,0.31,0.32666666666666666,0.33,0.32666666666666666,0.2733333333333333,0.32182529675378363,0.28311417490241586,0.3132686084142395
2864,0,0.36,0.38666666666666666,0.36666666666666664,0.39666666666666667,0.2866666666666667,0.3551681037757057,0.32605413073284595,0.3132686084142395
2865,0,0.3433333333333333,0.3433333333333333,0.36,0.3333333333333333,0.3466666666666667,0.3727429760873415,0.362778305158342,0.37863690713431647
2866,1,0.27,0.2733333333333333,0.32666666666666666,0.31333333333333335,0.30333333333333334,0.3116197397743102,0.30591047608381694,0.3132686084142395
2867,0,0.3466666666666667,0.3933333333333333,0.4533333333333333,0.41,0.35,0.38792673038255265,0.32821755512352474,0.32480561825934284
2868,1,0.31333333333333335,0.37666666666666665,0.36,0.36,0.23,0.2984366922989695,0.35002075080398914,0.37863690713431647
2869,0,0.22666666666666666,0.22333333333333333,0.2833333333333333,0.3,0.20666666666666667,0.23025976721444516,0.2622072815485365,0.3132686084142395
2870,1,0.36333333333333334,0.35,0.32,0.3233333333333333,0.29333333333333333,0.36355519475684683,0.35273207919449556,0.32480561825934284
2871,0,0.31666666666666665,0.3333333333333333,0.34,0.35,0.31666666666666665,0.34511288319690664,0.3110972104611617,0.3132686084142395
2872,0,0.33,0.36666666666666664,0.3233333333333333,0.36,0.29333333333333333,0.3480436563271371,0.3715814419150233,0.32480561825934284
2873,0,0.25666666666666665,0.22,0.30666666666666664,0.25333333333333335,0.28,0.2644721348784335,0.2968373236463727,0.32480561825934284
2874,0,0.29333333333333333,0.29,0.2733333333333333,0.25666666666666665,0.24666666666666667,0.27538497931753864,0.3145331970388933,0.3132686084142395
2875,0,0.36666666666666664,0.35,0.37333333333333335,0.36,0.25333333333333335,0.36406324038880006,0.31754129876665793,0.3132686084142395
2876,0,0.38333333333333336,0.39666666666666667,0.4066666666666667,0.4,0.3933333333333333,0.402647318395241,0.31145676135260414,0.3132686084142395
2877,0,0.3233333333333333,0.32,0.31666666666666665,0.2833333333333333,0.22,0.30474968914371237,0.36846385525307906,0.3132686084142395
2878,0,0.35,0.3566666666666667,0.2966666666666667,0.32666666666666666,0.31,0.34833292995530196,0.37457305279396724,0.32480561825934284
2879,0,0.4166666666666667,0.3933333333333333,0.33,0.39666666666666667,0.36666666666666664,0.38731252263354915,0.3463526864281765,0.32480561825934284
2880,1,0.3566666666666667,0.30666666666666664,0.2966666666666667,0.3566666666666667,0.29333333333333333,0.33628379611114567,0.30022184908265187,0.3132686084142395
2881,0,0.21333333333333335,0.24666666666666667,0.24,0.2,0.20666666666666667,0.24619990190701155,0.2832261242062304,0.3132686084142395
2882,0,0.37333333333333335,0.30666666666666664,0.2966666666666667,0.3466666666666667,0.25666666666666665,0.33199583325892845,0.3875398905396283,0.37863690713431647
2883,0,0.37666666666666665,0.36333333333333334,0.35,0.30666666666666664,0.42,0.35264422592350675,0.34976470796807985,0.3132686084142395
2884,0,0.38,0.36,0.3466666666666667,0.37,0.4033333333333333,0.36198943791588634,0.32012494809537945,0.32480561825934284
2885,1,0.29333333333333333,0.31666666666666665,0.31666666666666665,0.32,0.19,0.313560601332064,0.3463526864281765,0.32480561825934284
2886,1,0.2,0.17333333333333334,0.21,0.18,0.17666666666666667,0.1983498014445734,0.2522771550844406,0.32480561825934284
2887,0,0.4033333333333333,0.41333333333333333,0.37333333333333335,0.35333333333333333,0.4166666666666667,0.37802292842809726,0.31754129876665793,0.3132686084142395
2888,0,0.3466666666666667,0.31666666666666665,0.36333333333333334,0.3233333333333333,0.28,0.3506521001774996,0.3320626914152878,0.37863690713431647
2889,1,0.41333333333333333,0.3933333333333333,0.39,0.38333333333333336,0.2966666666666667,0.4056697648849208,0.4001321384986196,0.40809248554913297
2890,0,0.38666666666666666,0.46,0.4766666666666667,0.5066666666666667,0.29333333333333333,0.4008240569728715,0.41591205668825176,0.37863690713431647
2891,0,0.29333333333333333,0.36,0.35,0.42333333333333334,0.38,0.35684015474342257,0.2856837684018658,0.3132686084142395
2892,0,0.39,0.3566666666666667,0.35333333333333333,0.37,0.3466666666666667,0.354279736609435,0.25987812186377635,0.3132686084142395
2893,0,0.27666666666666667,0.27666666666666667,0.2733333333333333,0.31,0.29333333333333333,0.30798063925784863,0.25416940225319035,0.32480561825934284
2894,0,0.22333333333333333,0.23333333333333334,0.20333333333333334,0.26,0.24666666666666667,0.24517109555118752,0.2622072815485365,0.3132686084142395
2895,1,0.30333333333333334,0.33,0.35,0.35333333333333333,0.21,0.299300757393491,0.3317910485868398,0.3132686084142395
2896,0,0.21666666666666667,0.17666666666666667,0.21666666666666667,0.21,0.15666666666666668,0.2134329009749572,0.24180914691178157,0.32480561825934284
2897,0,0.23666666666666666,0.21333333333333335,0.22,0.20666666666666667,0.21666666666666667,0.2529021959046658,0.24180914691178157,0.32480561825934284
2898,0,0.19666666666666666,0.25333333333333335,0.22666666666666666,0.24,0.19666666666666666,0.23268184003501013,0.2700774689307741,0.3132686084142395
2899,0,0.25,0.25,0.24333333333333335,0.2966666666666667,0.24,0.26016597669459457,0.2973063412979579,0.3132686084142395
2900,0,0.31333333333333335,0.36333333333333334,0.3233333333333333,0.3466666666666667,0.3,0.3325918614056507,0.36869939774787414,0.37863690713431647
2901,0,0.3433333333333333,0.43333333333333335,0.4066666666666667,0.41,0.31,0.3162630339730815,0.2943260522283188,0.3132686084142395
2902,0,0.29,0.26,0.24666666666666667,0.20333333333333334,0.24666666666666667,0.2850064025269525,0.30543378480167455,0.32480561825934284
2903,1,0.45,0.36666666666666664,0.37,0.38,0.38666666666666666,0.37584754154119676,0.3208714523609311,0.3132686084142395
2904,1,0.39,0.35,0.36666666666666664,0.31666666666666665,0.35,0.33564731351124377,0.2751961852271309,0.32480561825934284
2905,1,0.44333333333333336,0.41,0.48333333333333334,0.4033333333333333,0.32,0.42308542719847775,0.3713602053102008,0.37863690713431647
2906,0,0.34,0.38,0.38666666666666666,0.41333333333333333,0.27,0.3398929303297464,0.3688077812768109,0.37863690713431647
2907,0,0.32666666666666666,0.23,0.2833333333333333,0.2733333333333333,0.24333333333333335,0.2921249046851942,0.34998024165790276,0.32480561825934284
2908,0,0.2633333333333333,0.2966666666666667,0.27666666666666667,0.27,0.22666666666666666,0.26950220567035993,0.25987812186377635,0.3132686084142395
2909,0,0.25666666666666665,0.24,0.2966666666666667,0.2966666666666667,0.21666666666666667,0.28340742052223783,0.3166806628725382,0.32480561825934284
2910,1,0.37666666666666665,0.36666666666666664,0.3333333333333333,0.42333333333333334,0.3,0.366183404384976,0.37457305279396724,0.32480561825934284
2911,0,0.19333333333333333,0.25333333333333335,0.26,0.25,0.22666666666666666,0.2444121079292516,0.23563454433843192,0.3132686084142395
2912,1,0.3933333333333333,0.4866666666666667,0.46,0.36666666666666664,0.33,0.3707111699539269,0.35868857133845966,0.32480561825934284
2913,1,0.3233333333333333,0.26,0.3,0.3466666666666667,0.2866666666666667,0.34187170361571106,0.39656976944988853,0.37863690713431647
2914,0,0.27,0.3333333333333333,0.33666666666666667,0.31666666666666665,0.2733333333333333,0.3108518125455068,0.3225515108296549,0.3132686084142395
2915,1,0.39666666666666667,0.35,0.3566666666666667,0.31,0.4066666666666667,0.36129527848237064,0.362778305158342,0.37863690713431647
2916,1,0.34,0.36,0.38333333333333336,0.4033333333333333,0.2833333333333333,0.382722722848511,0.3937950913911924,0.37863690713431647
2917,0,0.30666666666666664,0.26666666666666666,0.2966666666666667,0.31333333333333335,0.2633333333333333,0.3182227396104358,0.286482293519796,0.3132686084142395
2918,0,0.42,0.38,0.35333333333333333,0.39,0.35,0.3633443171093605,0.2999854217518009,0.3132686084142395
2919,1,0.2633333333333333,0.31,0.30666666666666664,0.36333333333333334,0.16,0.27703902820268145,0.3378513329032158,0.3132686084142395
2920,1,0.43666666666666665,0.31,0.32666666666666666,0.3333333333333333,0.33666666666666667,0.3585902744446717,0.35002075080398914,0.37863690713431647
2921,1,0.2966666666666667,0.33,0.3233333333333333,0.36,0.23333333333333334,0.31421622288638945,0.2941745429696612,0.32480561825934284
2922,0,0.24666666666666667,0.24,0.24,0.26666666666666666,0.2,0.2547191420644255,0.31401368324951906,0.32480561825934284
2923,1,0.3,0.41333333333333333,0.4,0.38333333333333336,0.2733333333333333,0.3452407589235893,0.3308853811480467,0.32480561825934284
2924,0,0.33,0.38,0.36,0.44666666666666666,0.3566666666666667,0.3683398738403084,0.31798961609816245,0.3132686084142395
2925,0,0.33666666666666667,0.38666666666666666,0.41333333333333333,0.4166666666666667,0.31,0.3565382298316315,0.34989643520922287,0.3132686084142395
2926,0,0.34,0.31,0.2966666666666667,0.27666666666666667,0.28,0.3542968782665824,0.36774842972128496,0.32480561825934284
2927,1,0.28,0.27666666666666667,0.25333333333333335,0.2866666666666667,0.17333333333333334,0.20291597010769044,0.3105808004797788,0.32480561825934284
2928,1,0.4033333333333333,0.46,0.4166666666666667,0.44,0.3333333333333333,0.3831552599323379,0.3878906859565231,0.37863690713431647
2929,0,0.36333333333333334,0.38333333333333336,0.32,0.36666666666666664,0.26,0.36022480246903493,0.3875398905396283,0.37863690713431647
2930,0,0.30666666666666664,0.23,0.30666666666666664,0.27,0.24,0.2989676141691279,0.2975043391315459,0.32480561825934284
2931,0,0.44333333333333336,0.44333333333333336,0.4666666666666667,0.45666666666666667,0.41,0.4344799761452919,0.3688077812768109,0.37863690713431647
2932,0,0.31,0.29,0.33666666666666667,0.36333333333333334,0.3333333333333333,0.35896737138724544,0.36846385525307906,0.3132686084142395
2933,0,0.41,0.46,0.46,0.36333333333333334,0.32,0.4137451001975577,0.4360971322667007,0.40809248554913297
2934,0,0.43666666666666665,0.49,0.44666666666666666,0.45666666666666667,0.4266666666666667,0.4348791029078208,0.3775610827003731,0.40809248554913297
2935,0,0.37333333333333335,0.3333333333333333,0.38,0.4,0.38,0.3780705420002356,0.3235083223557999,0.3132686084142395
2936,0,0.24333333333333335,0.2733333333333333,0.3333333333333333,0.29,0.20333333333333334,0.24327165554131086,0.28834856892239463,0.32480561825934284
2937,1,0.4,0.43666666666666665,0.4166666666666667,0.4633333333333333,0.38666666666666666,0.43786291093406104,0.44249898280277833,0.40809248554913297
2938,0,0.23666666666666666,0.2966666666666667,0.21666666666666667,0.27,0.19666666666666666,0.25991084566595535,0.3025271122217413,0.3132686084142395
2939,0,0.24,0.31666666666666665,0.29333333333333333,0.3,0.27666666666666667,0.2872900676871591,0.27276164801346986,0.32480561825934284
2940,1,0.25333333333333335,0.29,0.31,0.25666666666666665,0.2633333333333333,0.3104250420349398,0.286482293519796,0.3132686084142395
2941,0,0.23,0.27666666666666667,0.22,0.2633333333333333,0.18666666666666668,0.22156227847428117,0.289151527414682,0.32480561825934284
2942,1,0.31666666666666665,0.37666666666666665,0.31333333333333335,0.32,0.31666666666666665,0.3210650803696278,0.3084802452936414,0.3132686084142395
2943,0,0.43666666666666665,0.36333333333333334,0.41,0.4266666666666667,0.34,0.3904481404317911,0.36846385525307906,0.3132686084142395
2944,0,0.43,0.43333333333333335,0.43333333333333335,0.4266666666666667,0.3933333333333333,0.3971300891023318,0.35251576986384314,0.3132686084142395
2945,0,0.2733333333333333,0.3,0.38,0.38333333333333336,0.25,0.32950848595626886,0.34413095994933185,0.3132686084142395
2946,0,0.23,0.31333333333333335,0.24333333333333335,0.29,0.3,0.2965024691917245,0.24927393995814284,0.32480561825934284
2947,1,0.32666666666666666,0.30333333333333334,0.3433333333333333,0.3333333333333333,0.28,0.34309810039402217,0.3463526864281765,0.32480561825934284
2948,0,0.32666666666666666,0.2966666666666667,0.3,0.3233333333333333,0.24333333333333335,0.35769418175877077,0.37729658812622036,0.32480561825934284
2949,1,0.5233333333333333,0.35333333333333333,0.43333333333333335,0.42333333333333334,0.42,0.4395618538131707,0.3875398905396283,0.37863690713431647
2950,0,0.2833333333333333,0.31333333333333335,0.30666666666666664,0.3466666666666667,0.24666666666666667,0.3001461051659989,0.3061117078456651,0.32480561825934284
2951,1,0.31,0.3566666666666667,0.31,0.34,0.24666666666666667,0.31870259431479797,0.29121263755158994,0.32480561825934284
2952,0,0.2866666666666667,0.2633333333333333,0.32,0.30666666666666664,0.24333333333333335,0.29014798159976096,0.28895680202721563,0.3132686084142395
2953,0,0.25333333333333335,0.2966666666666667,0.31333333333333335,0.2966666666666667,0.19333333333333333,0.2700283727654143,0.32275859895650966,0.32480561825934284
2954,0,0.29333333333333333,0.23333333333333334,0.23666666666666666,0.29,0.25666666666666665,0.29000031193592074,0.285877174917217,0.32480561825934284
2955,1,0.3,0.30333333333333334,0.2966666666666667,0.3566666666666667,0.33666666666666667,0.360370167288053,0.3904934727382804,0.37863690713431647
2956,0,0.37,0.37,0.33666666666666667,0.32666666666666666,0.2866666666666667,0.35468454305196634,0.32016370364843805,0.3132686084142395
2957,0,0.2633333333333333,0.26666666666666666,0.27666666666666667,0.21333333333333335,0.24,0.23950894415794063,0.2551241355904995,0.3132686084142395
2958,0,0.31333333333333335,0.38333333333333336,0.37333333333333335,0.3933333333333333,0.22,0.32027659659668445,0.34413095994933185,0.3132686084142395
2959,0,0.3433333333333333,0.2733333333333333,0.29,0.35333333333333333,0.2966666666666667,0.34817703818074824,0.36854578794423015,0.37863690713431647
2960,0,0.3933333333333333,0.44666666666666666,0.4666666666666667,0.41,0.35333333333333333,0.36411375315932526,0.3688077812768109,0.37863690713431647
2961,1,0.27666666666666667,0.2833333333333333,0.2966666666666667,0.2733333333333333,0.23666666666666666,0.31732653433648383,0.29167368089468354,0.32480561825934284
2962,1,0.21,0.19333333333333333,0.24333333333333335,0.21666666666666667,0.19333333333333333,0.21480486636686358,0.2883823543150101,0.32480561825934284
2963,0,0.35333333333333333,0.3566666666666667,0.31333333333333335,0.31333333333333335,0.29,0.329887555563599,0.32821755512352474,0.32480561825934284
2964,1,0.33666666666666667,0.37333333333333335,0.37666666666666665,0.42,0.27666666666666667,0.3659775835666389,0.44508668264849305,0.40809248554913297
2965,0,0.29,0.24,0.24666666666666667,0.25666666666666665,0.24666666666666667,0.28219630204407953,0.2947899746276062,0.3132686084142395
2966,0,0.2633333333333333,0.27,0.27,0.2833333333333333,0.2633333333333333,0.32430994403162006,0.30628780979875164,0.3132686084142395
2967,0,0.4,0.4166666666666667,0.41,0.38666666666666666,0.37666666666666665,0.41455945531254523,0.3907190233541516,0.40809248554913297
2968,0,0.34,0.41,0.3933333333333333,0.3566666666666667,0.3333333333333333,0.3520816060412265,0.3342229410765026,0.3132686084142395
2969,0,0.4533333333333333,0.38333333333333336,0.44,0.45666666666666667,0.3933333333333333,0.4092924340626709,0.3688077812768109,0.37863690713431647
2970,1,0.44,0.38333333333333336,0.36,0.41,0.37,0.44328485742207857,0.35042502406085146,0.37863690713431647
2971,0,0.2633333333333333,0.29,0.29,0.26666666666666666,0.19666666666666666,0.24086178619975754,0.3138096061342417,0.3132686084142395
2972,0,0.47,0.36666666666666664,0.4633333333333333,0.38333333333333336,0.37666666666666665,0.4161069961942255,0.2947899746276062,0.3132686084142395
2973,0,0.3,0.2866666666666667,0.28,0.2833333333333333,0.18333333333333332,0.26482191751200956,0.3317515723860618,0.32480561825934284
2974,0,0.24333333333333335,0.35,0.33666666666666667,0.29333333333333333,0.21333333333333335,0.27569226858249796,0.37710065884565214,0.3132686084142395
2975,0,0.32666666666666666,0.22333333333333333,0.2733333333333333,0.22333333333333333,0.30666666666666664,0.3126990484061597,0.2892085540631505,0.3132686084142395
2976,0,0.35,0.36666666666666664,0.32,0.37333333333333335,0.23,0.32457769866694475,0.3225515108296549,0.3132686084142395
2977,0,0.44666666666666666,0.39,0.35333333333333333,0.44333333333333336,0.35333333333333333,0.39701762279495445,0.34976470796807985,0.3132686084142395
2978,0,0.30666666666666664,0.30666666666666664,0.3433333333333333,0.2633333333333333,0.29,0.31195071225616744,0.3119601182133326,0.3132686084142395
2979,0,0.3333333333333333,0.36333333333333334,0.30666666666666664,0.32666666666666666,0.24,0.3146043092163147,0.33154153891269705,0.3132686084142395
2980,0,0.24666666666666667,0.37333333333333335,0.3333333333333333,0.30666666666666664,0.21333333333333335,0.2701651734503533,0.30022184908265187,0.3132686084142395
2981,0,0.3333333333333333,0.38333333333333336,0.3933333333333333,0.4166666666666667,0.3233333333333333,0.3262360121427912,0.30201869151309657,0.32480561825934284
2982,0,0.24666666666666667,0.25666666666666665,0.3,0.27666666666666667,0.18,0.27785976159782666,0.34413095994933185,0.3132686084142395
2983,0,0.36,0.3333333333333333,0.3233333333333333,0.35,0.27,0.3579348631383414,0.36774842972128496,0.32480561825934284
2984,1,0.42,0.42333333333333334,0.43333333333333335,0.44666666666666666,0.43,0.4294599600218612,0.35868857133845966,0.32480561825934284
2985,1,0.23333333333333334,0.31333333333333335,0.29,0.3,0.19333333333333333,0.27679948662573145,0.34976470796807985,0.3132686084142395
2986,1,0.3566666666666667,0.31333333333333335,0.31666666666666665,0.33666666666666667,0.25,0.3294603339640318,0.3145331970388933,0.3132686084142395
2987,1,0.31666666666666665,0.37666666666666665,0.36,0.41333333333333333,0.38333333333333336,0.3619987732193746,0.3342229410765026,0.3132686084142395
2988,0,0.44666666666666666,0.4533333333333333,0.49,0.47333333333333333,0.3933333333333333,0.4625564431645745,0.3969236194030947,0.40809248554913297
2989,0,0.22666666666666666,0.27,0.24333333333333335,0.21666666666666667,0.2,0.25743660268888585,0.24754191858033875,0.3132686084142395
2990,0,0.46,0.3933333333333333,0.35333333333333333,0.3333333333333333,0.31333333333333335,0.35305265346614695,0.33154153891269705,0.3132686084142395
2991,1,0.35,0.29333333333333333,0.30666666666666664,0.31666666666666665,0.30666666666666664,0.35495379441273306,0.3471291241771058,0.3132686084142395
2992,0,0.25333333333333335,0.2866666666666667,0.29,0.2866666666666667,0.22,0.3257088797077094,0.36149373909886595,0.32480561825934284
2993,1,0.35,0.3466666666666667,0.34,0.34,0.2733333333333333,0.3517574584160183,0.3557645314125261,0.32480561825934284
2994,0,0.32,0.31333333333333335,0.31333333333333335,0.30666666666666664,0.20666666666666667,0.2780242609868475,0.33154153891269705,0.3132686084142395
2995,0,0.24666666666666667,0.23,0.2733333333333333,0.23,0.19,0.24027046073481767,0.3140734467948754,0.3132686084142395
2996,0,0.29,0.2833333333333333,0.27,0.2966666666666667,0.19333333333333333,0.2650977446337334,0.2551241355904995,0.3132686084142395
2997,0,0.36666666666666664,0.30666666666666664,0.30333333333333334,0.27666666666666667,0.31333333333333335,0.32358245955228965,0.3145331970388933,0.3132686084142395
2998,0,0.23666666666666666,0.30666666666666664,0.29333333333333333,0.34,0.17666666666666667,0.2881521026656142,0.33185480408218165,0.32480561825934284
2999,1,0.38666666666666666,0.45666666666666667,0.42333333333333334,0.4533333333333333,0.34,0.3999015976403727,0.3713602053102008,0.37863690713431647
